{
    "AUC": 0.8106611659971772,
    "Brier": 0.17485229610280642,
    "F1_Score": 0.3861003861003861,
    "Sensitivity": 0.819672131147541,
    "Specificity": 0.673289183222958,
    "PPV": 0.25252525252525254,
    "NPV": 0.9651898734177216,
    "Net_Benefit": -0.12066993337223451,
    "Calibration_Slope": 0.8821582035791161,
    "Calibration_Intercept": -1.9580869173522404,
    "Threshold_Used": 0.43082252713213315,
    "Confusion_Matrix": {
        "TP": 50,
        "TN": 305,
        "FP": 148,
        "FN": 11
    },
    "model": "Logistic Regression",
    "n_features": 40,
    "n_train": 2052,
    "n_test": 514,
    "formula": "z = -0.7181\n    + 1.1932 \u00d7 tear_characteristics_Tear_MedLat\n    + 0.7155 \u00d7 tear_characteristics_Full_3.0\n    - 0.7025 \u00d7 Tear_Area_cm2\n    + 0.4783 \u00d7 Tear_AP_ML_Ratio\n    + 0.4497 \u00d7 InsuranceType_5.0\n    + 0.3984 \u00d7 Aged\n    + 0.3697 \u00d7 tear_characteristics_Full_nan\n    + 0.3136 \u00d7 Gender_M\n    + 0.3018 \u00d7 Pre-Op_ROM_Pre-Op_IR\n    + 0.2575 \u00d7 tear_characteristics_Tear_AntPost\n    + 0.2543 \u00d7 ROM_Deficit_Score\n    - 0.2379 \u00d7 Gender_m\n    + 0.2344 \u00d7 InsuranceType_4.0\n    + 0.2294 \u00d7 InsuranceType_1.0\n    - 0.2035 \u00d7 PREOP_Strength_Add\n    + ... (25 more terms)\n\nP(retear) = 1 / (1 + exp(-z))"
}