{
    "evaluation_type": "end_to_end_pipeline",
    "description": "Holdout test set (n=514) evaluated through the FULL production inference pipeline. fold_models predict \u2192 average \u2192 meta-features \u2192 meta-learner \u2192 calibrate \u2192 score. These are the metrics of the actual deployed model.",
    "pipeline": "fold_ensemble \u2192 13 meta-features \u2192 logistic \u2192 platt \u2192 threshold",
    "best_method": "logistic+platt",
    "holdout_n": 514,
    "cross_check_vs_trainMeta": true,
    "final_model": {
        "AUC": 0.7844606086925053,
        "AUC_95CI": [
            0.7231886159036319,
            0.8469310090174129
        ],
        "Brier": 0.0901814762011855,
        "Brier_95CI": [
            0.07213767114463449,
            0.10792909024353171
        ],
        "optimal_threshold": 0.16854965713440145,
        "clinical_metrics": {
            "sensitivity": 0.6065573770491803,
            "specificity": 0.8101545253863135,
            "ppv": 0.3008130081300813,
            "npv": 0.9386189258312021,
            "tp": 37,
            "tn": 367,
            "fp": 86,
            "fn": 24
        }
    },
    "decision_curve_analysis": {
        "thresholds": [
            0.01,
            0.02,
            0.03,
            0.04,
            0.05,
            0.06,
            0.07,
            0.08,
            0.09,
            0.1,
            0.11,
            0.12,
            0.13,
            0.14,
            0.15,
            0.16,
            0.17,
            0.18,
            0.19,
            0.2,
            0.21,
            0.22,
            0.23,
            0.24,
            0.25,
            0.26,
            0.27,
            0.28,
            0.29,
            0.3,
            0.31,
            0.32,
            0.33,
            0.34,
            0.35000000000000003,
            0.36,
            0.37,
            0.38,
            0.39,
            0.4,
            0.41000000000000003,
            0.42,
            0.43,
            0.44,
            0.45,
            0.46,
            0.47000000000000003,
            0.48,
            0.49,
            0.5,
            0.51,
            0.52,
            0.53,
            0.54,
            0.55,
            0.56,
            0.5700000000000001,
            0.58,
            0.59,
            0.6,
            0.61,
            0.62,
            0.63,
            0.64,
            0.65,
            0.66,
            0.67,
            0.68,
            0.6900000000000001,
            0.7000000000000001,
            0.71,
            0.72,
            0.73,
            0.74,
            0.75,
            0.76,
            0.77,
            0.78,
            0.79,
            0.8,
            0.81,
            0.8200000000000001,
            0.8300000000000001,
            0.84,
            0.85,
            0.86,
            0.87,
            0.88,
            0.89,
            0.9,
            0.91,
            0.92,
            0.93,
            0.9400000000000001,
            0.9500000000000001,
            0.96,
            0.97,
            0.98,
            0.99
        ],
        "net_benefit_model": [
            0.10977479070864285,
            0.10069086000158818,
            0.09220185326326767,
            0.0898184176394293,
            0.07997132910096251,
            0.07678615779451942,
            0.07123132923308648,
            0.0622568093385214,
            0.056441612861846326,
            0.051664504971897965,
            0.049075328990512826,
            0.045189246551114254,
            0.04081130640905227,
            0.03592435073748982,
            0.037880521858548864,
            0.03640911617565313,
            0.03616801837700998,
            0.033690803834108385,
            0.03134457414613056,
            0.030155642023346307,
            0.030192582376988623,
            0.03043001097475806,
            0.028349082823791,
            0.03010444398935081,
            0.025940337224383922,
            0.02529182879377432,
            0.02683758861467939,
            0.027453523562472975,
            0.026031676439962733,
            0.02556976097832129,
            0.027942254553657023,
            0.02311741817349508,
            0.018671235263371853,
            0.018217191368942343,
            0.011972463334331038,
            0.00960603112840467,
            0.010190846766722253,
            0.0042048449855654575,
            0.003348855010524973,
            -0.0006485084306095982,
            0.0,
            0.0,
            0.0,
            0.0,
            0.0,
            0.0,
            0.0,
            0.0,
            0.0,
            0.0,
            0.0,
            0.0,
            0.0,
            0.0,
            0.0,
            0.0,
            0.0,
            0.0,
            0.0,
            0.0,
            0.0,
            0.0,
            0.0,
            0.0,
            0.0,
            0.0,
            0.0,
            0.0,
            0.0,
            0.0,
            0.0,
            0.0,
            0.0,
            0.0,
            0.0,
            0.0,
            0.0,
            0.0,
            0.0,
            0.0,
            0.0,
            0.0,
            0.0,
            0.0,
            0.0,
            0.0,
            0.0,
            0.0,
            0.0,
            0.0,
            0.0,
            0.0,
            0.0,
            0.0,
            0.0,
            0.0,
            0.0,
            0.0,
            0.0
        ],