{
    "Final_Model": {
        "AUC": 0.7844606086925053,
        "AUC_95CI_lower": 0.7231886159036319,
        "AUC_95CI_upper": 0.8469310090174129,
        "Brier": 0.0901814762011855,
        "Brier_95CI_lower": 0.07213767114463449,
        "Brier_95CI_upper": 0.10792909024353171,
        "Best_Method": "logistic+platt",
        "Optimal_Threshold": 0.24000000000000005
    },
    "LR_Baseline": {
        "AUC": null,
        "Brier": null,
        "F1_Score": null,
        "Sensitivity": null,
        "Specificity": null,
        "PPV": null,
        "NPV": null,
        "Net_Benefit": null,
        "Calibration_Slope": null,
        "Threshold": null
    },
    "TearSense_vs_LR": {
        "AUC_Improvement": null,
        "AUC_Improvement_Pct": null,
        "Brier_Improvement": null
    },
    "Individual_Assessment_Test": {
        "CatBoost": {
            "AUC": 0.7811674447218904,
            "Brier": 0.11451535057330589
        },
        "XGBoost": {
            "AUC": 0.7793580139688054,
            "Brier": 0.11615574411507122
        },
        "LightGBM": {
            "AUC": 0.7802265407302863,
            "Brier": 0.09349335577442769
        },
        "RandomForest": {
            "AUC": 0.7819997828683096,
            "Brier": 0.11500321726790673
        }
    },
    "Self_Assessment_CV": {
        "CatBoost": {
            "AUC": 0.8054857791102829,
            "Brier": 0.13542110632852417
        },
        "XGBoost": {
            "AUC": 0.7845708523530417,
            "Brier": 0.24606460743050124
        },
        "LightGBM": {
            "AUC": 0.773690228596638,
            "Brier": 0.1038097235891686
        },
        "RandomForest": {
            "AUC": 0.7828196886620029,
            "Brier": 0.11936914575391863
        }
    },
    "Ensemble_Weights": {
        "CatBoost": 0.2980402940461539,
        "XGBoost": 0.225196229315886,
        "LightGBM": 0.017344464452215744,
        "RandomForest": 0.4594190121857443
    }
}