{
    "tearsense": {
        "AUC": 0.7844606086925053,
        "Brier": 0.0901814762011855
    }
}