{
    "CatBoost_Params": {
        "iterations": 2099,
        "depth": 6,
        "learning_rate": 0.13730629091486912,
        "l2_leaf_reg": 2.895077839277626,
        "random_strength": 8.9914959814781,
        "bagging_temperature": 0.5977932998497598,
        "border_count": 79,
        "loss_function": "Focal:focal_alpha=0.1391248753130342;focal_gamma=1.4231054150619755",
        "eval_metric": "AUC",
        "random_state": 42,
        "verbose": false,
        "thread_count": -1
    },
    "XGBoost_Params": {
        "n_estimators": 1404,
        "max_depth": 10,
        "learning_rate": 0.03549497702790332,
        "subsample": 0.8585840567706314,
        "colsample_bytree": 0.5672001202940593,
        "gamma": 0.8474710673924892,
        "min_child_weight": 2,
        "reg_alpha": 0.8331207887087062,
        "reg_lambda": 0.0010041608606322975,
        "max_delta_step": 9.8421538163167,
        "scale_pos_weight": 10.323086169574568,
        "objective": "binary:logistic",
        "eval_metric": "auc",
        "random_state": 42,
        "n_jobs": -1,
        "use_label_encoder": false
    },
    "LightGBM_Params": {
        "boosting_type": "gbdt",
        "n_estimators": 836,
        "num_leaves": 145,
        "learning_rate": 0.01066281271561041,
        "max_depth": 9,
        "min_child_samples": 28,
        "colsample_bytree": 0.8894888701906695,
        "reg_alpha": 0.5650926971725972,
        "reg_lambda": 0.01402948892359349,
        "subsample": 0.7529972077630983,
        "subsample_freq": 4,
        "is_unbalance": true,
        "objective": "binary",
        "metric": "auc",
        "random_state": 42,
        "n_jobs": -1,
        "verbosity": -1
    },
    "RandomForest_Params": {
        "n_estimators": 716,
        "max_depth": 14,
        "min_samples_split": 11,
        "min_samples_leaf": 5,
        "max_features": 0.7,
        "class_weight": "balanced",
        "max_samples": 0.7133996509088284,
        "min_impurity_decrease": 0.00012245468560978298,
        "ccp_alpha": 1.03320301529312e-05,
        "bootstrap": true,
        "random_state": 42,
        "n_jobs": -1
    },
    "Ensemble_Weights": {
        "Cat": 0.1543654352426529,
        "XGB": 0.13334378600120544,
        "LGBM": 0.3457430601119995,
        "RF": 0.36654767394065857
    }
}