{
    "CatBoost_Params": {
        "iterations": 2497,
        "depth": 6,
        "learning_rate": 0.1339571445930417,
        "l2_leaf_reg": 0.513811158215318,
        "random_strength": 4.145782109686961,
        "bagging_temperature": 0.6827351955081704,
        "border_count": 248,
        "loss_function": "Focal:focal_alpha=0.21399320626885748;focal_gamma=1.0143808925655013",
        "eval_metric": "AUC",
        "random_state": 42,
        "verbose": false,
        "thread_count": -1
    },
    "XGBoost_Params": {
        "n_estimators": 730,
        "max_depth": 10,
        "learning_rate": 0.040020251267676756,
        "subsample": 0.7042285988219853,
        "colsample_bytree": 0.7781631589095072,
        "gamma": 2.277908657931745,
        "min_child_weight": 2,
        "reg_alpha": 0.22317473628473,
        "reg_lambda": 0.02859933464557629,
        "max_delta_step": 5.916770699733746,
        "scale_pos_weight": 13.860529721575421,
        "objective": "binary:logistic",
        "eval_metric": "auc",
        "random_state": 42,
        "n_jobs": -1,
        "use_label_encoder": false
    },
    "LightGBM_Params": {
        "boosting_type": "dart",
        "n_estimators": 1134,
        "num_leaves": 93,
        "learning_rate": 0.036956018049755894,
        "max_depth": 11,
        "min_child_samples": 13,
        "colsample_bytree": 0.5457997840000965,
        "reg_alpha": 0.08859328390173533,
        "reg_lambda": 0.10930210593988612,
        "subsample": 0.6140332095443438,
        "subsample_freq": 4,
        "drop_rate": 0.15514395265372832,
        "skip_drop": 0.4891892062783557,
        "scale_pos_weight": 32.51190696311039,
        "objective": "binary",
        "metric": "auc",
        "random_state": 42,
        "n_jobs": -1,
        "verbosity": -1
    },
    "RandomForest_Params": {
        "n_estimators": 257,
        "max_depth": 19,
        "min_samples_split": 11,
        "min_samples_leaf": 3,
        "max_features": 0.3,
        "class_weight": "balanced",
        "max_samples": 0.5325826543969439,
        "min_impurity_decrease": 0.0012002962256909089,
        "ccp_alpha": 5.5404504480156813e-05,
        "bootstrap": true,
        "random_state": 42,
        "n_jobs": -1
    },
    "Ensemble_Weights": {
        "Cat": 0.0,
        "XGB": 0.3460581600666046,
        "LGBM": 0.0,
        "RF": 0.6539418697357178
    }
}