{
    "best_method": "xgb_meta",
    "base_models": {
        "CatBoost": {
            "auc": {
                "per_fold": [
                    0.7489006652384711,
                    0.7670360110803324,
                    0.7683871332466504,
                    0.7344677483181639,
                    0.8024195827915653
                ],
                "mean": 0.7642422281350366,
                "std": 0.022822703917698806,
                "min": 0.7344677483181639,
                "max": 0.8024195827915653
            },
            "brier": {
                "per_fold": [
                    0.09397472040826209,
                    0.0944161581118989,
                    0.09291721126746387,
                    0.09469692048980603,
                    0.09428342523500499
                ],
                "mean": 0.09405768710248719,
                "std": 0.0006157348609827419,
                "min": 0.09291721126746387,
                "max": 0.09469692048980603
            },
            "f1": {
                "per_fold": [
                    0.16666666666666666,
                    0.24242424242424243,
                    0.25396825396825395,
                    0.2033898305084746,
                    0.13559322033898305
                ],
                "mean": 0.20040844278132414,
                "std": 0.04468196500248138,
                "min": 0.13559322033898305,
                "max": 0.25396825396825395
            }
        },
        "XGBoost": {
            "auc": {
                "per_fold": [
                    0.7605705265531627,
                    0.7554570637119115,
                    0.7673130193905818,
                    0.7748883486912771,
                    0.8267850076318616
                ],
                "mean": 0.7770027931957589,
                "std": 0.025732739116248977,
                "min": 0.7554570637119115,
                "max": 0.8267850076318616
            },
            "brier": {
                "per_fold": [
                    0.11807292444935943,
                    0.11965884238655965,
                    0.11916157708982074,
                    0.11556702674684062,
                    0.09811767479344567
                ],
                "mean": 0.11411560909320521,
                "std": 0.008122685371971299,
                "min": 0.09811767479344567,
                "max": 0.11965884238655965
            },
            "f1": {
                "per_fold": [
                    0.3364485981308411,
                    0.37383177570093457,
                    0.38596491228070173,
                    0.3,
                    0.43564356435643564
                ],
                "mean": 0.3663777700937826,
                "std": 0.045910199935283676,
                "min": 0.3,
                "max": 0.43564356435643564
            }
        },
        "LightGBM": {
            "auc": {
                "per_fold": [
                    0.7716766264516857,
                    0.7888088642659279,
                    0.7830290010741139,
                    0.7573068008366781,
                    0.8400701000621855
                ],
                "mean": 0.7881782785381182,
                "std": 0.028089238134556986,
                "min": 0.7573068008366781,
                "max": 0.8400701000621855
            },
            "brier": {
                "per_fold": [
                    0.1192205423132556,
                    0.11818758194398118,
                    0.12106717110296047,
                    0.12053332293232319,
                    0.1047501748294638
                ],
                "mean": 0.11675175862439686,
                "std": 0.006084694052610398,
                "min": 0.1047501748294638,
                "max": 0.12106717110296047
            },
            "f1": {
                "per_fold": [
                    0.4036697247706422,
                    0.3925233644859813,
                    0.4074074074074074,
                    0.3619047619047619,
                    0.4489795918367347
                ],
                "mean": 0.40289697008110553,
                "std": 0.028044685937884815,
                "min": 0.3619047619047619,
                "max": 0.4489795918367347
            }
        },
        "RandomForest": {
            "auc": {
                "per_fold": [
                    0.7514939677528469,
                    0.7921883656509694,
                    0.7711572163491436,
                    0.7616032562609532,
                    0.8161004013793883
                ],
                "mean": 0.7785086414786602,
                "std": 0.02310802182433864,
                "min": 0.7514939677528469,
                "max": 0.8161004013793883
            },
            "brier": {
                "per_fold": [
                    0.10442389923777447,
                    0.09930848858344275,
                    0.10550277987021628,
                    0.1024676427386553,
                    0.09581070336565468
                ],
                "mean": 0.1015027027591487,
                "std": 0.0035405804007161796,
                "min": 0.09581070336565468,
                "max": 0.10550277987021628
            },
            "f1": {
                "per_fold": [
                    0.3116883116883117,
                    0.375,
                    0.23376623376623376,
                    0.27848101265822783,
                    0.2318840579710145
                ],
                "mean": 0.28616392321675754,
                "std": 0.05346810580259016,
                "min": 0.2318840579710145,
                "max": 0.375
            }
        }
    },
    "ensemble": {
        "auc": {
            "per_fold": [
                0.76961889728267,
                0.7863157894736842,
                0.7820962179885804,
                0.7582395839222116,
                0.8378653400418339
            ],
            "mean": 0.786827165741796,
            "std": 0.027352926519351003,
            "min": 0.7582395839222116,
            "max": 0.8378653400418339
        },
        "brier": {
            "per_fold": [
                0.09268678572565173,
                0.09105185930905646,
                0.0927861646346614,
                0.09425923939263761,
                0.08897178445450281
            ],
            "mean": 0.09195116670330201,
            "std": 0.001802832704633383,
            "min": 0.08897178445450281,
            "max": 0.09425923939263761
        },
        "f1": {
            "per_fold": [
                0.14814814814814814,
                0.1111111111111111,
                0.10909090909090909,
                0.14545454545454545,
                0.10909090909090909
            ],
            "mean": 0.12457912457912457,
            "std": 0.01817932393416507,
            "min": 0.10909090909090909,
            "max": 0.14814814814814814
        }
    },
    "method_comparison": {
        "weighted_avg": {
            "auc": 0.7802739738360838,
            "brier": 0.09333758677083867,
            "score": 0.5143150204230545,
            "calibration": null
        },
        "weighted_avg+isotonic": {
            "auc": 0.7710781136050564,
            "brier": 0.09274915440718544,
            "score": 0.5110282928099169,
            "calibration": "isotonic"
        },
        "weighted_avg+platt": {
            "auc": 0.7801299192393917,
            "brier": 0.09341634485731076,
            "score": 0.5139300102134187,
            "calibration": "platt"
        },
        "logistic": {
            "auc": 0.7872207786529006,
            "brier": 0.18837686642319873,
            "score": 0.15818250189482708,
            "calibration": null
        },
        "logistic+isotonic": {
            "auc": 0.7704681324221881,
            "brier": 0.09310899525653925,
            "score": 0.5092981221018549,
            "calibration": "isotonic"
        },