{
    "evaluation_type": "end_to_end_pipeline",
    "description": "Holdout test set (n=514) evaluated through the FULL production inference pipeline. fold_models predict \u2192 average \u2192 meta-features \u2192 meta-learner \u2192 calibrate \u2192 score. These are the metrics of the actual deployed model.",
    "pipeline": "fold_ensemble \u2192 13 meta-features \u2192 xgb_meta \u2192 threshold",
    "best_method": "xgb_meta",
    "holdout_n": 514,
    "cross_check_vs_trainMeta": true,
    "final_model": {
        "AUC": 0.7805160496507798,
        "AUC_95CI": [
            0.7137098880603382,
            0.8454004749002763
        ],
        "Brier": 0.08844152180093262,
        "Brier_95CI": [
            0.07022581711042236,
            0.1065903336855108
        ],
        "optimal_threshold": 0.15285854041576385,
        "clinical_metrics": {
            "sensitivity": 0.6229508196721312,
            "specificity": 0.8233995584988962,
            "ppv": 0.3220338983050847,
            "npv": 0.9419191919191919,
            "tp": 38,
            "tn": 373,
            "fp": 80,
            "fn": 23
        }
    },
    "decision_curve_analysis": {
        "thresholds": [
            0.01,
            0.02,
            0.03,
            0.04,
            0.05,
            0.060000000000000005,
            0.06999999999999999,
            0.08,
            0.09,
            0.09999999999999999,
            0.11,
            0.12,
            0.13,
            0.14,
            0.15000000000000002,
            0.16,
            0.17,
            0.18000000000000002,
            0.19,
            0.2,
            0.21000000000000002,
            0.22,
            0.23,
            0.24000000000000002,
            0.25,
            0.26,
            0.27,
            0.28,
            0.29000000000000004,
            0.3,
            0.31,
            0.32,
            0.33,
            0.34,
            0.35000000000000003,
            0.36000000000000004,
            0.37,
            0.38,
            0.39,
            0.4,
            0.41000000000000003,
            0.42000000000000004,
            0.43,
            0.44,
            0.45,
            0.46,
            0.47000000000000003,
            0.48000000000000004,
            0.49,
            0.5,
            0.51,
            0.52,
            0.53,
            0.54,
            0.55,
            0.56,
            0.5700000000000001,
            0.5800000000000001,
            0.59,
            0.6,
            0.61,
            0.62,
            0.63,
            0.64,
            0.65,
            0.66,
            0.67,
            0.68,
            0.6900000000000001,
            0.7000000000000001,
            0.7100000000000001,
            0.72,
            0.73,
            0.74,
            0.75,
            0.76,
            0.77,
            0.78,
            0.79,
            0.8,
            0.81,
            0.8200000000000001,
            0.8300000000000001,
            0.8400000000000001,
            0.85,
            0.86,
            0.87,
            0.88,
            0.89,
            0.9,
            0.91,
            0.92,
            0.93,
            0.9400000000000001,
            0.9500000000000001,
            0.9600000000000001,
            0.97,
            0.98,
            0.99
        ],
        "net_benefit_model": [
            0.10977479070864285,
            0.10215993011990787,
            0.08869188495326727,
            0.08187418936446172,
            0.07689944706123285,
            0.07504760327841709,
            0.07085477595079705,
            0.06411774657418373,
            0.06071749262410741,
            0.05685257241677476,
            0.052463603375158485,
            0.04961089494163424,
            0.04604409857328144,
            0.04293729074291919,
            0.04188601510643166,
            0.03909579395960719,
            0.03316769021611739,
            0.03383315934326658,
            0.03292981697650958,
            0.032101167315175094,
            0.029404521499285817,
            0.02234859822408461,
            0.024053767244428727,
            0.025496620929756294,
            0.024643320363164724,
            0.02061205174045641,
            0.02129417408453707,
            0.02140077821011673,
            0.018085164684605685,
            0.018899388549193995,
            0.018524784300456773,
            0.017280842298008695,
            0.0169580114989256,
            0.01975002947765593,
            0.02199940137683328,
            0.022738326848249023,
            0.02245074424062751,
            0.01995732396134053,
            0.017445939911972953,
            0.00907911802853437,
            0.011178526676779,
            0.009593452301086809,
            0.011161171411017818,
            0.012506948304613675,
            0.012380615493455961,
            0.008358553105634818,
            0.008222597459804713,
            0.00808141275067345,
            0.007934691386282139,
            0.007782101167315175,
            0.007702691971730326,
            0.007619974059662775,
            0.007533736236443414,
            0.0,
            0.0,
            0.0,
            0.0,
            0.0,
            0.0,
            0.0,
            0.0,
            0.0,
            0.0,
            0.0,
            0.0,
            0.0,
            0.0,
            0.0,
            0.0,
            0.0,
            0.0,
            0.0,
            0.0,
            0.0,
            0.0,
            0.0,
            0.0,
            0.0,
            0.0,
            0.0,
            0.0,
            0.0,
            0.0,
            0.0,
            0.0,
            0.0,
            0.0,
            0.0,
            0.0,
            0.0,
            0.0,
            0.0,
            0.0,
            0.0,
            0.0,
            0.0,
            0.0,
            0.0,
            0.0
        ],