{
    "Final_Model": {
        "AUC": 0.7805160496507798,
        "AUC_95CI_lower": 0.7137098880603382,
        "AUC_95CI_upper": 0.8454004749002763,
        "Brier": 0.08844152180093262,
        "Brier_95CI_lower": 0.07022581711042236,
        "Brier_95CI_upper": 0.1065903336855108,
        "Best_Method": "xgb_meta",
        "Optimal_Threshold": 0.16000000000000003
    },
    "LR_Baseline": {
        "AUC": 0.8106611659971772,
        "Brier": 0.17485229610278893,
        "F1_Score": 0.3861003861003861,
        "Sensitivity": 0.819672131147541,
        "Specificity": 0.673289183222958,
        "PPV": 0.25252525252525254,
        "NPV": 0.9651898734177216,
        "Net_Benefit": -0.12066993337212771,
        "Calibration_Slope": 0.8821582035792785,
        "Threshold": 0.43082252713201297
    },
    "TearSense_vs_LR": {
        "AUC_Improvement": -0.030145116346397383,
        "AUC_Improvement_Pct": -3.7185839917860766,
        "Brier_Improvement": 0.08641077430185631
    },
    "Individual_Assessment_Test": {
        "CatBoost": {
            "AUC": 0.791046936633735,
            "Brier": 0.09143970435179924
        },
        "XGBoost": {
            "AUC": 0.7769333767596714,
            "Brier": 0.10778106154377874
        },
        "LightGBM": {
            "AUC": 0.7627836282705461,
            "Brier": 0.09377654014448311
        },
        "RandomForest": {
            "AUC": 0.7696594651322695,
            "Brier": 0.09641425995514134
        }
    },
    "Self_Assessment_CV": {
        "CatBoost": {
            "AUC": 0.7955700090170593,
            "Brier": 0.09831355023071844
        },
        "XGBoost": {
            "AUC": 0.7796250240106144,
            "Brier": 0.14417522698821736
        },
        "LightGBM": {
            "AUC": 0.759567038728379,
            "Brier": 0.10923222799561616
        },
        "RandomForest": {
            "AUC": 0.7804990409809262,
            "Brier": 0.10202297774759513
        }
    },
    "Ensemble_Weights": {
        "CatBoost": 0.42755356431007385,
        "XGBoost": 0.4342656433582306,
        "LightGBM": 0.055725570768117905,
        "RandomForest": 0.08245515823364258
    }
}