{
    "tearsense": {
        "AUC": 0.7805160496507798,
        "Brier": 0.08844152180093262
    },
    "logistic_regression": {
        "AUC": 0.8106611659971772,
        "Brier": 0.17485229610278893
    },
    "improvement": {
        "AUC_delta": -0.030145116346397383,
        "AUC_pct": -3.7185839917860766,
        "Brier_delta": -0.08641077430185631
    }
}