{
    "best_method": "lgbm_meta",
    "base_models": {
        "CatBoost": {
            "auc": {
                "per_fold": [
                    0.7622618108016687,
                    0.7659279778393352,
                    0.7679914070891514,
                    0.7554977669738255,
                    0.8182486290915257
                ],
                "mean": 0.7739855183591013,
                "std": 0.022535831784210005,
                "min": 0.7554977669738255,
                "max": 0.8182486290915257
            },
            "brier": {
                "per_fold": [
                    0.09177597184646756,
                    0.09487785536727446,
                    0.09465381912012365,
                    0.0954322514593506,
                    0.09096924136478186
                ],
                "mean": 0.09354182783159962,
                "std": 0.0018072987679780255,
                "min": 0.09096924136478186,
                "max": 0.0954322514593506
            },
            "f1": {
                "per_fold": [
                    0.11320754716981132,
                    0.2222222222222222,
                    0.13793103448275862,
                    0.07407407407407407,
                    0.1111111111111111
                ],
                "mean": 0.13170919781199547,
                "std": 0.049638127643882875,
                "min": 0.07407407407407407,
                "max": 0.2222222222222222
            }
        },
        "XGBoost": {
            "auc": {
                "per_fold": [
                    0.7394858495884542,
                    0.7765096952908587,
                    0.7329979083045961,
                    0.7688959240205778,
                    0.8045678105037029
                ],
                "mean": 0.764491437541638,
                "std": 0.026027199245993463,
                "min": 0.7329979083045961,
                "max": 0.8045678105037029
            },
            "brier": {
                "per_fold": [
                    0.11909257134843083,
                    0.11491365404103353,
                    0.12717792010098938,
                    0.1162220714332336,
                    0.10386116672642744
                ],
                "mean": 0.11625347673002295,
                "std": 0.007520231107798959,
                "min": 0.10386116672642744,
                "max": 0.12717792010098938
            },
            "f1": {
                "per_fold": [
                    0.35294117647058826,
                    0.4339622641509434,
                    0.35514018691588783,
                    0.36,
                    0.3516483516483517
                ],
                "mean": 0.37073839583715423,
                "std": 0.031739708869422054,
                "min": 0.3516483516483517,
                "max": 0.4339622641509434
            }
        },
        "LightGBM": {
            "auc": {
                "per_fold": [
                    0.7622054346600519,
                    0.7537950138504155,
                    0.7594550285488156,
                    0.7350896037085194,
                    0.8289332353439991
                ],
                "mean": 0.7678956632223604,
                "std": 0.03195081870257478,
                "min": 0.7350896037085194,
                "max": 0.8289332353439991
            },
            "brier": {
                "per_fold": [
                    0.11433294938712149,
                    0.11512305593412472,
                    0.12027010706019936,
                    0.11311196665976962,
                    0.09722158320561332
                ],
                "mean": 0.11201193244936572,
                "std": 0.007787530582694512,
                "min": 0.09722158320561332,
                "max": 0.12027010706019936
            },
            "f1": {
                "per_fold": [
                    0.37254901960784315,
                    0.38095238095238093,
                    0.39622641509433965,
                    0.3958333333333333,
                    0.3958333333333333
                ],
                "mean": 0.38827889646424607,
                "std": 0.009781706810745604,
                "min": 0.37254901960784315,
                "max": 0.39622641509433965
            }
        },
        "RandomForest": {
            "auc": {
                "per_fold": [
                    0.7606832788363964,
                    0.8026592797783934,
                    0.780767708745548,
                    0.7614336593363106,
                    0.8243541183786535
                ],
                "mean": 0.7859796090150605,
                "std": 0.024577983058944132,
                "min": 0.7606832788363964,
                "max": 0.8243541183786535
            },
            "brier": {
                "per_fold": [
                    0.1136741183715128,
                    0.1076928132754818,
                    0.11495740398420401,
                    0.1121792457891414,
                    0.10144750600158575
                ],
                "mean": 0.10999021748438516,
                "std": 0.004925279646205404,
                "min": 0.10144750600158575,
                "max": 0.11495740398420401
            },
            "f1": {
                "per_fold": [
                    0.3838383838383838,
                    0.40404040404040403,
                    0.37623762376237624,
                    0.3218390804597701,
                    0.38636363636363635
                ],
                "mean": 0.37446382569291414,
                "std": 0.027845186268407603,
                "min": 0.3218390804597701,
                "max": 0.40404040404040403
            }
        }
    },
    "ensemble": {
        "auc": {
            "per_fold": [
                0.7642067876874507,
                0.7834349030470914,
                0.7659845101475495,
                0.7770365764034146,
                0.8384023969698683
            ],
            "mean": 0.7858130348510749,
            "std": 0.027233519971667793,
            "min": 0.7642067876874507,
            "max": 0.8384023969698683
        },
        "brier": {
            "per_fold": [
                0.09438000946606252,
                0.09225249494340224,
                0.0946188462358596,
                0.09236232664539185,
                0.08801263530559927
            ],
            "mean": 0.0923252625192631,
            "std": 0.0023701448746435033,
            "min": 0.08801263530559927,
            "max": 0.0946188462358596
        },
        "f1": {
            "per_fold": [
                0.0,
                0.0,
                0.07407407407407407,
                0.07547169811320754,
                0.0392156862745098
            ],
            "mean": 0.03775229169235828,
            "std": 0.03345037541158186,
            "min": 0.0,
            "max": 0.07547169811320754
        }
    },
    "method_comparison": {
        "weighted_avg": {
            "auc": 0.783413913873358,
            "brier": 0.09318622909028025,
            "score": 0.5167727920703711,
            "calibration": null
        },
        "weighted_avg+isotonic": {
            "auc": 0.772419622036752,
            "brier": 0.09230560454302482,
            "score": 0.5135147266368358,
            "calibration": "isotonic"
        },
        "weighted_avg+platt": {
            "auc": 0.7827724207474633,
            "brier": 0.09378491079646344,
            "score": 0.5141182516901099,
            "calibration": "platt"
        },
        "logistic": {
            "auc": 0.785451942072187,
            "brier": 0.18873325138729077,
            "score": 0.15577011945243363,
            "calibration": null
        },