{
    "tearsense": {
        "AUC": 0.771287952810046,
        "Brier": 0.1055360718551681
    },
    "logistic_regression": {
        "AUC": 0.8106611659971772,
        "Brier": 0.17485229610278893
    },
    "improvement": {
        "AUC_delta": -0.03937321318713116,
        "AUC_pct": -4.856926030087923,
        "Brier_delta": -0.06931622424762084
    }
}