{
    "best_method": "xgb_meta",
    "base_models": {
        "CatBoost": {
            "auc": {
                "per_fold": [
                    0.7597812605705265,
                    0.7678670360110804,
                    0.7591723670077449,
                    0.741590819153146,
                    0.814008705975465
                ],
                "mean": 0.7684840377435925,
                "std": 0.024325159227969732,
                "min": 0.741590819153146,
                "max": 0.814008705975465
            },
            "brier": {
                "per_fold": [
                    0.09264449019280002,
                    0.09583071662892163,
                    0.09489140826452731,
                    0.09357586143789812,
                    0.09282700540958337
                ],
                "mean": 0.09395389638674609,
                "std": 0.0012270876920681998,
                "min": 0.09264449019280002,
                "max": 0.09583071662892163
            },
            "f1": {
                "per_fold": [
                    0.14545454545454545,
                    0.25,
                    0.1935483870967742,
                    0.14285714285714285,
                    0.07142857142857142
                ],
                "mean": 0.1606577293674068,
                "std": 0.05928520387976957,
                "min": 0.07142857142857142,
                "max": 0.25
            }
        },
        "XGBoost": {
            "auc": {
                "per_fold": [
                    0.7554966738076446,
                    0.7482548476454294,
                    0.7417604160777884,
                    0.7224263666685511,
                    0.8291028322686416
                ],
                "mean": 0.7594082272936109,
                "std": 0.03654076996144518,
                "min": 0.7224263666685511,
                "max": 0.8291028322686416
            },
            "brier": {
                "per_fold": [
                    0.1052855348667902,
                    0.09931862941158542,
                    0.10371809840890234,
                    0.10711451103559842,
                    0.09545625128481527
                ],
                "mean": 0.10217860500153834,
                "std": 0.0042368790727102135,
                "min": 0.09545625128481527,
                "max": 0.10711451103559842
            },
            "f1": {
                "per_fold": [
                    0.2777777777777778,
                    0.32432432432432434,
                    0.2777777777777778,
                    0.3037974683544304,
                    0.26865671641791045
                ],
                "mean": 0.2904668129304442,
                "std": 0.020599713531585923,
                "min": 0.26865671641791045,
                "max": 0.32432432432432434
            }
        },
        "LightGBM": {
            "auc": {
                "per_fold": [
                    0.7543691509753072,
                    0.7542382271468143,
                    0.7526146192549042,
                    0.7362767821810164,
                    0.8213579060433037
                ],
                "mean": 0.7637713371202692,
                "std": 0.029583499168397396,
                "min": 0.7362767821810164,
                "max": 0.8213579060433037
            },
            "brier": {
                "per_fold": [
                    0.11163046082130344,
                    0.10906084797072002,
                    0.11664547478377764,
                    0.11253967100902713,
                    0.0966859228682241
                ],
                "mean": 0.10931247549061048,
                "std": 0.006768365727051768,
                "min": 0.0966859228682241,
                "max": 0.11664547478377764
            },
            "f1": {
                "per_fold": [
                    0.3368421052631579,
                    0.4166666666666667,
                    0.32608695652173914,
                    0.3695652173913043,
                    0.35714285714285715
                ],
                "mean": 0.36126076059714507,
                "std": 0.03158861434233749,
                "min": 0.32608695652173914,
                "max": 0.4166666666666667
            }
        },
        "RandomForest": {
            "auc": {
                "per_fold": [
                    0.7432630510767843,
                    0.788753462603878,
                    0.7765277856294872,
                    0.7599638193227429,
                    0.817513709084742
                ],
                "mean": 0.7772043655435269,
                "std": 0.025329555233894224,
                "min": 0.7432630510767843,
                "max": 0.817513709084742
            },
            "brier": {
                "per_fold": [
                    0.10139686864757855,
                    0.09457428339924878,
                    0.09908240109373759,
                    0.09788070699186209,
                    0.09233726967947707
                ],
                "mean": 0.09705430596238082,
                "std": 0.0032266051015303015,
                "min": 0.09233726967947707,
                "max": 0.10139686864757855
            },
            "f1": {
                "per_fold": [
                    0.2535211267605634,
                    0.35135135135135137,
                    0.208955223880597,
                    0.2571428571428571,
                    0.16129032258064516
                ],
                "mean": 0.24645217634320282,
                "std": 0.06297088281676151,
                "min": 0.16129032258064516,
                "max": 0.35135135135135137
            }
        }
    },
    "ensemble": {
        "auc": {
            "per_fold": [
                0.7584846093133385,
                0.7921606648199446,
                0.7754254056193114,
                0.7512013115495506,
                0.8350387246311268
            ],
            "mean": 0.7824621431866543,
            "std": 0.029866488374563415,
            "min": 0.7512013115495506,
            "max": 0.8350387246311268
        },
        "brier": {
            "per_fold": [
                0.09488205616881357,
                0.09124065826248984,
                0.09320777269551792,
                0.09574068632933506,
                0.08838574642745738
            ],
            "mean": 0.09269138397672275,
            "std": 0.0026460183900844842,
            "min": 0.08838574642745738,
            "max": 0.09574068632933506
        },
        "f1": {
            "per_fold": [
                0.0,
                0.0,
                0.0,
                0.0,
                0.0
            ],
            "mean": 0.0,
            "std": 0.0,
            "min": 0.0,
            "max": 0.0
        }
    },
    "method_comparison": {
        "weighted_avg": {
            "auc": 0.7816289873862194,
            "brier": 0.09277088260689974,
            "score": 0.5172764439434917,
            "calibration": null
        },
        "weighted_avg+isotonic": {
            "auc": 0.7741707857277909,
            "brier": 0.09332975311594742,
            "score": 0.5106828054953837,
            "calibration": "isotonic"
        },
        "weighted_avg+platt": {
            "auc": 0.7810032502318378,
            "brier": 0.09393316759154327,
            "score": 0.5124946974309829,
            "calibration": "platt"
        },
        "logistic": {
            "auc": 0.7802358927685183,
            "brier": 0.19184787682982893,
            "score": 0.14083272549907838,
            "calibration": null
        },
        "logistic+isotonic": {
            "auc": 0.7658066157073531,
            "brier": 0.09394972415049853,
            "score": 0.5033139496354512,
            "calibration": "isotonic"
        },
        "logistic+platt": {
            "auc": 0.7733188378395413,
            "brier": 0.09349666274389982,
            "score": 0.5095388706098102,