{
    "evaluation_type": "end_to_end_pipeline",
    "description": "Holdout test set (n=514) evaluated through the FULL production inference pipeline. fold_models predict \u2192 average \u2192 meta-features \u2192 meta-learner \u2192 calibrate \u2192 score. These are the metrics of the actual deployed model.",
    "pipeline": "fold_ensemble \u2192 weighted_avg \u2192 threshold",
    "best_method": "weighted_avg",
    "holdout_n": 514,
    "cross_check_vs_trainMeta": true,
    "final_model": {
        "AUC": 0.7775123946006585,
        "AUC_95CI": [
            0.7104825223882716,
            0.8396358963332156
        ],
        "Brier": 0.09546757718857896,
        "Brier_95CI": [
            0.07748631167618142,
            0.11225958085831114
        ],
        "optimal_threshold": 0.1473432658240201,
        "clinical_metrics": {
            "sensitivity": 0.7540983606557377,
            "specificity": 0.7041942604856513,
            "ppv": 0.25555555555555554,
            "npv": 0.9550898203592815,
            "tp": 46,
            "tn": 319,
            "fp": 134,
            "fn": 15
        }
    },
    "decision_curve_analysis": {
        "thresholds": [
            0.01,
            0.02,
            0.03,
            0.04,
            0.05,
            0.060000000000000005,
            0.06999999999999999,
            0.08,
            0.09,
            0.09999999999999999,
            0.11,
            0.12,
            0.13,
            0.14,
            0.15000000000000002,
            0.16,
            0.17,
            0.18000000000000002,
            0.19,
            0.2,
            0.21000000000000002,
            0.22,
            0.23,
            0.24000000000000002,
            0.25,
            0.26,
            0.27,
            0.28,
            0.29000000000000004,
            0.3,
            0.31,
            0.32,
            0.33,
            0.34,
            0.35000000000000003,
            0.36000000000000004,
            0.37,
            0.38,
            0.39,
            0.4,
            0.41000000000000003,
            0.42000000000000004,
            0.43,
            0.44,
            0.45,
            0.46,
            0.47000000000000003,
            0.48000000000000004,
            0.49,
            0.5,
            0.51,
            0.52,
            0.53,
            0.54,
            0.55,
            0.56,
            0.5700000000000001,
            0.5800000000000001,
            0.59,
            0.6,
            0.61,
            0.62,
            0.63,
            0.64,
            0.65,
            0.66,
            0.67,
            0.68,
            0.6900000000000001,
            0.7000000000000001,
            0.7100000000000001,
            0.72,
            0.73,
            0.74,
            0.75,
            0.76,
            0.77,
            0.78,
            0.79,
            0.8,
            0.81,
            0.8200000000000001,
            0.8300000000000001,
            0.8400000000000001,
            0.85,
            0.86,
            0.87,
            0.88,
            0.89,
            0.9,
            0.91,
            0.92,
            0.93,
            0.9400000000000001,
            0.9500000000000001,
            0.9600000000000001,
            0.97,
            0.98,
            0.99
        ],
        "net_benefit_model": [
            0.11014817435050897,
            0.09993647264353211,
            0.08879216976212444,
            0.08390077821011674,
            0.08068810157689944,
            0.07132212931534065,
            0.06451612903225806,
            0.05988834376586026,
            0.05763885919527943,
            0.05296152183311716,
            0.049381366676867926,
            0.047665369649805445,
            0.04637953396842434,
            0.04488281603474798,
            0.04028381780727855,
            0.03427830276079303,
            0.03194880690075476,
            0.027189902249217038,
            0.02555603593217083,
            0.022373540856031132,
            0.02142540511254494,
            0.01955502344607403,
            0.018318257617868518,
            0.017202539422486174,
            0.014915693904020755,
            0.01009569881165212,
            0.010020787804488035,
            0.010916558581928228,
            0.010522277634679673,
            0.011117287381878824,
            0.007387356905204978,
            0.008354314488441282,
            0.001858412219060336,
            0.0011791062374719857,
            -0.001346902125112251,
            -0.0018239299610895016,
            -0.0018528812303131373,
            0.00037655328228945045,
            0.0029342348663647377,
            0.0006485084306095956,
            0.0011541251731187752,
            0.0018113511337716284,
            -0.00273056181309303,
            -0.006809338521400775,
            -0.009373894587902366,
            -0.0066291972906758895,
            -0.008956757947287279,
            -0.007632445375636038,
            -0.009689478904402221,
            -0.005836575875486381,
            -0.005558643690939412,
            -0.007295719844357985,
            -0.006912823909264017,
            -0.00186093723566233,
            0.0012970168612191843,
            0.00477538026176158,
            0.0034386028413718114,
            0.0020381693533444434,
            0.0033690803834108413,
            0.007782101167315179,
            0.0045894442781602325,
            0.003276674175711654,
            0.001892943527184776,
            0.0004323389537397304,
            -0.0011117287381878851,
            0.002861066605630576,
            -0.002417167786817602,
            -0.0038910505836575945,
            -0.005460022593196945,
            -0.0071335927367055865,
            -0.010868106802629833,
            -0.014730405780989435,
            -0.011529038766392843,
            -0.002394492666866206,
            -0.0038910505836575876,
            -0.005512321660181584,
            -0.007274572830316364,
            -0.00424478245489919,
            -0.005929219937002045,
            -0.007782101167315182,
            -0.0034814663116936387,
            -0.005188067444876793,
            -0.009040970473792643,
            -0.013132295719844377,
            -0.017509727626459144,
            -0.020289049471928847,
            -0.023495959293624663,
            -0.012970168612191961,
            -0.017863459497700747,
            -0.003891050583657591,
            -0.007998270644185047,
            -0.01070038910505838,
            0.007782101167315175,
            0.0038910505836575876,
            0.0,
            0.0,
            0.0,
            0.0,
            0.0
        ],