{
    "Final_Model": {
        "AUC": 0.7775123946006585,
        "AUC_95CI_lower": 0.7104825223882716,
        "AUC_95CI_upper": 0.8396358963332156,
        "Brier": 0.09546757718857896,
        "Brier_95CI_lower": 0.07748631167618142,
        "Brier_95CI_upper": 0.11225958085831114,
        "Best_Method": "weighted_avg",
        "Optimal_Threshold": 0.30000000000000004
    },
    "LR_Baseline": {
        "AUC": 0.8106611659971772,
        "Brier": 0.17485229610278893,
        "F1_Score": 0.3861003861003861,
        "Sensitivity": 0.819672131147541,
        "Specificity": 0.673289183222958,
        "PPV": 0.25252525252525254,
        "NPV": 0.9651898734177216,
        "Net_Benefit": -0.12066993337212771,
        "Calibration_Slope": 0.8821582035792785,
        "Threshold": 0.43082252713201297
    },
    "TearSense_vs_LR": {
        "AUC_Improvement": -0.03314877139651873,
        "AUC_Improvement_Pct": -4.089103165037285,
        "Brier_Improvement": 0.07938471891420998
    },
    "Individual_Assessment_Test": {
        "CatBoost": {
            "AUC": 0.7856910216046031,
            "Brier": 0.08793477004493284
        },
        "XGBoost": {
            "AUC": 0.7775123946006585,
            "Brier": 0.09546757718857903
        },
        "LightGBM": {
            "AUC": 0.7753048890818949,
            "Brier": 0.0926623870647311
        },
        "RandomForest": {
            "AUC": 0.7736040241739948,
            "Brier": 0.09437172453671126
        }
    },
    "Self_Assessment_CV": {
        "CatBoost": {
            "AUC": 0.8019130458139699,
            "Brier": 0.09241239732941856
        },
        "XGBoost": {
            "AUC": 0.7674783966937658,
            "Brier": 0.11608713514683429
        },
        "LightGBM": {
            "AUC": 0.7671140244163351,
            "Brier": 0.10247774444827043
        },
        "RandomForest": {
            "AUC": 0.7779981466148236,
            "Brier": 0.1006089398884809
        }
    },
    "Ensemble_Weights": {
        "CatBoost": 1.279925062558922e-15,
        "XGBoost": 0.9999999999999962,
        "LightGBM": 3.9690473130349353e-16,
        "RandomForest": 2.122299545436364e-15
    }
}