{
    "tearsense": {
        "AUC": 0.7775123946006585,
        "Brier": 0.09546757718857896
    },
    "logistic_regression": {
        "AUC": 0.8106611659971772,
        "Brier": 0.17485229610278893
    },
    "improvement": {
        "AUC_delta": -0.03314877139651873,
        "AUC_pct": -4.089103165037285,
        "Brier_delta": -0.07938471891420998
    }
}