{
    "CatBoost_Params": {
        "iterations": 1933,
        "depth": 4,
        "learning_rate": 0.029543515433427515,
        "l2_leaf_reg": 9.617851016137761,
        "random_strength": 3.6180475126570104,
        "bagging_temperature": 0.17687898962767468,
        "border_count": 47,
        "loss_function": "Focal:focal_alpha=0.13501603739514825;focal_gamma=2.942595961966381",
        "eval_metric": "AUC",
        "random_state": 42,
        "verbose": false,
        "thread_count": -1
    },
    "XGBoost_Params": {
        "n_estimators": 518,
        "max_depth": 9,
        "learning_rate": 0.020337871612162304,
        "subsample": 0.7419513634696322,
        "colsample_bytree": 0.5040918655308677,
        "gamma": 1.0376916737726538,
        "min_child_weight": 8,
        "reg_alpha": 0.0038147435571105333,
        "reg_lambda": 0.07529485780970263,
        "max_delta_step": 3.5852592679226225,
        "scale_pos_weight": 13.918624540222632,
        "objective": "binary:logistic",
        "eval_metric": "auc",
        "random_state": 42,
        "n_jobs": -1,
        "use_label_encoder": false
    },
    "LightGBM_Params": {
        "boosting_type": "gbdt",
        "n_estimators": 1555,
        "num_leaves": 51,
        "learning_rate": 0.012948592154055714,
        "max_depth": 3,
        "min_child_samples": 49,
        "colsample_bytree": 0.8056578759402049,
        "reg_alpha": 0.09953146790099052,
        "reg_lambda": 2.2600069356476165,
        "subsample": 0.7762677818104262,
        "subsample_freq": 1,
        "scale_pos_weight": 17.261596505724928,
        "objective": "binary",
        "metric": "auc",
        "random_state": 42,
        "n_jobs": -1,
        "verbosity": -1
    },
    "RandomForest_Params": {
        "n_estimators": 281,
        "max_depth": 6,
        "min_samples_split": 25,
        "min_samples_leaf": 9,
        "max_features": 0.7,
        "class_weight": "balanced_subsample",
        "max_samples": 0.5413462486711895,
        "min_impurity_decrease": 0.0006422867895431539,
        "ccp_alpha": 0.004743577059725375,
        "bootstrap": true,
        "random_state": 42,
        "n_jobs": -1
    },
    "Ensemble_Weights": {
        "Cat": 0.5290194106602888,
        "XGB": 0.061782483002741376,
        "LGBM": 0.18068380149669286,
        "RF": 0.22851430484027713
    }
}