{
    "Final_Model": {
        "AUC": 0.7836644591611479,
        "AUC_95CI_lower": 0.7162067216417057,
        "AUC_95CI_upper": 0.8463144676813072,
        "Brier": 0.08763847999898851,
        "Brier_95CI_lower": 0.06971033093757732,
        "Brier_95CI_upper": 0.1058596698763156,
        "Best_Method": "lgbm_meta",
        "Optimal_Threshold": 0.16000000000000003
    },
    "LR_Baseline": {
        "AUC": 0.8106611659971772,
        "Brier": 0.17485229610278588,
        "F1_Score": 0.3861003861003861,
        "Sensitivity": 0.819672131147541,
        "Specificity": 0.673289183222958,
        "PPV": 0.25252525252525254,
        "NPV": 0.9651898734177216,
        "Net_Benefit": -0.12066993337211158,
        "Calibration_Slope": 0.8821582035793077,
        "Threshold": 0.4308225271319948
    },
    "TearSense_vs_LR": {
        "AUC_Improvement": -0.026996706836029283,
        "AUC_Improvement_Pct": -3.330208472836022,
        "Brier_Improvement": 0.08721381610379737
    },
    "Individual_Assessment_Test": {
        "CatBoost": {
            "AUC": 0.7914812000144754,
            "Brier": 0.08999849566203187
        },
        "XGBoost": {
            "AUC": 0.7808055585712734,
            "Brier": 0.10463222226539984
        },
        "LightGBM": {
            "AUC": 0.7650635110194332,
            "Brier": 0.09572250707598196
        },
        "RandomForest": {
            "AUC": 0.7755943980023884,
            "Brier": 0.10081983513882269
        }
    },
    "Self_Assessment_CV": {
        "CatBoost": {
            "AUC": 0.8023360099246997,
            "Brier": 0.09467373721863544
        },
        "XGBoost": {
            "AUC": 0.7884900470342557,
            "Brier": 0.14062308352541159
        },
        "LightGBM": {
            "AUC": 0.7642382159028194,
            "Brier": 0.10606635771783697
        },
        "RandomForest": {
            "AUC": 0.7800788947402777,
            "Brier": 0.10793946785876903
        }
    },
    "Ensemble_Weights": {
        "CatBoost": 0.7142857142857143,
        "XGBoost": 0.21428571428571427,
        "LightGBM": 0.0,
        "RandomForest": 0.07142857142857142
    }
}