{
    "tearsense": {
        "AUC": 0.7836644591611479,
        "Brier": 0.08763847999898851
    },
    "logistic_regression": {
        "AUC": 0.8106611659971772,
        "Brier": 0.17485229610278588
    },
    "improvement": {
        "AUC_delta": -0.026996706836029283,
        "AUC_pct": -3.330208472836022,
        "Brier_delta": -0.08721381610379737
    }
}