{
    "best_method": "xgb_meta",
    "base_models": {
        "CatBoost": {
            "auc": {
                "per_fold": [
                    0.7508738301950615,
                    0.7542382271468144,
                    0.7597376900898865,
                    0.7588331731584601,
                    0.7999886935383571
                ],
                "mean": 0.764734322825716,
                "std": 0.017916148251795248,
                "min": 0.7508738301950615,
                "max": 0.7999886935383571
            },
            "brier": {
                "per_fold": [
                    0.0921464643922575,
                    0.09578913030800736,
                    0.0962263814837476,
                    0.09432065394851487,
                    0.0924809304545893
                ],
                "mean": 0.09419271211742333,
                "std": 0.001662411348424784,
                "min": 0.0921464643922575,
                "max": 0.0962263814837476
            },
            "f1": {
                "per_fold": [
                    0.1111111111111111,
                    0.21875,
                    0.14035087719298245,
                    0.14035087719298245,
                    0.10526315789473684
                ],
                "mean": 0.14316520467836258,
                "std": 0.040479457078893784,
                "min": 0.10526315789473684,
                "max": 0.21875
            }
        },
        "XGBoost": {
            "auc": {
                "per_fold": [
                    0.7573007103393844,
                    0.7676454293628809,
                    0.7518796992481201,
                    0.7701396348012889,
                    0.8268415399400756
                ],
                "mean": 0.7747614027383499,
                "std": 0.026880426486799214,
                "min": 0.7518796992481201,
                "max": 0.8268415399400756
            },
            "brier": {
                "per_fold": [
                    0.11014461567435037,
                    0.1156126377794048,
                    0.11851260339271112,
                    0.11307818280614587,
                    0.0977653499285647
                ],
                "mean": 0.11102267791623537,
                "std": 0.007182194013174706,
                "min": 0.0977653499285647,
                "max": 0.11851260339271112
            },
            "f1": {
                "per_fold": [
                    0.42857142857142855,
                    0.3888888888888889,
                    0.37383177570093457,
                    0.3838383838383838,
                    0.425531914893617
                ],
                "mean": 0.4001324783786506,
                "std": 0.022527973926601413,
                "min": 0.37383177570093457,
                "max": 0.42857142857142855
            }
        },
        "LightGBM": {
            "auc": {
                "per_fold": [
                    0.7269139700078927,
                    0.7452631578947368,
                    0.7616597885691672,
                    0.7541975238849002,
                    0.8338515461586297
                ],
                "mean": 0.7643771973030653,
                "std": 0.036623858649533686,
                "min": 0.7269139700078927,
                "max": 0.8338515461586297
            },
            "brier": {
                "per_fold": [
                    0.10086203982055239,
                    0.1122562138208225,
                    0.10310173873063844,
                    0.11104207497534932,
                    0.10292129174920922
                ],
                "mean": 0.10603667181931438,
                "std": 0.0046654690011143155,
                "min": 0.10086203982055239,
                "max": 0.1122562138208225
            },
            "f1": {
                "per_fold": [
                    0.30985915492957744,
                    0.3,
                    0.3684210526315789,
                    0.26666666666666666,
                    0.18461538461538463
                ],
                "mean": 0.2859124517686415,
                "std": 0.06035075622036758,
                "min": 0.18461538461538463,
                "max": 0.3684210526315789
            }
        },
        "RandomForest": {
            "auc": {
                "per_fold": [
                    0.7590483707295073,
                    0.7978393351800553,
                    0.7768104471705579,
                    0.7669738255412968,
                    0.8189270167900956
                ],
                "mean": 0.7839197990823025,
                "std": 0.0217970439692321,
                "min": 0.7590483707295073,
                "max": 0.8189270167900956
            },
            "brier": {
                "per_fold": [
                    0.1013220160732576,
                    0.09644895015369531,
                    0.10344028817162079,
                    0.09902104678536704,
                    0.09278059654732454
                ],
                "mean": 0.09860257954625304,
                "std": 0.003728471005623536,
                "min": 0.09278059654732454,
                "max": 0.10344028817162079
            },
            "f1": {
                "per_fold": [
                    0.28169014084507044,
                    0.33766233766233766,
                    0.2191780821917808,
                    0.2972972972972973,
                    0.2647058823529412
                ],
                "mean": 0.28010674806988545,
                "std": 0.038884847946912264,
                "min": 0.2191780821917808,
                "max": 0.33766233766233766
            }
        }
    },
    "ensemble": {
        "auc": {
            "per_fold": [
                0.7626282557221784,
                0.7833795013850414,
                0.7804285148962633,
                0.772174797896998,
                0.8172875798518854
            ],
            "mean": 0.7831797299504732,
            "std": 0.018517160366836562,
            "min": 0.7626282557221784,
            "max": 0.8172875798518854
        },
        "brier": {
            "per_fold": [
                0.09428142124235697,
                0.09150959897667754,
                0.09298785420993631,
                0.09320263778996321,
                0.08856629229076636
            ],
            "mean": 0.09210956090194009,
            "std": 0.0019797929345752676,
            "min": 0.08856629229076636,
            "max": 0.09428142124235697
        },
        "f1": {
            "per_fold": [
                0.0,
                0.0,
                0.0,
                0.0,
                0.0
            ],
            "mean": 0.0,
            "std": 0.0,
            "min": 0.0,
            "max": 0.0
        }
    },
    "method_comparison": {
        "weighted_avg": {
            "auc": 0.7830020077609414,
            "brier": 0.09271149740464954,
            "score": 0.5183253896517053,
            "calibration": null
        },
        "weighted_avg+isotonic": {
            "auc": 0.7780737649569187,
            "brier": 0.09213047167038341,
            "score": 0.5175711534412212,
            "calibration": "isotonic"
        },
        "weighted_avg+platt": {
            "auc": 0.7826711323591641,
            "brier": 0.09399894617977227,
            "score": 0.513246055447558,
            "calibration": "platt"
        },
        "logistic": {
            "auc": 0.7823286526039686,
            "brier": 0.19010996305870081,
            "score": 0.14867693488308825,
            "calibration": null
        },
        "logistic+isotonic": {
            "auc": 0.7679741872169554,
            "brier": 0.09319993577494712,
            "score": 0.5074569930697919,
            "calibration": "isotonic"
        },
        "logistic+platt": {
            "auc": 0.778394511519866,
            "brier": 0.09283030033565583,
            "score": 0.5151105016300251,