{
    "CatBoost_Params": {
        "iterations": 1294,
        "depth": 4,
        "learning_rate": 0.13753964636329558,
        "l2_leaf_reg": 8.136829259474464,
        "random_strength": 8.204408651647858,
        "bagging_temperature": 0.9707489727947941,
        "border_count": 233,
        "loss_function": "Focal:focal_alpha=0.198702610988314;focal_gamma=1.3818847661086482",
        "eval_metric": "AUC",
        "random_state": 42,
        "verbose": false,
        "thread_count": -1
    },
    "XGBoost_Params": {
        "n_estimators": 961,
        "max_depth": 10,
        "learning_rate": 0.09287452882828992,
        "subsample": 0.8839041175794468,
        "colsample_bytree": 0.7441954703256966,
        "gamma": 1.7387793413643322,
        "min_child_weight": 3,
        "reg_alpha": 0.05501936294762969,
        "reg_lambda": 0.011899803632410484,
        "max_delta_step": 6.680562180922833,
        "scale_pos_weight": 9.712192654047385,
        "objective": "binary:logistic",
        "eval_metric": "auc",
        "random_state": 42,
        "n_jobs": -1,
        "use_label_encoder": false
    },
    "LightGBM_Params": {
        "boosting_type": "gbdt",
        "n_estimators": 1051,
        "num_leaves": 43,
        "learning_rate": 0.0055009276183111576,
        "max_depth": 8,
        "min_child_samples": 13,
        "colsample_bytree": 0.7370787038263549,
        "reg_alpha": 0.009146771789484165,
        "reg_lambda": 0.028319674302299026,
        "subsample": 0.8958485891113989,
        "subsample_freq": 1,
        "is_unbalance": true,
        "objective": "binary",
        "metric": "auc",
        "random_state": 42,
        "n_jobs": -1,
        "verbosity": -1
    },
    "RandomForest_Params": {
        "n_estimators": 294,
        "max_depth": 11,
        "min_samples_split": 23,
        "min_samples_leaf": 10,
        "max_features": 0.5,
        "class_weight": "balanced",
        "max_samples": 0.8897352406971104,
        "min_impurity_decrease": 0.001957385457932219,
        "ccp_alpha": 8.406155157598526e-05,
        "bootstrap": true,
        "random_state": 42,
        "n_jobs": -1
    },
    "Ensemble_Weights": {
        "Cat": 0.35249871015548706,
        "XGB": 0.16589313745498657,
        "LGBM": 0.20469562709331512,
        "RF": 0.27691248059272766
    }
}