{
    "CatBoost_Params": {
        "iterations": 514,
        "depth": 6,
        "learning_rate": 0.12755507993972978,
        "l2_leaf_reg": 1.1441294253355418,
        "random_strength": 7.099337787657138,
        "bagging_temperature": 0.031090649361462996,
        "border_count": 71,
        "loss_function": "Focal:focal_alpha=0.25321776168993365;focal_gamma=4.3245208664726915",
        "eval_metric": "AUC",
        "random_state": 42,
        "verbose": false,
        "thread_count": -1
    },
    "XGBoost_Params": {
        "n_estimators": 614,
        "max_depth": 9,
        "learning_rate": 0.09978701608477361,
        "subsample": 0.6660913831755411,
        "colsample_bytree": 0.5783028339332265,
        "gamma": 2.4267716325757096,
        "min_child_weight": 15,
        "reg_alpha": 0.1299511869851846,
        "reg_lambda": 2.254958538091682,
        "max_delta_step": 0.7801987583304615,
        "scale_pos_weight": 26.866225723352695,
        "objective": "binary:logistic",
        "eval_metric": "auc",
        "random_state": 42,
        "n_jobs": -1,
        "use_label_encoder": false
    },
    "LightGBM_Params": {
        "boosting_type": "dart",
        "n_estimators": 583,
        "num_leaves": 63,
        "learning_rate": 0.03474996287053227,
        "max_depth": 11,
        "min_child_samples": 13,
        "colsample_bytree": 0.9765089594804035,
        "reg_alpha": 0.9041798798807446,
        "reg_lambda": 0.009260174687937443,
        "subsample": 0.9563153301758232,
        "subsample_freq": 2,
        "drop_rate": 0.1836443923370335,
        "skip_drop": 0.4469344560987353,
        "is_unbalance": true,
        "objective": "binary",
        "metric": "auc",
        "random_state": 42,
        "n_jobs": -1,
        "verbosity": -1
    },
    "RandomForest_Params": {
        "n_estimators": 440,
        "max_depth": 9,
        "min_samples_split": 23,
        "min_samples_leaf": 5,
        "max_features": 0.5,
        "class_weight": "balanced_subsample",
        "max_samples": 0.5268745606992433,
        "min_impurity_decrease": 0.005044193978955902,
        "ccp_alpha": 0.006830833650483021,
        "bootstrap": true,
        "random_state": 42,
        "n_jobs": -1
    },
    "Ensemble_Weights": {
        "Cat": 0.2980402940461539,
        "XGB": 0.225196229315886,
        "LGBM": 0.017344464452215744,
        "RF": 0.4594190121857443
    }
}