{
    "CatBoost_Params": {
        "iterations": 616,
        "depth": 6,
        "learning_rate": 0.11014082749486644,
        "l2_leaf_reg": 0.5099150767829206,
        "random_strength": 4.958512106721271,
        "bagging_temperature": 0.8060754099607702,
        "border_count": 160,
        "loss_function": "Focal:focal_alpha=0.15323974697951726;focal_gamma=1.5490102924805056",
        "eval_metric": "AUC",
        "random_state": 42,
        "verbose": false,
        "thread_count": -1
    },
    "XGBoost_Params": {
        "n_estimators": 1438,
        "max_depth": 9,
        "learning_rate": 0.025387969359328424,
        "subsample": 0.7408614299870302,
        "colsample_bytree": 0.7168718551336246,
        "gamma": 1.1469974300785806,
        "min_child_weight": 3,
        "reg_alpha": 0.33088829890400057,
        "reg_lambda": 0.001604972766151997,
        "max_delta_step": 3.9915517554502618,
        "scale_pos_weight": 7.5607588125998495,
        "objective": "binary:logistic",
        "eval_metric": "auc",
        "random_state": 42,
        "n_jobs": -1,
        "use_label_encoder": false
    },
    "LightGBM_Params": {
        "boosting_type": "gbdt",
        "n_estimators": 848,
        "num_leaves": 36,
        "learning_rate": 0.010170747798574171,
        "max_depth": 12,
        "min_child_samples": 44,
        "colsample_bytree": 0.8054902319956905,
        "reg_alpha": 0.051011313989211216,
        "reg_lambda": 0.32790956905299495,
        "subsample": 0.7544392922453669,
        "subsample_freq": 8,
        "is_unbalance": true,
        "objective": "binary",
        "metric": "auc",
        "random_state": 42,
        "n_jobs": -1,
        "verbosity": -1
    },
    "RandomForest_Params": {
        "n_estimators": 331,
        "max_depth": 16,
        "min_samples_split": 11,
        "min_samples_leaf": 4,
        "max_features": 0.7,
        "class_weight": "balanced_subsample",
        "max_samples": 0.7739409405554245,
        "min_impurity_decrease": 5.295494753611014e-05,
        "ccp_alpha": 0.001053847240131783,
        "bootstrap": true,
        "random_state": 42,
        "n_jobs": -1
    },
    "Ensemble_Weights": {
        "Cat": 0.18810933828353882,
        "XGB": 0.21537701785564423,
        "LGBM": 0.30712220072746277,
        "RF": 0.28939148783683777
    }
}