{
    "CatBoost_Params": {
        "iterations": 548,
        "depth": 5,
        "learning_rate": 0.08246072945135587,
        "l2_leaf_reg": 3.101257869922058,
        "random_strength": 7.189106322746324,
        "bagging_temperature": 0.8195934303257133,
        "border_count": 221,
        "loss_function": "Focal:focal_alpha=0.3647058747180931;focal_gamma=1.0018046969006114",
        "eval_metric": "AUC",
        "random_state": 42,
        "verbose": false,
        "thread_count": -1
    },
    "XGBoost_Params": {
        "n_estimators": 431,
        "max_depth": 7,
        "learning_rate": 0.03302607929162239,
        "subsample": 0.7853556589506782,
        "colsample_bytree": 0.8794834672826365,
        "gamma": 4.104300980308928,
        "min_child_weight": 6,
        "reg_alpha": 0.04790915936617265,
        "reg_lambda": 0.017681783987430744,
        "max_delta_step": 3.9437559837427085,
        "scale_pos_weight": 7.421902904228683,
        "objective": "binary:logistic",
        "eval_metric": "auc",
        "random_state": 42,
        "n_jobs": -1,
        "use_label_encoder": false
    },
    "LightGBM_Params": {
        "boosting_type": "gbdt",
        "n_estimators": 574,
        "num_leaves": 84,
        "learning_rate": 0.022568215464848565,
        "max_depth": 8,
        "min_child_samples": 37,
        "colsample_bytree": 0.7603567332821681,
        "reg_alpha": 0.207675679699103,
        "reg_lambda": 0.03295611281791401,
        "subsample": 0.7335052524998814,
        "subsample_freq": 1,
        "is_unbalance": true,
        "objective": "binary",
        "metric": "auc",
        "random_state": 42,
        "n_jobs": -1,
        "verbosity": -1
    },
    "RandomForest_Params": {
        "n_estimators": 882,
        "max_depth": 13,
        "min_samples_split": 21,
        "min_samples_leaf": 5,
        "max_features": 0.5,
        "class_weight": "balanced_subsample",
        "max_samples": 0.6813877641717268,
        "min_impurity_decrease": 0.0010414238162977122,
        "ccp_alpha": 0.0006880034564988087,
        "bootstrap": true,
        "random_state": 42,
        "n_jobs": -1
    },
    "Ensemble_Weights": {
        "Cat": 0.3815830945968628,
        "XGB": 0.16135676205158234,
        "LGBM": 0.3316159248352051,
        "RF": 0.1254442185163498
    }
}