{
    "best_method": "xgb_meta",
    "base_models": {
        "CatBoost": {
            "auc": {
                "per_fold": [
                    0.7813169466681701,
                    0.76,
                    0.7751144779241336,
                    0.7587201085420318,
                    0.8271807337893605
                ],
                "mean": 0.7804664533847392,
                "std": 0.02491333057640156,
                "min": 0.7587201085420318,
                "max": 0.8271807337893605
            },
            "brier": {
                "per_fold": [
                    0.09105774249704064,
                    0.09357351750730786,
                    0.09251208187041934,
                    0.09318094550492943,
                    0.0905021925745513
                ],
                "mean": 0.09216529599084973,
                "std": 0.0011939413667418552,
                "min": 0.0905021925745513,
                "max": 0.09357351750730786
            },
            "f1": {
                "per_fold": [
                    0.14285714285714285,
                    0.1694915254237288,
                    0.14545454545454545,
                    0.10909090909090909,
                    0.14035087719298245
                ],
                "mean": 0.14144900000386174,
                "std": 0.01924922031571831,
                "min": 0.10909090909090909,
                "max": 0.1694915254237288
            }
        },
        "XGBoost": {
            "auc": {
                "per_fold": [
                    0.7318750704701771,
                    0.7687534626038781,
                    0.7475267115156311,
                    0.7463960653513483,
                    0.8003278873876419
                ],
                "mean": 0.7589758394657353,
                "std": 0.02378814288381788,
                "min": 0.7318750704701771,
                "max": 0.8003278873876419
            },
            "brier": {
                "per_fold": [
                    0.11827798684725561,
                    0.1141762054929017,
                    0.11303750720177773,
                    0.11181704095097367,
                    0.10527208331115527
                ],
                "mean": 0.11251616476081279,
                "std": 0.004223543940330728,
                "min": 0.10527208331115527,
                "max": 0.11827798684725561
            },
            "f1": {
                "per_fold": [
                    0.3010752688172043,
                    0.31683168316831684,
                    0.3541666666666667,
                    0.3541666666666667,
                    0.28888888888888886
                ],
                "mean": 0.3230258348415487,
                "std": 0.02692593083343818,
                "min": 0.28888888888888886,
                "max": 0.3541666666666667
            }
        },
        "LightGBM": {
            "auc": {
                "per_fold": [
                    0.7625436915097531,
                    0.763601108033241,
                    0.7631861608909492,
                    0.7543671208095427,
                    0.8378088077336199
                ],
                "mean": 0.7763013777954211,
                "std": 0.030941413237094834,
                "min": 0.7543671208095427,
                "max": 0.8378088077336199
            },
            "brier": {
                "per_fold": [
                    0.1086732533122538,
                    0.11493085432763223,
                    0.11651738159979219,
                    0.11194838117928213,
                    0.09280381284897132
                ],
                "mean": 0.10897473665358634,
                "std": 0.008518204754484041,
                "min": 0.09280381284897132,
                "max": 0.11651738159979219
            },
            "f1": {
                "per_fold": [
                    0.3673469387755102,
                    0.4144144144144144,
                    0.4117647058823529,
                    0.3541666666666667,
                    0.4090909090909091
                ],
                "mean": 0.3913567269659707,
                "std": 0.025385879081011746,
                "min": 0.3541666666666667,
                "max": 0.4144144144144144
            }
        },
        "RandomForest": {
            "auc": {
                "per_fold": [
                    0.7503664449205096,
                    0.809196675900277,
                    0.7835377918480411,
                    0.7560065577477528,
                    0.8226581491322291
                ],
                "mean": 0.7843531239097619,
                "std": 0.02843857929315663,
                "min": 0.7503664449205096,
                "max": 0.8226581491322291
            },
            "brier": {
                "per_fold": [
                    0.10839597317203749,
                    0.10034850157963522,
                    0.10753247776000141,
                    0.10602625909987759,
                    0.09693988696591636
                ],
                "mean": 0.10384861971549361,
                "std": 0.004449106921828079,
                "min": 0.09693988696591636,
                "max": 0.10839597317203749
            },
            "f1": {
                "per_fold": [
                    0.3373493975903614,
                    0.35714285714285715,
                    0.3333333333333333,
                    0.2926829268292683,
                    0.3076923076923077
                ],
                "mean": 0.32564016451762556,
                "std": 0.02279041776224138,
                "min": 0.2926829268292683,
                "max": 0.35714285714285715
            }
        }
    },
    "ensemble": {
        "auc": {
            "per_fold": [
                0.7684913744503326,
                0.7907756232686981,
                0.786986262649104,
                0.7635536208943411,
                0.8395047769800441
            ],
            "mean": 0.789862331648504,
            "std": 0.026915959303283464,
            "min": 0.7635536208943411,
            "max": 0.8395047769800441
        },
        "brier": {
            "per_fold": [
                0.09297464407491775,
                0.0909172789545334,
                0.09235983820574938,
                0.09321709401623013,
                0.08879569635327277
            ],
            "mean": 0.09165291032094068,
            "std": 0.0016369620000238631,
            "min": 0.08879569635327277,
            "max": 0.09321709401623013
        },
        "f1": {
            "per_fold": [
                0.04,
                0.038461538461538464,
                0.0,
                0.0,
                0.07547169811320754
            ],
            "mean": 0.0307866473149492,
            "std": 0.02841189501755979,
            "min": 0.0,
            "max": 0.07547169811320754
        }
    },
    "method_comparison": {
        "weighted_avg": {
            "auc": 0.7885571131458824,
            "brier": 0.09147951313396652,
            "score": 0.5263289920038488,
            "calibration": null
        },
        "weighted_avg+isotonic": {
            "auc": 0.7782695891742971,
            "brier": 0.09139471775246769,
            "score": 0.5204779428830847,
            "calibration": "isotonic"
        },
        "weighted_avg+platt": {
            "auc": 0.7879673896406738,
            "brier": 0.09298157721351959,
            "score": 0.520280727206263,
            "calibration": "platt"
        },
        "logistic": {
            "auc": 0.7869239346861316,
            "brier": 0.1879643303814956,
            "score": 0.15956834869787123,
            "calibration": null
        },