{
    "evaluation_type": "end_to_end_pipeline",
    "description": "Holdout test set (n=514) evaluated through the FULL production inference pipeline. fold_models predict \u2192 average \u2192 meta-features \u2192 meta-learner \u2192 calibrate \u2192 score. These are the metrics of the actual deployed model.",
    "pipeline": "fold_ensemble \u2192 13 meta-features \u2192 xgb_meta \u2192 threshold",
    "best_method": "xgb_meta",
    "holdout_n": 514,
    "cross_check_vs_trainMeta": true,
    "final_model": {
        "AUC": 0.7651177939420257,
        "AUC_95CI": [
            0.6997387381627245,
            0.8284617783086193
        ],
        "Brier": 0.08957307303112255,
        "Brier_95CI": [
            0.07098474588132936,
            0.10852672885441934
        ],
        "optimal_threshold": 0.10088376700878143,
        "clinical_metrics": {
            "sensitivity": 0.7377049180327869,
            "specificity": 0.6622516556291391,
            "ppv": 0.22727272727272727,
            "npv": 0.9493670886075949,
            "tp": 45,
            "tn": 300,
            "fp": 153,
            "fn": 16
        }
    },
    "decision_curve_analysis": {
        "thresholds": [
            0.01,
            0.02,
            0.03,
            0.04,
            0.05,
            0.06,
            0.07,
            0.08,
            0.09,
            0.1,
            0.11,
            0.12,
            0.13,
            0.14,
            0.15,
            0.16,
            0.17,
            0.18,
            0.19,
            0.2,
            0.21,
            0.22,
            0.23,
            0.24,
            0.25,
            0.26,
            0.27,
            0.28,
            0.29,
            0.3,
            0.31,
            0.32,
            0.33,
            0.34,
            0.35000000000000003,
            0.36,
            0.37,
            0.38,
            0.39,
            0.4,
            0.41000000000000003,
            0.42,
            0.43,
            0.44,
            0.45,
            0.46,
            0.47000000000000003,
            0.48,
            0.49,
            0.5,
            0.51,
            0.52,
            0.53,
            0.54,
            0.55,
            0.56,
            0.5700000000000001,
            0.58,
            0.59,
            0.6,
            0.61,
            0.62,
            0.63,
            0.64,
            0.65,
            0.66,
            0.67,
            0.68,
            0.6900000000000001,
            0.7000000000000001,
            0.71,
            0.72,
            0.73,
            0.74,
            0.75,
            0.76,
            0.77,
            0.78,
            0.79,
            0.8,
            0.81,
            0.8200000000000001,
            0.8300000000000001,
            0.84,
            0.85,
            0.86,
            0.87,
            0.88,
            0.89,
            0.9,
            0.91,
            0.92,
            0.93,
            0.9400000000000001,
            0.9500000000000001,
            0.96,
            0.97,
            0.98,
            0.99
        ],
        "net_benefit_model": [
            0.10977479070864285,
            0.10204081632653061,
            0.09226202414858198,
            0.08544098573281451,
            0.07823059594511571,
            0.07326765460716947,
            0.06943224132881468,
            0.061241752664523766,
            0.05624919827254458,
            0.05361003026372675,
            0.045337297250032785,
            0.04085603112840468,
            0.038239635046290084,
            0.036603022350918474,
            0.03227283131151293,
            0.03168426903835464,
            0.03131592517931649,
            0.030558982632627886,
            0.029831387808041506,
            0.027723735408560313,
            0.0252425749889179,
            0.024244238252020354,
            0.02385163474657638,
            0.022219946754044647,
            0.021400778210116732,
            0.0174045640971711,
            0.018842279196204893,
            0.01859057501080847,
            0.020551323505233737,
            0.024458032240133407,
            0.023571871651722774,
            0.025406271457999542,
            0.02456588652070387,
            0.02092913571512793,
            0.01840766237653397,
            0.01799610894941634,
            0.0135260329812859,
            0.01336764152127526,
            0.012151559609619186,
            0.012970168612191958,
            0.0066939260040889004,
            0.009056755668858179,
            0.011639019728309101,
            0.010978321289605335,
            0.006897771489211178,
            0.006701253782965846,
            0.0064973203142206885,
            0.0062855432505237955,
            0.006065461203936828,
            0.007782101167315175,
            0.007623282776145477,
            0.007457846952010376,
            0.009479261528272208,
            0.009389274234478091,
            0.009295287505404237,
            0.00919702865228157,
            0.009094199619943896,
            0.008986473967018715,
            0.008873493404194743,
            0.008754863813229572,
            0.007782101167315175,
            0.007782101167315175,
            0.0019455252918287938,
            0.0,
            0.0,
            0.0,
            0.0,
            0.0,
            0.0,
            0.0,
            0.0,
            0.0,
            0.0,
            0.0,
            0.0,
            0.0,
            0.0,
            0.0,
            0.0,
            0.0,
            0.0,
            0.0,
            0.0,
            0.0,
            0.0,
            0.0,
            0.0,
            0.0,
            0.0,
            0.0,
            0.0,
            0.0,
            0.0,
            0.0,
            0.0,
            0.0,
            0.0,
            0.0,
            0.0
        ],