{
    "Final_Model": {
        "AUC": 0.7651177939420257,
        "AUC_95CI_lower": 0.6997387381627245,
        "AUC_95CI_upper": 0.8284617783086193,
        "Brier": 0.08957307303112255,
        "Brier_95CI_lower": 0.07098474588132936,
        "Brier_95CI_upper": 0.10852672885441934,
        "Best_Method": "xgb_meta",
        "Optimal_Threshold": 0.32000000000000006
    },
    "LR_Baseline": {
        "AUC": 0.8106611659971772,
        "Brier": 0.17485229610278588,
        "F1_Score": 0.3861003861003861,
        "Sensitivity": 0.819672131147541,
        "Specificity": 0.673289183222958,
        "PPV": 0.25252525252525254,
        "NPV": 0.9651898734177216,
        "Net_Benefit": -0.12066993337211158,
        "Calibration_Slope": 0.8821582035793077,
        "Threshold": 0.4308225271319948
    },
    "TearSense_vs_LR": {
        "AUC_Improvement": -0.045543372055151465,
        "AUC_Improvement_Pct": -5.618052765501543,
        "Brier_Improvement": 0.08527922307166333
    },
    "Individual_Assessment_Test": {
        "CatBoost": {
            "AUC": 0.7726993087974523,
            "Brier": 0.08912250665899629
        },
        "XGBoost": {
            "AUC": 0.7724821771070821,
            "Brier": 0.09200865183893725
        },
        "LightGBM": {
            "AUC": 0.7761010386132523,
            "Brier": 0.09610936650090138
        },
        "RandomForest": {
            "AUC": 0.7701661057431333,
            "Brier": 0.09632553384969411
        }
    },
    "Self_Assessment_CV": {
        "CatBoost": {
            "AUC": 0.7985500706029186,
            "Brier": 0.09468387111769251
        },
        "XGBoost": {
            "AUC": 0.7616319484375376,
            "Brier": 0.10907816514133928
        },
        "LightGBM": {
            "AUC": 0.7799180025417675,
            "Brier": 0.10343670138479233
        },
        "RandomForest": {
            "AUC": 0.7764393097561334,
            "Brier": 0.10171663445210077
        }
    },
    "Ensemble_Weights": {
        "CatBoost": 0.23599602282047272,
        "XGBoost": 0.12676353752613068,
        "LightGBM": 0.37491536140441895,
        "RandomForest": 0.26232507824897766
    }
}