{
    "tearsense": {
        "AUC": 0.7651177939420257,
        "Brier": 0.08957307303112255
    },
    "logistic_regression": {
        "AUC": 0.8106611659971772,
        "Brier": 0.17485229610278588
    },
    "improvement": {
        "AUC_delta": -0.045543372055151465,
        "AUC_pct": -5.618052765501543,
        "Brier_delta": -0.08527922307166333
    }
}