{
    "CatBoost_Params": {
        "iterations": 1754,
        "depth": 7,
        "learning_rate": 0.1156498589460136,
        "l2_leaf_reg": 1.8345292948720204,
        "random_strength": 3.0539751554049785,
        "bagging_temperature": 0.24059925143596872,
        "border_count": 51,
        "loss_function": "Focal:focal_alpha=0.20136921244465392;focal_gamma=1.229848248974169",
        "eval_metric": "AUC",
        "random_state": 42,
        "verbose": false,
        "thread_count": -1
    },
    "XGBoost_Params": {
        "n_estimators": 1307,
        "max_depth": 9,
        "learning_rate": 0.10341336120397263,
        "subsample": 0.6726724682672767,
        "colsample_bytree": 0.6899612746520888,
        "gamma": 0.6580989669464044,
        "min_child_weight": 3,
        "reg_alpha": 0.6797398025610052,
        "reg_lambda": 0.009894312525433303,
        "max_delta_step": 6.029348694004604,
        "scale_pos_weight": 7.464996090536022,
        "objective": "binary:logistic",
        "eval_metric": "auc",
        "random_state": 42,
        "n_jobs": -1,
        "use_label_encoder": false
    },
    "LightGBM_Params": {
        "boosting_type": "dart",
        "n_estimators": 922,
        "num_leaves": 73,
        "learning_rate": 0.005712918372526077,
        "max_depth": 10,
        "min_child_samples": 10,
        "colsample_bytree": 0.5980498288142636,
        "reg_alpha": 0.0018839309862835791,
        "reg_lambda": 0.025772454745430398,
        "subsample": 0.6578403187230599,
        "subsample_freq": 2,
        "drop_rate": 0.11802827571262704,
        "skip_drop": 0.6337931977494041,
        "is_unbalance": true,
        "objective": "binary",
        "metric": "auc",
        "random_state": 42,
        "n_jobs": -1,
        "verbosity": -1
    },
    "RandomForest_Params": {
        "n_estimators": 414,
        "max_depth": 14,
        "min_samples_split": 5,
        "min_samples_leaf": 2,
        "max_features": "sqrt",
        "class_weight": "balanced_subsample",
        "max_samples": 0.550323234019737,
        "min_impurity_decrease": 0.0006435857813238601,
        "ccp_alpha": 0.0002921184443119981,
        "bootstrap": true,
        "random_state": 42,
        "n_jobs": -1
    },
    "Ensemble_Weights": {
        "Cat": 0.3811881188118812,
        "XGB": 0.10396039603960396,
        "LGBM": 0.3465346534653465,
        "RF": 0.16831683168316833
    }
}