{
    "evaluation_type": "end_to_end_pipeline",
    "description": "Holdout test set (n=514) evaluated through the FULL production inference pipeline. fold_models predict \u2192 average \u2192 meta-features \u2192 meta-learner \u2192 calibrate \u2192 score. These are the metrics of the actual deployed model.",
    "pipeline": "fold_ensemble \u2192 13 meta-features \u2192 lgbm_meta \u2192 threshold",
    "best_method": "lgbm_meta",
    "holdout_n": 514,
    "cross_check_vs_trainMeta": true,
    "final_model": {
        "AUC": 0.7910650309412658,
        "AUC_95CI": [
            0.7280001290316177,
            0.8527713140394486
        ],
        "Brier": 0.08779754862118903,
        "Brier_95CI": [
            0.06969631568278739,
            0.10538319431483262
        ],
        "optimal_threshold": 0.1057076331609306,
        "clinical_metrics": {
            "sensitivity": 0.7868852459016393,
            "specificity": 0.6578366445916115,
            "ppv": 0.23645320197044334,
            "npv": 0.9581993569131833,
            "tp": 48,
            "tn": 298,
            "fp": 155,
            "fn": 13
        }
    },
    "decision_curve_analysis": {
        "thresholds": [
            0.01,
            0.02,
            0.03,
            0.04,
            0.05,
            0.060000000000000005,
            0.06999999999999999,
            0.08,
            0.09,
            0.09999999999999999,
            0.11,
            0.12,
            0.13,
            0.14,
            0.15000000000000002,
            0.16,
            0.17,
            0.18000000000000002,
            0.19,
            0.2,
            0.21000000000000002,
            0.22,
            0.23,
            0.24000000000000002,
            0.25,
            0.26,
            0.27,
            0.28,
            0.29000000000000004,
            0.3,
            0.31,
            0.32,
            0.33,
            0.34,
            0.35000000000000003,
            0.36000000000000004,
            0.37,
            0.38,
            0.39,
            0.4,
            0.41000000000000003,
            0.42000000000000004,
            0.43,
            0.44,
            0.45,
            0.46,
            0.47000000000000003,
            0.48000000000000004,
            0.49,
            0.5,
            0.51,
            0.52,
            0.53,
            0.54,
            0.55,
            0.56,
            0.5700000000000001,
            0.5800000000000001,
            0.59,
            0.6,
            0.61,
            0.62,
            0.63,
            0.64,
            0.65,
            0.66,
            0.67,
            0.68,
            0.6900000000000001,
            0.7000000000000001,
            0.7100000000000001,
            0.72,
            0.73,
            0.74,
            0.75,
            0.76,
            0.77,
            0.78,
            0.79,
            0.8,
            0.81,
            0.8200000000000001,
            0.8300000000000001,
            0.8400000000000001,
            0.85,
            0.86,
            0.87,
            0.88,
            0.89,
            0.9,
            0.91,
            0.92,
            0.93,
            0.9400000000000001,
            0.9500000000000001,
            0.9600000000000001,
            0.97,
            0.98,
            0.99
        ],
        "net_benefit_model": [
            0.10977479070864285,
            0.10069086000158818,
            0.09408720766978218,
            0.08608949416342412,
            0.0793569526930166,
            0.07442669095123768,
            0.07041546378812602,
            0.06589409575367958,
            0.05875058793346732,
            0.0546908776480761,
            0.051458050977134615,
            0.04925716307039265,
            0.04635717160874815,
            0.04280155642023346,
            0.044403753719386575,
            0.04252362423568648,
            0.04109043176597439,
            0.03938502420043656,
            0.038406110390546186,
            0.03501945525291829,
            0.034182140570359065,
            0.032824503641624266,
            0.03143160341603922,
            0.03000204792135982,
            0.026588845654993518,
            0.025081501735198235,
            0.02353286072170993,
            0.01686121919584954,
            0.015701211157998572,
            0.015008337965536404,
            0.014154401398522528,
            0.018997482261387044,
            0.017887217608455772,
            0.021754510081358328,
            0.020802155043400175,
            0.02006322957198443,
            0.02371687974800815,
            0.022216643655077195,
            0.018849269630669133,
            0.01815823605706874,
            0.013882477082371562,
            0.01241110962028713,
            0.008225817461942796,
            0.004030016675931073,
            0.006897771489211178,
            0.006701253782965846,
            0.0064973203142206885,
            0.0062855432505237955,
            0.005912870984969863,
            0.005836575875486381,
            0.0019455252918287938,
            0.0,
            0.0,
            0.0,
            0.0,
            0.0,
            0.0,
            0.0,
            0.0,
            0.0,
            0.0,
            0.0,
            0.0,
            0.0,
            0.0,
            0.0,
            0.0,
            0.0,
            0.0,
            0.0,
            0.0,
            0.0,
            0.0,
            0.0,
            0.0,
            0.0,
            0.0,
            0.0,
            0.0,
            0.0,
            0.0,
            0.0,
            0.0,
            0.0,
            0.0,
            0.0,
            0.0,
            0.0,
            0.0,
            0.0,
            0.0,
            0.0,
            0.0,
            0.0,
            0.0,
            0.0,
            0.0,
            0.0,
            0.0
        ],