{
    "Final_Model": {
        "AUC": 0.7910650309412658,
        "AUC_95CI_lower": 0.7280001290316177,
        "AUC_95CI_upper": 0.8527713140394486,
        "Brier": 0.08779754862118903,
        "Brier_95CI_lower": 0.06969631568278739,
        "Brier_95CI_upper": 0.10538319431483262,
        "Best_Method": "lgbm_meta",
        "Optimal_Threshold": 0.17000000000000004
    },
    "Individual_Assessment_Test": {
        "CatBoost": {
            "AUC": 0.7897079578764521,
            "Brier": 0.08966063798810885
        },
        "XGBoost": {
            "AUC": 0.7587666919986973,
            "Brier": 0.10361221233353825
        },
        "LightGBM": {
            "AUC": 0.7645206817935077,
            "Brier": 0.09306289296744759
        },
        "RandomForest": {
            "AUC": 0.7768609995295479,
            "Brier": 0.09938293736320189
        }
    },
    "Self_Assessment_CV": {
        "CatBoost": {
            "AUC": 0.8016416819892127,
            "Brier": 0.09453147484174436
        },
        "XGBoost": {
            "AUC": 0.785127099933192,
            "Brier": 0.13484420037296738
        },
        "LightGBM": {
            "AUC": 0.7658148076542871,
            "Brier": 0.10356752510015728
        },
        "RandomForest": {
            "AUC": 0.7807869703336562,
            "Brier": 0.10393764297000714
        }
    },
    "Ensemble_Weights": {
        "CatBoost": 0.7,
        "XGBoost": 0.1,
        "LightGBM": 0.0,
        "RandomForest": 0.2
    }
}