{
    "best_method": "xgb_meta",
    "base_models": {
        "CatBoost": {
            "auc": {
                "per_fold": [
                    0.7045326417859962,
                    0.7490304709141273,
                    0.7182429758607044,
                    0.7283057267228221,
                    0.7910565888405224
                ],
                "mean": 0.7382336808248344,
                "std": 0.030135636304474956,
                "min": 0.7045326417859962,
                "max": 0.7910565888405224
            },
            "brier": {
                "per_fold": [
                    0.09678616066271,
                    0.10074235958034541,
                    0.10208725154624824,
                    0.0972659110654096,
                    0.09512924792948624
                ],
                "mean": 0.0984021861568399,
                "std": 0.0025950299689002612,
                "min": 0.09512924792948624,
                "max": 0.10208725154624824
            },
            "f1": {
                "per_fold": [
                    0.14285714285714285,
                    0.2153846153846154,
                    0.18181818181818182,
                    0.13333333333333333,
                    0.15873015873015872
                ],
                "mean": 0.1664246864246864,
                "std": 0.029474418942049992,
                "min": 0.13333333333333333,
                "max": 0.2153846153846154
            }
        },
        "XGBoost": {
            "auc": {
                "per_fold": [
                    0.7677302965385049,
                    0.7722991689750692,
                    0.7599638193227428,
                    0.7554412346656114,
                    0.8178529029340267
                ],
                "mean": 0.774657484487191,
                "std": 0.022381062588262623,
                "min": 0.7554412346656114,
                "max": 0.8178529029340267
            },
            "brier": {
                "per_fold": [
                    0.11464808455311032,
                    0.11743617752363697,
                    0.1269670375532935,
                    0.12083448752344239,
                    0.10230109023680732
                ],
                "mean": 0.1164373754780581,
                "std": 0.008176088376732138,
                "min": 0.10230109023680732,
                "max": 0.1269670375532935
            },
            "f1": {
                "per_fold": [
                    0.3963963963963964,
                    0.4,
                    0.3559322033898305,
                    0.3783783783783784,
                    0.45714285714285713
                ],
                "mean": 0.39756996706149245,
                "std": 0.03363995243930516,
                "min": 0.3559322033898305,
                "max": 0.45714285714285713
            }
        },
        "LightGBM": {
            "auc": {
                "per_fold": [
                    0.7597812605705265,
                    0.7611080332409973,
                    0.7540279269602578,
                    0.7493357453784838,
                    0.8323817061450619
                ],
                "mean": 0.7713269344590654,
                "std": 0.030816494709476536,
                "min": 0.7493357453784838,
                "max": 0.8323817061450619
            },
            "brier": {
                "per_fold": [
                    0.10916744753927639,
                    0.10959901363943315,
                    0.11479020364046698,
                    0.11124946393752203,
                    0.09593641049314393
                ],
                "mean": 0.1081485078499685,
                "std": 0.006418809525429766,
                "min": 0.09593641049314393,
                "max": 0.11479020364046698
            },
            "f1": {
                "per_fold": [
                    0.3673469387755102,
                    0.4230769230769231,
                    0.3673469387755102,
                    0.32967032967032966,
                    0.35294117647058826
                ],
                "mean": 0.36807646135377226,
                "std": 0.030757838010904592,
                "min": 0.32967032967032966,
                "max": 0.4230769230769231
            }
        },
        "RandomForest": {
            "auc": {
                "per_fold": [
                    0.7581463524636374,
                    0.7931301939058171,
                    0.7683871332466504,
                    0.7654474532195149,
                    0.8214709706597321
                ],
                "mean": 0.7813164206990704,
                "std": 0.023271423612889853,
                "min": 0.7581463524636374,
                "max": 0.8214709706597321
            },
            "brier": {
                "per_fold": [
                    0.10130547652572283,
                    0.09607717724723512,
                    0.1031002885094444,
                    0.09852331331703594,
                    0.09222945328256335
                ],
                "mean": 0.09824714177640033,
                "std": 0.0038445815438853696,
                "min": 0.09222945328256335,
                "max": 0.1031002885094444
            },
            "f1": {
                "per_fold": [
                    0.2535211267605634,
                    0.358974358974359,
                    0.2,
                    0.273972602739726,
                    0.2647058823529412
                ],
                "mean": 0.2702347941655179,
                "std": 0.051247484681352484,
                "min": 0.2,
                "max": 0.358974358974359
            }
        }
    },
    "ensemble": {
        "auc": {
            "per_fold": [
                0.7699007779907543,
                0.7827146814404432,
                0.7627056362711289,
                0.7621403131889876,
                0.8302052122788174
            ],
            "mean": 0.7815333242340262,
            "std": 0.025441050034214076,
            "min": 0.7621403131889876,
            "max": 0.8302052122788174
        },
        "brier": {
            "per_fold": [
                0.09330533388656982,
                0.09158233417071451,
                0.09412732081521213,
                0.09310816742298599,
                0.08759475031316494
            ],
            "mean": 0.09194358132172949,
            "std": 0.002324744272200875,
            "min": 0.08759475031316494,
            "max": 0.09412732081521213
        },
        "f1": {
            "per_fold": [
                0.0,
                0.0,
                0.0,
                0.0,
                0.0
            ],
            "mean": 0.0,
            "std": 0.0,
            "min": 0.0,
            "max": 0.0
        }
    },
    "method_comparison": {
        "weighted_avg": {
            "auc": 0.7786263493864175,
            "brier": 0.09440626108176219,
            "score": 0.5092750261891074,
            "calibration": null
        },
        "weighted_avg+isotonic": {
            "auc": 0.7669016557275207,
            "brier": 0.09399715864310743,
            "score": 0.5037911461459389,
            "calibration": "isotonic"
        },
        "weighted_avg+platt": {
            "auc": 0.778065886971162,
            "brier": 0.09436953582431189,
            "score": 0.5090779767769823,
            "calibration": "platt"
        },
        "logistic": {
            "auc": 0.779352257185147,
            "brier": 0.18845525289159784,
            "score": 0.15316422039283673,
            "calibration": null
        },
        "logistic+isotonic": {
            "auc": 0.7628006014279411,
            "brier": 0.0936595172879752,
            "score": 0.5026105357187457,
            "calibration": "isotonic"
        },
        "logistic+platt": {
            "auc": 0.7743474776940461,
            "brier": 0.09295939829826133,
            "score": 0.5121928618677739,
            "calibration": "platt"
        },