{
    "best_method": "xgb_meta",
    "base_models": {
        "CatBoost": {
            "auc": {
                "per_fold": [
                    0.7872364415379411,
                    0.7910249307479225,
                    0.7798066595059077,
                    0.768952456328792,
                    0.8311945276725649
                ],
                "mean": 0.7916430031586257,
                "std": 0.021161676855583112,
                "min": 0.768952456328792,
                "max": 0.8311945276725649
            },
            "brier": {
                "per_fold": [
                    0.09178042445086793,
                    0.09481877951223507,
                    0.09582154314989183,
                    0.09425785814995596,
                    0.08981900023605065
                ],
                "mean": 0.09329952109980029,
                "std": 0.002191293287462769,
                "min": 0.08981900023605065,
                "max": 0.09582154314989183
            },
            "f1": {
                "per_fold": [
                    0.14545454545454545,
                    0.16129032258064516,
                    0.17543859649122806,
                    0.10909090909090909,
                    0.07407407407407407
                ],
                "mean": 0.13306968953828038,
                "std": 0.036879201774197144,
                "min": 0.07407407407407407,
                "max": 0.17543859649122806
            }
        },
        "XGBoost": {
            "auc": {
                "per_fold": [
                    0.7476040139812832,
                    0.7447645429362881,
                    0.7515405053988354,
                    0.7515405053988353,
                    0.8168353213861722
                ],
                "mean": 0.7624569778202828,
                "std": 0.027309250360100963,
                "min": 0.7447645429362881,
                "max": 0.8168353213861722
            },
            "brier": {
                "per_fold": [
                    0.11440598867862624,
                    0.12359950301784722,
                    0.11746566023219922,
                    0.12026977423352289,
                    0.09780057379725987
                ],
                "mean": 0.1147082999918911,
                "std": 0.00898386464375643,
                "min": 0.09780057379725987,
                "max": 0.12359950301784722
            },
            "f1": {
                "per_fold": [
                    0.36,
                    0.33962264150943394,
                    0.35294117647058826,
                    0.30927835051546393,
                    0.36585365853658536
                ],
                "mean": 0.3455391654064143,
                "std": 0.020131746509690972,
                "min": 0.30927835051546393,
                "max": 0.36585365853658536
            }
        },
        "LightGBM": {
            "auc": {
                "per_fold": [
                    0.7364979140827601,
                    0.7585041551246537,
                    0.7398948499067217,
                    0.7621120470348803,
                    0.822205890666516
                ],
                "mean": 0.7638429713631064,
                "std": 0.030851236884214147,
                "min": 0.7364979140827601,
                "max": 0.822205890666516
            },
            "brier": {
                "per_fold": [
                    0.1092248230443541,
                    0.1054546198308151,
                    0.1080556980017347,
                    0.10476071269478208,
                    0.09651856197005555
                ],
                "mean": 0.10480288310834832,
                "std": 0.004454006586206077,
                "min": 0.09651856197005555,
                "max": 0.1092248230443541
            },
            "f1": {
                "per_fold": [
                    0.2891566265060241,
                    0.3170731707317073,
                    0.2962962962962963,
                    0.2962962962962963,
                    0.3013698630136986
                ],
                "mean": 0.30003845056880446,
                "std": 0.009363502360320488,
                "min": 0.2891566265060241,
                "max": 0.3170731707317073
            }
        },
        "RandomForest": {
            "auc": {
                "per_fold": [
                    0.767222911263953,
                    0.7988919667590026,
                    0.7759059302391317,
                    0.7631861608909492,
                    0.8259935553168637
                ],
                "mean": 0.78624010489398,
                "std": 0.02341085040159804,
                "min": 0.7631861608909492,
                "max": 0.8259935553168637
            },
            "brier": {
                "per_fold": [
                    0.11678659962555522,
                    0.11118839205027457,
                    0.119339148566091,
                    0.11615991743901596,
                    0.1026047341939077
                ],
                "mean": 0.11321575837496889,
                "std": 0.0059265324710086565,
                "min": 0.1026047341939077,
                "max": 0.119339148566091
            },
            "f1": {
                "per_fold": [
                    0.38461538461538464,
                    0.39603960396039606,
                    0.3883495145631068,
                    0.30927835051546393,
                    0.43010752688172044
                ],
                "mean": 0.3816780761072144,
                "std": 0.03961444514997456,
                "min": 0.30927835051546393,
                "max": 0.43010752688172044
            }
        }
    },
    "ensemble": {
        "auc": {
            "per_fold": [
                0.7810068778892773,
                0.7954016620498614,
                0.7724574594380689,
                0.7665780993837978,
                0.8333144892305953
            ],
            "mean": 0.7897517175983202,
            "std": 0.023842051558513024,
            "min": 0.7665780993837978,
            "max": 0.8333144892305953
        },
        "brier": {
            "per_fold": [
                0.09121638166867976,
                0.09167648608742358,
                0.09355491523821097,
                0.09422825215434474,
                0.08554030428542263
            ],
            "mean": 0.09124326788681635,
            "std": 0.00306483406635617,
            "min": 0.08554030428542263,
            "max": 0.09422825215434474
        },
        "f1": {
            "per_fold": [
                0.0,
                0.0,
                0.037037037037037035,
                0.0,
                0.04
            ],
            "mean": 0.015407407407407408,
            "std": 0.018893390894139092,
            "min": 0.0,
            "max": 0.04
        }
    },
    "method_comparison": {
        "weighted_avg": {
            "auc": 0.78558823794218,
            "brier": 0.09251554649899764,
            "score": 0.5206199914417926,
            "calibration": null
        },
        "weighted_avg+isotonic": {
            "auc": 0.772931691110931,
            "brier": 0.09229064784009458,
            "score": 0.5138786699953383,
            "calibration": "isotonic"
        },
        "weighted_avg+platt": {
            "auc": 0.7844448045809362,
            "brier": 0.09246947417870809,
            "score": 0.5201085948354781,
            "calibration": "platt"
        },
        "logistic": {
            "auc": 0.7925259328689771,
            "brier": 0.186701343538513,
            "score": 0.16771761966341248,
            "calibration": null
        },
        "logistic+isotonic": {
            "auc": 0.7798001692641511,