{
    "best_method": "xgb_meta",
    "base_models": {
        "CatBoost": {
            "auc": {
                "per_fold": [
                    0.7477731424061338,
                    0.7617728531855956,
                    0.7498445361524111,
                    0.7436825145570694,
                    0.8064333766747696
                ],
                "mean": 0.7619012845951959,
                "std": 0.023065198399492195,
                "min": 0.7436825145570694,
                "max": 0.8064333766747696
            },
            "brier": {
                "per_fold": [
                    0.09387669432056281,
                    0.09567176877945029,
                    0.0968826495809741,
                    0.09554668364923431,
                    0.09290123329048543
                ],
                "mean": 0.09497580592414138,
                "std": 0.0014112559182526362,
                "min": 0.09290123329048543,
                "max": 0.0968826495809741
            },
            "f1": {
                "per_fold": [
                    0.1111111111111111,
                    0.25,
                    0.16393442622950818,
                    0.10909090909090909,
                    0.10526315789473684
                ],
                "mean": 0.14787992086525306,
                "std": 0.05542378369658556,
                "min": 0.10526315789473684,
                "max": 0.25
            }
        },
        "XGBoost": {
            "auc": {
                "per_fold": [
                    0.7462509865824782,
                    0.7458171745152354,
                    0.7512578438577647,
                    0.706766917293233,
                    0.8095426536265475
                ],
                "mean": 0.7519271151750517,
                "std": 0.03295145362056995,
                "min": 0.706766917293233,
                "max": 0.8095426536265475
            },
            "brier": {
                "per_fold": [
                    0.1112889851308682,
                    0.11045118236571101,
                    0.11430570733021356,
                    0.11025364421789881,
                    0.10369483168450987
                ],
                "mean": 0.10999887014584028,
                "std": 0.003470551549862492,
                "min": 0.10369483168450987,
                "max": 0.11430570733021356
            },
            "f1": {
                "per_fold": [
                    0.32098765432098764,
                    0.38636363636363635,
                    0.32967032967032966,
                    0.33766233766233766,
                    0.22535211267605634
                ],
                "mean": 0.3200072141386695,
                "std": 0.05247628693945669,
                "min": 0.22535211267605634,
                "max": 0.38636363636363635
            }
        },
        "LightGBM": {
            "auc": {
                "per_fold": [
                    0.7660390122899989,
                    0.7698614958448752,
                    0.7712702809655717,
                    0.7543105885013286,
                    0.8419921985414665
                ],
                "mean": 0.7806947152286481,
                "std": 0.031223298466595203,
                "min": 0.7543105885013286,
                "max": 0.8419921985414665
            },
            "brier": {
                "per_fold": [
                    0.11456761223984656,
                    0.11995123061726541,
                    0.11870376661598292,
                    0.11702901580043276,
                    0.0967081734366385
                ],
                "mean": 0.11339195974203324,
                "std": 0.008534616426441679,
                "min": 0.0967081734366385,
                "max": 0.11995123061726541
            },
            "f1": {
                "per_fold": [
                    0.34615384615384615,
                    0.4132231404958678,
                    0.4144144144144144,
                    0.35789473684210527,
                    0.4489795918367347
                ],
                "mean": 0.39613314594859367,
                "std": 0.03841647009375514,
                "min": 0.34615384615384615,
                "max": 0.4489795918367347
            }
        },
        "RandomForest": {
            "auc": {
                "per_fold": [
                    0.7401059871462397,
                    0.7998337950138504,
                    0.7683871332466504,
                    0.7583809146927469,
                    0.821866696817231
                ],
                "mean": 0.7777149053833436,
                "std": 0.02937300538021724,
                "min": 0.7401059871462397,
                "max": 0.821866696817231
            },
            "brier": {
                "per_fold": [
                    0.10477390898742361,
                    0.09601618455372361,
                    0.1031396810448831,
                    0.1001031751727072,
                    0.0930205931703354
                ],
                "mean": 0.09941070858581458,
                "std": 0.00437046982714356,
                "min": 0.0930205931703354,
                "max": 0.10477390898742361
            },
            "f1": {
                "per_fold": [
                    0.2894736842105263,
                    0.32432432432432434,
                    0.25,
                    0.3013698630136986,
                    0.2153846153846154
                ],
                "mean": 0.27611049738663296,
                "std": 0.03875712641734432,
                "min": 0.2153846153846154,
                "max": 0.32432432432432434
            }
        }
    },
    "ensemble": {
        "auc": {
            "per_fold": [
                0.7604295861991204,
                0.7858171745152355,
                0.7941941319464073,
                0.7785346825710894,
                0.8321838430663124
            ],
            "mean": 0.790231883659633,
            "std": 0.023749346995679925,
            "min": 0.7604295861991204,
            "max": 0.8321838430663124
        },
        "brier": {
            "per_fold": [
                0.09440007667115934,
                0.09170740782705335,
                0.09115372291313895,
                0.09248149272404371,
                0.08839981640013683
            ],
            "mean": 0.09162850330710644,
            "std": 0.0019527043476540644,
            "min": 0.08839981640013683,
            "max": 0.09440007667115934
        },
        "f1": {
            "per_fold": [
                0.04,
                0.07407407407407407,
                0.07547169811320754,
                0.038461538461538464,
                0.1111111111111111
            ],
            "mean": 0.06782368435198624,
            "std": 0.026861324702282703,
            "min": 0.038461538461538464,
            "max": 0.1111111111111111
        }
    },
    "method_comparison": {
        "weighted_avg": {
            "auc": 0.7814939362018204,
            "brier": 0.09318196474429614,
            "score": 0.5156369719033512,
            "calibration": null
        },
        "weighted_avg+isotonic": {
            "auc": 0.7754031277854307,
            "brier": 0.09300856278882383,
            "score": 0.5126398658769309,
            "calibration": "isotonic"
        },
        "weighted_avg+platt": {
            "auc": 0.7811202945916502,
            "brier": 0.09434350994657204,
            "score": 0.5110092872844172,
            "calibration": "platt"
        },
        "logistic": {
            "auc": 0.7837770153377461,
            "brier": 0.19038964311527723,
            "score": 0.14848566573501015,
            "calibration": null
        },
        "logistic+isotonic": {
            "auc": 0.7666360550648695,
            "brier": 0.09506204358216186,
            "score": 0.49959473195978776,
            "calibration": "isotonic"
        },