{
    "CatBoost_Params": {
        "iterations": 2051,
        "depth": 8,
        "learning_rate": 0.14955811301007035,
        "l2_leaf_reg": 1.165010999364257,
        "random_strength": 1.9407517325676649,
        "bagging_temperature": 0.9247366537210305,
        "border_count": 207,
        "loss_function": "Focal:focal_alpha=0.18042773331085288;focal_gamma=1.311406754984698",
        "eval_metric": "AUC",
        "random_state": 42,
        "verbose": false,
        "thread_count": -1
    },
    "XGBoost_Params": {
        "n_estimators": 714,
        "max_depth": 9,
        "learning_rate": 0.07753768023598215,
        "subsample": 0.9592091343956547,
        "colsample_bytree": 0.7551728980919854,
        "gamma": 0.5687544809857507,
        "min_child_weight": 2,
        "reg_alpha": 0.006384324592055996,
        "reg_lambda": 0.0858944394080483,
        "max_delta_step": 5.232889514233978,
        "scale_pos_weight": 18.21523704658987,
        "objective": "binary:logistic",
        "eval_metric": "auc",
        "random_state": 42,
        "n_jobs": -1,
        "use_label_encoder": false
    },
    "LightGBM_Params": {
        "boosting_type": "dart",
        "n_estimators": 1018,
        "num_leaves": 72,
        "learning_rate": 0.007876402675590399,
        "max_depth": 11,
        "min_child_samples": 7,
        "colsample_bytree": 0.8265825842901877,
        "reg_alpha": 0.04826078370261794,
        "reg_lambda": 0.16748997766781942,
        "subsample": 0.5376946911194918,
        "subsample_freq": 2,
        "drop_rate": 0.21135894520456472,
        "skip_drop": 0.49123597048097734,
        "scale_pos_weight": 11.754796832471191,
        "objective": "binary",
        "metric": "auc",
        "random_state": 42,
        "n_jobs": -1,
        "verbosity": -1
    },
    "RandomForest_Params": {
        "n_estimators": 999,
        "max_depth": 21,
        "min_samples_split": 7,
        "min_samples_leaf": 4,
        "max_features": 0.5,
        "class_weight": "balanced",
        "max_samples": 0.530461671062963,
        "min_impurity_decrease": 0.0010070459102962032,
        "ccp_alpha": 0.0005880649782697805,
        "bootstrap": true,
        "random_state": 42,
        "n_jobs": -1
    },
    "Ensemble_Weights": {
        "Cat": 0.09230769230769231,
        "XGB": 0.4307692307692308,
        "LGBM": 0.4461538461538462,
        "RF": 0.03076923076923077
    }
}