{
    "evaluation_type": "end_to_end_pipeline",
    "description": "Holdout test set (n=514) evaluated through the FULL production inference pipeline. fold_models predict \u2192 average \u2192 meta-features \u2192 meta-learner \u2192 calibrate \u2192 score. These are the metrics of the actual deployed model.",
    "pipeline": "fold_ensemble \u2192 13 meta-features \u2192 xgb_meta \u2192 threshold",
    "best_method": "xgb_meta",
    "holdout_n": 514,
    "cross_check_vs_trainMeta": true,
    "final_model": {
        "AUC": 0.7770962255274492,
        "AUC_95CI": [
            0.7085872550332543,
            0.8410496483196589
        ],
        "Brier": 0.08909981501400105,
        "Brier_95CI": [
            0.07106058052288847,
            0.10639306543043513
        ],
        "optimal_threshold": 0.10438262671232224,
        "clinical_metrics": {
            "sensitivity": 0.7868852459016393,
            "specificity": 0.6512141280353201,
            "ppv": 0.23300970873786409,
            "npv": 0.9577922077922078,
            "tp": 48,
            "tn": 295,
            "fp": 158,
            "fn": 13
        }
    },
    "decision_curve_analysis": {
        "thresholds": [
            0.01,
            0.02,
            0.03,
            0.04,
            0.05,
            0.060000000000000005,
            0.06999999999999999,
            0.08,
            0.09,
            0.09999999999999999,
            0.11,
            0.12,
            0.13,
            0.14,
            0.15000000000000002,
            0.16,
            0.17,
            0.18000000000000002,
            0.19,
            0.2,
            0.21000000000000002,
            0.22,
            0.23,
            0.24000000000000002,
            0.25,
            0.26,
            0.27,
            0.28,
            0.29000000000000004,
            0.3,
            0.31,
            0.32,
            0.33,
            0.34,
            0.35000000000000003,
            0.36000000000000004,
            0.37,
            0.38,
            0.39,
            0.4,
            0.41000000000000003,
            0.42000000000000004,
            0.43,
            0.44,
            0.45,
            0.46,
            0.47000000000000003,
            0.48000000000000004,
            0.49,
            0.5,
            0.51,
            0.52,
            0.53,
            0.54,
            0.55,
            0.56,
            0.5700000000000001,
            0.5800000000000001,
            0.59,
            0.6,
            0.61,
            0.62,
            0.63,
            0.64,
            0.65,
            0.66,
            0.67,
            0.68,
            0.6900000000000001,
            0.7000000000000001,
            0.7100000000000001,
            0.72,
            0.73,
            0.74,
            0.75,
            0.76,
            0.77,
            0.78,
            0.79,
            0.8,
            0.81,
            0.8200000000000001,
            0.8300000000000001,
            0.8400000000000001,
            0.85,
            0.86,
            0.87,
            0.88,
            0.89,
            0.9,
            0.91,
            0.92,
            0.93,
            0.9400000000000001,
            0.9500000000000001,
            0.9600000000000001,
            0.97,
            0.98,
            0.99
        ],
        "net_benefit_model": [
            0.10977479070864285,
            0.10148495195743668,
            0.09476914437001083,
            0.08284695201037612,
            0.0790497644890436,
            0.07297789552115241,
            0.06426509351073179,
            0.059465403485027914,
            0.060696113225296104,
            0.05901426718547341,
            0.04514055873737594,
            0.043685886098337456,
            0.04226485978800482,
            0.042530087774861995,
            0.04119935912108033,
            0.038817861775060206,
            0.03820730392386666,
            0.03516181076207649,
            0.03052793390017774,
            0.029669260700389107,
            0.029404521499285817,
            0.025690910904918686,
            0.02445803224013341,
            0.0244726602498464,
            0.020752269779507136,
            0.02245241350299716,
            0.021080965833377752,
            0.019887591872027665,
            0.020825341151970187,
            0.01917732073374097,
            0.021147014041617323,
            0.02277409018081941,
            0.02073291131889192,
            0.02087018040325433,
            0.02155043400179587,
            0.01823929961089494,
            0.01649064294978692,
            0.014246265846617296,
            0.013235950755884417,
            0.011024643320363164,
            0.010156301523445228,
            0.009928887696229707,
            0.009693494436480307,
            0.009449694274597,
            0.009197028652281572,
            0.008935005043954461,
            0.008663093752294251,
            0.00823106854235259,
            0.006065461203936828,
            0.007782101167315175,
            0.0,
            0.0,
            0.0,
            0.0,
            0.0,
            0.0,
            0.0,
            0.0,
            0.0,
            0.0,
            0.0,
            0.0,
            0.0,
            0.0,
            0.0,
            0.0,
            0.0,
            0.0,
            0.0,
            0.0,
            0.0,
            0.0,
            0.0,
            0.0,
            0.0,
            0.0,
            0.0,
            0.0,
            0.0,
            0.0,
            0.0,
            0.0,
            0.0,
            0.0,
            0.0,
            0.0,
            0.0,
            0.0,
            0.0,
            0.0,
            0.0,
            0.0,
            0.0,
            0.0,
            0.0,
            0.0,
            0.0,
            0.0,
            0.0
        ],