{
    "Final_Model": {
        "AUC": 0.7770962255274492,
        "AUC_95CI_lower": 0.7085872550332543,
        "AUC_95CI_upper": 0.8410496483196589,
        "Brier": 0.08909981501400105,
        "Brier_95CI_lower": 0.07106058052288847,
        "Brier_95CI_upper": 0.10639306543043513,
        "Best_Method": "xgb_meta",
        "Optimal_Threshold": 0.17000000000000004
    },
    "LR_Baseline": {
        "AUC": 0.8106611659971772,
        "Brier": 0.17485229610278893,
        "F1_Score": 0.3861003861003861,
        "Sensitivity": 0.819672131147541,
        "Specificity": 0.673289183222958,
        "PPV": 0.25252525252525254,
        "NPV": 0.9651898734177216,
        "Net_Benefit": -0.12066993337212771,
        "Calibration_Slope": 0.8821582035792785,
        "Threshold": 0.43082252713201297
    },
    "TearSense_vs_LR": {
        "AUC_Improvement": -0.03356494046972802,
        "AUC_Improvement_Pct": -4.140440158921453,
        "Brier_Improvement": 0.08575248108878789
    },
    "Individual_Assessment_Test": {
        "CatBoost": {
            "AUC": 0.7589114464589439,
            "Brier": 0.08916614879231576
        },
        "XGBoost": {
            "AUC": 0.7662939239315312,
            "Brier": 0.09402818000635059
        },
        "LightGBM": {
            "AUC": 0.7742192306300438,
            "Brier": 0.09148025039783812
        },
        "RandomForest": {
            "AUC": 0.7725545543372055,
            "Brier": 0.0904025878143371
        }
    },
    "Self_Assessment_CV": {
        "CatBoost": {
            "AUC": 0.8064587181408429,
            "Brier": 0.09346325971189809
        },
        "XGBoost": {
            "AUC": 0.7732018219019904,
            "Brier": 0.11745199328165605
        },
        "LightGBM": {
            "AUC": 0.7738249653544405,
            "Brier": 0.1024933108341528
        },
        "RandomForest": {
            "AUC": 0.7780451040366254,
            "Brier": 0.09666659485642977
        }
    },
    "Ensemble_Weights": {
        "CatBoost": 0.09529704600572586,
        "XGBoost": 0.11751554906368256,
        "LightGBM": 0.22604107856750488,
        "RandomForest": 0.5611463189125061
    }
}