{
    "tearsense": {
        "AUC": 0.7770962255274492,
        "Brier": 0.08909981501400105
    },
    "logistic_regression": {
        "AUC": 0.8106611659971772,
        "Brier": 0.17485229610278893
    },
    "improvement": {
        "AUC_delta": -0.03356494046972802,
        "AUC_pct": -4.140440158921453,
        "Brier_delta": -0.08575248108878789
    }
}