{
    "evaluation_type": "end_to_end_pipeline",
    "description": "Holdout test set (n=514) evaluated through the FULL production inference pipeline. fold_models predict \u2192 average \u2192 meta-features \u2192 meta-learner \u2192 calibrate \u2192 score. These are the metrics of the actual deployed model.",
    "pipeline": "fold_ensemble \u2192 13 meta-features \u2192 xgb_meta \u2192 threshold",
    "best_method": "xgb_meta",
    "holdout_n": 514,
    "cross_check_vs_trainMeta": true,
    "final_model": {
        "AUC": 0.7642673614880757,
        "AUC_95CI": [
            0.6935974956942699,
            0.8288971447515354
        ],
        "Brier": 0.08965247682621201,
        "Brier_95CI": [
            0.07136093948718632,
            0.10788845658767286
        ],
        "optimal_threshold": 0.16882529854774475,
        "clinical_metrics": {
            "sensitivity": 0.5737704918032787,
            "specificity": 0.8344370860927153,
            "ppv": 0.3181818181818182,
            "npv": 0.9356435643564357,
            "tp": 35,
            "tn": 378,
            "fp": 75,
            "fn": 26
        }
    },
    "decision_curve_analysis": {
        "thresholds": [
            0.01,
            0.02,
            0.03,
            0.04,
            0.05,
            0.060000000000000005,
            0.06999999999999999,
            0.08,
            0.09,
            0.09999999999999999,
            0.11,
            0.12,
            0.13,
            0.14,
            0.15000000000000002,
            0.16,
            0.17,
            0.18000000000000002,
            0.19,
            0.2,
            0.21000000000000002,
            0.22,
            0.23,
            0.24000000000000002,
            0.25,
            0.26,
            0.27,
            0.28,
            0.29000000000000004,
            0.3,
            0.31,
            0.32,
            0.33,
            0.34,
            0.35000000000000003,
            0.36000000000000004,
            0.37,
            0.38,
            0.39,
            0.4,
            0.41000000000000003,
            0.42000000000000004,
            0.43,
            0.44,
            0.45,
            0.46,
            0.47000000000000003,
            0.48000000000000004,
            0.49,
            0.5,
            0.51,
            0.52,
            0.53,
            0.54,
            0.55,
            0.56,
            0.5700000000000001,
            0.5800000000000001,
            0.59,
            0.6,
            0.61,
            0.62,
            0.63,
            0.64,
            0.65,
            0.66,
            0.67,
            0.68,
            0.6900000000000001,
            0.7000000000000001,
            0.7100000000000001,
            0.72,
            0.73,
            0.74,
            0.75,
            0.76,
            0.77,
            0.78,
            0.79,
            0.8,
            0.81,
            0.8200000000000001,
            0.8300000000000001,
            0.8400000000000001,
            0.85,
            0.86,
            0.87,
            0.88,
            0.89,
            0.9,
            0.91,
            0.92,
            0.93,
            0.9400000000000001,
            0.9500000000000001,
            0.9600000000000001,
            0.97,
            0.98,
            0.99
        ],
        "net_benefit_model": [
            0.10977479070864285,
            0.10069086000158818,
            0.09332504312246781,
            0.08317120622568093,
            0.08150727012082735,
            0.07306068383144299,
            0.06142002426676708,
            0.05548976484520386,
            0.0488519262838329,
            0.04863813229571985,
            0.0468893455165479,
            0.044570215776441456,
            0.042153047989623854,
            0.039453443127318785,
            0.0351338979171435,
            0.03770613303687233,
            0.035113215507946174,
            0.03383315934326658,
            0.029831387808041506,
            0.030642023346303504,
            0.02834556469487268,
            0.027536665668961388,
            0.026757289403203804,
            0.02539422486176531,
            0.024643320363164724,
            0.022662740561573247,
            0.023452907627525187,
            0.022481625594466058,
            0.022058420562284208,
            0.02084491384102279,
            0.020470309592285567,
            0.01922636758983749,
            0.017945292990301405,
            0.02370003537318712,
            0.023795270876982938,
            0.023954280155642018,
            0.018775863133839787,
            0.010794527425630727,
            0.011832621037188237,
            0.011673151750972763,
            0.01150827672624151,
            0.011337716355829867,
            0.011161171411017818,
            0.010978321289605335,
            0.010788822072868767,
            0.00864677907479464,
            0.008442845606049482,
            0.00823106854235259,
            0.00801098649576562,
            0.007782101167315175,
            0.007623282776145477,
            0.0,
            0.0,
            0.0,
            0.0,
            0.0,
            0.0,
            0.0,
            0.0,
            0.0,
            0.0,
            0.0,
            0.0,
            0.0,
            0.0,
            0.0,
            0.0,
            0.0,
            0.0,
            0.0,
            0.0,
            0.0,
            0.0,
            0.0,
            0.0,
            0.0,
            0.0,
            0.0,
            0.0,
            0.0,
            0.0,
            0.0,
            0.0,
            0.0,
            0.0,
            0.0,
            0.0,
            0.0,
            0.0,
            0.0,
            0.0,
            0.0,
            0.0,
            0.0,
            0.0,
            0.0,
            0.0,
            0.0,
            0.0
        ],