{
    "Final_Model": {
        "AUC": 0.7642673614880757,
        "AUC_95CI_lower": 0.6935974956942699,
        "AUC_95CI_upper": 0.8288971447515354,
        "Brier": 0.08965247682621201,
        "Brier_95CI_lower": 0.07136093948718632,
        "Brier_95CI_upper": 0.10788845658767286,
        "Best_Method": "xgb_meta",
        "Optimal_Threshold": 0.36000000000000004
    },
    "Individual_Assessment_Test": {
        "CatBoost": {
            "AUC": 0.7660044150110374,
            "Brier": 0.08978588997620872
        },
        "XGBoost": {
            "AUC": 0.7795751456591755,
            "Brier": 0.09454766944712158
        },
        "LightGBM": {
            "AUC": 0.7626388738102993,
            "Brier": 0.09487228705580304
        },
        "RandomForest": {
            "AUC": 0.769695653747331,
            "Brier": 0.09428255437366935
        }
    },
    "Self_Assessment_CV": {
        "CatBoost": {
            "AUC": 0.8046032003533113,
            "Brier": 0.09405353201776864
        },
        "XGBoost": {
            "AUC": 0.7750411089827338,
            "Brier": 0.1150595073529668
        },
        "LightGBM": {
            "AUC": 0.7673714163279672,
            "Brier": 0.10432540546468252
        },
        "RandomForest": {
            "AUC": 0.7778335107906434,
            "Brier": 0.10056679116223488
        }
    },
    "Ensemble_Weights": {
        "CatBoost": 0.0,
        "XGBoost": 0.6006528735160828,
        "LightGBM": 0.07632450014352798,
        "RandomForest": 0.3230225741863251
    }
}