{
    "evaluation_type": "end_to_end_pipeline",
    "description": "Holdout test set (n=514) evaluated through the FULL production inference pipeline. fold_models predict \u2192 average \u2192 meta-features \u2192 meta-learner \u2192 calibrate \u2192 score. These are the metrics of the actual deployed model.",
    "pipeline": "fold_ensemble \u2192 weighted_avg \u2192 threshold",
    "best_method": "weighted_avg",
    "holdout_n": 514,
    "cross_check_vs_trainMeta": true,
    "final_model": {
        "AUC": 0.7610465747475844,
        "AUC_95CI": [
            0.6968438164877127,
            0.8238429887947992
        ],
        "Brier": 0.09271093487130849,
        "Brier_95CI": [
            0.07077905226528869,
            0.11290798485487738
        ],
        "optimal_threshold": 0.027884964183627705,
        "clinical_metrics": {
            "sensitivity": 0.6557377049180327,
            "specificity": 0.7262693156732892,
            "ppv": 0.24390243902439024,
            "npv": 0.94,
            "tp": 40,
            "tn": 329,
            "fp": 124,
            "fn": 21
        }
    },
    "decision_curve_analysis": {
        "thresholds": [
            0.01,
            0.02,
            0.03,
            0.04,
            0.05,
            0.060000000000000005,
            0.06999999999999999,
            0.08,
            0.09,
            0.09999999999999999,
            0.11,
            0.12,
            0.13,
            0.14,
            0.15000000000000002,
            0.16,
            0.17,
            0.18000000000000002,
            0.19,
            0.2,
            0.21000000000000002,
            0.22,
            0.23,
            0.24000000000000002,
            0.25,
            0.26,
            0.27,
            0.28,
            0.29000000000000004,
            0.3,
            0.31,
            0.32,
            0.33,
            0.34,
            0.35000000000000003,
            0.36000000000000004,
            0.37,
            0.38,
            0.39,
            0.4,
            0.41000000000000003,
            0.42000000000000004,
            0.43,
            0.44,
            0.45,
            0.46,
            0.47000000000000003,
            0.48000000000000004,
            0.49,
            0.5,
            0.51,
            0.52,
            0.53,
            0.54,
            0.55,
            0.56,
            0.5700000000000001,
            0.5800000000000001,
            0.59,
            0.6,
            0.61,
            0.62,
            0.63,
            0.64,
            0.65,
            0.66,
            0.67,
            0.68,
            0.6900000000000001,
            0.7000000000000001,
            0.7100000000000001,
            0.72,
            0.73,
            0.74,
            0.75,
            0.76,
            0.77,
            0.78,
            0.79,
            0.8,
            0.81,
            0.8200000000000001,
            0.8300000000000001,
            0.8400000000000001,
            0.85,
            0.86,
            0.87,
            0.88,
            0.89,
            0.9,
            0.91,
            0.92,
            0.93,
            0.9400000000000001,
            0.9500000000000001,
            0.9600000000000001,
            0.97,
            0.98,
            0.99
        ],
        "net_benefit_model": [
            0.08391306056675706,
            0.07218295878662749,
            0.06853463837297925,
            0.06152723735408561,
            0.05611304525906205,
            0.05070784005298452,
            0.04815698087946111,
            0.0471155472847234,
            0.046265019027664944,
            0.04539559014267186,
            0.04468150220784331,
            0.04138662893526707,
            0.040923118207433246,
            0.040629807257261785,
            0.03627832455939574,
            0.033629794330183434,
            0.03380057193755567,
            0.03288412261554522,
            0.03050391506941442,
            0.030642023346303504,
            0.028985864158006205,
            0.02943230569689714,
            0.03004194249330436,
            0.029592463649395863,
            0.027885862516212712,
            0.02686928173309496,
            0.02654442726933532,
            0.026264591439688713,
            0.02603167643996273,
            0.02584769316286826,
            0.024840692494219815,
            0.02277409018081941,
            0.020761949009814734,
            0.02075226977950713,
            0.020802155043400175,
            0.022008754863813224,
            0.022234574763757644,
            0.015501443454248778,
            0.01581935319257511,
            0.014915693904020751,
            0.015333377300006595,
            0.01247819669931571,
            0.012526452317564343,
            0.014730405780989438,
            0.012026883622214362,
            0.011240812797233032,
            0.010425078922252404,
            0.009577970667464832,
            0.00869764248111696,
            0.009727626459143969,
            0.008933534503295482,
            0.008106355382619973,
            0.005298451858597564,
            0.004398578920656402,
            0.0038910505836575807,
            0.005482844004244779,
            0.004660211745543385,
            0.003798406522141924,
            0.00289456201955016,
            0.0019455252918287973,
            0.000947820013967874,
            -0.0020479213598197828,
            0.0034703964665054182,
            0.0025940337224383894,
            0.005280711506392439,
            0.004463263904783701,
            0.0035962740242895842,
            0.0007295719844357951,
            0.004079327224802306,
            0.003242542153047985,
            0.0023480477660002587,
            0.0013896609227348547,
            0.00036028246144978113,
            -0.0007482789583956873,
            -0.0019455252918287938,
            -0.003242542153047992,
            -0.004652343089155814,
            -0.006190307746727984,
            -0.000555864369093946,
            -0.003891050583657591,
            -0.0054269916035224325,
            -0.0071335927367055865,
            -0.009040970473792643,
            -0.011186770428015583,
            -0.017509727626459144,
            -0.020289049471928847,
            -0.023495959293624663,
            -0.027237354085603113,
            -0.0336045277679519,
            -0.04085603112840468,
            -0.04734111543450067,
            -0.05544747081712066,
            -0.06586992773763208,
            -0.0492866407263295,
            -0.06225680933852151,
            0.009727626459143969,
            0.005836575875486381,
            0.0038910505836575876,
            0.0038910505836575876
        ],