{
    "Final_Model": {
        "AUC": 0.7610465747475844,
        "AUC_95CI_lower": 0.6968438164877127,
        "AUC_95CI_upper": 0.8238429887947992,
        "Brier": 0.09271093487130849,
        "Brier_95CI_lower": 0.07077905226528869,
        "Brier_95CI_upper": 0.11290798485487738,
        "Best_Method": "weighted_avg",
        "Optimal_Threshold": 0.30000000000000004
    },
    "LR_Baseline": {
        "AUC": 0.8106611659971772,
        "Brier": 0.17485229610291242,
        "F1_Score": 0.3861003861003861,
        "Sensitivity": 0.819672131147541,
        "Specificity": 0.673289183222958,
        "PPV": 0.25252525252525254,
        "NPV": 0.9651898734177216,
        "Net_Benefit": -0.12066993337287217,
        "Calibration_Slope": 0.8821582035781299,
        "Threshold": 0.4308225271328506
    },
    "TearSense_vs_LR": {
        "AUC_Improvement": -0.04961459124959278,
        "AUC_Improvement_Pct": -6.120262488281761,
        "Brier_Improvement": 0.08214136123160393
    },
    "Individual_Assessment_Test": {
        "CatBoost": {
            "AUC": 0.7729888177179459,
            "Brier": 0.0890030611763784
        },
        "XGBoost": {
            "AUC": 0.7731335721781928,
            "Brier": 0.08864841534924457
        },
        "LightGBM": {
            "AUC": 0.756740129555242,
            "Brier": 0.09373741290623151
        },
        "RandomForest": {
            "AUC": 0.7708898780443673,
            "Brier": 0.09386067255713657
        }
    },
    "Self_Assessment_CV": {
        "CatBoost": {
            "AUC": 0.8038936932744356,
            "Brier": 0.09358889973728825
        },
        "XGBoost": {
            "AUC": 0.7709779960639771,
            "Brier": 0.10211064005318649
        },
        "LightGBM": {
            "AUC": 0.7580482955821407,
            "Brier": 0.10900773357848177
        },
        "RandomForest": {
            "AUC": 0.7810016495565337,
            "Brier": 0.0994723428276954
        }
    },
    "Ensemble_Weights": {
        "CatBoost": 1.2111408743169826e-14,
        "XGBoost": 0.10948655946008021,
        "LightGBM": 0.8905134405398947,
        "RandomForest": 1.296379913944848e-14
    }
}