{
    "tearsense": {
        "AUC": 0.7610465747475844,
        "Brier": 0.09271093487130849
    },
    "logistic_regression": {
        "AUC": 0.8106611659971772,
        "Brier": 0.17485229610291242
    },
    "improvement": {
        "AUC_delta": -0.04961459124959278,
        "AUC_pct": -6.120262488281761,
        "Brier_delta": -0.08214136123160393
    }
}