{
    "evaluation_type": "end_to_end_pipeline",
    "description": "Holdout test set (n=514) evaluated through the FULL production inference pipeline. fold_models predict \u2192 average \u2192 meta-features \u2192 meta-learner \u2192 calibrate \u2192 score. These are the metrics of the actual deployed model.",
    "pipeline": "fold_ensemble \u2192 13 meta-features \u2192 xgb_meta \u2192 threshold",
    "best_method": "xgb_meta",
    "holdout_n": 514,
    "cross_check_vs_trainMeta": true,
    "final_model": {
        "AUC": 0.7811131617992979,
        "AUC_95CI": [
            0.7146464848819389,
            0.8443161151977041
        ],
        "Brier": 0.08677062890871148,
        "Brier_95CI": [
            0.06867390092780999,
            0.10397519853920995
        ],
        "optimal_threshold": 0.1769467294216156,
        "clinical_metrics": {
            "sensitivity": 0.5737704918032787,
            "specificity": 0.8454746136865342,
            "ppv": 0.3333333333333333,
            "npv": 0.9364303178484108,
            "tp": 35,
            "tn": 383,
            "fp": 70,
            "fn": 26
        }
    },
    "decision_curve_analysis": {
        "thresholds": [
            0.01,
            0.02,
            0.03,
            0.04,
            0.05,
            0.06,
            0.07,
            0.08,
            0.09,
            0.1,
            0.11,
            0.12,
            0.13,
            0.14,
            0.15,
            0.16,
            0.17,
            0.18,
            0.19,
            0.2,
            0.21,
            0.22,
            0.23,
            0.24,
            0.25,
            0.26,
            0.27,
            0.28,
            0.29,
            0.3,
            0.31,
            0.32,
            0.33,
            0.34,
            0.35000000000000003,
            0.36,
            0.37,
            0.38,
            0.39,
            0.4,
            0.41000000000000003,
            0.42,
            0.43,
            0.44,
            0.45,
            0.46,
            0.47000000000000003,
            0.48,
            0.49,
            0.5,
            0.51,
            0.52,
            0.53,
            0.54,
            0.55,
            0.56,
            0.5700000000000001,
            0.58,
            0.59,
            0.6,
            0.61,
            0.62,
            0.63,
            0.64,
            0.65,
            0.66,
            0.67,
            0.68,
            0.6900000000000001,
            0.7000000000000001,
            0.71,
            0.72,
            0.73,
            0.74,
            0.75,
            0.76,
            0.77,
            0.78,
            0.79,
            0.8,
            0.81,
            0.8200000000000001,
            0.8300000000000001,
            0.84,
            0.85,
            0.86,
            0.87,
            0.88,
            0.89,
            0.9,
            0.91,
            0.92,
            0.93,
            0.9400000000000001,
            0.9500000000000001,
            0.96,
            0.97,
            0.98,
            0.99
        ],
        "net_benefit_model": [
            0.10977479070864285,
            0.10096879218613515,
            0.09210156845441052,
            0.08681906614785992,
            0.08038091337292648,
            0.07591688053646825,
            0.07118948997949875,
            0.06208763322618847,
            0.058194723564373364,
            0.05577172503242542,
            0.052026406680365504,
            0.04235939158118146,
            0.04154926427836665,
            0.043118269839833495,
            0.04165712977798122,
            0.04067074300537335,
            0.03900426609160376,
            0.03729714339944956,
            0.0337224383916991,
            0.029669260700389107,
            0.030167955474560415,
            0.02978150254414846,
            0.030067209055535907,
            0.0292852754454229,
            0.027885862516212716,
            0.027132190556315067,
            0.028489952561164114,
            0.02896670990056204,
            0.027977201731791527,
            0.024735964424680377,
            0.025517396943551568,
            0.02243076218814374,
            0.02256228584702944,
            0.02210824195259993,
            0.021700089793475007,
            0.01933365758754864,
            0.018096473349391635,
            0.01932973515752479,
            0.0190725266313708,
            0.01880674448767834,
            0.017938402690760403,
            0.015228766939487454,
            0.015052221994675406,
            0.014869371873262923,
            0.010788822072868767,
            0.010592304366623433,
            0.010388370897878276,
            0.00823106854235259,
            0.00801098649576562,
            0.007782101167315175,
            0.007623282776145477,
            0.007457846952010376,
            0.007285371305571653,
            0.00710539671798342,
            0.00691742325983571,
            0.006720905553590378,
            0.006515247488915029,
            0.006299796183064667,
            0.0,
            0.0,
            0.0,
            0.0,
            0.0,
            0.0,
            0.0,
            0.0,
            0.0,
            0.0,
            0.0,
            0.0,
            0.0,
            0.0,
            0.0,
            0.0,
            0.0,
            0.0,
            0.0,
            0.0,
            0.0,
            0.0,
            0.0,
            0.0,
            0.0,
            0.0,
            0.0,
            0.0,
            0.0,
            0.0,
            0.0,
            0.0,
            0.0,
            0.0,
            0.0,
            0.0,
            0.0,
            0.0,
            0.0,
            0.0,
            0.0
        ],