{
    "CatBoost_Params": {
        "iterations": 646,
        "depth": 5,
        "learning_rate": 0.08694890871624625,
        "l2_leaf_reg": 2.2889030451857058,
        "random_strength": 0.9762358759674354,
        "bagging_temperature": 0.00686443856569733,
        "border_count": 47,
        "loss_function": "Focal:focal_alpha=0.32915249979342615;focal_gamma=1.0001671740099116",
        "eval_metric": "AUC",
        "random_state": 42,
        "verbose": false,
        "thread_count": -1
    },
    "XGBoost_Params": {
        "n_estimators": 950,
        "max_depth": 9,
        "learning_rate": 0.04405999641698004,
        "subsample": 0.6312082339668166,
        "colsample_bytree": 0.6608293059589273,
        "gamma": 3.410331352077776,
        "min_child_weight": 1,
        "reg_alpha": 0.0013289946781528932,
        "reg_lambda": 0.008213956444553635,
        "max_delta_step": 4.694547124863003,
        "scale_pos_weight": 7.381521664152723,
        "objective": "binary:logistic",
        "eval_metric": "auc",
        "random_state": 42,
        "n_jobs": -1,
        "use_label_encoder": false
    },
    "LightGBM_Params": {
        "boosting_type": "gbdt",
        "n_estimators": 1995,
        "num_leaves": 55,
        "learning_rate": 0.00822173642459717,
        "max_depth": 10,
        "min_child_samples": 39,
        "colsample_bytree": 0.7566840601250645,
        "reg_alpha": 0.36202753579557717,
        "reg_lambda": 0.002097838205246915,
        "subsample": 0.8150093911093222,
        "subsample_freq": 2,
        "is_unbalance": true,
        "objective": "binary",
        "metric": "auc",
        "random_state": 42,
        "n_jobs": -1,
        "verbosity": -1
    },
    "RandomForest_Params": {
        "n_estimators": 771,
        "max_depth": 22,
        "min_samples_split": 6,
        "min_samples_leaf": 4,
        "max_features": 0.5,
        "class_weight": "balanced_subsample",
        "max_samples": 0.5020618303988506,
        "min_impurity_decrease": 0.0007402067999908653,
        "ccp_alpha": 0.0024156844988616746,
        "bootstrap": true,
        "random_state": 42,
        "n_jobs": -1
    },
    "Ensemble_Weights": {
        "Cat": 0.053880177438259125,
        "XGB": 0.0,
        "LGBM": 0.2952031195163727,
        "RF": 0.6509167551994324
    }
}