{
    "CatBoost_Params": {
        "iterations": 531,
        "depth": 8,
        "learning_rate": 0.14762916250359223,
        "l2_leaf_reg": 3.152481428838313,
        "random_strength": 7.526434324991085,
        "bagging_temperature": 0.34841692155710424,
        "border_count": 123,
        "loss_function": "Focal:focal_alpha=0.3453750110273868;focal_gamma=1.003023262903222",
        "eval_metric": "AUC",
        "random_state": 42,
        "verbose": false,
        "thread_count": -1
    },
    "XGBoost_Params": {
        "n_estimators": 438,
        "max_depth": 9,
        "learning_rate": 0.08093316482288318,
        "subsample": 0.7350965639754922,
        "colsample_bytree": 0.5997851590755878,
        "gamma": 2.6980402582383225,
        "min_child_weight": 6,
        "reg_alpha": 0.6521808530479243,
        "reg_lambda": 0.0013164292554422973,
        "max_delta_step": 2.69095887488504,
        "scale_pos_weight": 7.444810246772771,
        "objective": "binary:logistic",
        "eval_metric": "auc",
        "random_state": 42,
        "n_jobs": -1,
        "use_label_encoder": false
    },
    "LightGBM_Params": {
        "boosting_type": "gbdt",
        "n_estimators": 1488,
        "num_leaves": 102,
        "learning_rate": 0.006104196509120891,
        "max_depth": 11,
        "min_child_samples": 30,
        "colsample_bytree": 0.86057687381959,
        "reg_alpha": 0.00889029418661717,
        "reg_lambda": 0.14578768403145198,
        "subsample": 0.939498234683878,
        "subsample_freq": 8,
        "is_unbalance": true,
        "objective": "binary",
        "metric": "auc",
        "random_state": 42,
        "n_jobs": -1,
        "verbosity": -1
    },
    "RandomForest_Params": {
        "n_estimators": 764,
        "max_depth": 25,
        "min_samples_split": 7,
        "min_samples_leaf": 4,
        "max_features": 0.5,
        "class_weight": "balanced",
        "max_samples": 0.7991067285120127,
        "min_impurity_decrease": 0.0007359745525849573,
        "ccp_alpha": 0.0014434465257582702,
        "bootstrap": true,
        "random_state": 42,
        "n_jobs": -1
    },
    "Ensemble_Weights": {
        "Cat": 0.5052343606948853,
        "XGB": 0.1746736317873001,
        "LGBM": 0.09985727071762085,
        "RF": 0.22023479640483856
    }
}