{
    "tearsense": {
        "model_serial": "04022026_210522_80540",
        "holdout_n": 514,
        "inference_verified": true,
        "stored_AUC": 0.7692975789816523,
        "stored_Brier": 0.08988992399789004,
        "stored_threshold": 0.16000000000000003,
        "AUC": 0.7692975789816523,
        "Brier_Score": 0.08988992869853973,
        "Calibration_Slope": 1.1661161119563197,
        "Calibration_Intercept": 0.2549468073694537,
        "Net_Benefit": 0.04082023108040379,
        "Optimal_Threshold_Used": 0.1610969752073288,
        "Youden_J_Threshold": 0.1610969752073288,
        "F1_Score": 0.41420118343195267,
        "Sensitivity_Recall": 0.5737704918032787,
        "Specificity": 0.8388520971302428,
        "PPV_Precision": 0.32407407407407407,
        "NPV": 0.9359605911330049,
        "Confusion_Matrix": {
            "TP": 35,
            "TN": 380,
            "FP": 73,
            "FN": 26
        },
        "AUC_95CI": [
            0.6972762172560799,
            0.8355555659030236
        ],
        "AUC_Text": "0.7693 (0.6973-0.8356)",
        "Brier_Score_95CI": [
            0.07159279864281416,
            0.10792139414697885
        ],
        "Brier_Score_Text": "0.0899 (0.0716-0.1079)",
        "F1_Score_95CI": [
            0.31322515495508046,
            0.5050616050616051
        ],
        "F1_Score_Text": "0.4142 (0.3132-0.5051)",
        "Sensitivity_Recall_95CI": [
            0.44997448979591836,
            0.7037037037037037
        ],
        "Sensitivity_Recall_Text": "0.5738 (0.4500-0.7037)",
        "Specificity_95CI": [
            0.8035694791016844,
            0.871112809315866
        ],
        "Specificity_Text": "0.8389 (0.8036-0.8711)",
        "PPV_Precision_95CI": [
            0.23421949987370547,
            0.4122829625610418
        ],
        "PPV_Precision_Text": "0.3241 (0.2342-0.4123)",
        "NPV_95CI": [
            0.9128246065375303,
            0.958938127090301
        ],
        "NPV_Text": "0.9360 (0.9128-0.9589)",
        "Net_Benefit_95CI": [
            0.01821760973717785,
            0.06513974965895618
        ],
        "Net_Benefit_Text": "0.0408 (0.0182-0.0651)",
        "Calibration_Slope_95CI": [
            0.8414321504109957,
            1.5424819158035437
        ],
        "Calibration_Slope_Text": "1.1661 (0.8414-1.5425)"
    },
    "logistic_regression": "Not available (no training data)",
    "lr_formula": null
}