{
    "best_method": "xgb_meta",
    "base_models": {
        "CatBoost": {
            "auc": {
                "per_fold": [
                    0.7807531852520013,
                    0.7890858725761772,
                    0.7714398778902142,
                    0.7659562439934422,
                    0.8248629091525806
                ],
                "mean": 0.7864196177728832,
                "std": 0.020785794657331026,
                "min": 0.7659562439934422,
                "max": 0.8248629091525806
            },
            "brier": {
                "per_fold": [
                    0.09211298425830249,
                    0.09403908387604061,
                    0.09543346051833601,
                    0.09470608144930741,
                    0.09049460547984166
                ],
                "mean": 0.09335724311636565,
                "std": 0.0018076407117634907,
                "min": 0.09049460547984166,
                "max": 0.09543346051833601
            },
            "f1": {
                "per_fold": [
                    0.0,
                    0.03773584905660377,
                    0.03773584905660377,
                    0.04,
                    0.0392156862745098
                ],
                "mean": 0.030937476877543467,
                "std": 0.015493361677077445,
                "min": 0.0,
                "max": 0.04
            }
        },
        "XGBoost": {
            "auc": {
                "per_fold": [
                    0.7645732326079603,
                    0.7621052631578947,
                    0.7454350161117078,
                    0.765051727062016,
                    0.8207360506529482
                ],
                "mean": 0.7715802579185054,
                "std": 0.025617811276718274,
                "min": 0.7454350161117078,
                "max": 0.8207360506529482
            },
            "brier": {
                "per_fold": [
                    0.1123108465301861,
                    0.11345976381696843,
                    0.12166691989048017,
                    0.11070261509930755,
                    0.09883087135017168
                ],
                "mean": 0.11139420333742278,
                "std": 0.007334181414853949,
                "min": 0.09883087135017168,
                "max": 0.12166691989048017
            },
            "f1": {
                "per_fold": [
                    0.3541666666666667,
                    0.4,
                    0.34951456310679613,
                    0.33707865168539325,
                    0.3488372093023256
                ],
                "mean": 0.3579194181522363,
                "std": 0.021782213685539557,
                "min": 0.33707865168539325,
                "max": 0.4
            }
        },
        "LightGBM": {
            "auc": {
                "per_fold": [
                    0.7534107565678205,
                    0.7788919667590027,
                    0.7593419639323873,
                    0.7634122901238057,
                    0.8376957431171915
                ],
                "mean": 0.7785505441000415,
                "std": 0.030751963640983208,
                "min": 0.7534107565678205,
                "max": 0.8376957431171915
            },
            "brier": {
                "per_fold": [
                    0.10253392575470016,
                    0.10471229311478711,
                    0.10796068250562943,
                    0.10657490904455323,
                    0.09193414887941818
                ],
                "mean": 0.10274319185981762,
                "std": 0.005703697527571526,
                "min": 0.09193414887941818,
                "max": 0.10796068250562943
            },
            "f1": {
                "per_fold": [
                    0.3409090909090909,
                    0.33707865168539325,
                    0.33707865168539325,
                    0.2891566265060241,
                    0.3157894736842105
                ],
                "mean": 0.3240024988940224,
                "std": 0.019542226090126978,
                "min": 0.2891566265060241,
                "max": 0.3409090909090909
            }
        },
        "RandomForest": {
            "auc": {
                "per_fold": [
                    0.758710113879806,
                    0.8117451523545707,
                    0.7757363333144892,
                    0.7671999547741534,
                    0.821414438351518
                ],
                "mean": 0.7869611985349074,
                "std": 0.024963566408565417,
                "min": 0.758710113879806,
                "max": 0.821414438351518
            },
            "brier": {
                "per_fold": [
                    0.13045714076276682,
                    0.12117301765558394,
                    0.1298216399529968,
                    0.12681906011026653,
                    0.11431964846828556
                ],
                "mean": 0.12451810138997994,
                "std": 0.0060645222100264426,
                "min": 0.11431964846828556,
                "max": 0.13045714076276682
            },
            "f1": {
                "per_fold": [
                    0.359375,
                    0.4036697247706422,
                    0.39669421487603307,
                    0.3302752293577982,
                    0.46296296296296297
                ],
                "mean": 0.3905954263934873,
                "std": 0.04485183171902709,
                "min": 0.3302752293577982,
                "max": 0.46296296296296297
            }
        }
    },
    "ensemble": {
        "auc": {
            "per_fold": [
                0.7703799751944976,
                0.7945706371191136,
                0.7789586748826954,
                0.7746904856125275,
                0.825343433772401
            ],
            "mean": 0.7887886413162472,
            "std": 0.020019738008725165,
            "min": 0.7703799751944976,
            "max": 0.825343433772401
        },
        "brier": {
            "per_fold": [
                0.09280350237967061,
                0.09055313256837633,
                0.09247469097264971,
                0.09374120484290172,
                0.08685333209409486
            ],
            "mean": 0.09128517257153865,
            "std": 0.0024466085316028692,
            "min": 0.08685333209409486,
            "max": 0.09374120484290172
        },
        "f1": {
            "per_fold": [
                0.0,
                0.0,
                0.0,
                0.0,
                0.0
            ],
            "mean": 0.0,
            "std": 0.0,
            "min": 0.0,
            "max": 0.0
        }
    },
    "method_comparison": {
        "weighted_avg": {
            "auc": 0.785237104862743,
            "brier": 0.09229301665860343,
            "score": 0.5212529378886566,
            "calibration": null
        },
        "weighted_avg+isotonic": {
            "auc": 0.7769798503632878,
            "brier": 0.09141941346802597,
            "score": 0.5196104763998318,
            "calibration": "isotonic"
        },
        "weighted_avg+platt": {
            "auc": 0.7844718148178158,
            "brier": 0.09314722132203493,
            "score": 0.5175554138332227,
            "calibration": "platt"
        },
        "logistic": {
            "auc": 0.789975195122355,
            "brier": 0.18807919279560922,
            "score": 0.1609636534595847,
            "calibration": null
        },
        "logistic+isotonic": {
            "auc": 0.7750981371939965,
            "brier": 0.09280229098361666,
            "score": 0.5132388624603816,
            "calibration": "isotonic"
        },
        "logistic+platt": {
            "auc": 0.784064410411546,
            "brier": 0.09211686849765469,
            "score": 0.5212171112996888,
            "calibration": "platt"
        },