{
    "Final_Model": {
        "AUC": 0.7760829443057216,
        "AUC_95CI_lower": 0.7088050624862028,
        "AUC_95CI_upper": 0.8382448614818018,
        "Brier": 0.08819432556629181,
        "Brier_95CI_lower": 0.06995773836970329,
        "Brier_95CI_upper": 0.10558396894484758,
        "Best_Method": "xgb_meta",
        "Optimal_Threshold": 0.16000000000000003
    },
    "LR_Baseline": {
        "AUC": 0.8106611659971772,
        "Brier": 0.17485229610287223,
        "F1_Score": 0.3861003861003861,
        "Sensitivity": 0.819672131147541,
        "Specificity": 0.673289183222958,
        "PPV": 0.25252525252525254,
        "NPV": 0.9651898734177216,
        "Net_Benefit": -0.12066993337262545,
        "Calibration_Slope": 0.8821582035785047,
        "Threshold": 0.43082252713257296
    },
    "TearSense_vs_LR": {
        "AUC_Improvement": -0.034578221691455635,
        "AUC_Improvement_Pct": -4.265434578813418,
        "Brier_Improvement": 0.08665797053658042
    },
    "Individual_Assessment_Test": {
        "CatBoost": {
            "AUC": 0.7643035501031376,
            "Brier": 0.0885253836748523
        },
        "XGBoost": {
            "AUC": 0.767777657149061,
            "Brier": 0.09743545121268832
        },
        "LightGBM": {
            "AUC": 0.7728802518727609,
            "Brier": 0.09789724812397761
        },
        "RandomForest": {
            "AUC": 0.7792494481236203,
            "Brier": 0.10250220607108874
        }
    },
    "Self_Assessment_CV": {
        "CatBoost": {
            "AUC": 0.8025493722258956,
            "Brier": 0.09303548910083079
        },
        "XGBoost": {
            "AUC": 0.7891479013239493,
            "Brier": 0.14086807295680046
        },
        "LightGBM": {
            "AUC": 0.7760098759756117,
            "Brier": 0.10787812183998609
        },
        "RandomForest": {
            "AUC": 0.7809409281105809,
            "Brier": 0.10804974633165101
        }
    },
    "Ensemble_Weights": {
        "CatBoost": 0.1617591828107834,
        "XGBoost": 0.11754917353391647,
        "LightGBM": 0.487080842256546,
        "RandomForest": 0.2336108535528183
    }
}