{
    "tearsense": {
        "AUC": 0.7760829443057216,
        "Brier": 0.08819432556629181
    },
    "logistic_regression": {
        "AUC": 0.8106611659971772,
        "Brier": 0.17485229610287223
    },
    "improvement": {
        "AUC_delta": -0.034578221691455635,
        "AUC_pct": -4.265434578813418,
        "Brier_delta": -0.08665797053658042
    }
}