{
    "best_method": "weighted_avg",
    "base_models": {
        "CatBoost": {
            "auc": {
                "per_fold": [
                    0.7582591047468712,
                    0.7570083102493075,
                    0.7540279269602577,
                    0.7561761546723953,
                    0.8211317768104471
                ],
                "mean": 0.7693206546878557,
                "std": 0.025942203030117975,
                "min": 0.7540279269602577,
                "max": 0.8211317768104471
            },
            "brier": {
                "per_fold": [
                    0.09312479767868412,
                    0.09316013960600607,
                    0.0983062551504481,
                    0.09504715901991292,
                    0.09310062506742936
                ],
                "mean": 0.09454779530449611,
                "std": 0.002020900631380899,
                "min": 0.09310062506742936,
                "max": 0.0983062551504481
            },
            "f1": {
                "per_fold": [
                    0.18181818181818182,
                    0.2033898305084746,
                    0.07142857142857142,
                    0.10909090909090909,
                    0.10344827586206896
                ],
                "mean": 0.13383515374164118,
                "std": 0.05014069315463047,
                "min": 0.07142857142857142,
                "max": 0.2033898305084746
            }
        },
        "XGBoost": {
            "auc": {
                "per_fold": [
                    0.7631074529259217,
                    0.7585041551246536,
                    0.7593419639323873,
                    0.7633557578155915,
                    0.8024761150997796
                ],
                "mean": 0.7693570889796667,
                "std": 0.016673528244878583,
                "min": 0.7585041551246536,
                "max": 0.8024761150997796
            },
            "brier": {
                "per_fold": [
                    0.1089980267544838,
                    0.10607063407444316,
                    0.10611332971223884,
                    0.10529945213302207,
                    0.10026040730781682
                ],
                "mean": 0.10534836999640093,
                "std": 0.002839597876280604,
                "min": 0.10026040730781682,
                "max": 0.1089980267544838
            },
            "f1": {
                "per_fold": [
                    0.3368421052631579,
                    0.37362637362637363,
                    0.32941176470588235,
                    0.2682926829268293,
                    0.28205128205128205
                ],
                "mean": 0.31804484171470504,
                "std": 0.03832144148161334,
                "min": 0.2682926829268293,
                "max": 0.37362637362637363
            }
        },
        "LightGBM": {
            "auc": {
                "per_fold": [
                    0.7671665351223361,
                    0.7478116343490305,
                    0.7519927638645485,
                    0.7396121883656509,
                    0.8303465430493526
                ],
                "mean": 0.7673859329501836,
                "std": 0.03272787884339394,
                "min": 0.7396121883656509,
                "max": 0.8303465430493526
            },
            "brier": {
                "per_fold": [
                    0.10211581618222015,
                    0.10656660547991596,
                    0.10838035104657476,
                    0.10607072424679367,
                    0.09448388419102081
                ],
                "mean": 0.10352347622930506,
                "std": 0.0049605256196480416,
                "min": 0.09448388419102081,
                "max": 0.10838035104657476
            },
            "f1": {
                "per_fold": [
                    0.3333333333333333,
                    0.3956043956043956,
                    0.33707865168539325,
                    0.2891566265060241,
                    0.32432432432432434
                ],
                "mean": 0.3358994662906941,
                "std": 0.034326465252282994,
                "min": 0.2891566265060241,
                "max": 0.3956043956043956
            }
        },
        "RandomForest": {
            "auc": {
                "per_fold": [
                    0.7596685082872928,
                    0.802825484764543,
                    0.7824636779919724,
                    0.7657301147605856,
                    0.8175137090847419
                ],
                "mean": 0.7856402989778271,
                "std": 0.021873660646963985,
                "min": 0.7596685082872928,
                "max": 0.8175137090847419
            },
            "brier": {
                "per_fold": [
                    0.10981142309970277,
                    0.10427469487736725,
                    0.11161761295646648,
                    0.10791434532359995,
                    0.09992319898443207
                ],
                "mean": 0.10670825504831369,
                "std": 0.004174812610723454,
                "min": 0.09992319898443207,
                "max": 0.11161761295646648
            },
            "f1": {
                "per_fold": [
                    0.4175824175824176,
                    0.41304347826086957,
                    0.34782608695652173,
                    0.3488372093023256,
                    0.3333333333333333
                ],
                "mean": 0.37212450508709355,
                "std": 0.035716244059737966,
                "min": 0.3333333333333333,
                "max": 0.4175824175824176
            }
        }
    },
    "ensemble": {
        "auc": {
            "per_fold": [
                0.7631074529259217,
                0.7585041551246536,
                0.7593419639323873,
                0.7633557578155915,
                0.8024761150997796
            ],
            "mean": 0.7693570889796667,
            "std": 0.016673528244878583,
            "min": 0.7585041551246536,
            "max": 0.8024761150997796
        },
        "brier": {
            "per_fold": [
                0.1089980267544838,
                0.10607063407444307,
                0.10611332971223884,
                0.10529945213302204,
                0.1002604073078167
            ],
            "mean": 0.10534836999640089,
            "std": 0.002839597876280645,
            "min": 0.1002604073078167,
            "max": 0.1089980267544838
        },
        "f1": {
            "per_fold": [
                0.3368421052631579,
                0.37362637362637363,
                0.32941176470588235,
                0.2682926829268293,
                0.28205128205128205
            ],
            "mean": 0.31804484171470504,
            "std": 0.03832144148161334,
            "min": 0.2682926829268293,
            "max": 0.37362637362637363
        }
    },
    "method_comparison": {
        "weighted_avg": {
            "auc": 0.7869545057576821,
            "brier": 0.09202602541173309,
            "score": 0.5232955610428777,
            "calibration": null
        },
        "weighted_avg+isotonic": {
            "auc": 0.7768357957665956,
            "brier": 0.09249642363409492,
            "score": 0.5154410222638378,
            "calibration": "isotonic"
        },
        "weighted_avg+platt": {
            "auc": 0.7867406747157172,
            "brier": 0.093695568081968,
            "score": 0.5168379085928432,
            "calibration": "platt"
        },
        "logistic": {
            "auc": 0.7846808663748017,
            "brier": 0.18922393417878985,
            "score": 0.15344726101966338,
            "calibration": null
        },
        "logistic+isotonic": {
            "auc": 0.7673068092807175,
            "brier": 0.09505841916419587,
            "score": 0.5000109249130215,
            "calibration": "isotonic"
        },