{
    "CatBoost_Params": {
        "iterations": 1729,
        "depth": 7,
        "learning_rate": 0.08337782658862852,
        "l2_leaf_reg": 1.9616812269915886,
        "random_strength": 1.8252199118308965,
        "bagging_temperature": 0.14377943590471298,
        "border_count": 185,
        "loss_function": "Focal:focal_alpha=0.18917489023711637;focal_gamma=1.2379837098349846",
        "eval_metric": "AUC",
        "random_state": 42,
        "verbose": false,
        "thread_count": -1
    },
    "XGBoost_Params": {
        "n_estimators": 903,
        "max_depth": 10,
        "learning_rate": 0.07606324341150944,
        "subsample": 0.8526099448561292,
        "colsample_bytree": 0.5131253888010726,
        "gamma": 2.032501123672531,
        "min_child_weight": 6,
        "reg_alpha": 0.003020763070849965,
        "reg_lambda": 0.023157667330445435,
        "max_delta_step": 7.801035526036583,
        "scale_pos_weight": 8.250085738959264,
        "objective": "binary:logistic",
        "eval_metric": "auc",
        "random_state": 42,
        "n_jobs": -1,
        "use_label_encoder": false
    },
    "LightGBM_Params": {
        "boosting_type": "goss",
        "n_estimators": 1170,
        "num_leaves": 102,
        "learning_rate": 0.034819894592329634,
        "max_depth": 5,
        "min_child_samples": 10,
        "colsample_bytree": 0.8290888166517201,
        "reg_alpha": 4.433822637365087,
        "reg_lambda": 0.5628773948553253,
        "top_rate": 0.2924510314895642,
        "other_rate": 0.08519037893264075,
        "is_unbalance": true,
        "objective": "binary",
        "metric": "auc",
        "random_state": 42,
        "n_jobs": -1,
        "verbosity": -1
    },
    "RandomForest_Params": {
        "n_estimators": 981,
        "max_depth": 16,
        "min_samples_split": 5,
        "min_samples_leaf": 3,
        "max_features": 0.7,
        "class_weight": "balanced",
        "max_samples": 0.5552715799818506,
        "min_impurity_decrease": 0.0007825028242356924,
        "ccp_alpha": 0.0007222901006808879,
        "bootstrap": true,
        "random_state": 42,
        "n_jobs": -1
    },
    "Ensemble_Weights": {
        "Cat": 1.0257460248661477e-15,
        "XGB": 1.4654943925052066e-15,
        "LGBM": 0.999999999999995,
        "RF": 2.522445996248309e-15
    }
}