{
    "Final_Model": {
        "AUC": 0.7772228856801651,
        "AUC_95CI_lower": 0.7065106335056048,
        "AUC_95CI_upper": 0.8436213931837979,
        "Brier": 0.08864434294691602,
        "Brier_95CI_lower": 0.07044569531344252,
        "Brier_95CI_upper": 0.10552479008889618,
        "Best_Method": "xgb_meta",
        "Optimal_Threshold": 0.19
    },
    "Individual_Assessment_Test": {
        "CatBoost": {
            "AUC": 0.7659682263959758,
            "Brier": 0.0884669812578181
        },
        "XGBoost": {
            "AUC": 0.774798248471031,
            "Brier": 0.09053973742986002
        },
        "LightGBM": {
            "AUC": 0.7707089349690587,
            "Brier": 0.09317588662366232
        },
        "RandomForest": {
            "AUC": 0.7730973835631311,
            "Brier": 0.10179379831617731
        }
    },
    "Self_Assessment_CV": {
        "CatBoost": {
            "AUC": 0.8028429666781085,
            "Brier": 0.09457754730547815
        },
        "XGBoost": {
            "AUC": 0.7793730948065549,
            "Brier": 0.10303111207251761
        },
        "LightGBM": {
            "AUC": 0.7662368203981061,
            "Brier": 0.1060867588625261
        },
        "RandomForest": {
            "AUC": 0.7788082327282086,
            "Brier": 0.10939378498840682
        }
    },
    "Ensemble_Weights": {
        "CatBoost": 0.2407725304365158,
        "XGBoost": 0.16156534850597382,
        "LightGBM": 0.3212694823741913,
        "RandomForest": 0.27639254927635193
    }
}