{
    "CatBoost_Params": {
        "iterations": 509,
        "depth": 3,
        "learning_rate": 0.14609393948879454,
        "l2_leaf_reg": 0.5593338560405201,
        "random_strength": 3.912984240383155,
        "bagging_temperature": 0.6744405915859019,
        "border_count": 38,
        "loss_function": "Focal:focal_alpha=0.12120410846184108;focal_gamma=1.1469054242147168",
        "eval_metric": "AUC",
        "random_state": 42,
        "verbose": false,
        "thread_count": -1
    },
    "XGBoost_Params": {
        "n_estimators": 759,
        "max_depth": 10,
        "learning_rate": 0.14537767895399017,
        "subsample": 0.6706560337946091,
        "colsample_bytree": 0.5057817291644248,
        "gamma": 2.1534982150722004,
        "min_child_weight": 8,
        "reg_alpha": 0.01635509063358207,
        "reg_lambda": 0.03137432391892927,
        "max_delta_step": 1.6927977135014975,
        "scale_pos_weight": 7.862137643204263,
        "objective": "binary:logistic",
        "eval_metric": "auc",
        "random_state": 42,
        "n_jobs": -1,
        "use_label_encoder": false
    },
    "LightGBM_Params": {
        "boosting_type": "gbdt",
        "n_estimators": 1731,
        "num_leaves": 105,
        "learning_rate": 0.00921709014541575,
        "max_depth": 11,
        "min_child_samples": 38,
        "colsample_bytree": 0.687498703643151,
        "reg_alpha": 2.372697669560538,
        "reg_lambda": 0.011486254016783262,
        "subsample": 0.6332709158708174,
        "subsample_freq": 6,
        "is_unbalance": true,
        "objective": "binary",
        "metric": "auc",
        "random_state": 42,
        "n_jobs": -1,
        "verbosity": -1
    },
    "RandomForest_Params": {
        "n_estimators": 897,
        "max_depth": 12,
        "min_samples_split": 11,
        "min_samples_leaf": 3,
        "max_features": 0.5,
        "class_weight": "balanced",
        "max_samples": 0.5543038587039559,
        "min_impurity_decrease": 0.0008306061514327225,
        "ccp_alpha": 0.002307721226478831,
        "bootstrap": true,
        "random_state": 42,
        "n_jobs": -1
    },
    "Ensemble_Weights": {
        "Cat": 3.503795987024105e-15,
        "XGB": 0.9999999999999701,
        "LGBM": 1.9773072068574037e-14,
        "RF": 6.690328849148661e-15
    }
}