{
    "CatBoost_Params": {
        "iterations": 1569,
        "depth": 6,
        "learning_rate": 0.08549364822665426,
        "l2_leaf_reg": 1.4742077370574027,
        "random_strength": 1.1673152481608549,
        "bagging_temperature": 0.38314252977772195,
        "border_count": 83,
        "loss_function": "Focal:focal_alpha=0.20711926835810637;focal_gamma=1.138451518450158",
        "eval_metric": "AUC",
        "random_state": 42,
        "verbose": false,
        "thread_count": -1
    },
    "XGBoost_Params": {
        "n_estimators": 731,
        "max_depth": 10,
        "learning_rate": 0.14683832396379967,
        "subsample": 0.9685113483135727,
        "colsample_bytree": 0.5809972573921429,
        "gamma": 0.3896575065727098,
        "min_child_weight": 1,
        "reg_alpha": 0.0011189825756301702,
        "reg_lambda": 0.0036580055863240086,
        "max_delta_step": 5.77930780687788,
        "scale_pos_weight": 7.365234875209546,
        "objective": "binary:logistic",
        "eval_metric": "auc",
        "random_state": 42,
        "n_jobs": -1,
        "use_label_encoder": false
    },
    "LightGBM_Params": {
        "boosting_type": "gbdt",
        "n_estimators": 1387,
        "num_leaves": 40,
        "learning_rate": 0.016162923120342152,
        "max_depth": 7,
        "min_child_samples": 41,
        "colsample_bytree": 0.9945353830979351,
        "reg_alpha": 0.04053978483151229,
        "reg_lambda": 0.6230891925046829,
        "subsample": 0.7328161529980395,
        "subsample_freq": 10,
        "is_unbalance": true,
        "objective": "binary",
        "metric": "auc",
        "random_state": 42,
        "n_jobs": -1,
        "verbosity": -1
    },
    "RandomForest_Params": {
        "n_estimators": 993,
        "max_depth": 11,
        "min_samples_split": 15,
        "min_samples_leaf": 4,
        "max_features": 0.7,
        "class_weight": "balanced",
        "max_samples": 0.50369504405879,
        "min_impurity_decrease": 0.0012388203603007548,
        "ccp_alpha": 0.003649904989364579,
        "bootstrap": true,
        "random_state": 42,
        "n_jobs": -1
    },
    "Ensemble_Weights": {
        "Cat": 0.248167484998703,
        "XGB": 0.200985848903656,
        "LGBM": 0.2547631561756134,
        "RF": 0.2960835099220276
    }
}