{
    "evaluation_type": "end_to_end_pipeline",
    "description": "Holdout test set (n=514) evaluated through the FULL production inference pipeline. fold_models predict \u2192 average \u2192 meta-features \u2192 meta-learner \u2192 calibrate \u2192 score. These are the metrics of the actual deployed model.",
    "pipeline": "fold_ensemble \u2192 13 meta-features \u2192 xgb_meta \u2192 threshold",
    "best_method": "xgb_meta",
    "holdout_n": 514,
    "cross_check_vs_trainMeta": true,
    "final_model": {
        "AUC": 0.7919154633952159,
        "AUC_95CI": [
            0.7277623593602314,
            0.8533425603761922
        ],
        "Brier": 0.08728340766124583,
        "Brier_95CI": [
            0.06911020012451961,
            0.10544538992697478
        ],
        "optimal_threshold": 0.06931106746196747,
        "clinical_metrics": {
            "sensitivity": 0.8852459016393442,
            "specificity": 0.5540838852097131,
            "ppv": 0.2109375,
            "npv": 0.9728682170542635,
            "tp": 54,
            "tn": 251,
            "fp": 202,
            "fn": 7
        }
    },
    "decision_curve_analysis": {
        "thresholds": [
            0.01,
            0.02,
            0.03,
            0.04,
            0.05,
            0.06,
            0.07,
            0.08,
            0.09,
            0.1,
            0.11,
            0.12,
            0.13,
            0.14,
            0.15,
            0.16,
            0.17,
            0.18,
            0.19,
            0.2,
            0.21,
            0.22,
            0.23,
            0.24,
            0.25,
            0.26,
            0.27,
            0.28,
            0.29,
            0.3,
            0.31,
            0.32,
            0.33,
            0.34,
            0.35000000000000003,
            0.36,
            0.37,
            0.38,
            0.39,
            0.4,
            0.41000000000000003,
            0.42,
            0.43,
            0.44,
            0.45,
            0.46,
            0.47000000000000003,
            0.48,
            0.49,
            0.5,
            0.51,
            0.52,
            0.53,
            0.54,
            0.55,
            0.56,
            0.5700000000000001,
            0.58,
            0.59,
            0.6,
            0.61,
            0.62,
            0.63,
            0.64,
            0.65,
            0.66,
            0.67,
            0.68,
            0.6900000000000001,
            0.7000000000000001,
            0.71,
            0.72,
            0.73,
            0.74,
            0.75,
            0.76,
            0.77,
            0.78,
            0.79,
            0.8,
            0.81,
            0.8200000000000001,
            0.8300000000000001,
            0.84,
            0.85,
            0.86,
            0.87,
            0.88,
            0.89,
            0.9,
            0.91,
            0.92,
            0.93,
            0.9400000000000001,
            0.9500000000000001,
            0.96,
            0.97,
            0.98,
            0.99
        ],
        "net_benefit_model": [
            0.10977479070864285,
            0.1021996347177003,
            0.09360584058726784,
            0.08592736705577173,
            0.07966414089698955,
            0.07575130391588708,
            0.07367892556796786,
            0.06462527491118254,
            0.06011886945739085,
            0.05836575875486381,
            0.053709613955318494,
            0.045896710293597445,
            0.044210385079833624,
            0.04094652067686182,
            0.0449759670405127,
            0.043542708912358716,
            0.03684778022596222,
            0.03421277403435513,
            0.03120046116155066,
            0.0316147859922179,
            0.030685120425552877,
            0.027835977252319666,
            0.02754055283238163,
            0.02672537374564817,
            0.025291828793774323,
            0.022662740561573247,
            0.020787804488033686,
            0.022481625594466058,
            0.02364772291335562,
            0.02056698165647582,
            0.01939886088084362,
            0.018081940947585258,
            0.014983448516173989,
            0.016802263883975942,
            0.01676144866806345,
            0.016780155642023346,
            0.02028904947192885,
            0.021777331492406175,
            0.02841742680359763,
            0.025940337224383915,
            0.018531952779792915,
            0.017710988863544882,
            0.011161171411017818,
            0.010978321289605335,
            0.010788822072868767,
            0.00864677907479464,
            0.008442845606049482,
            0.00823106854235259,
            0.007934691386282139,
            0.007782101167315175,
            0.007623282776145477,
            0.007457846952010376,
            0.007285371305571653,
            0.00710539671798342,
            0.00691742325983571,
            0.006720905553590378,
            0.006515247488915029,
            0.006299796183064667,
            0.0,
            0.0,
            0.0,
            0.0,
            0.0,
            0.0,
            0.0,
            0.0,
            0.0,
            0.0,
            0.0,
            0.0,
            0.0,
            0.0,
            0.0,
            0.0,
            0.0,
            0.0,
            0.0,
            0.0,
            0.0,
            0.0,
            0.0,
            0.0,
            0.0,
            0.0,
            0.0,
            0.0,
            0.0,
            0.0,
            0.0,
            0.0,
            0.0,
            0.0,
            0.0,
            0.0,
            0.0,
            0.0,
            0.0,
            0.0,
            0.0
        ],