{
    "Final_Model": {
        "AUC": 0.7919154633952159,
        "AUC_95CI_lower": 0.7277623593602314,
        "AUC_95CI_upper": 0.8533425603761922,
        "Brier": 0.08728340766124583,
        "Brier_95CI_lower": 0.06911020012451961,
        "Brier_95CI_upper": 0.10544538992697478,
        "Best_Method": "xgb_meta",
        "Optimal_Threshold": 0.16000000000000003
    },
    "LR_Baseline": {
        "AUC": 0.8106611659971772,
        "Brier": 0.17485229610278588,
        "F1_Score": 0.3861003861003861,
        "Sensitivity": 0.819672131147541,
        "Specificity": 0.673289183222958,
        "PPV": 0.25252525252525254,
        "NPV": 0.9651898734177216,
        "Net_Benefit": -0.12066993337211158,
        "Calibration_Slope": 0.8821582035793077,
        "Threshold": 0.4308225271319948
    },
    "TearSense_vs_LR": {
        "AUC_Improvement": -0.01874570260196129,
        "AUC_Improvement_Pct": -2.3123967680014124,
        "Brier_Improvement": 0.08756888844154005
    },
    "Individual_Assessment_Test": {
        "CatBoost": {
            "AUC": 0.7857272102196649,
            "Brier": 0.09007279023058408
        },
        "XGBoost": {
            "AUC": 0.7875728295878117,
            "Brier": 0.10509352448696417
        },
        "LightGBM": {
            "AUC": 0.7717222161907864,
            "Brier": 0.09532695499629319
        },
        "RandomForest": {
            "AUC": 0.7769333767596713,
            "Brier": 0.10755371750949198
        }
    },
    "Self_Assessment_CV": {
        "CatBoost": {
            "AUC": 0.8027480248829608,
            "Brier": 0.09423916432388131
        },
        "XGBoost": {
            "AUC": 0.7872182874833409,
            "Brier": 0.1411807884570245
        },
        "LightGBM": {
            "AUC": 0.7688161641173511,
            "Brier": 0.1051672973034092
        },
        "RandomForest": {
            "AUC": 0.7827033100134958,
            "Brier": 0.1127577442536257
        }
    },
    "Ensemble_Weights": {
        "CatBoost": 0.3815830945968628,
        "XGBoost": 0.16135676205158234,
        "LightGBM": 0.3316159248352051,
        "RandomForest": 0.1254442185163498
    }
}