{
    "tearsense": {
        "AUC": 0.7919154633952159,
        "Brier": 0.08728340766124583
    },
    "logistic_regression": {
        "AUC": 0.8106611659971772,
        "Brier": 0.17485229610278588
    },
    "improvement": {
        "AUC_delta": -0.01874570260196129,
        "AUC_pct": -2.3123967680014124,
        "Brier_delta": -0.08756888844154005
    }
}