{
    "Final_Model": {
        "AUC": 0.7663301125465929,
        "AUC_95CI_lower": 0.6947825546928238,
        "AUC_95CI_upper": 0.8298411902913136,
        "Brier": 0.08858431130647659,
        "Brier_95CI_lower": 0.07009651064872742,
        "Brier_95CI_upper": 0.10663607735186816,
        "Best_Method": "xgb_meta",
        "Optimal_Threshold": 0.17000000000000004
    },
    "LR_Baseline": {
        "AUC": 0.8106611659971772,
        "Brier": 0.17485229610287223,
        "F1_Score": 0.3861003861003861,
        "Sensitivity": 0.819672131147541,
        "Specificity": 0.673289183222958,
        "PPV": 0.25252525252525254,
        "NPV": 0.9651898734177216,
        "Net_Benefit": -0.12066993337262545,
        "Calibration_Slope": 0.8821582035785047,
        "Threshold": 0.43082252713257296
    },
    "TearSense_vs_LR": {
        "AUC_Improvement": -0.0443310534505843,
        "AUC_Improvement_Pct": -5.468505870273631,
        "Brier_Improvement": 0.08626798479639564
    },
    "Individual_Assessment_Test": {
        "CatBoost": {
            "AUC": 0.7547497557268483,
            "Brier": 0.0894992718630625
        },
        "XGBoost": {
            "AUC": 0.767886222994246,
            "Brier": 0.10094383503716041
        },
        "LightGBM": {
            "AUC": 0.7697318423623927,
            "Brier": 0.09572725151176259
        },
        "RandomForest": {
            "AUC": 0.7711793869648609,
            "Brier": 0.09267850830993542
        }
    },
    "Self_Assessment_CV": {
        "CatBoost": {
            "AUC": 0.7982174051420664,
            "Brier": 0.09264326444969583
        },
        "XGBoost": {
            "AUC": 0.7703117091528305,
            "Brier": 0.12232261598110199
        },
        "LightGBM": {
            "AUC": 0.7643714584929487,
            "Brier": 0.10592381650024463
        },
        "RandomForest": {
            "AUC": 0.7790270021416686,
            "Brier": 0.09903466531708968
        }
    },
    "Ensemble_Weights": {
        "CatBoost": 0.17821931838989258,
        "XGBoost": 0.10794911533594131,
        "LightGBM": 0.40390366315841675,
        "RandomForest": 0.30992788076400757
    }
}