{
    "tearsense": {
        "AUC": 0.7663301125465929,
        "Brier": 0.08858431130647659
    },
    "logistic_regression": {
        "AUC": 0.8106611659971772,
        "Brier": 0.17485229610287223
    },
    "improvement": {
        "AUC_delta": -0.0443310534505843,
        "AUC_pct": -5.468505870273631,
        "Brier_delta": -0.08626798479639564
    }
}