{
    "best_method": "xgb_meta",
    "base_models": {
        "CatBoost": {
            "auc": {
                "per_fold": [
                    0.7889841019280641,
                    0.7961218836565097,
                    0.7804285148962632,
                    0.7743230256091357,
                    0.8412572785346826
                ],
                "mean": 0.7962229609249311,
                "std": 0.02370473687242789,
                "min": 0.7743230256091357,
                "max": 0.8412572785346826
            },
            "brier": {
                "per_fold": [
                    0.09201562755829727,
                    0.09325830554802726,
                    0.09486153486454486,
                    0.0939622871181506,
                    0.09027793918206439
                ],
                "mean": 0.09287513885421687,
                "std": 0.0015974155988789528,
                "min": 0.09027793918206439,
                "max": 0.09486153486454486
            },
            "f1": {
                "per_fold": [
                    0.0,
                    0.038461538461538464,
                    0.0,
                    0.04,
                    0.0
                ],
                "mean": 0.015692307692307693,
                "std": 0.019225229971462535,
                "min": 0.0,
                "max": 0.04
            }
        },
        "XGBoost": {
            "auc": {
                "per_fold": [
                    0.7398804825797722,
                    0.7514127423822715,
                    0.7541409915766861,
                    0.7519362315563344,
                    0.8080162813047655
                ],
                "mean": 0.761077345879966,
                "std": 0.02399019889641011,
                "min": 0.7398804825797722,
                "max": 0.8080162813047655
            },
            "brier": {
                "per_fold": [
                    0.1107197421427623,
                    0.11501123386206863,
                    0.11542737866252804,
                    0.11474090212113279,
                    0.10188463167118907
                ],
                "mean": 0.11155677769193617,
                "std": 0.0051245390981580876,
                "min": 0.10188463167118907,
                "max": 0.11542737866252804
            },
            "f1": {
                "per_fold": [
                    0.29545454545454547,
                    0.34782608695652173,
                    0.36363636363636365,
                    0.2619047619047619,
                    0.3076923076923077
                ],
                "mean": 0.3153028131289001,
                "std": 0.0365981443309163,
                "min": 0.2619047619047619,
                "max": 0.36363636363636365
            }
        },
        "LightGBM": {
            "auc": {
                "per_fold": [
                    0.7556658022324951,
                    0.7520221606648199,
                    0.7557238962066821,
                    0.7514274407824072,
                    0.8300073492000678
                ],
                "mean": 0.7689693298172944,
                "std": 0.03057119422299153,
                "min": 0.7514274407824072,
                "max": 0.8300073492000678
            },
            "brier": {
                "per_fold": [
                    0.10363519132007744,
                    0.10794893772508946,
                    0.10832525935957037,
                    0.10911180859847305,
                    0.09456894068297607
                ],
                "mean": 0.10471802753723727,
                "std": 0.005420935570999242,
                "min": 0.09456894068297607,
                "max": 0.10911180859847305
            },
            "f1": {
                "per_fold": [
                    0.35714285714285715,
                    0.3409090909090909,
                    0.3181818181818182,
                    0.30952380952380953,
                    0.29333333333333333
                ],
                "mean": 0.32381818181818184,
                "std": 0.02266299547952279,
                "min": 0.29333333333333333,
                "max": 0.35714285714285715
            }
        },
        "RandomForest": {
            "auc": {
                "per_fold": [
                    0.7531288758597361,
                    0.7907479224376731,
                    0.774096896376279,
                    0.7634688224320199,
                    0.8209056475775905
                ],
                "mean": 0.7804696329366597,
                "std": 0.023739717107540477,
                "min": 0.7531288758597361,
                "max": 0.8209056475775905
            },
            "brier": {
                "per_fold": [
                    0.10819052563744087,
                    0.10256015190739966,
                    0.10851758322171288,
                    0.10597512379804834,
                    0.0968192784186813
                ],
                "mean": 0.10441253259665662,
                "std": 0.0043509811891670495,
                "min": 0.0968192784186813,
                "max": 0.10851758322171288
            },
            "f1": {
                "per_fold": [
                    0.37209302325581395,
                    0.38636363636363635,
                    0.33707865168539325,
                    0.32941176470588235,
                    0.2894736842105263
                ],
                "mean": 0.34288415204425043,
                "std": 0.034092552979682875,
                "min": 0.2894736842105263,
                "max": 0.38636363636363635
            }
        }
    },
    "ensemble": {
        "auc": {
            "per_fold": [
                0.7750028188070808,
                0.7957617728531855,
                0.7815874272146531,
                0.7714964101984284,
                0.8367629600316581
            ],
            "mean": 0.7921222778210011,
            "std": 0.023813953060058807,
            "min": 0.7714964101984284,
            "max": 0.8367629600316581
        },
        "brier": {
            "per_fold": [
                0.09214890934968545,
                0.0900548999505269,
                0.09196984809452188,
                0.09410362488252685,
                0.08468236993463919
            ],
            "mean": 0.09059193044238005,
            "std": 0.0032207497685683797,
            "min": 0.08468236993463919,
            "max": 0.09410362488252685
        },
        "f1": {
            "per_fold": [
                0.04,
                0.10909090909090909,
                0.0,
                0.04,
                0.10909090909090909
            ],
            "mean": 0.05963636363636363,
            "std": 0.042939896492001486,
            "min": 0.0,
            "max": 0.10909090909090909
        }
    },
    "method_comparison": {
        "weighted_avg": {
            "auc": 0.7898851164591381,
            "brier": 0.0913128393909337,
            "score": 0.5277576658880857,
            "calibration": null
        },
        "weighted_avg+isotonic": {
            "auc": 0.7850806705741477,
            "brier": 0.09062563467493204,
            "score": 0.5274802398254463,
            "calibration": "isotonic"
        },
        "weighted_avg+platt": {
            "auc": 0.7888969919599528,
            "brier": 0.09263521086443662,
            "score": 0.5221515878168285,
            "calibration": "platt"
        },
        "logistic": {
            "auc": 0.7947423041881695,
            "brier": 0.18447681379042752,
            "score": 0.17748079137171158,
            "calibration": null
        },
        "logistic+isotonic": {
            "auc": 0.7767266293925398,
            "brier": 0.09140405297430498,
            "score": 0.5195167765306989,
            "calibration": "isotonic"
        },
        "logistic+platt": {
            "auc": 0.7881699664172722,
            "brier": 0.09109765136430527,