{
    "best_method": "xgb_meta",
    "base_models": {
        "CatBoost": {
            "auc": {
                "per_fold": [
                    0.7464764911489457,
                    0.7714681440443213,
                    0.7277969359488947,
                    0.7327152467635255,
                    0.792130702696591
                ],
                "mean": 0.7541175041204556,
                "std": 0.024311569179438754,
                "min": 0.7277969359488947,
                "max": 0.792130702696591
            },
            "brier": {
                "per_fold": [
                    0.0949739280280536,
                    0.09554200533036723,
                    0.09849862592479204,
                    0.09638529763946801,
                    0.09440751041053744
                ],
                "mean": 0.09596147346664366,
                "std": 0.0014270788496598824,
                "min": 0.09440751041053744,
                "max": 0.09849862592479204
            },
            "f1": {
                "per_fold": [
                    0.14035087719298245,
                    0.24615384615384617,
                    0.2,
                    0.19672131147540983,
                    0.1694915254237288
                ],
                "mean": 0.19054351204919345,
                "std": 0.03516414754841379,
                "min": 0.14035087719298245,
                "max": 0.24615384615384617
            }
        },
        "XGBoost": {
            "auc": {
                "per_fold": [
                    0.7583718570301049,
                    0.7455401662049862,
                    0.7462264684267059,
                    0.7294929051953192,
                    0.8092034597772628
                ],
                "mean": 0.7577669713268758,
                "std": 0.027306332661527072,
                "min": 0.7294929051953192,
                "max": 0.8092034597772628
            },
            "brier": {
                "per_fold": [
                    0.10516344363256673,
                    0.11052891589382134,
                    0.11213415866480171,
                    0.1122546109088853,
                    0.09953389986917426
                ],
                "mean": 0.10792300579384988,
                "std": 0.00492503117475765,
                "min": 0.09953389986917426,
                "max": 0.1122546109088853
            },
            "f1": {
                "per_fold": [
                    0.37777777777777777,
                    0.35789473684210527,
                    0.4,
                    0.3023255813953488,
                    0.2631578947368421
                ],
                "mean": 0.3402311981504148,
                "std": 0.05034120736737313,
                "min": 0.2631578947368421,
                "max": 0.4
            }
        },
        "LightGBM": {
            "auc": {
                "per_fold": [
                    0.7532980042845867,
                    0.778781163434903,
                    0.7765843179377014,
                    0.7569110746791792,
                    0.83085533382328
                ],
                "mean": 0.77928597883193,
                "std": 0.02772350389584443,
                "min": 0.7532980042845867,
                "max": 0.83085533382328
            },
            "brier": {
                "per_fold": [
                    0.1116150785198065,
                    0.11069951183126908,
                    0.11462278433036238,
                    0.11342485623579254,
                    0.0960427509359132
                ],
                "mean": 0.10928099637062874,
                "std": 0.006758957626288588,
                "min": 0.0960427509359132,
                "max": 0.11462278433036238
            },
            "f1": {
                "per_fold": [
                    0.35294117647058826,
                    0.4077669902912621,
                    0.37735849056603776,
                    0.34408602150537637,
                    0.4444444444444444
                ],
                "mean": 0.38531942465554175,
                "std": 0.03690957092802907,
                "min": 0.34408602150537637,
                "max": 0.4444444444444444
            }
        },
        "RandomForest": {
            "auc": {
                "per_fold": [
                    0.7610215356860976,
                    0.7998891966759002,
                    0.7752275425405619,
                    0.7658997116852281,
                    0.8193792752558087
                ],
                "mean": 0.7842834523687193,
                "std": 0.02207416694503262,
                "min": 0.7610215356860976,
                "max": 0.8193792752558087
            },
            "brier": {
                "per_fold": [
                    0.115353643888544,
                    0.10992147473703988,
                    0.11601727816616746,
                    0.11262905543140336,
                    0.10402700435266082
                ],
                "mean": 0.1115896913151631,
                "std": 0.004354958615378619,
                "min": 0.10402700435266082,
                "max": 0.11601727816616746
            },
            "f1": {
                "per_fold": [
                    0.40404040404040403,
                    0.3673469387755102,
                    0.3838383838383838,
                    0.3181818181818182,
                    0.35555555555555557
                ],
                "mean": 0.36579262007833435,
                "std": 0.028853230049954215,
                "min": 0.3181818181818182,
                "max": 0.40404040404040403
            }
        }
    },
    "ensemble": {
        "auc": {
            "per_fold": [
                0.7605423384823542,
                0.8000554016620498,
                0.771722539431285,
                0.7746339533043134,
                0.836310701565945
            ],
            "mean": 0.7886529868891895,
            "std": 0.027109609877292006,
            "min": 0.7605423384823542,
            "max": 0.836310701565945
        },
        "brier": {
            "per_fold": [
                0.09467806469378554,
                0.09051224947454302,
                0.09433645555810592,
                0.09382149635151943,
                0.08707159028002565
            ],
            "mean": 0.09208397127159591,
            "std": 0.0029126026903569017,
            "min": 0.08707159028002565,
            "max": 0.09467806469378554
        },
        "f1": {
            "per_fold": [
                0.0,
                0.0,
                0.03508771929824561,
                0.0,
                0.14285714285714285
            ],
            "mean": 0.03558897243107769,
            "std": 0.055328901159084225,
            "min": 0.0,
            "max": 0.14285714285714285
        }
    },
    "method_comparison": {
        "weighted_avg": {
            "auc": 0.7775121771151267,
            "brier": 0.09459818057248931,
            "score": 0.5078789425228435,
            "calibration": null
        },
        "weighted_avg+isotonic": {
            "auc": 0.7627983505748678,
            "brier": 0.0945557995611338,
            "score": 0.4992113159970249,
            "calibration": "isotonic"
        },
        "weighted_avg+platt": {
            "auc": 0.7770575047943169,
            "brier": 0.0945809185753776,
            "score": 0.5076715805769234,
            "calibration": "platt"
        },
        "logistic": {
            "auc": 0.7879727845347593,
            "brier": 0.18709259515699941,
            "score": 0.16350246822694797,
            "calibration": null
        },
        "logistic+isotonic": {
            "auc": 0.7729103080067344,
            "brier": 0.09363658619281086,
            "score": 0.5087632930624985,
            "calibration": "isotonic"
        },
        "logistic+platt": {
            "auc": 0.781705516390712,
            "brier": 0.09266124127877005,