{
    "CatBoost_Params": {
        "iterations": 1974,
        "depth": 5,
        "learning_rate": 0.07111093527326674,
        "l2_leaf_reg": 2.124033068652187,
        "random_strength": 1.1384043792038723,
        "bagging_temperature": 0.5356448091559578,
        "border_count": 131,
        "loss_function": "Focal:focal_alpha=0.28897116755361885;focal_gamma=1.0972760473847043",
        "eval_metric": "AUC",
        "random_state": 42,
        "verbose": false,
        "thread_count": -1
    },
    "XGBoost_Params": {
        "n_estimators": 598,
        "max_depth": 9,
        "learning_rate": 0.07883976298328808,
        "subsample": 0.9175954752200911,
        "colsample_bytree": 0.5547819926879185,
        "gamma": 0.4289242748387953,
        "min_child_weight": 1,
        "reg_alpha": 0.1431065508418449,
        "reg_lambda": 0.00263765432624242,
        "max_delta_step": 9.879574641858031,
        "scale_pos_weight": 8.006629982152408,
        "objective": "binary:logistic",
        "eval_metric": "auc",
        "random_state": 42,
        "n_jobs": -1,
        "use_label_encoder": false
    },
    "LightGBM_Params": {
        "boosting_type": "dart",
        "n_estimators": 1725,
        "num_leaves": 78,
        "learning_rate": 0.0611980741576218,
        "max_depth": 10,
        "min_child_samples": 21,
        "colsample_bytree": 0.7386081915050444,
        "reg_alpha": 0.1031510752574347,
        "reg_lambda": 0.0036859515945188623,
        "subsample": 0.5350703600863143,
        "subsample_freq": 1,
        "drop_rate": 0.12941030927946454,
        "skip_drop": 0.3055219580538636,
        "is_unbalance": true,
        "objective": "binary",
        "metric": "auc",
        "random_state": 42,
        "n_jobs": -1,
        "verbosity": -1
    },
    "RandomForest_Params": {
        "n_estimators": 223,
        "max_depth": 19,
        "min_samples_split": 5,
        "min_samples_leaf": 2,
        "max_features": 0.7,
        "class_weight": "balanced",
        "max_samples": 0.5004869847053008,
        "min_impurity_decrease": 3.945416489088433e-05,
        "ccp_alpha": 2.4510519154991722e-05,
        "bootstrap": true,
        "random_state": 42,
        "n_jobs": -1
    },
    "Ensemble_Weights": {
        "Cat": 0.2092602252960205,
        "XGB": 0.16633692383766174,
        "LGBM": 0.18950331211090088,
        "RF": 0.43489953875541687
    }
}