{
    "best_method": "xgb_meta",
    "base_models": {
        "CatBoost": {
            "auc": {
                "per_fold": [
                    0.7364979140827601,
                    0.7698060941828254,
                    0.7587766408502459,
                    0.7281361297981797,
                    0.8120866074961841
                ],
                "mean": 0.761060677282039,
                "std": 0.029572621988622802,
                "min": 0.7281361297981797,
                "max": 0.8120866074961841
            },
            "brier": {
                "per_fold": [
                    0.09460038302191769,
                    0.09682195487303642,
                    0.0992533198171688,
                    0.09902587957890978,
                    0.09425817424167668
                ],
                "mean": 0.09679194230654187,
                "std": 0.002110576624782684,
                "min": 0.09425817424167668,
                "max": 0.0992533198171688
            },
            "f1": {
                "per_fold": [
                    0.17543859649122806,
                    0.21212121212121213,
                    0.16129032258064516,
                    0.10526315789473684,
                    0.13793103448275862
                ],
                "mean": 0.15840886471411614,
                "std": 0.03585286184430261,
                "min": 0.10526315789473684,
                "max": 0.21212121212121213
            }
        },
        "XGBoost": {
            "auc": {
                "per_fold": [
                    0.760063141278611,
                    0.7559556786703602,
                    0.7424953360845723,
                    0.7488834869127707,
                    0.8092599920854768
                ],
                "mean": 0.7633315270063582,
                "std": 0.023737742534368472,
                "min": 0.7424953360845723,
                "max": 0.8092599920854768
            },
            "brier": {
                "per_fold": [
                    0.1139286427588297,
                    0.11668855126274569,
                    0.1253890752003206,
                    0.11384909571832208,
                    0.10474324732001733
                ],
                "mean": 0.11491972245204707,
                "std": 0.0066094663779072875,
                "min": 0.10474324732001733,
                "max": 0.1253890752003206
            },
            "f1": {
                "per_fold": [
                    0.3673469387755102,
                    0.3925233644859813,
                    0.34545454545454546,
                    0.4421052631578947,
                    0.3958333333333333
                ],
                "mean": 0.388652689041453,
                "std": 0.03238436679716583,
                "min": 0.34545454545454546,
                "max": 0.4421052631578947
            }
        },
        "LightGBM": {
            "auc": {
                "per_fold": [
                    0.7619235539519674,
                    0.7618836565096954,
                    0.760359545480242,
                    0.7545932500423993,
                    0.8279156537961445
                ],
                "mean": 0.7733351319560897,
                "std": 0.02742268312487003,
                "min": 0.7545932500423993,
                "max": 0.8279156537961445
            },
            "brier": {
                "per_fold": [
                    0.10093515397164872,
                    0.1071722624794691,
                    0.10855439033066186,
                    0.10589115752922901,
                    0.09640721093804742
                ],
                "mean": 0.10379203504981123,
                "std": 0.004499103847152351,
                "min": 0.09640721093804742,
                "max": 0.10855439033066186
            },
            "f1": {
                "per_fold": [
                    0.3902439024390244,
                    0.3655913978494624,
                    0.36363636363636365,
                    0.34146341463414637,
                    0.25
                ],
                "mean": 0.3421870157117994,
                "std": 0.04861331804334123,
                "min": 0.25,
                "max": 0.3902439024390244
            }
        },
        "RandomForest": {
            "auc": {
                "per_fold": [
                    0.7525087383019506,
                    0.8132963988919667,
                    0.7847249703205381,
                    0.7559500254395387,
                    0.8206229860365197
                ],
                "mean": 0.7854206237981027,
                "std": 0.028172530779228495,
                "min": 0.7525087383019506,
                "max": 0.8206229860365197
            },
            "brier": {
                "per_fold": [
                    0.11119725432596103,
                    0.10073644449086148,
                    0.10756035089153113,
                    0.10732734535644105,
                    0.09859358810905644
                ],
                "mean": 0.1050829966347702,
                "std": 0.0046810996777587885,
                "min": 0.09859358810905644,
                "max": 0.11119725432596103
            },
            "f1": {
                "per_fold": [
                    0.38202247191011235,
                    0.3488372093023256,
                    0.33707865168539325,
                    0.35294117647058826,
                    0.3058823529411765
                ],
                "mean": 0.3453523724619192,
                "std": 0.02466076691460486,
                "min": 0.3058823529411765,
                "max": 0.38202247191011235
            }
        }
    },
    "ensemble": {
        "auc": {
            "per_fold": [
                0.7546228436125831,
                0.7921329639889196,
                0.7798914579682288,
                0.7608400701000622,
                0.840663689298434
            ],
            "mean": 0.7856302049936456,
            "std": 0.030593825306932807,
            "min": 0.7546228436125831,
            "max": 0.840663689298434
        },
        "brier": {
            "per_fold": [
                0.09495139045230364,
                0.09188444681859256,
                0.0939501463186471,
                0.0938187767061441,
                0.08942107053924528
            ],
            "mean": 0.09280516616698653,
            "std": 0.001961860947767569,
            "min": 0.08942107053924528,
            "max": 0.09495139045230364
        },
        "f1": {
            "per_fold": [
                0.0,
                0.0,
                0.0,
                0.0,
                0.0
            ],
            "mean": 0.0,
            "std": 0.0,
            "min": 0.0,
            "max": 0.0
        }
    },
    "method_comparison": {
        "weighted_avg": {
            "auc": 0.7859551269931304,
            "brier": 0.09346534604646228,
            "score": 0.5172393679071362,
            "calibration": null
        },
        "weighted_avg+isotonic": {
            "auc": 0.776800907543959,
            "brier": 0.09263158014100542,
            "score": 0.5149077014954198,
            "calibration": "isotonic"
        },
        "weighted_avg+platt": {
            "auc": 0.7851920878012766,
            "brier": 0.09428546009616157,
            "score": 0.5136724342807192,
            "calibration": "platt"
        },
        "logistic": {
            "auc": 0.7890981884987049,
            "brier": 0.18642526829278808,
            "score": 0.16670759373782057,
            "calibration": null
        },
        "logistic+isotonic": {
            "auc": 0.7704872646733113,
            "brier": 0.09383900762465278,
            "score": 0.5065420731606877,
            "calibration": "isotonic"
        },
        "logistic+platt": {
            "auc": 0.7791755575363063,
            "brier": 0.09273693979892145,
            "score": 0.5159330656086957,