{
    "tearsense": {
        "model_serial": "05022026_171555_65917",
        "holdout_n": 514,
        "inference_verified": true,
        "stored_AUC": 0.7768248109144863,
        "stored_Brier": 0.0949329614191328,
        "stored_threshold": 0.24000000000000005,
        "AUC": 0.7768248109144863,
        "Brier_Score": 0.09493296135839019,
        "Calibration_Slope": 0.6034245223887948,
        "Calibration_Intercept": -0.8430499052154452,
        "Net_Benefit": 0.03867424645552303,
        "Optimal_Threshold_Used": 0.1578699670732023,
        "Youden_J_Threshold": 0.1578699670732023,
        "F1_Score": 0.38613861386138615,
        "Sensitivity_Recall": 0.639344262295082,
        "Specificity": 0.7748344370860927,
        "PPV_Precision": 0.2765957446808511,
        "NPV": 0.9410187667560321,
        "Confusion_Matrix": {
            "TP": 39,
            "TN": 351,
            "FP": 102,
            "FN": 22
        },
        "AUC_95CI": [
            0.7097708132811286,
            0.8393884086701727
        ],
        "AUC_Text": "0.7768 (0.7098-0.8394)",
        "Brier_Score_95CI": [
            0.07584118672168079,
            0.11310203249946063
        ],
        "Brier_Score_Text": "0.0949 (0.0758-0.1131)",
        "F1_Score_95CI": [
            0.29292929292929293,
            0.47222571189279733
        ],
        "F1_Score_Text": "0.3861 (0.2929-0.4722)",
        "Sensitivity_Recall_95CI": [
            0.507686567164179,
            0.7592777777777778
        ],
        "Sensitivity_Recall_Text": "0.6393 (0.5077-0.7593)",
        "Specificity_95CI": [
            0.7358034683531597,
            0.814317673378076
        ],
        "Specificity_Text": "0.7748 (0.7358-0.8143)",
        "PPV_Precision_95CI": [
            0.2030856346899225,
            0.3537488908606921
        ],
        "PPV_Precision_Text": "0.2766 (0.2031-0.3537)",
        "NPV_95CI": [
            0.9170932364666824,
            0.9650537634408602
        ],
        "NPV_Text": "0.9410 (0.9171-0.9651)",
        "Net_Benefit_95CI": [
            0.01422162250966591,
            0.06493829426537442
        ],
        "Net_Benefit_Text": "0.0387 (0.0142-0.0649)",
        "Calibration_Slope_95CI": [
            0.44801759225753807,
            0.7873893584425382
        ],
        "Calibration_Slope_Text": "0.6034 (0.4480-0.7874)"
    },
    "logistic_regression": {
        "AUC": 0.8106611659971772,
        "Brier_Score": 0.17485229610280642,
        "F1_Score": 0.3861003861003861,
        "Sensitivity_Recall": 0.819672131147541,
        "Specificity": 0.673289183222958,
        "PPV_Precision": 0.25252525252525254,
        "NPV": 0.9651898734177216,
        "Net_Benefit": -0.12066993337223451,
        "Calibration_Slope": 0.8821582035791161,
        "Calibration_Intercept": -1.9580869173522404,
        "Threshold_Used": 0.43082252713213315,
        "Confusion_Matrix": {
            "TP": 50,
            "TN": 305,
            "FP": 148,
            "FN": 11
        },
        "AUC_95CI": [
            0.7521794662966538,
            0.8631149614337568
        ],
        "Brier_Score_95CI": [
            0.15675797066713185,
            0.19277571042690916
        ],
        "F1_Score_95CI": [
            0.309478021978022,
            0.4545624151967435
        ],
        "Sensitivity_Recall_95CI": [
            0.7212933944069432,
            0.9111403508771929
        ],
        "Specificity_95CI": [
            0.6296276469188675,
            0.715232159296766
        ],
        "PPV_Precision_95CI": [
            0.19288327256261767,
            0.31156296186816435
        ],
        "NPV_95CI": [
            0.9438819353633476,
            0.984178463043565
        ],
        "Net_Benefit_95CI": [
            -0.16230365857180526,
            -0.07807198326155126
        ],
        "Calibration_Slope_95CI": [
            0.6671257244850478,
            1.1635364636314967
        ]
    },
    "lr_formula": "z = -0.7181 + 1.1932 \u00d7 tear_characteristics_Tear_MedLat + 0.7155 \u00d7 tear_characteristics_Full_3.0\n    - 0.7025 \u00d7 Tear_Area_cm2 + 0.4783 \u00d7 Tear_AP_ML_Ratio + 0.4497 \u00d7 InsuranceType_5.0\n    + 0.3984 \u00d7 Aged + 0.3697 \u00d7 tear_characteristics_Full_nan + 0.3136 \u00d7 Gender_M + 0.3018 \u00d7 Pre-Op_ROM_Pre-Op_IR + 0.2575 \u00d7 tear_characteristics_Tear_AntPost\n    + ... (30 more terms)\n\nP(retear) = 1 / (1 + exp(-z))",
    "comparison": {
        "AUC_difference": -0.033836355082690894,
        "Brier_difference": -0.07991933474441623,
        "TearSense_better_AUC": false,
        "TearSense_better_Brier": true
    }
}