{
    "evaluation_type": "end_to_end_pipeline",
    "description": "Holdout test set (n=514) evaluated through the FULL production inference pipeline. fold_models predict \u2192 average \u2192 meta-features \u2192 meta-learner \u2192 calibrate \u2192 score. These are the metrics of the actual deployed model.",
    "pipeline": "fold_ensemble \u2192 13 meta-features \u2192 xgb_meta \u2192 threshold",
    "best_method": "xgb_meta",
    "holdout_n": 514,
    "cross_check_vs_trainMeta": true,
    "final_model": {
        "AUC": 0.767397676690913,
        "AUC_95CI": [
            0.6976201287520291,
            0.8310518622637525
        ],
        "Brier": 0.08946691525296357,
        "Brier_95CI": [
            0.07110449051442773,
            0.10682627336808344
        ],
        "optimal_threshold": 0.13295745849609375,
        "clinical_metrics": {
            "sensitivity": 0.6229508196721312,
            "specificity": 0.7770419426048565,
            "ppv": 0.2733812949640288,
            "npv": 0.9386666666666666,
            "tp": 38,
            "tn": 352,
            "fp": 101,
            "fn": 23
        }
    },
    "decision_curve_analysis": {
        "thresholds": [
            0.01,
            0.02,
            0.03,
            0.04,
            0.05,
            0.06,
            0.07,
            0.08,
            0.09,
            0.1,
            0.11,
            0.12,
            0.13,
            0.14,
            0.15,
            0.16,
            0.17,
            0.18,
            0.19,
            0.2,
            0.21,
            0.22,
            0.23,
            0.24,
            0.25,
            0.26,
            0.27,
            0.28,
            0.29,
            0.3,
            0.31,
            0.32,
            0.33,
            0.34,
            0.35000000000000003,
            0.36,
            0.37,
            0.38,
            0.39,
            0.4,
            0.41000000000000003,
            0.42,
            0.43,
            0.44,
            0.45,
            0.46,
            0.47000000000000003,
            0.48,
            0.49,
            0.5,
            0.51,
            0.52,
            0.53,
            0.54,
            0.55,
            0.56,
            0.5700000000000001,
            0.58,
            0.59,
            0.6,
            0.61,
            0.62,
            0.63,
            0.64,
            0.65,
            0.66,
            0.67,
            0.68,
            0.6900000000000001,
            0.7000000000000001,
            0.71,
            0.72,
            0.73,
            0.74,
            0.75,
            0.76,
            0.77,
            0.78,
            0.79,
            0.8,
            0.81,
            0.8200000000000001,
            0.8300000000000001,
            0.84,
            0.85,
            0.86,
            0.87,
            0.88,
            0.89,
            0.9,
            0.91,
            0.92,
            0.93,
            0.9400000000000001,
            0.9500000000000001,
            0.96,
            0.97,
            0.98,
            0.99
        ],
        "net_benefit_model": [
            0.10977479070864285,
            0.10247756690224727,
            0.09075775201572465,
            0.08333333333333333,
            0.07823059594511571,
            0.07161188840135774,
            0.06754947491736747,
            0.06048046015902554,
            0.051524351135246074,
            0.04777345438824038,
            0.04732654221134088,
            0.042094092677750265,
            0.043696050807281187,
            0.03931770880463306,
            0.03753719386587319,
            0.035390031498980914,
            0.03391777225634053,
            0.03426022587074121,
            0.03132055531536725,
            0.029182879377431907,
            0.028739595133724084,
            0.029482190960790182,
            0.02928394562635808,
            0.028568502969485977,
            0.027885862516212712,
            0.02460826585340204,
            0.02395927722402857,
            0.024102896670990054,
            0.019674467035677098,
            0.020011117287381877,
            0.018722156431511868,
            0.017395284962233918,
            0.015041523898019625,
            0.01668435326022874,
            0.01750972762645914,
            0.013740272373540856,
            0.012970168612191958,
            0.010543491904104432,
            0.008962173885309689,
            0.010376134889753566,
            0.009562751434412715,
            0.00744666577217228,
            0.008737797801897741,
            0.008615897720956087,
            0.008489564909798374,
            0.008358553105634818,
            0.008222597459804713,
            0.008081412750673452,
            0.007934691386282139,
            0.009727626459143969,
            0.00964821726355912,
            0.00956549935149157,
            0.009479261528272208,
            0.009389274234478091,
            0.007349762213575443,
            0.0,
            0.0,
            0.0,
            0.0,
            0.0,
            0.0,
            0.0,
            0.0,
            0.0,
            0.0,
            0.0,
            0.0,
            0.0,
            0.0,
            0.0,
            0.0,
            0.0,
            0.0,
            0.0,
            0.0,
            0.0,
            0.0,
            0.0,
            0.0,
            0.0,
            0.0,
            0.0,
            0.0,
            0.0,
            0.0,
            0.0,
            0.0,
            0.0,
            0.0,
            0.0,
            0.0,
            0.0,
            0.0,
            0.0,
            0.0,
            0.0,
            0.0,
            0.0,
            0.0
        ],