{
    "Final_Model": {
        "AUC": 0.767397676690913,
        "AUC_95CI_lower": 0.6976201287520291,
        "AUC_95CI_upper": 0.8310518622637525,
        "Brier": 0.08946691525296357,
        "Brier_95CI_lower": 0.07110449051442773,
        "Brier_95CI_upper": 0.10682627336808344,
        "Best_Method": "xgb_meta",
        "Optimal_Threshold": 0.25000000000000006
    },
    "LR_Baseline": {
        "AUC": 0.8106611659971772,
        "Brier": 0.17485229610278588,
        "F1_Score": 0.3861003861003861,
        "Sensitivity": 0.819672131147541,
        "Specificity": 0.673289183222958,
        "PPV": 0.25252525252525254,
        "NPV": 0.9651898734177216,
        "Net_Benefit": -0.12066993337211158,
        "Calibration_Slope": 0.8821582035793077,
        "Threshold": 0.4308225271319948
    },
    "TearSense_vs_LR": {
        "AUC_Improvement": -0.043263489306264225,
        "AUC_Improvement_Pct": -5.3368153207446065,
        "Brier_Improvement": 0.0853853808498223
    },
    "Individual_Assessment_Test": {
        "CatBoost": {
            "AUC": 0.7634350233416567,
            "Brier": 0.08899806248105806
        },
        "XGBoost": {
            "AUC": 0.7699851626678247,
            "Brier": 0.09392839305362617
        },
        "LightGBM": {
            "AUC": 0.7737487786342416,
            "Brier": 0.09455495713422421
        },
        "RandomForest": {
            "AUC": 0.7706003691238736,
            "Brier": 0.08972127512622982
        }
    },
    "Self_Assessment_CV": {
        "CatBoost": {
            "AUC": 0.7993102646118057,
            "Brier": 0.09225987387049976
        },
        "XGBoost": {
            "AUC": 0.7637600706372752,
            "Brier": 0.11319058258020007
        },
        "LightGBM": {
            "AUC": 0.7715871036374635,
            "Brier": 0.10327014485782897
        },
        "RandomForest": {
            "AUC": 0.777051870110619,
            "Brier": 0.09627864558482542
        }
    },
    "Ensemble_Weights": {
        "CatBoost": 0.2898108959197998,
        "XGBoost": 0.16257722675800323,
        "LightGBM": 0.3395331799983978,
        "RandomForest": 0.20807871222496033
    }
}