{
    "tearsense": {
        "AUC": 0.767397676690913,
        "Brier": 0.08946691525296357
    },
    "logistic_regression": {
        "AUC": 0.8106611659971772,
        "Brier": 0.17485229610278588
    },
    "improvement": {
        "AUC_delta": -0.043263489306264225,
        "AUC_pct": -5.3368153207446065,
        "Brier_delta": -0.0853853808498223
    }
}