{
    "CatBoost_Params": {
        "iterations": 2322,
        "depth": 3,
        "learning_rate": 0.12737562953460613,
        "l2_leaf_reg": 2.198667042754739,
        "random_strength": 4.385250168044779,
        "bagging_temperature": 0.2491942604623703,
        "border_count": 80,
        "loss_function": "Focal:focal_alpha=0.3292542184471878;focal_gamma=1.017772126473376",
        "eval_metric": "AUC",
        "random_state": 42,
        "verbose": false,
        "thread_count": -1
    },
    "XGBoost_Params": {
        "n_estimators": 1006,
        "max_depth": 7,
        "learning_rate": 0.04089096956318963,
        "subsample": 0.9252013257475296,
        "colsample_bytree": 0.8474790732011429,
        "gamma": 1.2802075352429354,
        "min_child_weight": 9,
        "reg_alpha": 0.03179912422755939,
        "reg_lambda": 3.0028646938636077,
        "max_delta_step": 4.4183413423193665,
        "scale_pos_weight": 10.529090247954105,
        "objective": "binary:logistic",
        "eval_metric": "auc",
        "random_state": 42,
        "n_jobs": -1,
        "use_label_encoder": false
    },
    "LightGBM_Params": {
        "boosting_type": "dart",
        "n_estimators": 918,
        "num_leaves": 67,
        "learning_rate": 0.02698621831686076,
        "max_depth": 12,
        "min_child_samples": 14,
        "colsample_bytree": 0.9072983926719853,
        "reg_alpha": 0.035859214942609366,
        "reg_lambda": 0.40425347526209676,
        "subsample": 0.5412563261457782,
        "subsample_freq": 5,
        "drop_rate": 0.28538282721942293,
        "skip_drop": 0.5418444482065448,
        "is_unbalance": true,
        "objective": "binary",
        "metric": "auc",
        "random_state": 42,
        "n_jobs": -1,
        "verbosity": -1
    },
    "RandomForest_Params": {
        "n_estimators": 715,
        "max_depth": 21,
        "min_samples_split": 15,
        "min_samples_leaf": 3,
        "max_features": 0.7,
        "class_weight": "balanced_subsample",
        "max_samples": 0.5010989145514186,
        "min_impurity_decrease": 0.001376320627886974,
        "ccp_alpha": 0.0017463263567629329,
        "bootstrap": true,
        "random_state": 42,
        "n_jobs": -1
    },
    "Ensemble_Weights": {
        "Cat": 0.16036036610603333,
        "XGB": 0.12030445784330368,
        "LGBM": 0.36366555094718933,
        "RF": 0.3556695878505707
    }
}