{
    "Final_Model": {
        "AUC": 0.7747801541635002,
        "AUC_95CI_lower": 0.7105976457886624,
        "AUC_95CI_upper": 0.8341880599758645,
        "Brier": 0.08992331983697824,
        "Brier_95CI_lower": 0.07170556351489585,
        "Brier_95CI_upper": 0.10671659178650866,
        "Best_Method": "weighted_avg+isotonic",
        "Optimal_Threshold": 0.15000000000000002
    },
    "LR_Baseline": {
        "AUC": 0.8106611659971772,
        "Brier": 0.17485229610287223,
        "F1_Score": 0.3861003861003861,
        "Sensitivity": 0.819672131147541,
        "Specificity": 0.673289183222958,
        "PPV": 0.25252525252525254,
        "NPV": 0.9651898734177216,
        "Net_Benefit": -0.12066993337262545,
        "Calibration_Slope": 0.8821582035785047,
        "Threshold": 0.43082252713257296
    },
    "TearSense_vs_LR": {
        "AUC_Improvement": -0.03588101183367698,
        "AUC_Improvement_Pct": -4.426141690103103,
        "Brier_Improvement": 0.08492897626589399
    },
    "Individual_Assessment_Test": {
        "CatBoost": {
            "AUC": 0.7804436724206564,
            "Brier": 0.08843922469202928
        },
        "XGBoost": {
            "AUC": 0.7741468533999204,
            "Brier": 0.09440451639311848
        },
        "LightGBM": {
            "AUC": 0.7726993087974524,
            "Brier": 0.09066101544715532
        },
        "RandomForest": {
            "AUC": 0.7718669706510332,
            "Brier": 0.08903258173116732
        }
    },
    "Self_Assessment_CV": {
        "CatBoost": {
            "AUC": 0.7981347261728032,
            "Brier": 0.09334110220657124
        },
        "XGBoost": {
            "AUC": 0.7745896479036665,
            "Brier": 0.117121671885252
        },
        "LightGBM": {
            "AUC": 0.775025944581472,
            "Brier": 0.1007312326331079
        },
        "RandomForest": {
            "AUC": 0.7730864453952561,
            "Brier": 0.095665868825801
        }
    },
    "Ensemble_Weights": {
        "CatBoost": 3.599184130333571e-14,
        "XGBoost": 0.999999999999666,
        "LightGBM": 2.0154364288593735e-13,
        "RandomForest": 9.640777759453656e-14
    }
}