{
    "tearsense": {
        "AUC": 0.7747801541635002,
        "Brier": 0.08992331983697824
    },
    "logistic_regression": {
        "AUC": 0.8106611659971772,
        "Brier": 0.17485229610287223
    },
    "improvement": {
        "AUC_delta": -0.03588101183367698,
        "AUC_pct": -4.426141690103103,
        "Brier_delta": -0.08492897626589399
    }
}