{
    "tearsense": {
        "model_serial": "04022026_182718_21112",
        "holdout_n": 514,
        "inference_verified": true,
        "stored_AUC": 0.7884594506568233,
        "stored_Brier": 0.0882384034739569,
        "stored_threshold": 0.17000000000000004,
        "AUC": 0.7884594506568233,
        "Brier_Score": 0.08823840320110321,
        "Calibration_Slope": 1.3074233158436752,
        "Calibration_Intercept": 0.42029961868694526,
        "Net_Benefit": 0.041653596069033155,
        "Optimal_Threshold_Used": 0.164691761136055,
        "Youden_J_Threshold": 0.164691761136055,
        "F1_Score": 0.42105263157894735,
        "Sensitivity_Recall": 0.5901639344262295,
        "Specificity": 0.8366445916114791,
        "PPV_Precision": 0.32727272727272727,
        "NPV": 0.9381188118811881,
        "Confusion_Matrix": {
            "TP": 36,
            "TN": 379,
            "FP": 74,
            "FN": 25
        },
        "AUC_95CI": [
            0.7224022304167025,
            0.8511733922949574
        ],
        "AUC_Text": "0.7885 (0.7224-0.8512)",
        "Brier_Score_95CI": [
            0.07001065798103809,
            0.10545540638267993
        ],
        "Brier_Score_Text": "0.0882 (0.0700-0.1055)",
        "F1_Score_95CI": [
            0.32368147057767566,
            0.5091295938104448
        ],
        "F1_Score_Text": "0.4211 (0.3237-0.5091)",
        "Sensitivity_Recall_95CI": [
            0.4642457356076759,
            0.7144432773109243
        ],
        "Sensitivity_Recall_Text": "0.5902 (0.4642-0.7144)",
        "Specificity_95CI": [
            0.8025835190410072,
            0.871688497528766
        ],
        "Specificity_Text": "0.8366 (0.8026-0.8717)",
        "PPV_Precision_95CI": [
            0.23853211009174313,
            0.4174757281553398
        ],
        "PPV_Precision_Text": "0.3273 (0.2385-0.4175)",
        "NPV_95CI": [
            0.9144201843329018,
            0.9607366645758395
        ],
        "NPV_Text": "0.9381 (0.9144-0.9607)",
        "Net_Benefit_95CI": [
            0.018746075178701554,
            0.06577527993265382
        ],
        "Net_Benefit_Text": "0.0417 (0.0187-0.0658)",
        "Calibration_Slope_95CI": [
            0.9733023243799016,
            1.7078854507422732
        ],
        "Calibration_Slope_Text": "1.3074 (0.9733-1.7079)"
    },
    "logistic_regression": "Not available (no training data)",
    "lr_formula": null
}