{
    "tearsense": {
        "model_serial": "04022026_154615_32481",
        "holdout_n": 514,
        "inference_verified": true,
        "stored_AUC": 0.7723012340317735,
        "stored_Brier": 0.09196341624255133,
        "stored_threshold": 0.39000000000000007,
        "AUC": 0.7723012340317735,
        "Brier_Score": 0.09196341607514891,
        "Calibration_Slope": 0.5844103277274074,
        "Calibration_Intercept": -0.7497031672350433,
        "Net_Benefit": 0.08558497693180095,
        "Optimal_Threshold_Used": 0.04003977160900839,
        "Youden_J_Threshold": 0.04003977160900839,
        "F1_Score": 0.3212121212121212,
        "Sensitivity_Recall": 0.8688524590163934,
        "Specificity": 0.5231788079470199,
        "PPV_Precision": 0.1970260223048327,
        "NPV": 0.9673469387755103,
        "Confusion_Matrix": {
            "TP": 53,
            "TN": 237,
            "FP": 216,
            "FN": 8
        },
        "AUC_95CI": [
            0.7101903630899224,
            0.8326689811753901
        ],
        "AUC_Text": "0.7723 (0.7102-0.8327)",
        "Brier_Score_95CI": [
            0.07282241858881162,
            0.11034146012594377
        ],
        "Brier_Score_Text": "0.0920 (0.0728-0.1103)",
        "F1_Score_95CI": [
            0.253680749181719,
            0.3841862990415939
        ],
        "F1_Score_Text": "0.3212 (0.2537-0.3842)",
        "Sensitivity_Recall_95CI": [
            0.7741720430107527,
            0.9508395029085139
        ],
        "Sensitivity_Recall_Text": "0.8689 (0.7742-0.9508)",
        "Specificity_95CI": [
            0.47776143790849673,
            0.5701362504912878
        ],
        "Specificity_Text": "0.5232 (0.4778-0.5701)",
        "PPV_Precision_95CI": [
            0.1505740703109124,
            0.2443650183853795
        ],
        "PPV_Precision_Text": "0.1970 (0.1506-0.2444)",
        "NPV_95CI": [
            0.9425176407935029,
            0.988
        ],
        "NPV_Text": "0.9673 (0.9425-0.9880)",
        "Net_Benefit_95CI": [
            0.05842674167465499,
            0.11339442100778661
        ],
        "Net_Benefit_Text": "0.0856 (0.0584-0.1134)",
        "Calibration_Slope_95CI": [
            0.43654032360397543,
            0.7517025904645895
        ],
        "Calibration_Slope_Text": "0.5844 (0.4365-0.7517)"
    },
    "logistic_regression": "Not available (no training data)",
    "lr_formula": null
}