{
    "evaluation_type": "end_to_end_pipeline",
    "description": "Holdout test set (n=514) evaluated through the FULL production inference pipeline. fold_models predict \u2192 average \u2192 meta-features \u2192 meta-learner \u2192 calibrate \u2192 score. These are the metrics of the actual deployed model.",
    "pipeline": "fold_ensemble \u2192 13 meta-features \u2192 logistic \u2192 platt \u2192 threshold",
    "best_method": "logistic+platt",
    "holdout_n": 514,
    "cross_check_vs_trainMeta": true,
    "final_model": {
        "AUC": 0.7778019035211523,
        "AUC_95CI": [
            0.7103908101797375,
            0.8390780352545059
        ],
        "Brier": 0.08938609317273828,
        "Brier_95CI": [
            0.07082253160409438,
            0.1072483115471261
        ],
        "optimal_threshold": 0.1395645440409297,
        "clinical_metrics": {
            "sensitivity": 0.6229508196721312,
            "specificity": 0.8013245033112583,
            "ppv": 0.296875,
            "npv": 0.9404145077720207,
            "tp": 38,
            "tn": 363,
            "fp": 90,
            "fn": 23
        }
    },
    "decision_curve_analysis": {
        "thresholds": [
            0.01,
            0.02,
            0.03,
            0.04,
            0.05,
            0.06,
            0.07,
            0.08,
            0.09,
            0.1,
            0.11,
            0.12,
            0.13,
            0.14,
            0.15,
            0.16,
            0.17,
            0.18,
            0.19,
            0.2,
            0.21,
            0.22,
            0.23,
            0.24,
            0.25,
            0.26,
            0.27,
            0.28,
            0.29,
            0.3,
            0.31,
            0.32,
            0.33,
            0.34,
            0.35000000000000003,
            0.36,
            0.37,
            0.38,
            0.39,
            0.4,
            0.41000000000000003,
            0.42,
            0.43,
            0.44,
            0.45,
            0.46,
            0.47000000000000003,
            0.48,
            0.49,
            0.5,
            0.51,
            0.52,
            0.53,
            0.54,
            0.55,
            0.56,
            0.5700000000000001,
            0.58,
            0.59,
            0.6,
            0.61,
            0.62,
            0.63,
            0.64,
            0.65,
            0.66,
            0.67,
            0.68,
            0.6900000000000001,
            0.7000000000000001,
            0.71,
            0.72,
            0.73,
            0.74,
            0.75,
            0.76,
            0.77,
            0.78,
            0.79,
            0.8,
            0.81,
            0.8200000000000001,
            0.8300000000000001,
            0.84,
            0.85,
            0.86,
            0.87,
            0.88,
            0.89,
            0.9,
            0.91,
            0.92,
            0.93,
            0.9400000000000001,
            0.9500000000000001,
            0.96,
            0.97,
            0.98,
            0.99
        ],
        "net_benefit_model": [
            0.10977479070864285,
            0.10069086000158818,
            0.09141963175418187,
            0.08195525291828792,
            0.07925455662502559,
            0.07529596820928885,
            0.0656457888791264,
            0.058365758754863814,
            0.05577885149869586,
            0.04734111543450065,
            0.048485113452542306,
            0.04448178280863106,
            0.04544031486202424,
            0.04379694145326214,
            0.041542687113756006,
            0.040763387066889006,
            0.037058740799774975,
            0.03687007687197494,
            0.02937503002353846,
            0.02869649805447471,
            0.027188100280746693,
            0.026439189863314377,
            0.027338420334529285,
            0.027237354085603113,
            0.024643320363164724,
            0.02502891997055421,
            0.02697084377165396,
            0.021833117163856462,
            0.022661259385104403,
            0.023346303501945526,
            0.025404612868662944,
            0.02483405813687343,
            0.0244497357570126,
            0.024053767244428724,
            0.023795270876982938,
            0.02152237354085603,
            0.02072138842566858,
            0.016631103301117108,
            0.016425336480193915,
            0.011673151750972763,
            0.008969201345380201,
            0.006909969139943647,
            0.004368898900948871,
            0.0038910505836575876,
            0.0,
            0.0,
            0.0,
            0.0,
            0.0,
            0.0,
            0.0,
            0.0,
            0.0,
            0.0,
            0.0,
            0.0,
            0.0,
            0.0,
            0.0,
            0.0,
            0.0,
            0.0,
            0.0,
            0.0,
            0.0,
            0.0,
            0.0,
            0.0,
            0.0,
            0.0,
            0.0,
            0.0,
            0.0,
            0.0,
            0.0,
            0.0,
            0.0,
            0.0,
            0.0,
            0.0,
            0.0,
            0.0,
            0.0,
            0.0,
            0.0,
            0.0,
            0.0,
            0.0,
            0.0,
            0.0,
            0.0,
            0.0,
            0.0,
            0.0,
            0.0,
            0.0,
            0.0,
            0.0,
            0.0
        ],