{
    "CatBoost_Params": {
        "iterations": 1475,
        "depth": 8,
        "learning_rate": 0.08469397743895805,
        "l2_leaf_reg": 1.0896977101520275,
        "random_strength": 4.131497597717575,
        "bagging_temperature": 0.806350094326578,
        "border_count": 157,
        "loss_function": "Focal:focal_alpha=0.16250685438050155;focal_gamma=1.1235191717036712",
        "eval_metric": "AUC",
        "random_state": 42,
        "verbose": false,
        "thread_count": -1
    },
    "XGBoost_Params": {
        "n_estimators": 486,
        "max_depth": 10,
        "learning_rate": 0.10655663397639815,
        "subsample": 0.6266047121431049,
        "colsample_bytree": 0.6096459265096386,
        "gamma": 1.3913539895947529,
        "min_child_weight": 1,
        "reg_alpha": 0.05071021397664787,
        "reg_lambda": 0.0034172668390575517,
        "max_delta_step": 7.800177476769422,
        "scale_pos_weight": 9.319391577016713,
        "objective": "binary:logistic",
        "eval_metric": "auc",
        "random_state": 42,
        "n_jobs": -1,
        "use_label_encoder": false
    },
    "LightGBM_Params": {
        "boosting_type": "dart",
        "n_estimators": 1637,
        "num_leaves": 89,
        "learning_rate": 0.018481541116983486,
        "max_depth": 10,
        "min_child_samples": 19,
        "colsample_bytree": 0.8822181089223444,
        "reg_alpha": 1.1038833687821423,
        "reg_lambda": 0.0436078232158325,
        "subsample": 0.9489000773694793,
        "subsample_freq": 4,
        "drop_rate": 0.08694202576246718,
        "skip_drop": 0.36679706163978687,
        "is_unbalance": true,
        "objective": "binary",
        "metric": "auc",
        "random_state": 42,
        "n_jobs": -1,
        "verbosity": -1
    },
    "RandomForest_Params": {
        "n_estimators": 417,
        "max_depth": 23,
        "min_samples_split": 5,
        "min_samples_leaf": 2,
        "max_features": 0.7,
        "class_weight": "balanced",
        "max_samples": 0.5377306403175058,
        "min_impurity_decrease": 0.0003220230877896131,
        "ccp_alpha": 0.00045975521999060305,
        "bootstrap": true,
        "random_state": 42,
        "n_jobs": -1
    },
    "Ensemble_Weights": {
        "Cat": 4.362010429772471e-14,
        "XGB": 0.9999999999996237,
        "LGBM": 2.0067836281612017e-13,
        "RF": 1.3177885228138701e-13
    }
}