{
    "Final_Model": {
        "AUC": 0.761951290124127,
        "AUC_95CI_lower": 0.6951618972185648,
        "AUC_95CI_upper": 0.8259807402742184,
        "Brier": 0.09928430060647694,
        "Brier_95CI_lower": 0.07996251957007768,
        "Brier_95CI_upper": 0.11914673429559774,
        "Best_Method": "weighted_avg",
        "Optimal_Threshold": 0.35000000000000003
    },
    "Individual_Assessment_Test": {
        "CatBoost": {
            "AUC": 0.771034632504614,
            "Brier": 0.08828044257868531
        },
        "XGBoost": {
            "AUC": 0.7799732204248544,
            "Brier": 0.09606657511428048
        },
        "LightGBM": {
            "AUC": 0.761951290124127,
            "Brier": 0.09928430060647703
        },
        "RandomForest": {
            "AUC": 0.7746173053957225,
            "Brier": 0.09070672131750458
        }
    },
    "Self_Assessment_CV": {
        "CatBoost": {
            "AUC": 0.7987056162818045,
            "Brier": 0.0934089681937003
        },
        "XGBoost": {
            "AUC": 0.7808518638014885,
            "Brier": 0.11501028091382184
        },
        "LightGBM": {
            "AUC": 0.7587112501479678,
            "Brier": 0.11091209085967972
        },
        "RandomForest": {
            "AUC": 0.7782404103558445,
            "Brier": 0.09684233590203814
        }
    },
    "Ensemble_Weights": {
        "CatBoost": 1.0257460248661477e-15,
        "XGBoost": 1.4654943925052066e-15,
        "LightGBM": 0.999999999999995,
        "RandomForest": 2.522445996248309e-15
    }
}