{
    "CatBoost_Params": {
        "iterations": 1198,
        "depth": 4,
        "learning_rate": 0.11435229838273486,
        "l2_leaf_reg": 9.759013875849648,
        "random_strength": 4.378310156227423,
        "bagging_temperature": 0.4102924455497343,
        "border_count": 229,
        "loss_function": "Focal:focal_alpha=0.3625775696380519;focal_gamma=1.0150791612956698",
        "eval_metric": "AUC",
        "random_state": 42,
        "verbose": false,
        "thread_count": -1
    },
    "XGBoost_Params": {
        "n_estimators": 597,
        "max_depth": 10,
        "learning_rate": 0.12461828735815862,
        "subsample": 0.9148986824047283,
        "colsample_bytree": 0.5856084693670046,
        "gamma": 1.1981771155555603,
        "min_child_weight": 5,
        "reg_alpha": 0.001116864208786115,
        "reg_lambda": 0.009771183805465959,
        "max_delta_step": 6.507163001789743,
        "scale_pos_weight": 15.396278664529444,
        "objective": "binary:logistic",
        "eval_metric": "auc",
        "random_state": 42,
        "n_jobs": -1,
        "use_label_encoder": false
    },
    "LightGBM_Params": {
        "boosting_type": "gbdt",
        "n_estimators": 1488,
        "num_leaves": 24,
        "learning_rate": 0.012152010880553626,
        "max_depth": 6,
        "min_child_samples": 17,
        "colsample_bytree": 0.5695081758581252,
        "reg_alpha": 0.033036242087612286,
        "reg_lambda": 0.05480289388848125,
        "subsample": 0.6187636183224372,
        "subsample_freq": 6,
        "is_unbalance": true,
        "objective": "binary",
        "metric": "auc",
        "random_state": 42,
        "n_jobs": -1,
        "verbosity": -1
    },
    "RandomForest_Params": {
        "n_estimators": 795,
        "max_depth": 16,
        "min_samples_split": 15,
        "min_samples_leaf": 7,
        "max_features": 0.7,
        "class_weight": "balanced_subsample",
        "max_samples": 0.8855332654418946,
        "min_impurity_decrease": 0.0016178322776573488,
        "ccp_alpha": 0.00012318970038213413,
        "bootstrap": true,
        "random_state": 42,
        "n_jobs": -1
    },
    "Ensemble_Weights": {
        "Cat": 0.44024285674095154,
        "XGB": 0.04400341212749481,
        "LGBM": 0.395562082529068,
        "RF": 0.12019166350364685
    }
}