{
    "best_method": "xgb_meta",
    "base_models": {
        "CatBoost": {
            "auc": {
                "per_fold": [
                    0.7323260796031119,
                    0.7571191135734072,
                    0.7415342868449318,
                    0.7272881451749675,
                    0.7919611057719487
                ],
                "mean": 0.7500457461936734,
                "std": 0.023286347172183697,
                "min": 0.7272881451749675,
                "max": 0.7919611057719487
            },
            "brier": {
                "per_fold": [
                    0.09863048271951207,
                    0.09716726498427003,
                    0.09923725921478241,
                    0.09650462676058066,
                    0.09652618397622098
                ],
                "mean": 0.09761316353107324,
                "std": 0.001120877242096629,
                "min": 0.09650462676058066,
                "max": 0.09923725921478241
            },
            "f1": {
                "per_fold": [
                    0.1875,
                    0.2857142857142857,
                    0.19047619047619047,
                    0.19047619047619047,
                    0.16666666666666666
                ],
                "mean": 0.20416666666666666,
                "std": 0.04173463843561453,
                "min": 0.16666666666666666,
                "max": 0.2857142857142857
            }
        },
        "XGBoost": {
            "auc": {
                "per_fold": [
                    0.7601758935618447,
                    0.7606094182825485,
                    0.7742664933009215,
                    0.7618859178020239,
                    0.8283679122618577
                ],
                "mean": 0.7770611270418392,
                "std": 0.026177291661306796,
                "min": 0.7601758935618447,
                "max": 0.8283679122618577
            },
            "brier": {
                "per_fold": [
                    0.10528453117017936,
                    0.11276520185188207,
                    0.11175323720019116,
                    0.10928129218573883,
                    0.09664098328413286
                ],
                "mean": 0.10714504913842486,
                "std": 0.005851187480740142,
                "min": 0.09664098328413286,
                "max": 0.11276520185188207
            },
            "f1": {
                "per_fold": [
                    0.36363636363636365,
                    0.36893203883495146,
                    0.3617021276595745,
                    0.3218390804597701,
                    0.3373493975903614
                ],
                "mean": 0.3506918016362042,
                "std": 0.018066513125620066,
                "min": 0.3218390804597701,
                "max": 0.36893203883495146
            }
        },
        "LightGBM": {
            "auc": {
                "per_fold": [
                    0.7543127748336905,
                    0.7653185595567867,
                    0.7661258409180847,
                    0.7434563853242129,
                    0.8331166261518458
                ],
                "mean": 0.7724660373569241,
                "std": 0.031435264599661415,
                "min": 0.7434563853242129,
                "max": 0.8331166261518458
            },
            "brier": {
                "per_fold": [
                    0.09949190829190983,
                    0.10534232603721702,
                    0.10612172078842198,
                    0.10852547251237189,
                    0.09564358418516734
                ],
                "mean": 0.10302500236301762,
                "std": 0.004736727011614175,
                "min": 0.09564358418516734,
                "max": 0.10852547251237189
            },
            "f1": {
                "per_fold": [
                    0.35,
                    0.3132530120481928,
                    0.3218390804597701,
                    0.2631578947368421,
                    0.1791044776119403
                ],
                "mean": 0.2854708929713491,
                "std": 0.06011685464515145,
                "min": 0.1791044776119403,
                "max": 0.35
            }
        },
        "RandomForest": {
            "auc": {
                "per_fold": [
                    0.7558913067989627,
                    0.7882548476454294,
                    0.7700265701848608,
                    0.761942450110238,
                    0.8193227429475946
                ],
                "mean": 0.779087583537417,
                "std": 0.022878075101399522,
                "min": 0.7558913067989627,
                "max": 0.8193227429475946
            },
            "brier": {
                "per_fold": [
                    0.10779135792003855,
                    0.10242695210068112,
                    0.10841093069938788,
                    0.10543028818434247,
                    0.09645924544653009
                ],
                "mean": 0.10410375487019603,
                "std": 0.004362569480631637,
                "min": 0.09645924544653009,
                "max": 0.10841093069938788
            },
            "f1": {
                "per_fold": [
                    0.3333333333333333,
                    0.367816091954023,
                    0.2891566265060241,
                    0.2891566265060241,
                    0.23376623376623376
                ],
                "mean": 0.3026457824131277,
                "std": 0.04538105750885152,
                "min": 0.23376623376623376,
                "max": 0.367816091954023
            }
        }
    },
    "ensemble": {
        "auc": {
            "per_fold": [
                0.7577235314015107,
                0.7891135734072022,
                0.7720617332805698,
                0.7639776132059471,
                0.8212731075809825
            ],
            "mean": 0.7808299117752424,
            "std": 0.022799372237730223,
            "min": 0.7577235314015107,
            "max": 0.8212731075809825
        },
        "brier": {
            "per_fold": [
                0.09450943906914344,
                0.09270654426514786,
                0.09352373310819224,
                0.09403075189014383,
                0.09030902443158219
            ],
            "mean": 0.0930158985528419,
            "std": 0.0014792805068231812,
            "min": 0.09030902443158219,
            "max": 0.09450943906914344
        },
        "f1": {
            "per_fold": [
                0.0,
                0.0,
                0.0,
                0.0,
                0.0
            ],
            "mean": 0.0,
            "std": 0.0,
            "min": 0.0,
            "max": 0.0
        }
    },
    "method_comparison": {
        "weighted_avg": {
            "auc": 0.7792003169201127,
            "brier": 0.09486900562851754,
            "score": 0.5078651095480995,
            "calibration": null
        },
        "weighted_avg+isotonic": {
            "auc": 0.7729587013478109,
            "brier": 0.09314614252886436,
            "score": 0.5106516355320934,
            "calibration": "isotonic"
        },
        "weighted_avg+platt": {
            "auc": 0.7787974142199894,
            "brier": 0.09456209680492855,
            "score": 0.5087868808894472,
            "calibration": "platt"
        },
        "logistic": {
            "auc": 0.7813472205000517,
            "brier": 0.18903065653163148,
            "score": 0.15217980266496917,
            "calibration": null
        },
        "logistic+isotonic": {
            "auc": 0.7659079040956522,
            "brier": 0.09343380761039399,
            "score": 0.5053305986005847,
            "calibration": "isotonic"
        },
        "logistic+platt": {
            "auc": 0.7759500850822462,
            "brier": 0.09332380266273473,
            "score": 0.5117729436951914,