{
    "CatBoost_Params": {
        "iterations": 675,
        "depth": 6,
        "learning_rate": 0.07273998596263496,
        "l2_leaf_reg": 3.8191459693544982,
        "random_strength": 8.773784269348289,
        "bagging_temperature": 0.6563690621044486,
        "border_count": 205,
        "loss_function": "Focal:focal_alpha=0.14758415091995922;focal_gamma=1.3223673028485106",
        "eval_metric": "AUC",
        "random_state": 42,
        "verbose": false,
        "thread_count": -1
    },
    "XGBoost_Params": {
        "n_estimators": 458,
        "max_depth": 8,
        "learning_rate": 0.0802647005521588,
        "subsample": 0.755302803365267,
        "colsample_bytree": 0.6877605276258344,
        "gamma": 4.330634959718447,
        "min_child_weight": 10,
        "reg_alpha": 0.027168725299947204,
        "reg_lambda": 0.3524157595033382,
        "max_delta_step": 1.5958154035164307,
        "scale_pos_weight": 10.163933572523746,
        "objective": "binary:logistic",
        "eval_metric": "auc",
        "random_state": 42,
        "n_jobs": -1,
        "use_label_encoder": false
    },
    "LightGBM_Params": {
        "boosting_type": "gbdt",
        "n_estimators": 1065,
        "num_leaves": 92,
        "learning_rate": 0.010138592837823429,
        "max_depth": 9,
        "min_child_samples": 33,
        "colsample_bytree": 0.7923370123419662,
        "reg_alpha": 1.2032712493737618,
        "reg_lambda": 0.10059916155953501,
        "subsample": 0.9130056785624732,
        "subsample_freq": 9,
        "scale_pos_weight": 9.477459994838759,
        "objective": "binary",
        "metric": "auc",
        "random_state": 42,
        "n_jobs": -1,
        "verbosity": -1
    },
    "RandomForest_Params": {
        "n_estimators": 762,
        "max_depth": 23,
        "min_samples_split": 8,
        "min_samples_leaf": 5,
        "max_features": 0.5,
        "class_weight": "balanced_subsample",
        "max_samples": 0.6079749138897045,
        "min_impurity_decrease": 0.002229341436646371,
        "ccp_alpha": 0.0010084798025943808,
        "bootstrap": true,
        "random_state": 42,
        "n_jobs": -1
    },
    "Ensemble_Weights": {
        "Cat": 0.29295337200164795,
        "XGB": 0.20631736516952515,
        "LGBM": 0.3573932945728302,
        "RF": 0.1433359533548355
    }
}