{
    "CatBoost_Params": {
        "iterations": 728,
        "depth": 5,
        "learning_rate": 0.12418612429512708,
        "l2_leaf_reg": 2.6007424857298314,
        "random_strength": 5.451335046087749,
        "bagging_temperature": 0.27513934356872594,
        "border_count": 83,
        "loss_function": "Focal:focal_alpha=0.22180002767429396;focal_gamma=1.0020026228236585",
        "eval_metric": "AUC",
        "random_state": 42,
        "verbose": false,
        "thread_count": -1
    },
    "XGBoost_Params": {
        "n_estimators": 882,
        "max_depth": 10,
        "learning_rate": 0.049521171122861175,
        "subsample": 0.704612871898861,
        "colsample_bytree": 0.9580807204926949,
        "gamma": 0.9922811445723871,
        "min_child_weight": 1,
        "reg_alpha": 0.0035287675326085483,
        "reg_lambda": 0.01118803510073903,
        "max_delta_step": 5.546346111803961,
        "scale_pos_weight": 11.639618122513372,
        "objective": "binary:logistic",
        "eval_metric": "auc",
        "random_state": 42,
        "n_jobs": -1,
        "use_label_encoder": false
    },
    "LightGBM_Params": {
        "boosting_type": "dart",
        "n_estimators": 1947,
        "num_leaves": 27,
        "learning_rate": 0.01268039147982381,
        "max_depth": 11,
        "min_child_samples": 47,
        "colsample_bytree": 0.5554541156806965,
        "reg_alpha": 0.005067696015276067,
        "reg_lambda": 0.19786157702633408,
        "subsample": 0.5633620359874698,
        "subsample_freq": 5,
        "drop_rate": 0.26438554410034454,
        "skip_drop": 0.6760166391994571,
        "is_unbalance": true,
        "objective": "binary",
        "metric": "auc",
        "random_state": 42,
        "n_jobs": -1,
        "verbosity": -1
    },
    "RandomForest_Params": {
        "n_estimators": 537,
        "max_depth": 25,
        "min_samples_split": 10,
        "min_samples_leaf": 2,
        "max_features": "sqrt",
        "class_weight": "balanced",
        "max_samples": 0.7238976286960378,
        "min_impurity_decrease": 3.065268735806098e-05,
        "ccp_alpha": 6.891095875492922e-05,
        "bootstrap": true,
        "random_state": 42,
        "n_jobs": -1
    },
    "Ensemble_Weights": {
        "Cat": 2.933089129973357e-15,
        "XGB": 1.7025270082626772e-14,
        "LGBM": 0.999999999999973,
        "RF": 7.003389747893364e-15
    }
}