{
    "evaluation_type": "end_to_end_pipeline",
    "description": "Holdout test set (n=514) evaluated through the FULL production inference pipeline. fold_models predict \u2192 average \u2192 meta-features \u2192 meta-learner \u2192 calibrate \u2192 score. These are the metrics of the actual deployed model.",
    "pipeline": "fold_ensemble \u2192 13 meta-features \u2192 xgb_meta \u2192 threshold",
    "best_method": "xgb_meta",
    "holdout_n": 514,
    "cross_check_vs_trainMeta": true,
    "final_model": {
        "AUC": 0.7775666775232513,
        "AUC_95CI": [
            0.7117645494609502,
            0.84317833830086
        ],
        "Brier": 0.08767395301945557,
        "Brier_95CI": [
            0.06992965917726385,
            0.1054210560318891
        ],
        "optimal_threshold": 0.16951672732830048,
        "clinical_metrics": {
            "sensitivity": 0.5573770491803278,
            "specificity": 0.8631346578366446,
            "ppv": 0.3541666666666667,
            "npv": 0.9354066985645934,
            "tp": 34,
            "tn": 391,
            "fp": 62,
            "fn": 27
        }
    },
    "decision_curve_analysis": {
        "thresholds": [
            0.01,
            0.02,
            0.03,
            0.04,
            0.05,
            0.06,
            0.07,
            0.08,
            0.09,
            0.1,
            0.11,
            0.12,
            0.13,
            0.14,
            0.15,
            0.16,
            0.17,
            0.18,
            0.19,
            0.2,
            0.21,
            0.22,
            0.23,
            0.24,
            0.25,
            0.26,
            0.27,
            0.28,
            0.29,
            0.3,
            0.31,
            0.32,
            0.33,
            0.34,
            0.35000000000000003,
            0.36,
            0.37,
            0.38,
            0.39,
            0.4,
            0.41000000000000003,
            0.42,
            0.43,
            0.44,
            0.45,
            0.46,
            0.47000000000000003,
            0.48,
            0.49,
            0.5,
            0.51,
            0.52,
            0.53,
            0.54,
            0.55,
            0.56,
            0.5700000000000001,
            0.58,
            0.59,
            0.6,
            0.61,
            0.62,
            0.63,
            0.64,
            0.65,
            0.66,
            0.67,
            0.68,
            0.6900000000000001,
            0.7000000000000001,
            0.71,
            0.72,
            0.73,
            0.74,
            0.75,
            0.76,
            0.77,
            0.78,
            0.79,
            0.8,
            0.81,
            0.8200000000000001,
            0.8300000000000001,
            0.84,
            0.85,
            0.86,
            0.87,
            0.88,
            0.89,
            0.9,
            0.91,
            0.92,
            0.93,
            0.9400000000000001,
            0.9500000000000001,
            0.96,
            0.97,
            0.98,
            0.99
        ],
        "net_benefit_model": [
            0.10977479070864285,
            0.1007305645993806,
            0.09131934694532472,
            0.08560311284046693,
            0.07884497235306165,
            0.07368159615862241,
            0.06790510857286304,
            0.06631703603451192,
            0.05999059306452303,
            0.04993514915693903,
            0.0502557600664539,
            0.04607357622921825,
            0.03933539067042354,
            0.03710071486743281,
            0.0355916685740444,
            0.039466370205669815,
            0.039496507430500205,
            0.037486950744993836,
            0.0337224383916991,
            0.0311284046692607,
            0.02861646062158302,
            0.02703781303003093,
            0.028904947192884937,
            0.031026008601269715,
            0.026588845654993518,
            0.027447681144179198,
            0.027050796865838705,
            0.02896670990056204,
            0.03036115525839864,
            0.03251806559199555,
            0.030761856425872668,
            0.02311741817349508,
            0.022504210465183805,
            0.023110482254451125,
            0.016013169709667763,
            0.017874513618677042,
            0.017633253041813353,
            0.017384209865695995,
            0.015181476047713211,
            0.012970168612191958,
            0.014047352107102815,
            0.0118744129880585,
            0.009693494436480307,
            0.009449694274597,
            0.007251503360452777,
            0.00864677907479464,
            0.0064973203142206885,
            0.0062855432505237955,
            0.007934691386282139,
            0.009727626459143969,
            0.00964821726355912,
            0.00956549935149157,
            0.009479261528272208,
            0.009389274234478091,
            0.005836575875486381,
            0.005836575875486381,
            0.0,
            0.0,
            0.0,
            0.0,
            0.0,
            0.0,
            0.0,
            0.0,
            0.0,
            0.0,
            0.0,
            0.0,
            0.0,
            0.0,
            0.0,
            0.0,
            0.0,
            0.0,
            0.0,
            0.0,
            0.0,
            0.0,
            0.0,
            0.0,
            0.0,
            0.0,
            0.0,
            0.0,
            0.0,
            0.0,
            0.0,
            0.0,
            0.0,
            0.0,
            0.0,
            0.0,
            0.0,
            0.0,
            0.0,
            0.0,
            0.0,
            0.0,
            0.0
        ],