{
    "tearsense": {
        "AUC": 0.7775666775232513,
        "Brier": 0.08767395301945557
    },
    "logistic_regression": {
        "AUC": 0.8106611659971772,
        "Brier": 0.17485229610278588
    },
    "improvement": {
        "AUC_delta": -0.03309448847392593,
        "AUC_pct": -4.082407035400185,
        "Brier_delta": -0.0871783430833303
    }
}