{
    "tearsense": {
        "model_serial": "05022026_134129_99453",
        "holdout_n": 514,
        "inference_verified": true,
        "stored_AUC": 0.7770962255274492,
        "stored_Brier": 0.08909981501400105,
        "stored_threshold": 0.17000000000000004,
        "AUC": 0.7770962255274492,
        "Brier_Score": 0.08909981697797775,
        "Calibration_Slope": 1.1009079992359545,
        "Calibration_Intercept": 0.14827633760287434,
        "Net_Benefit": 0.05755910196058266,
        "Optimal_Threshold_Used": 0.10438262671232224,
        "Youden_J_Threshold": 0.10438262671232224,
        "F1_Score": 0.3595505617977528,
        "Sensitivity_Recall": 0.7868852459016393,
        "Specificity": 0.6512141280353201,
        "PPV_Precision": 0.23300970873786409,
        "NPV": 0.9577922077922078,
        "Confusion_Matrix": {
            "TP": 48,
            "TN": 295,
            "FP": 158,
            "FN": 13
        },
        "AUC_95CI": [
            0.7085872550332543,
            0.8410496483196589
        ],
        "AUC_Text": "0.7771 (0.7086-0.8410)",
        "Brier_Score_95CI": [
            0.07106058020144701,
            0.10639305878430604
        ],
        "Brier_Score_Text": "0.0891 (0.0711-0.1064)",
        "F1_Score_95CI": [
            0.284585020242915,
            0.4332282597154385
        ],
        "F1_Score_Text": "0.3596 (0.2846-0.4332)",
        "Sensitivity_Recall_95CI": [
            0.681737012987013,
            0.884071906354515
        ],
        "Sensitivity_Recall_Text": "0.7869 (0.6817-0.8841)",
        "Specificity_95CI": [
            0.6053098828700508,
            0.6986939717913968
        ],
        "Specificity_Text": "0.6512 (0.6053-0.6987)",
        "PPV_Precision_95CI": [
            0.17836226662299376,
            0.292051586445068
        ],
        "PPV_Precision_Text": "0.2330 (0.1784-0.2921)",
        "NPV_95CI": [
            0.9337696244153197,
            0.9800697345482057
        ],
        "NPV_Text": "0.9578 (0.9338-0.9801)",
        "Net_Benefit_95CI": [
            0.0330790607356245,
            0.08447597739909378
        ],
        "Net_Benefit_Text": "0.0576 (0.0331-0.0845)",
        "Calibration_Slope_95CI": [
            0.8070640381682241,
            1.4761869171853375
        ],
        "Calibration_Slope_Text": "1.1009 (0.8071-1.4762)"
    },
    "logistic_regression": {
        "AUC": 0.8106611659971772,
        "Brier_Score": 0.17485229610280642,
        "F1_Score": 0.3861003861003861,
        "Sensitivity_Recall": 0.819672131147541,
        "Specificity": 0.673289183222958,
        "PPV_Precision": 0.25252525252525254,
        "NPV": 0.9651898734177216,
        "Net_Benefit": -0.12066993337223451,
        "Calibration_Slope": 0.8821582035791161,
        "Calibration_Intercept": -1.9580869173522404,
        "Threshold_Used": 0.43082252713213315,
        "Confusion_Matrix": {
            "TP": 50,
            "TN": 305,
            "FP": 148,
            "FN": 11
        },
        "AUC_95CI": [
            0.7521794662966538,
            0.8631149614337568
        ],
        "Brier_Score_95CI": [
            0.15675797066713185,
            0.19277571042690916
        ],
        "F1_Score_95CI": [
            0.309478021978022,
            0.4545624151967435
        ],
        "Sensitivity_Recall_95CI": [
            0.7212933944069432,
            0.9111403508771929
        ],
        "Specificity_95CI": [
            0.6296276469188675,
            0.715232159296766
        ],
        "PPV_Precision_95CI": [
            0.19288327256261767,
            0.31156296186816435
        ],
        "NPV_95CI": [
            0.9438819353633476,
            0.984178463043565
        ],
        "Net_Benefit_95CI": [
            -0.16230365857180526,
            -0.07807198326155126
        ],
        "Calibration_Slope_95CI": [
            0.6671257244850478,
            1.1635364636314967
        ]
    },
    "lr_formula": "z = -0.7181 + 1.1932 \u00d7 tear_characteristics_Tear_MedLat + 0.7155 \u00d7 tear_characteristics_Full_3.0\n    - 0.7025 \u00d7 Tear_Area_cm2 + 0.4783 \u00d7 Tear_AP_ML_Ratio + 0.4497 \u00d7 InsuranceType_5.0\n    + 0.3984 \u00d7 Aged + 0.3697 \u00d7 tear_characteristics_Full_nan + 0.3136 \u00d7 Gender_M + 0.3018 \u00d7 Pre-Op_ROM_Pre-Op_IR + 0.2575 \u00d7 tear_characteristics_Tear_AntPost\n    + ... (30 more terms)\n\nP(retear) = 1 / (1 + exp(-z))",
    "comparison": {
        "AUC_difference": -0.03356494046972802,
        "Brier_difference": -0.08575247912482867,
        "TearSense_better_AUC": false,
        "TearSense_better_Brier": true
    }
}