{
    "best_method": "xgb_meta",
    "base_models": {
        "CatBoost": {
            "auc": {
                "per_fold": [
                    0.7293381440974179,
                    0.7696952908587258,
                    0.7512013115495506,
                    0.7483181638306292,
                    0.8035502289558482
                ],
                "mean": 0.7604206278584343,
                "std": 0.0250749599803965,
                "min": 0.7293381440974179,
                "max": 0.8035502289558482
            },
            "brier": {
                "per_fold": [
                    0.09362755793722548,
                    0.09540352065282054,
                    0.09761936570551713,
                    0.09647872864370836,
                    0.09109226938265483
                ],
                "mean": 0.09484428846438528,
                "std": 0.0022909940811799458,
                "min": 0.09109226938265483,
                "max": 0.09761936570551713
            },
            "f1": {
                "per_fold": [
                    0.17857142857142858,
                    0.2222222222222222,
                    0.16393442622950818,
                    0.14285714285714285,
                    0.1694915254237288
                ],
                "mean": 0.17541534906080614,
                "std": 0.026183140681621586,
                "min": 0.14285714285714285,
                "max": 0.2222222222222222
            }
        },
        "XGBoost": {
            "auc": {
                "per_fold": [
                    0.7425301612357651,
                    0.7434349030470914,
                    0.7321499236813839,
                    0.7713268132737859,
                    0.800327887387642
                ],
                "mean": 0.7579539377251336,
                "std": 0.024855292395732406,
                "min": 0.7321499236813839,
                "max": 0.800327887387642
            },
            "brier": {
                "per_fold": [
                    0.11513700417492868,
                    0.11713585220070985,
                    0.11568170708241485,
                    0.10999053808622564,
                    0.10426999198604313
                ],
                "mean": 0.11244301870606443,
                "std": 0.004745152753513674,
                "min": 0.10426999198604313,
                "max": 0.11713585220070985
            },
            "f1": {
                "per_fold": [
                    0.3125,
                    0.3333333333333333,
                    0.3595505617977528,
                    0.32558139534883723,
                    0.25
                ],
                "mean": 0.31619305809598464,
                "std": 0.036488251964249874,
                "min": 0.25,
                "max": 0.3595505617977528
            }
        },
        "LightGBM": {
            "auc": {
                "per_fold": [
                    0.7447852069004397,
                    0.7834903047091413,
                    0.7630165639663067,
                    0.76115099779524,
                    0.821470970659732
                ],
                "mean": 0.7747828088061719,
                "std": 0.026380795482049652,
                "min": 0.7447852069004397,
                "max": 0.821470970659732
            },
            "brier": {
                "per_fold": [
                    0.10643631139978602,
                    0.10078415167236934,
                    0.10892565477239775,
                    0.10317749032496157,
                    0.09314132053121718
                ],
                "mean": 0.10249298574014636,
                "std": 0.005436383921582129,
                "min": 0.09314132053121718,
                "max": 0.10892565477239775
            },
            "f1": {
                "per_fold": [
                    0.33707865168539325,
                    0.3764705882352941,
                    0.3617021276595745,
                    0.3695652173913043,
                    0.35294117647058826
                ],
                "mean": 0.3595515522884309,
                "std": 0.013710438144405545,
                "min": 0.33707865168539325,
                "max": 0.3764705882352941
            }
        },
        "RandomForest": {
            "auc": {
                "per_fold": [
                    0.7474912616980494,
                    0.8022714681440443,
                    0.7726835886709255,
                    0.7597376900898863,
                    0.8200011306461643
                ],
                "mean": 0.7804370278498141,
                "std": 0.026892612082761808,
                "min": 0.7474912616980494,
                "max": 0.8200011306461643
            },
            "brier": {
                "per_fold": [
                    0.0997340543553847,
                    0.09316199425884884,
                    0.09992460401671102,
                    0.09685563962762041,
                    0.09101448653142806
                ],
                "mean": 0.09613815575799861,
                "std": 0.0035466035542215425,
                "min": 0.09101448653142806,
                "max": 0.09992460401671102
            },
            "f1": {
                "per_fold": [
                    0.2608695652173913,
                    0.32432432432432434,
                    0.17647058823529413,
                    0.2857142857142857,
                    0.21875
                ],
                "mean": 0.25322575269825914,
                "std": 0.051475960079392674,
                "min": 0.17647058823529413,
                "max": 0.32432432432432434
            }
        }
    },
    "ensemble": {
        "auc": {
            "per_fold": [
                0.7430939226519337,
                0.7957340720221606,
                0.7566284131381086,
                0.7642037424388038,
                0.8305161399739951
            ],
            "mean": 0.7780352580450003,
            "std": 0.031425950219925426,
            "min": 0.7430939226519337,
            "max": 0.8305161399739951
        },
        "brier": {
            "per_fold": [
                0.09489975057189944,
                0.08985948215139414,
                0.09469413361309723,
                0.09245110889199579,
                0.087448130792156
            ],
            "mean": 0.09187052120410853,
            "std": 0.0028666326827649236,
            "min": 0.087448130792156,
            "max": 0.09489975057189944
        },
        "f1": {
            "per_fold": [
                0.0,
                0.14545454545454545,
                0.03773584905660377,
                0.07547169811320754,
                0.07272727272727272
            ],
            "mean": 0.06627787307032589,
            "std": 0.04817150655360137,
            "min": 0.0,
            "max": 0.14545454545454545
        }
    },
    "method_comparison": {
        "weighted_avg": {
            "auc": 0.7823582637819734,
            "brier": 0.09271385503599419,
            "score": 0.5179302053178827,
            "calibration": null
        },
        "weighted_avg+isotonic": {
            "auc": 0.7694439942738298,
            "brier": 0.09297053449666252,
            "score": 0.5092085537033422,
            "calibration": "isotonic"
        },
        "weighted_avg+platt": {
            "auc": 0.7818023030728645,
            "brier": 0.0937899189686315,
            "score": 0.5135171947520076,
            "calibration": "platt"
        },
        "logistic": {
            "auc": 0.7823236615195197,
            "brier": 0.18932315033742453,
            "score": 0.151656802662736,
            "calibration": null
        },
        "logistic+isotonic": {
            "auc": 0.7649119016107105,
            "brier": 0.0936321648227887,
            "score": 0.5039810109499719,
            "calibration": "isotonic"
        },
        "logistic+platt": {
            "auc": 0.7746063257974772,