{
    "best_method": "xgb_meta",
    "base_models": {
        "CatBoost": {
            "auc": {
                "per_fold": [
                    0.7607960311196301,
                    0.7813296398891966,
                    0.7493922776866978,
                    0.75883317315846,
                    0.7951834473401549
                ],
                "mean": 0.7691069138388279,
                "std": 0.01668932610562075,
                "min": 0.7493922776866978,
                "max": 0.7951834473401549
            },
            "brier": {
                "per_fold": [
                    0.09209579202694239,
                    0.0937772479474827,
                    0.09829458861191147,
                    0.09709454012878176,
                    0.0941983340734221
                ],
                "mean": 0.09509210055770809,
                "std": 0.00227029578247883,
                "min": 0.09209579202694239,
                "max": 0.09829458861191147
            },
            "f1": {
                "per_fold": [
                    0.11538461538461539,
                    0.22580645161290322,
                    0.1016949152542373,
                    0.10714285714285714,
                    0.10714285714285714
                ],
                "mean": 0.131434339307494,
                "std": 0.04738834197039301,
                "min": 0.1016949152542373,
                "max": 0.22580645161290322
            }
        },
        "XGBoost": {
            "auc": {
                "per_fold": [
                    0.7406697485624084,
                    0.772409972299169,
                    0.774492622533778,
                    0.7477528407484877,
                    0.817174515235457
                ],
                "mean": 0.7704999398758601,
                "std": 0.02685284549604104,
                "min": 0.7406697485624084,
                "max": 0.817174515235457
            },
            "brier": {
                "per_fold": [
                    0.11876200789433951,
                    0.11284785047383583,
                    0.11673511411779536,
                    0.11861320180994912,
                    0.09938717424147213
                ],
                "mean": 0.11326906970747838,
                "std": 0.007261267507529804,
                "min": 0.09938717424147213,
                "max": 0.11876200789433951
            },
            "f1": {
                "per_fold": [
                    0.32323232323232326,
                    0.45544554455445546,
                    0.4,
                    0.30927835051546393,
                    0.3023255813953488
                ],
                "mean": 0.3580563599395183,
                "std": 0.05990300432295867,
                "min": 0.3023255813953488,
                "max": 0.45544554455445546
            }
        },
        "LightGBM": {
            "auc": {
                "per_fold": [
                    0.764291351899876,
                    0.7443213296398893,
                    0.7517101023234779,
                    0.7540844592684719,
                    0.8205099214200916
                ],
                "mean": 0.7669834329103613,
                "std": 0.02751567315266421,
                "min": 0.7443213296398893,
                "max": 0.8205099214200916
            },
            "brier": {
                "per_fold": [
                    0.10171780262868065,
                    0.10630638707039776,
                    0.11171833308571548,
                    0.10260308757595325,
                    0.09791579141489692
                ],
                "mean": 0.10405228035512881,
                "std": 0.0046702420500877966,
                "min": 0.09791579141489692,
                "max": 0.11171833308571548
            },
            "f1": {
                "per_fold": [
                    0.38202247191011235,
                    0.3409090909090909,
                    0.32941176470588235,
                    0.38095238095238093,
                    0.2962962962962963
                ],
                "mean": 0.34591840095475257,
                "std": 0.03252936885998482,
                "min": 0.2962962962962963,
                "max": 0.38202247191011235
            }
        },
        "RandomForest": {
            "auc": {
                "per_fold": [
                    0.7592738752959748,
                    0.7916897506925207,
                    0.7727401209791397,
                    0.7636384193566623,
                    0.8189835490983097
                ],
                "mean": 0.7812651430845216,
                "std": 0.021901341722482776,
                "min": 0.7592738752959748,
                "max": 0.8189835490983097
            },
            "brier": {
                "per_fold": [
                    0.10176447106467745,
                    0.09728542684084372,
                    0.10353141982027392,
                    0.09975749593691675,
                    0.0927326291855058
                ],
                "mean": 0.09901428856964353,
                "std": 0.0037674538664147195,
                "min": 0.0927326291855058,
                "max": 0.10353141982027392
            },
            "f1": {
                "per_fold": [
                    0.26666666666666666,
                    0.379746835443038,
                    0.2631578947368421,
                    0.2857142857142857,
                    0.2535211267605634
                ],
                "mean": 0.2897613618642792,
                "std": 0.04619140251259144,
                "min": 0.2535211267605634,
                "max": 0.379746835443038
            }
        }
    },
    "ensemble": {
        "auc": {
            "per_fold": [
                0.7664618333521255,
                0.7870083102493075,
                0.7707897563457516,
                0.7787042794957317,
                0.8164395952286732
            ],
            "mean": 0.7838807549343179,
            "std": 0.017728218492901928,
            "min": 0.7664618333521255,
            "max": 0.8164395952286732
        },
        "brier": {
            "per_fold": [
                0.0924584994241329,
                0.09282273970163689,
                0.09331498630686327,
                0.0913130368690254,
                0.09002892316192285
            ],
            "mean": 0.09198763709271626,
            "std": 0.0011808987563172208,
            "min": 0.09002892316192285,
            "max": 0.09331498630686327
        },
        "f1": {
            "per_fold": [
                0.0,
                0.0,
                0.0,
                0.0,
                0.0
            ],
            "mean": 0.0,
            "std": 0.0,
            "min": 0.0,
            "max": 0.0
        }
    },
    "method_comparison": {
        "weighted_avg": {
            "auc": 0.7858808488417109,
            "brier": 0.09296462318538036,
            "score": 0.5190930766413906,
            "calibration": null
        },
        "weighted_avg+isotonic": {
            "auc": 0.7723712286956756,
            "brier": 0.0939683957408842,
            "score": 0.5071819321145197,
            "calibration": "isotonic"
        },
        "weighted_avg+platt": {
            "auc": 0.7856467601220862,
            "brier": 0.09427670446653576,
            "score": 0.5139784308816502,
            "calibration": "platt"
        },
        "logistic": {
            "auc": 0.7859728338834042,
            "brier": 0.18763129648578675,
            "score": 0.16026024316567772,
            "calibration": null
        },
        "logistic+isotonic": {
            "auc": 0.7715282842197192,
            "brier": 0.09407041173645252,