{
    "Final_Model": {
        "AUC": 0.7713241414251076,
        "AUC_95CI_lower": 0.7046362711842379,
        "AUC_95CI_upper": 0.8348397679307753,
        "Brier": 0.10247928571466049,
        "Brier_95CI_lower": 0.08464274140982643,
        "Brier_95CI_upper": 0.1195353299076841,
        "Best_Method": "weighted_avg",
        "Optimal_Threshold": 0.32000000000000006
    },
    "Individual_Assessment_Test": {
        "CatBoost": {
            "AUC": 0.7704194260485652,
            "Brier": 0.08953940573929765
        },
        "XGBoost": {
            "AUC": 0.7713241414251076,
            "Brier": 0.10247928571466075
        },
        "LightGBM": {
            "AUC": 0.772482177107082,
            "Brier": 0.08888885206956615
        },
        "RandomForest": {
            "AUC": 0.7736764014041183,
            "Brier": 0.09872970354088331
        }
    },
    "Self_Assessment_CV": {
        "CatBoost": {
            "AUC": 0.8010738108928701,
            "Brier": 0.09459225855512264
        },
        "XGBoost": {
            "AUC": 0.7671357540613466,
            "Brier": 0.11930175170398845
        },
        "LightGBM": {
            "AUC": 0.7742355498266706,
            "Brier": 0.09873568936617552
        },
        "RandomForest": {
            "AUC": 0.7790031173976149,
            "Brier": 0.10474989338809501
        }
    },
    "Ensemble_Weights": {
        "CatBoost": 2.749189764728044e-15,
        "XGBoost": 0.9999999999999872,
        "LightGBM": 5.613984993460284e-15,
        "RandomForest": 4.3826053897078056e-15
    }
}