{
    "CatBoost_Params": {
        "iterations": 768,
        "depth": 3,
        "learning_rate": 0.1415778829074182,
        "l2_leaf_reg": 0.5283865679276278,
        "random_strength": 4.050115733689152,
        "bagging_temperature": 0.07467939763704101,
        "border_count": 42,
        "loss_function": "Focal:focal_alpha=0.15719775695438068;focal_gamma=1.083397600199337",
        "eval_metric": "AUC",
        "random_state": 42,
        "verbose": false,
        "thread_count": -1
    },
    "XGBoost_Params": {
        "n_estimators": 965,
        "max_depth": 10,
        "learning_rate": 0.07960326180722709,
        "subsample": 0.9497648446369784,
        "colsample_bytree": 0.6417141743321046,
        "gamma": 1.138437137256735,
        "min_child_weight": 3,
        "reg_alpha": 0.15429608764561598,
        "reg_lambda": 0.03165867088846929,
        "max_delta_step": 5.583315001839866,
        "scale_pos_weight": 16.206792169466517,
        "objective": "binary:logistic",
        "eval_metric": "auc",
        "random_state": 42,
        "n_jobs": -1,
        "use_label_encoder": false
    },
    "LightGBM_Params": {
        "boosting_type": "gbdt",
        "n_estimators": 522,
        "num_leaves": 123,
        "learning_rate": 0.022630411974750995,
        "max_depth": 10,
        "min_child_samples": 35,
        "colsample_bytree": 0.7901174381487194,
        "reg_alpha": 0.2971911293678469,
        "reg_lambda": 0.03960853697509591,
        "subsample": 0.7770426354412089,
        "subsample_freq": 7,
        "is_unbalance": true,
        "objective": "binary",
        "metric": "auc",
        "random_state": 42,
        "n_jobs": -1,
        "verbosity": -1
    },
    "RandomForest_Params": {
        "n_estimators": 616,
        "max_depth": 15,
        "min_samples_split": 8,
        "min_samples_leaf": 2,
        "max_features": 0.5,
        "class_weight": "balanced",
        "max_samples": 0.6933617544999907,
        "min_impurity_decrease": 0.001161385622784328,
        "ccp_alpha": 0.0013211210561625737,
        "bootstrap": true,
        "random_state": 42,
        "n_jobs": -1
    },
    "Ensemble_Weights": {
        "Cat": 0.1769379824399948,
        "XGB": 0.23884178698062897,
        "LGBM": 0.29561927914619446,
        "RF": 0.2886010706424713
    }
}