{
    "best_method": "weighted_avg",
    "base_models": {
        "CatBoost": {
            "auc": {
                "per_fold": [
                    0.7768632314804376,
                    0.7854847645429363,
                    0.7853468257108938,
                    0.7644298716716603,
                    0.8415399400757533
                ],
                "mean": 0.7907329266963363,
                "std": 0.026541006188021878,
                "min": 0.7644298716716603,
                "max": 0.8415399400757533
            },
            "brier": {
                "per_fold": [
                    0.09199213071201531,
                    0.0940471830258139,
                    0.09402621995004606,
                    0.09311370702587927,
                    0.08923244873011357
                ],
                "mean": 0.09248233788877362,
                "std": 0.0017906994012981889,
                "min": 0.08923244873011357,
                "max": 0.0940471830258139
            },
            "f1": {
                "per_fold": [
                    0.0784313725490196,
                    0.07407407407407407,
                    0.038461538461538464,
                    0.07692307692307693,
                    0.04
                ],
                "mean": 0.0615780124015418,
                "std": 0.018306503201727765,
                "min": 0.038461538461538464,
                "max": 0.0784313725490196
            }
        },
        "XGBoost": {
            "auc": {
                "per_fold": [
                    0.7460254820160108,
                    0.768808864265928,
                    0.7463395330431342,
                    0.769800440952004,
                    0.8378088077336199
                ],
                "mean": 0.7737566256021393,
                "std": 0.03365568915952833,
                "min": 0.7460254820160108,
                "max": 0.8378088077336199
            },
            "brier": {
                "per_fold": [
                    0.12168325478986888,
                    0.11792690276679897,
                    0.1326633756575433,
                    0.11386499497935366,
                    0.09912360064595474
                ],
                "mean": 0.11705242576790391,
                "std": 0.010931729316026218,
                "min": 0.09912360064595474,
                "max": 0.1326633756575433
            },
            "f1": {
                "per_fold": [
                    0.3119266055045872,
                    0.43103448275862066,
                    0.37398373983739835,
                    0.42,
                    0.46153846153846156
                ],
                "mean": 0.3996966579278135,
                "std": 0.052121837836639706,
                "min": 0.3119266055045872,
                "max": 0.46153846153846156
            }
        },
        "LightGBM": {
            "auc": {
                "per_fold": [
                    0.7580899763220206,
                    0.7499722991689751,
                    0.760755271637741,
                    0.7558934931313246,
                    0.8197184691050936
                ],
                "mean": 0.7688859018730309,
                "std": 0.02566373355568739,
                "min": 0.7499722991689751,
                "max": 0.8197184691050936
            },
            "brier": {
                "per_fold": [
                    0.10002808793357804,
                    0.1045843465305889,
                    0.1023291839696598,
                    0.10188768675165066,
                    0.09467971879240487
                ],
                "mean": 0.10070180479557644,
                "std": 0.0033421018402745328,
                "min": 0.09467971879240487,
                "max": 0.1045843465305889
            },
            "f1": {
                "per_fold": [
                    0.3,
                    0.3448275862068966,
                    0.345679012345679,
                    0.2857142857142857,
                    0.2571428571428571
                ],
                "mean": 0.3066727482819437,
                "std": 0.03439265367014631,
                "min": 0.2571428571428571,
                "max": 0.345679012345679
            }
        },
        "RandomForest": {
            "auc": {
                "per_fold": [
                    0.756567820498365,
                    0.7924099722991689,
                    0.7738142348352083,
                    0.763525354740234,
                    0.8164961275368874
                ],
                "mean": 0.7805627019819728,
                "std": 0.021647800042305605,
                "min": 0.756567820498365,
                "max": 0.8164961275368874
            },
            "brier": {
                "per_fold": [
                    0.10494551365457412,
                    0.10064654942720948,
                    0.10646850195933306,
                    0.10259968081788241,
                    0.09600613357715287
                ],
                "mean": 0.10213327588723038,
                "std": 0.0036516469810352176,
                "min": 0.09600613357715287,
                "max": 0.10646850195933306
            },
            "f1": {
                "per_fold": [
                    0.2857142857142857,
                    0.37037037037037035,
                    0.26666666666666666,
                    0.2926829268292683,
                    0.2571428571428571
                ],
                "mean": 0.2945154213446896,
                "std": 0.04001762863628786,
                "min": 0.2571428571428571,
                "max": 0.37037037037037035
            }
        }
    },
    "ensemble": {
        "auc": {
            "per_fold": [
                0.7460254820160108,
                0.768808864265928,
                0.7463395330431342,
                0.769800440952004,
                0.8378088077336199
            ],
            "mean": 0.7737566256021393,
            "std": 0.03365568915952833,
            "min": 0.7460254820160108,
            "max": 0.8378088077336199
        },
        "brier": {
            "per_fold": [
                0.12168325478986822,
                0.11792690276679897,
                0.1326633756575397,
                0.11386499497935344,
                0.09912360064595445
            ],
            "mean": 0.11705242576790295,
            "std": 0.010931729316025242,
            "min": 0.09912360064595445,
            "max": 0.1326633756575397
        },
        "f1": {
            "per_fold": [
                0.3119266055045872,
                0.43103448275862066,
                0.37398373983739835,
                0.42,
                0.46153846153846156
            ],
            "mean": 0.3996966579278135,
            "std": 0.052121837836639706,
            "min": 0.3119266055045872,
            "max": 0.46153846153846156
        }
    },
    "method_comparison": {
        "weighted_avg": {
            "auc": 0.7868869801654828,
            "brier": 0.0915228233126616,
            "score": 0.5251627202784599,
            "calibration": null
        },
        "weighted_avg+isotonic": {
            "auc": 0.777350115693848,
            "brier": 0.09121121175923308,
            "score": 0.5206219429368683,
            "calibration": "isotonic"
        },
        "weighted_avg+platt": {
            "auc": 0.785916862490884,
            "brier": 0.09263675165263496,
            "score": 0.5203576688988316,
            "calibration": "platt"
        },
        "logistic": {
            "auc": 0.7896222098885314,
            "brier": 0.18694996127255922,
            "score": 0.16503285853878713,
            "calibration": null
        },
        "logistic+isotonic": {
            "auc": 0.7759815970252725,
            "brier": 0.0914511555322071,
            "score": 0.5188911879965726,
            "calibration": "isotonic"
        },
        "logistic+platt": {
            "auc": 0.7830245162916747,