{
    "tearsense": {
        "model_serial": "05022026_155042_13828",
        "holdout_n": 514,
        "inference_verified": true,
        "stored_AUC": 0.7793218253537437,
        "stored_Brier": 0.11409503689222646,
        "stored_threshold": 0.43000000000000005,
        "AUC": 0.7793218253537437,
        "Brier_Score": 0.11409503689222646,
        "Calibration_Slope": 1.0570764856053605,
        "Calibration_Intercept": -1.1470085708697673,
        "Net_Benefit": -0.015963825785873617,
        "Optimal_Threshold_Used": 0.2599630017388727,
        "Youden_J_Threshold": 0.2599630017388727,
        "F1_Score": 0.35687732342007433,
        "Sensitivity_Recall": 0.7868852459016393,
        "Specificity": 0.6467991169977925,
        "PPV_Precision": 0.23076923076923078,
        "NPV": 0.9575163398692811,
        "Confusion_Matrix": {
            "TP": 48,
            "TN": 293,
            "FP": 160,
            "FN": 13
        },
        "AUC_95CI": [
            0.711322686488886,
            0.8425409194464073
        ],
        "AUC_Text": "0.7793 (0.7113-0.8425)",
        "Brier_Score_95CI": [
            0.09995324714353247,
            0.12792835282523532
        ],
        "Brier_Score_Text": "0.1141 (0.1000-0.1279)",
        "F1_Score_95CI": [
            0.2799852941176471,
            0.42970920138888885
        ],
        "F1_Score_Text": "0.3569 (0.2800-0.4297)",
        "Sensitivity_Recall_95CI": [
            0.6818181818181818,
            0.8846153846153846
        ],
        "Sensitivity_Recall_Text": "0.7869 (0.6818-0.8846)",
        "Specificity_95CI": [
            0.5999886877828055,
            0.6941978396962234
        ],
        "Specificity_Text": "0.6468 (0.6000-0.6942)",
        "PPV_Precision_95CI": [
            0.1736800048065369,
            0.2912772332419752
        ],
        "PPV_Precision_Text": "0.2308 (0.1737-0.2913)",
        "NPV_95CI": [
            0.9346338848039216,
            0.9804560260586319
        ],
        "NPV_Text": "0.9575 (0.9346-0.9805)",
        "Net_Benefit_95CI": [
            -0.04674019235679848,
            0.0169557571582319
        ],
        "Net_Benefit_Text": "-0.0160 (-0.0467-0.0170)",
        "Calibration_Slope_95CI": [
            0.7859353000994983,
            1.401367640562307
        ],
        "Calibration_Slope_Text": "1.0571 (0.7859-1.4014)"
    },
    "logistic_regression": {
        "AUC": 0.8106611659971772,
        "Brier_Score": 0.17485229610276382,
        "F1_Score": 0.3861003861003861,
        "Sensitivity_Recall": 0.819672131147541,
        "Specificity": 0.673289183222958,
        "PPV_Precision": 0.25252525252525254,
        "NPV": 0.9651898734177216,
        "Net_Benefit": -0.12066993337198444,
        "Calibration_Slope": 0.8821582035795066,
        "Calibration_Intercept": -1.9580869173520672,
        "Threshold_Used": 0.43082252713185176,
        "Confusion_Matrix": {
            "TP": 50,
            "TN": 305,
            "FP": 148,
            "FN": 11
        },
        "AUC_95CI": [
            0.7521794662966538,
            0.8631149614337568
        ],
        "Brier_Score_95CI": [
            0.15675797066710226,
            0.1927757104268557
        ],
        "F1_Score_95CI": [
            0.309478021978022,
            0.4545624151967435
        ],
        "Sensitivity_Recall_95CI": [
            0.7212933944069432,
            0.9111403508771929
        ],
        "Specificity_95CI": [
            0.6296276469188675,
            0.715232159296766
        ],
        "PPV_Precision_95CI": [
            0.19288327256261767,
            0.31156296186816435
        ],
        "NPV_95CI": [
            0.9438819353633476,
            0.984178463043565
        ],
        "Net_Benefit_95CI": [
            -0.1623036585715232,
            -0.07807198326133666
        ],
        "Calibration_Slope_95CI": [
            0.6671257244854701,
            1.1635364636319632
        ]
    },
    "lr_formula": "z = -0.7181 + 1.1932 \u00d7 tear_characteristics_Tear_MedLat + 0.7155 \u00d7 tear_characteristics_Full_3.0\n    - 0.7025 \u00d7 Tear_Area_cm2 + 0.4783 \u00d7 Tear_AP_ML_Ratio + 0.4497 \u00d7 InsuranceType_5.0\n    + 0.3984 \u00d7 Aged + 0.3697 \u00d7 tear_characteristics_Full_Missing + 0.3136 \u00d7 Gender_M + 0.3018 \u00d7 Pre-Op_ROM_Pre-Op_IR + 0.2575 \u00d7 tear_characteristics_Tear_AntPost\n    + ... (30 more terms)\n\nP(retear) = 1 / (1 + exp(-z))",
    "comparison": {
        "AUC_difference": -0.031339340643433466,
        "Brier_difference": -0.06075725921053736,
        "TearSense_better_AUC": false,
        "TearSense_better_Brier": true
    }
}