{
    "CatBoost_Params": {
        "iterations": 2409,
        "depth": 6,
        "learning_rate": 0.11939413730331828,
        "l2_leaf_reg": 1.3854615841292066,
        "random_strength": 1.519909850487188,
        "bagging_temperature": 0.6835907184675081,
        "border_count": 121,
        "loss_function": "Focal:focal_alpha=0.34339864169988543;focal_gamma=1.0208129315754684",
        "eval_metric": "AUC",
        "random_state": 42,
        "verbose": false,
        "thread_count": -1
    },
    "XGBoost_Params": {
        "n_estimators": 908,
        "max_depth": 10,
        "learning_rate": 0.06890241371999227,
        "subsample": 0.6735874285756486,
        "colsample_bytree": 0.7009606755454001,
        "gamma": 2.156171122702335,
        "min_child_weight": 4,
        "reg_alpha": 0.00531501424386947,
        "reg_lambda": 0.1359232269604443,
        "max_delta_step": 3.5684505740173957,
        "scale_pos_weight": 7.410457801720024,
        "objective": "binary:logistic",
        "eval_metric": "auc",
        "random_state": 42,
        "n_jobs": -1,
        "use_label_encoder": false
    },
    "LightGBM_Params": {
        "boosting_type": "goss",
        "n_estimators": 1191,
        "num_leaves": 57,
        "learning_rate": 0.009578706504900742,
        "max_depth": 9,
        "min_child_samples": 11,
        "colsample_bytree": 0.6817827757995456,
        "reg_alpha": 0.03191216809808056,
        "reg_lambda": 0.006867936258282938,
        "top_rate": 0.25498394444641864,
        "other_rate": 0.13017099825870526,
        "is_unbalance": true,
        "objective": "binary",
        "metric": "auc",
        "random_state": 42,
        "n_jobs": -1,
        "verbosity": -1
    },
    "RandomForest_Params": {
        "n_estimators": 347,
        "max_depth": 13,
        "min_samples_split": 11,
        "min_samples_leaf": 3,
        "max_features": 0.5,
        "class_weight": "balanced",
        "max_samples": 0.9169611190326049,
        "min_impurity_decrease": 0.0007711041280914102,
        "ccp_alpha": 0.001375485152621677,
        "bootstrap": true,
        "random_state": 42,
        "n_jobs": -1
    },
    "Ensemble_Weights": {
        "Cat": 0.12263695150613785,
        "XGB": 0.6554581522941589,
        "LGBM": 0.0,
        "RF": 0.22190482914447784
    }
}