{
    "best_method": "lgbm_meta",
    "base_models": {
        "CatBoost": {
            "auc": {
                "per_fold": [
                    0.7848122674484158,
                    0.7909695290858726,
                    0.7712702809655718,
                    0.7625077731923795,
                    0.8314206569054214
                ],
                "mean": 0.7881961015195322,
                "std": 0.02380704952514215,
                "min": 0.7625077731923795,
                "max": 0.8314206569054214
            },
            "brier": {
                "per_fold": [
                    0.09036754073231493,
                    0.09196007986533351,
                    0.09380158469337446,
                    0.0936193957399045,
                    0.09000588601910234
                ],
                "mean": 0.09195089741000595,
                "std": 0.0015810820405479026,
                "min": 0.09000588601910234,
                "max": 0.09380158469337446
            },
            "f1": {
                "per_fold": [
                    0.0784313725490196,
                    0.2033898305084746,
                    0.11320754716981132,
                    0.038461538461538464,
                    0.038461538461538464
                ],
                "mean": 0.09439036543007648,
                "std": 0.061230264644102424,
                "min": 0.038461538461538464,
                "max": 0.2033898305084746
            }
        },
        "XGBoost": {
            "auc": {
                "per_fold": [
                    0.7775397451798399,
                    0.7649307479224376,
                    0.7441913053309966,
                    0.7515970377070496,
                    0.8361693707954096
                ],
                "mean": 0.7748856413871467,
                "std": 0.032699666629241946,
                "min": 0.7441913053309966,
                "max": 0.8361693707954096
            },
            "brier": {
                "per_fold": [
                    0.10840783333033133,
                    0.11528821766289783,
                    0.12429186951731966,
                    0.11785959048453831,
                    0.0940152706557122
                ],
                "mean": 0.11197255633015987,
                "std": 0.010320732701419904,
                "min": 0.0940152706557122,
                "max": 0.12429186951731966
            },
            "f1": {
                "per_fold": [
                    0.39215686274509803,
                    0.41509433962264153,
                    0.35514018691588783,
                    0.32989690721649484,
                    0.4090909090909091
                ],
                "mean": 0.3802758411182063,
                "std": 0.03272195821929077,
                "min": 0.32989690721649484,
                "max": 0.41509433962264153
            }
        },
        "LightGBM": {
            "auc": {
                "per_fold": [
                    0.7638967189085579,
                    0.7228808864265929,
                    0.7387642037424387,
                    0.7393295268245802,
                    0.8109559613319012
                ],
                "mean": 0.7551654594468141,
                "std": 0.030824946384940984,
                "min": 0.7228808864265929,
                "max": 0.8109559613319012
            },
            "brier": {
                "per_fold": [
                    0.1076856476792235,
                    0.11226334136420146,
                    0.11777067141009617,
                    0.10866855276926887,
                    0.10332945964699737
                ],
                "mean": 0.10994353457395747,
                "std": 0.0048397353970406716,
                "min": 0.10332945964699737,
                "max": 0.11777067141009617
            },
            "f1": {
                "per_fold": [
                    0.35294117647058826,
                    0.37894736842105264,
                    0.34408602150537637,
                    0.34146341463414637,
                    0.345679012345679
                ],
                "mean": 0.3526233986753685,
                "std": 0.013701889797672749,
                "min": 0.34146341463414637,
                "max": 0.37894736842105264
            }
        },
        "RandomForest": {
            "auc": {
                "per_fold": [
                    0.7603450219866953,
                    0.80803324099723,
                    0.7787890779580531,
                    0.7618293854938097,
                    0.8186443552490249
                ],
                "mean": 0.7855282163369626,
                "std": 0.02385119971199792,
                "min": 0.7603450219866953,
                "max": 0.8186443552490249
            },
            "brier": {
                "per_fold": [
                    0.11585186398097849,
                    0.10771571622357812,
                    0.1153178594385371,
                    0.11304958858641295,
                    0.10273354103938243
                ],
                "mean": 0.11093371385377782,
                "std": 0.00500967468006002,
                "min": 0.10273354103938243,
                "max": 0.11585186398097849
            },
            "f1": {
                "per_fold": [
                    0.4,
                    0.41237113402061853,
                    0.39215686274509803,
                    0.3333333333333333,
                    0.38202247191011235
                ],
                "mean": 0.38397676040183243,
                "std": 0.02719733326457232,
                "min": 0.3333333333333333,
                "max": 0.41237113402061853
            }
        }
    },
    "ensemble": {
        "auc": {
            "per_fold": [
                0.7584282331717217,
                0.7936565096952908,
                0.7808807733619764,
                0.7711289501950365,
                0.8359997738707671
            ],
            "mean": 0.7880188480589585,
            "std": 0.026629974540439295,
            "min": 0.7584282331717217,
            "max": 0.8359997738707671
        },
        "brier": {
            "per_fold": [
                0.09310448686983568,
                0.08870282710172142,
                0.09205513256232978,
                0.09418660521308847,
                0.08595940141988884
            ],
            "mean": 0.09080169063337283,
            "std": 0.003039231048782765,
            "min": 0.08595940141988884,
            "max": 0.09418660521308847
        },
        "f1": {
            "per_fold": [
                0.0392156862745098,
                0.25806451612903225,
                0.21875,
                0.1111111111111111,
                0.14035087719298245
            ],
            "mean": 0.1534984381415271,
            "std": 0.07774563938464524,
            "min": 0.0392156862745098,
            "max": 0.25806451612903225
        }
    },
    "method_comparison": {
        "weighted_avg": {
            "auc": 0.7889735209644456,
            "brier": 0.09133840890677326,
            "score": 0.5271137727562274,
            "calibration": null
        },
        "weighted_avg+isotonic": {
            "auc": 0.7825597151320349,
            "brier": 0.0914381517883378,
            "score": 0.5228873569693062,
            "calibration": "isotonic"
        },
        "weighted_avg+platt": {
            "auc": 0.7886291404442285,
            "brier": 0.09257268788314456,
            "score": 0.5222279059320708,
            "calibration": "platt"
        },
        "logistic": {
            "auc": 0.7907447603764115,
            "brier": 0.18649451996368333,
            "score": 0.16743299890367663,
            "calibration": null
        },
        "logistic+isotonic": {
            "auc": 0.7733087090007111,
            "brier": 0.09335494563354284,
            "score": 0.5100700528509832,
            "calibration": "isotonic"
        },