{
    "best_method": "weighted_avg+isotonic",
    "base_models": {
        "CatBoost": {
            "auc": {
                "per_fold": [
                    0.770267222911264,
                    0.78,
                    0.7742099609927073,
                    0.7500706653852677,
                    0.8207925829611623
                ],
                "mean": 0.7790680864500803,
                "std": 0.0231676890619945,
                "min": 0.7500706653852677,
                "max": 0.8207925829611623
            },
            "brier": {
                "per_fold": [
                    0.09132800829829972,
                    0.09324644038183304,
                    0.0942196497947284,
                    0.09402518418305551,
                    0.09076192701501641
                ],
                "mean": 0.09271624193458661,
                "std": 0.0014142994612880576,
                "min": 0.09076192701501641,
                "max": 0.0942196497947284
            },
            "f1": {
                "per_fold": [
                    0.07692307692307693,
                    0.25806451612903225,
                    0.14035087719298245,
                    0.07547169811320754,
                    0.07547169811320754
                ],
                "mean": 0.12525637329430134,
                "std": 0.07093515652346195,
                "min": 0.07547169811320754,
                "max": 0.25806451612903225
            }
        },
        "XGBoost": {
            "auc": {
                "per_fold": [
                    0.7404442439959409,
                    0.7498060941828255,
                    0.7353157329413759,
                    0.7592854316241732,
                    0.8054723274351292
                ],
                "mean": 0.7580647660358889,
                "std": 0.02508056565061197,
                "min": 0.7353157329413759,
                "max": 0.8054723274351292
            },
            "brier": {
                "per_fold": [
                    0.11031585009680554,
                    0.10921150459410182,
                    0.11560490155786537,
                    0.11392755653100309,
                    0.09862095104115137
                ],
                "mean": 0.10953615276418542,
                "std": 0.005932437812288829,
                "min": 0.09862095104115137,
                "max": 0.11560490155786537
            },
            "f1": {
                "per_fold": [
                    0.32608695652173914,
                    0.3516483516483517,
                    0.3225806451612903,
                    0.37362637362637363,
                    0.3764705882352941
                ],
                "mean": 0.35008258303860973,
                "std": 0.022738668403339077,
                "min": 0.3225806451612903,
                "max": 0.3764705882352941
            }
        },
        "LightGBM": {
            "auc": {
                "per_fold": [
                    0.753185252001353,
                    0.7746814404432132,
                    0.7617728531855956,
                    0.7726270563627112,
                    0.8448188139521737
                ],
                "mean": 0.7814170831890094,
                "std": 0.032635394844267376,
                "min": 0.753185252001353,
                "max": 0.8448188139521737
            },
            "brier": {
                "per_fold": [
                    0.09989523087095481,
                    0.10356350268832734,
                    0.1039590288206994,
                    0.10196447177420596,
                    0.09037441850909421
                ],
                "mean": 0.09995133053265634,
                "std": 0.004997650687827393,
                "min": 0.09037441850909421,
                "max": 0.1039590288206994
            },
            "f1": {
                "per_fold": [
                    0.33766233766233766,
                    0.35294117647058826,
                    0.35714285714285715,
                    0.325,
                    0.2608695652173913
                ],
                "mean": 0.32672318729863487,
                "std": 0.03484845246497261,
                "min": 0.2608695652173913,
                "max": 0.35714285714285715
            }
        },
        "RandomForest": {
            "auc": {
                "per_fold": [
                    0.7520013530273988,
                    0.778393351800554,
                    0.776075527163774,
                    0.7647690655209453,
                    0.8151393521397479
                ],
                "mean": 0.777275729930484,
                "std": 0.02112607031429919,
                "min": 0.7520013530273988,
                "max": 0.8151393521397479
            },
            "brier": {
                "per_fold": [
                    0.09755013707861455,
                    0.09499389426858477,
                    0.09789872376296854,
                    0.09529642917323689,
                    0.09153525293158789
                ],
                "mean": 0.09545488744299853,
                "std": 0.0022787525283587476,
                "min": 0.09153525293158789,
                "max": 0.09789872376296854
            },
            "f1": {
                "per_fold": [
                    0.25396825396825395,
                    0.2608695652173913,
                    0.18181818181818182,
                    0.24242424242424243,
                    0.16129032258064516
                ],
                "mean": 0.22007411320174297,
                "std": 0.040575017647642146,
                "min": 0.16129032258064516,
                "max": 0.2608695652173913
            }
        }
    },
    "ensemble": {
        "auc": {
            "per_fold": [
                0.7404442439959409,
                0.7498060941828255,
                0.7353157329413759,
                0.7592854316241732,
                0.8054723274351292
            ],
            "mean": 0.7580647660358889,
            "std": 0.02508056565061197,
            "min": 0.7353157329413759,
            "max": 0.8054723274351292
        },
        "brier": {
            "per_fold": [
                0.11031585009680095,
                0.10921150459410162,
                0.11560490155786537,
                0.11392755653095828,
                0.09862095104115137
            ],
            "mean": 0.10953615276417553,
            "std": 0.005932437812282076,
            "min": 0.09862095104115137,
            "max": 0.11560490155786537
        },
        "f1": {
            "per_fold": [
                0.32608695652173914,
                0.3516483516483517,
                0.3225806451612903,
                0.37362637362637363,
                0.3764705882352941
            ],
            "mean": 0.35008258303860973,
            "std": 0.022738668403339077,
            "min": 0.3225806451612903,
            "max": 0.3764705882352941
        }
    },
    "method_comparison": {
        "weighted_avg": {
            "auc": 0.7870220313498816,
            "brier": 0.09198321712145455,
            "score": 0.5234983656410185,
            "calibration": null
        },
        "weighted_avg+isotonic": {
            "auc": 0.779853064311374,
            "brier": 0.09075342643270964,
            "score": 0.5238592085155027,
            "calibration": "isotonic"
        },
        "weighted_avg+platt": {
            "auc": 0.7866326337681981,
            "brier": 0.09365925924630618,
            "score": 0.5169107333770373,
            "calibration": "platt"
        },
        "logistic": {
            "auc": 0.7851690144232346,
            "brier": 0.18803737911458493,
            "score": 0.15823846364921462,
            "calibration": null
        },
        "logistic+isotonic": {
            "auc": 0.7748415399436387,
            "brier": 0.09325696560485762,
            "score": 0.5113612006048165,
            "calibration": "isotonic"
        },