{
    "best_method": "weighted_avg",
    "base_models": {
        "CatBoost": {
            "auc": {
                "per_fold": [
                    0.7483369038223023,
                    0.7581717451523545,
                    0.7508621177002658,
                    0.7450958222624229,
                    0.8142913675165357
                ],
                "mean": 0.7633515912907762,
                "std": 0.025831734363409544,
                "min": 0.7450958222624229,
                "max": 0.8142913675165357
            },
            "brier": {
                "per_fold": [
                    0.09336971937170342,
                    0.09412272201753999,
                    0.09692997591948807,
                    0.09443989448333144,
                    0.09266118970669102
                ],
                "mean": 0.0943047002997508,
                "std": 0.0014504331799410411,
                "min": 0.09266118970669102,
                "max": 0.09692997591948807
            },
            "f1": {
                "per_fold": [
                    0.14814814814814814,
                    0.23333333333333334,
                    0.10909090909090909,
                    0.14545454545454545,
                    0.10526315789473684
                ],
                "mean": 0.14825801878433456,
                "std": 0.04610488309177522,
                "min": 0.10526315789473684,
                "max": 0.23333333333333334
            }
        },
        "XGBoost": {
            "auc": {
                "per_fold": [
                    0.7475476378396662,
                    0.7682548476454294,
                    0.7469613884334897,
                    0.7669738255412968,
                    0.8328904969189892
                ],
                "mean": 0.7725256392757742,
                "std": 0.031529065358958004,
                "min": 0.7469613884334897,
                "max": 0.8328904969189892
            },
            "brier": {
                "per_fold": [
                    0.10666203160638957,
                    0.11129023609776278,
                    0.11115879022542188,
                    0.10995416084387344,
                    0.09273143989803687
                ],
                "mean": 0.1063593317342969,
                "std": 0.007015446943568247,
                "min": 0.09273143989803687,
                "max": 0.11129023609776278
            },
            "f1": {
                "per_fold": [
                    0.33707865168539325,
                    0.3541666666666667,
                    0.2823529411764706,
                    0.3058823529411765,
                    0.3116883116883117
                ],
                "mean": 0.31823378483160375,
                "std": 0.02501654266091612,
                "min": 0.2823529411764706,
                "max": 0.3541666666666667
            }
        },
        "LightGBM": {
            "auc": {
                "per_fold": [
                    0.7667719021310182,
                    0.7705817174515235,
                    0.7765843179377014,
                    0.7575894623777488,
                    0.8405788908361128
                ],
                "mean": 0.7824212581468208,
                "std": 0.02972566318765413,
                "min": 0.7575894623777488,
                "max": 0.8405788908361128
            },
            "brier": {
                "per_fold": [
                    0.10587862771892279,
                    0.10817579934104841,
                    0.11103924874505132,
                    0.10876503122701398,
                    0.0916207985634588
                ],
                "mean": 0.10509590111909906,
                "std": 0.0069348787966969005,
                "min": 0.0916207985634588,
                "max": 0.11103924874505132
            },
            "f1": {
                "per_fold": [
                    0.37894736842105264,
                    0.4,
                    0.39215686274509803,
                    0.35555555555555557,
                    0.449438202247191
                ],
                "mean": 0.39521959779377946,
                "std": 0.031015839036019646,
                "min": 0.35555555555555557,
                "max": 0.449438202247191
            }
        },
        "RandomForest": {
            "auc": {
                "per_fold": [
                    0.7525087383019506,
                    0.7907479224376731,
                    0.7657301147605857,
                    0.7634688224320199,
                    0.8159308044547459
                ],
                "mean": 0.777677280477395,
                "std": 0.02285714042424708,
                "min": 0.7525087383019506,
                "max": 0.8159308044547459
            },
            "brier": {
                "per_fold": [
                    0.09715200059487238,
                    0.0925104162843671,
                    0.0979313209990723,
                    0.09373746661364228,
                    0.09011026007874162
                ],
                "mean": 0.09428829291413914,
                "std": 0.002911792870585776,
                "min": 0.09011026007874162,
                "max": 0.0979313209990723
            },
            "f1": {
                "per_fold": [
                    0.25396825396825395,
                    0.1875,
                    0.15625,
                    0.22580645161290322,
                    0.13333333333333333
                ],
                "mean": 0.1913716077828981,
                "std": 0.04409321164173641,
                "min": 0.13333333333333333,
                "max": 0.25396825396825395
            }
        }
    },
    "ensemble": {
        "auc": {
            "per_fold": [
                0.7475476378396662,
                0.7682548476454294,
                0.7469613884334897,
                0.7669738255412968,
                0.8328904969189892
            ],
            "mean": 0.7725256392757742,
            "std": 0.031529065358958004,
            "min": 0.7469613884334897,
            "max": 0.8328904969189892
        },
        "brier": {
            "per_fold": [
                0.1066620316063887,
                0.11129023609776278,
                0.1111587902253883,
                0.10995416084386667,
                0.09273143989803663
            ],
            "mean": 0.10635933173428862,
            "std": 0.007015446943563042,
            "min": 0.09273143989803663,
            "max": 0.11129023609776278
        },
        "f1": {
            "per_fold": [
                0.33707865168539325,
                0.3541666666666667,
                0.2823529411764706,
                0.3058823529411765,
                0.3116883116883117
            ],
            "mean": 0.31823378483160375,
            "std": 0.02501654266091612,
            "min": 0.2823529411764706,
            "max": 0.3541666666666667
        }
    },
    "method_comparison": {
        "weighted_avg": {
            "auc": 0.7822367177160143,
            "brier": 0.09200283805092255,
            "score": 0.5205527931354637,
            "calibration": null
        },
        "weighted_avg+isotonic": {
            "auc": 0.775438016008067,
            "brier": 0.09149101616575779,
            "score": 0.5184139249176448,
            "calibration": "isotonic"
        },
        "weighted_avg+platt": {
            "auc": 0.7820634020293691,
            "brier": 0.09343024639034803,
            "score": 0.5150373981967749,
            "calibration": "platt"
        },
        "logistic": {
            "auc": 0.7836854767250865,
            "brier": 0.1892211476523638,
            "score": 0.15286059114773048,
            "calibration": null
        },
        "logistic+isotonic": {
            "auc": 0.7673011821480342,
            "brier": 0.0942093931396515,
            "score": 0.5032262660772104,
            "calibration": "isotonic"
        },