{
    "evaluation_type": "end_to_end_pipeline",
    "description": "Holdout test set (n=514) evaluated through the FULL production inference pipeline. fold_models predict \u2192 average \u2192 meta-features \u2192 meta-learner \u2192 calibrate \u2192 score. These are the metrics of the actual deployed model.",
    "pipeline": "fold_ensemble \u2192 13 meta-features \u2192 lgbm_meta \u2192 threshold",
    "best_method": "lgbm_meta",
    "holdout_n": 514,
    "cross_check_vs_trainMeta": true,
    "final_model": {
        "AUC": 0.7894546375710201,
        "AUC_95CI": [
            0.7247833822291544,
            0.8533073027030287
        ],
        "Brier": 0.08731912571330808,
        "Brier_95CI": [
            0.06923785278871006,
            0.10438391662505227
        ],
        "optimal_threshold": 0.146811570549744,
        "clinical_metrics": {
            "sensitivity": 0.6229508196721312,
            "specificity": 0.8013245033112583,
            "ppv": 0.296875,
            "npv": 0.9404145077720207,
            "tp": 38,
            "tn": 363,
            "fp": 90,
            "fn": 23
        }
    },
    "decision_curve_analysis": {
        "thresholds": [
            0.01,
            0.02,
            0.03,
            0.04,
            0.05,
            0.060000000000000005,
            0.06999999999999999,
            0.08,
            0.09,
            0.09999999999999999,
            0.11,
            0.12,
            0.13,
            0.14,
            0.15000000000000002,
            0.16,
            0.17,
            0.18000000000000002,
            0.19,
            0.2,
            0.21000000000000002,
            0.22,
            0.23,
            0.24000000000000002,
            0.25,
            0.26,
            0.27,
            0.28,
            0.29000000000000004,
            0.3,
            0.31,
            0.32,
            0.33,
            0.34,
            0.35000000000000003,
            0.36000000000000004,
            0.37,
            0.38,
            0.39,
            0.4,
            0.41000000000000003,
            0.42000000000000004,
            0.43,
            0.44,
            0.45,
            0.46,
            0.47000000000000003,
            0.48000000000000004,
            0.49,
            0.5,
            0.51,
            0.52,
            0.53,
            0.54,
            0.55,
            0.56,
            0.5700000000000001,
            0.5800000000000001,
            0.59,
            0.6,
            0.61,
            0.62,
            0.63,
            0.64,
            0.65,
            0.66,
            0.67,
            0.68,
            0.6900000000000001,
            0.7000000000000001,
            0.7100000000000001,
            0.72,
            0.73,
            0.74,
            0.75,
            0.76,
            0.77,
            0.78,
            0.79,
            0.8,
            0.81,
            0.8200000000000001,
            0.8300000000000001,
            0.8400000000000001,
            0.85,
            0.86,
            0.87,
            0.88,
            0.89,
            0.9,
            0.91,
            0.92,
            0.93,
            0.9400000000000001,
            0.9500000000000001,
            0.9600000000000001,
            0.97,
            0.98,
            0.99
        ],
        "net_benefit_model": [
            0.10977479070864285,
            0.10069086000158818,
            0.09198122668378193,
            0.08657587548638132,
            0.08335039934466515,
            0.07748985843198938,
            0.07064557968285846,
            0.06318727795635255,
            0.062064394749219653,
            0.053393860786856887,
            0.051239452629738114,
            0.047753802617615845,
            0.04394203676371929,
            0.03918197448194734,
            0.04142824444953078,
            0.04011487863627941,
            0.037715062584970226,
            0.03577868463509537,
            0.02937503002353846,
            0.02869649805447471,
            0.02834556469487268,
            0.026987927766137884,
            0.026757289403203804,
            0.027851730493549047,
            0.02529182879377432,
            0.025396992323062362,
            0.025824849421672617,
            0.02550799827064418,
            0.02762097879103414,
            0.028904947192884934,
            0.02706817797327017,
            0.026321812771801328,
            0.025553168012079675,
            0.02476123098691192,
            0.023944926668662075,
            0.02419747081712062,
            0.023377184855784078,
            0.023848374544998118,
            0.023282515787459334,
            0.014267185473411154,
            0.014047352107102815,
            0.013819938279887294,
            0.013584545020137895,
            0.013340744858254587,
            0.01308807923593916,
            0.012826055627612049,
            0.012554144335951839,
            0.012271774917689314,
            0.0,
            0.0,
            0.0,
            0.0,
            0.0,
            0.0,
            0.0,
            0.0,
            0.0,
            0.0,
            0.0,
            0.0,
            0.0,
            0.0,
            0.0,
            0.0,
            0.0,
            0.0,
            0.0,
            0.0,
            0.0,
            0.0,
            0.0,
            0.0,
            0.0,
            0.0,
            0.0,
            0.0,
            0.0,
            0.0,
            0.0,
            0.0,
            0.0,
            0.0,
            0.0,
            0.0,
            0.0,
            0.0,
            0.0,
            0.0,
            0.0,
            0.0,
            0.0,
            0.0,
            0.0,
            0.0,
            0.0,
            0.0,
            0.0,
            0.0,
            0.0
        ],