{
    "tearsense": {
        "AUC": 0.7894546375710201,
        "Brier": 0.08731912571330808
    },
    "logistic_regression": {
        "AUC": 0.8106611659971772,
        "Brier": 0.17485229610287223
    },
    "improvement": {
        "AUC_delta": -0.021206528426157112,
        "AUC_pct": -2.615954644881923,
        "Brier_delta": -0.08753317038956415
    }
}