{
    "CatBoost_Params": {
        "iterations": 928,
        "depth": 3,
        "learning_rate": 0.12786247621824418,
        "l2_leaf_reg": 6.703391111216548,
        "random_strength": 1.635381969033128,
        "bagging_temperature": 0.1511122218332704,
        "border_count": 47,
        "loss_function": "Focal:focal_alpha=0.1765259522429939;focal_gamma=1.0788439956468732",
        "eval_metric": "AUC",
        "random_state": 42,
        "verbose": false,
        "thread_count": -1
    },
    "XGBoost_Params": {
        "n_estimators": 874,
        "max_depth": 9,
        "learning_rate": 0.1319089164532185,
        "subsample": 0.6026067159947625,
        "colsample_bytree": 0.9024630635007282,
        "gamma": 1.206243320864063,
        "min_child_weight": 1,
        "reg_alpha": 0.0015820983831968424,
        "reg_lambda": 0.0013425826873325292,
        "max_delta_step": 7.5085859403657835,
        "scale_pos_weight": 13.103326851537188,
        "objective": "binary:logistic",
        "eval_metric": "auc",
        "random_state": 42,
        "n_jobs": -1,
        "use_label_encoder": false
    },
    "LightGBM_Params": {
        "boosting_type": "dart",
        "n_estimators": 1765,
        "num_leaves": 143,
        "learning_rate": 0.02598870392881041,
        "max_depth": 10,
        "min_child_samples": 23,
        "colsample_bytree": 0.9064640323332929,
        "reg_alpha": 0.0022577396706343323,
        "reg_lambda": 0.01674339680878115,
        "subsample": 0.8275462682430524,
        "subsample_freq": 5,
        "drop_rate": 0.051393467658712624,
        "skip_drop": 0.4859210628723508,
        "is_unbalance": true,
        "objective": "binary",
        "metric": "auc",
        "random_state": 42,
        "n_jobs": -1,
        "verbosity": -1
    },
    "RandomForest_Params": {
        "n_estimators": 391,
        "max_depth": 19,
        "min_samples_split": 5,
        "min_samples_leaf": 3,
        "max_features": "sqrt",
        "class_weight": "balanced",
        "max_samples": 0.5041688877580729,
        "min_impurity_decrease": 0.00020770052007215744,
        "ccp_alpha": 0.002274587953707561,
        "bootstrap": true,
        "random_state": 42,
        "n_jobs": -1
    },
    "Ensemble_Weights": {
        "Cat": 0.825,
        "XGB": 0.0,
        "LGBM": 0.175,
        "RF": 0.0
    }
}