{
    "CatBoost_Params": {
        "iterations": 1622,
        "depth": 7,
        "learning_rate": 0.08189401303418968,
        "l2_leaf_reg": 4.129935822304214,
        "random_strength": 4.086482577370761,
        "bagging_temperature": 0.5921784744885521,
        "border_count": 34,
        "loss_function": "Focal:focal_alpha=0.1999247584734575;focal_gamma=1.0748755975239312",
        "eval_metric": "AUC",
        "random_state": 42,
        "verbose": false,
        "thread_count": -1
    },
    "XGBoost_Params": {
        "n_estimators": 1023,
        "max_depth": 8,
        "learning_rate": 0.0667802580505408,
        "subsample": 0.7241129650099841,
        "colsample_bytree": 0.522270004838976,
        "gamma": 1.550764386768614,
        "min_child_weight": 7,
        "reg_alpha": 0.0010219089157328715,
        "reg_lambda": 0.006104059447627752,
        "max_delta_step": 4.66897454529049,
        "scale_pos_weight": 7.794383202697761,
        "objective": "binary:logistic",
        "eval_metric": "auc",
        "random_state": 42,
        "n_jobs": -1,
        "use_label_encoder": false
    },
    "LightGBM_Params": {
        "boosting_type": "dart",
        "n_estimators": 1842,
        "num_leaves": 133,
        "learning_rate": 0.02832009553613236,
        "max_depth": 8,
        "min_child_samples": 30,
        "colsample_bytree": 0.7079482431460831,
        "reg_alpha": 1.6125621209621743,
        "reg_lambda": 1.938892569110407,
        "subsample": 0.9048023422516841,
        "subsample_freq": 10,
        "drop_rate": 0.17661135270951842,
        "skip_drop": 0.4503926623475371,
        "is_unbalance": true,
        "objective": "binary",
        "metric": "auc",
        "random_state": 42,
        "n_jobs": -1,
        "verbosity": -1
    },
    "RandomForest_Params": {
        "n_estimators": 502,
        "max_depth": 15,
        "min_samples_split": 7,
        "min_samples_leaf": 8,
        "max_features": "log2",
        "class_weight": "balanced_subsample",
        "max_samples": 0.7228342823156682,
        "min_impurity_decrease": 0.0012923907694653897,
        "ccp_alpha": 0.0008294235639356159,
        "bootstrap": true,
        "random_state": 42,
        "n_jobs": -1
    },
    "Ensemble_Weights": {
        "Cat": 0.14642825722694397,
        "XGB": 0.17967620491981506,
        "LGBM": 0.24849118292331696,
        "RF": 0.4254043400287628
    }
}