{
    "evaluation_type": "end_to_end_pipeline",
    "description": "Holdout test set (n=514) evaluated through the FULL production inference pipeline. fold_models predict \u2192 average \u2192 meta-features \u2192 meta-learner \u2192 calibrate \u2192 score. These are the metrics of the actual deployed model.",
    "pipeline": "fold_ensemble \u2192 13 meta-features \u2192 lgbm_meta \u2192 threshold",
    "best_method": "lgbm_meta",
    "holdout_n": 514,
    "cross_check_vs_trainMeta": true,
    "final_model": {
        "AUC": 0.7871566605146023,
        "AUC_95CI": [
            0.7225709408052948,
            0.8484415318747289
        ],
        "Brier": 0.08798835231236946,
        "Brier_95CI": [
            0.06986738873064262,
            0.10601470770269122
        ],
        "optimal_threshold": 0.10140217340926387,
        "clinical_metrics": {
            "sensitivity": 0.8032786885245902,
            "specificity": 0.6247240618101545,
            "ppv": 0.2237442922374429,
            "npv": 0.9593220338983051,
            "tp": 49,
            "tn": 283,
            "fp": 170,
            "fn": 12
        }
    },
    "decision_curve_analysis": {
        "thresholds": [
            0.01,
            0.02,
            0.03,
            0.04,
            0.05,
            0.060000000000000005,
            0.06999999999999999,
            0.08,
            0.09,
            0.09999999999999999,
            0.11,
            0.12,
            0.13,
            0.14,
            0.15000000000000002,
            0.16,
            0.17,
            0.18000000000000002,
            0.19,
            0.2,
            0.21000000000000002,
            0.22,
            0.23,
            0.24000000000000002,
            0.25,
            0.26,
            0.27,
            0.28,
            0.29000000000000004,
            0.3,
            0.31,
            0.32,
            0.33,
            0.34,
            0.35000000000000003,
            0.36000000000000004,
            0.37,
            0.38,
            0.39,
            0.4,
            0.41000000000000003,
            0.42000000000000004,
            0.43,
            0.44,
            0.45,
            0.46,
            0.47000000000000003,
            0.48000000000000004,
            0.49,
            0.5,
            0.51,
            0.52,
            0.53,
            0.54,
            0.55,
            0.56,
            0.5700000000000001,
            0.5800000000000001,
            0.59,
            0.6,
            0.61,
            0.62,
            0.63,
            0.64,
            0.65,
            0.66,
            0.67,
            0.68,
            0.6900000000000001,
            0.7000000000000001,
            0.7100000000000001,
            0.72,
            0.73,
            0.74,
            0.75,
            0.76,
            0.77,
            0.78,
            0.79,
            0.8,
            0.81,
            0.8200000000000001,
            0.8300000000000001,
            0.8400000000000001,
            0.85,
            0.86,
            0.87,
            0.88,
            0.89,
            0.9,
            0.91,
            0.92,
            0.93,
            0.9400000000000001,
            0.9500000000000001,
            0.9600000000000001,
            0.97,
            0.98,
            0.99
        ],
        "net_benefit_model": [
            0.11018747789175803,
            0.10065115540379577,
            0.09330498616069638,
            0.08730544747081712,
            0.0800737251689535,
            0.0750062091232718,
            0.07137776662064349,
            0.06606327186601252,
            0.05934921110018386,
            0.05858192823173368,
            0.04903160932103353,
            0.04571984435797665,
            0.04383022496533833,
            0.039408198353090215,
            0.03788052185854886,
            0.03872521771354456,
            0.03666025971590643,
            0.03497200341653221,
            0.029134841715905274,
            0.027723735408560313,
            0.02627690489090282,
            0.027536665668961388,
            0.026757289403203804,
            0.026008601269711242,
            0.024643320363164724,
            0.02823640761383952,
            0.027264005116998027,
            0.026264591439688713,
            0.02603167643996273,
            0.030572540300166758,
            0.029887779845485817,
            0.029182879377431907,
            0.021604042046576455,
            0.021990331328852728,
            0.021400778210116732,
            0.02079280155642023,
            0.01568772774998456,
            0.015438684573867201,
            0.013235950755884417,
            0.013618677042801557,
            0.013453802018070303,
            0.01328324164765866,
            0.013106696702846612,
            0.01292384658143413,
            0.008843296781039973,
            0.00864677907479464,
            0.007782101167315175,
            0.007782101167315175,
            0.007782101167315175,
            0.007782101167315175,
            0.0,
            0.0,
            0.0,
            0.0,
            0.0,
            0.0,
            0.0,
            0.0,
            0.0,
            0.0,
            0.0,
            0.0,
            0.0,
            0.0,
            0.0,
            0.0,
            0.0,
            0.0,
            0.0,
            0.0,
            0.0,
            0.0,
            0.0,
            0.0,
            0.0,
            0.0,
            0.0,
            0.0,
            0.0,
            0.0,
            0.0,
            0.0,
            0.0,
            0.0,
            0.0,
            0.0,
            0.0,
            0.0,
            0.0,
            0.0,
            0.0,
            0.0,
            0.0,
            0.0,
            0.0,
            0.0,
            0.0,
            0.0,
            0.0
        ],