{
    "Final_Model": {
        "AUC": 0.7871566605146023,
        "AUC_95CI_lower": 0.7225709408052948,
        "AUC_95CI_upper": 0.8484415318747289,
        "Brier": 0.08798835231236946,
        "Brier_95CI_lower": 0.06986738873064262,
        "Brier_95CI_upper": 0.10601470770269122,
        "Best_Method": "lgbm_meta",
        "Optimal_Threshold": 0.30000000000000004
    },
    "Individual_Assessment_Test": {
        "CatBoost": {
            "AUC": 0.7774762059855969,
            "Brier": 0.08802336613140935
        },
        "XGBoost": {
            "AUC": 0.7743639850902906,
            "Brier": 0.09986363005824969
        },
        "LightGBM": {
            "AUC": 0.768501429450295,
            "Brier": 0.10219056941341102
        },
        "RandomForest": {
            "AUC": 0.7766438678391778,
            "Brier": 0.10456391210596536
        }
    },
    "Self_Assessment_CV": {
        "CatBoost": {
            "AUC": 0.8012725410085675,
            "Brier": 0.09350958118397172
        },
        "XGBoost": {
            "AUC": 0.7868727351548814,
            "Brier": 0.12809907640657128
        },
        "LightGBM": {
            "AUC": 0.7640958819180631,
            "Brier": 0.11200207669617956
        },
        "RandomForest": {
            "AUC": 0.7817323448195947,
            "Brier": 0.11005148659774684
        }
    },
    "Ensemble_Weights": {
        "CatBoost": 0.3333333333333333,
        "XGBoost": 0.3333333333333333,
        "LightGBM": 0.0,
        "RandomForest": 0.3333333333333333
    }
}