{
    "best_method": "xgb_meta",
    "base_models": {
        "CatBoost": {
            "auc": {
                "per_fold": [
                    0.7662645168564663,
                    0.7818836565096953,
                    0.7578155916106054,
                    0.7536887331109728,
                    0.8311379953643507
                ],
                "mean": 0.7781580986904182,
                "std": 0.0281949426941749,
                "min": 0.7536887331109728,
                "max": 0.8311379953643507
            },
            "brier": {
                "per_fold": [
                    0.09317625271592488,
                    0.09227944947031737,
                    0.09425996858074773,
                    0.09673832915270617,
                    0.08956750596126922
                ],
                "mean": 0.09320430117619308,
                "std": 0.0023531342603894923,
                "min": 0.08956750596126922,
                "max": 0.09673832915270617
            },
            "f1": {
                "per_fold": [
                    0.11320754716981132,
                    0.19672131147540983,
                    0.14035087719298245,
                    0.07272727272727272,
                    0.1111111111111111
                ],
                "mean": 0.1268236239353175,
                "std": 0.04105452258621094,
                "min": 0.07272727272727272,
                "max": 0.19672131147540983
            }
        },
        "XGBoost": {
            "auc": {
                "per_fold": [
                    0.745518096741459,
                    0.7827700831024931,
                    0.7700831024930748,
                    0.7739272994516366,
                    0.8142348352083215
                ],
                "mean": 0.777306683399397,
                "std": 0.022215542896920456,
                "min": 0.745518096741459,
                "max": 0.8142348352083215
            },
            "brier": {
                "per_fold": [
                    0.11036026879767508,
                    0.10794234146100218,
                    0.10720637601456721,
                    0.10906114721716666,
                    0.0977642450785458
                ],
                "mean": 0.10646687571379139,
                "std": 0.004479919512187987,
                "min": 0.0977642450785458,
                "max": 0.11036026879767508
            },
            "f1": {
                "per_fold": [
                    0.3516483516483517,
                    0.4158415841584158,
                    0.4375,
                    0.375,
                    0.38636363636363635
                ],
                "mean": 0.39327071443408074,
                "std": 0.03026424186743928,
                "min": 0.3516483516483517,
                "max": 0.4375
            }
        },
        "LightGBM": {
            "auc": {
                "per_fold": [
                    0.7620926823768182,
                    0.7350138504155125,
                    0.7514839730906213,
                    0.7502967946181243,
                    0.8297246876589971
                ],
                "mean": 0.7657223976320147,
                "std": 0.03314563257940033,
                "min": 0.7350138504155125,
                "max": 0.8297246876589971
            },
            "brier": {
                "per_fold": [
                    0.10314725846420536,
                    0.10905680182556073,
                    0.11285242042045816,
                    0.10728833142267041,
                    0.09587897873312308
                ],
                "mean": 0.10564475817320355,
                "std": 0.005794855008560574,
                "min": 0.09587897873312308,
                "max": 0.11285242042045816
            },
            "f1": {
                "per_fold": [
                    0.39080459770114945,
                    0.3870967741935484,
                    0.35789473684210527,
                    0.35294117647058826,
                    0.275
                ],
                "mean": 0.35274745704147825,
                "std": 0.041711918289580395,
                "min": 0.275,
                "max": 0.39080459770114945
            }
        },
        "RandomForest": {
            "auc": {
                "per_fold": [
                    0.7415153906866615,
                    0.7863711911357342,
                    0.7769800440952005,
                    0.7625077731923795,
                    0.8115778167222568
                ],
                "mean": 0.7757904431664464,
                "std": 0.02343208069341853,
                "min": 0.7415153906866615,
                "max": 0.8115778167222568
            },
            "brier": {
                "per_fold": [
                    0.10234024224216658,
                    0.09717521988248969,
                    0.10198374628014971,
                    0.10056082354288254,
                    0.09493144396322996
                ],
                "mean": 0.0993982951821837,
                "std": 0.0028839523461223425,
                "min": 0.09493144396322996,
                "max": 0.10234024224216658
            },
            "f1": {
                "per_fold": [
                    0.2647058823529412,
                    0.34210526315789475,
                    0.2535211267605634,
                    0.26666666666666666,
                    0.25
                ],
                "mean": 0.2753997877876132,
                "std": 0.03395312206653875,
                "min": 0.25,
                "max": 0.34210526315789475
            }
        }
    },
    "ensemble": {
        "auc": {
            "per_fold": [
                0.7554684857368362,
                0.7868975069252077,
                0.7702526994177175,
                0.7755950025439539,
                0.8268132737859687
            ],
            "mean": 0.7830053936819368,
            "std": 0.02412511269071782,
            "min": 0.7554684857368362,
            "max": 0.8268132737859687
        },
        "brier": {
            "per_fold": [
                0.09422550537742888,
                0.09147656054450472,
                0.09369985250013792,
                0.092523175995076,
                0.08914539518755368
            ],
            "mean": 0.09221409792094024,
            "std": 0.001806081599987662,
            "min": 0.08914539518755368,
            "max": 0.09422550537742888
        },
        "f1": {
            "per_fold": [
                0.0,
                0.07692307692307693,
                0.13559322033898305,
                0.0,
                0.07142857142857142
            ],
            "mean": 0.05678897373812628,
            "std": 0.05153597634737925,
            "min": 0.0,
            "max": 0.13559322033898305
        }
    },
    "method_comparison": {
        "weighted_avg": {
            "auc": 0.7834881920247774,
            "brier": 0.09264728403787675,
            "score": 0.5188605376050709,
            "calibration": null
        },
        "weighted_avg+isotonic": {
            "auc": 0.7743722370778525,
            "brier": 0.09277426849201413,
            "score": 0.5129095576295835,
            "calibration": "isotonic"
        },
        "weighted_avg+platt": {
            "auc": 0.7830177637324545,
            "brier": 0.09377822730113909,
            "score": 0.5142907950825021,
            "calibration": "platt"
        },
        "logistic": {
            "auc": 0.7819063006663003,
            "brier": 0.1902515615975859,
            "score": 0.14788671368881545,
            "calibration": null
        },
        "logistic+isotonic": {
            "auc": 0.7639744213056749,
            "brier": 0.09321487579294271,
            "score": 0.5050004948627906,
            "calibration": "isotonic"
        },
        "logistic+platt": {
            "auc": 0.7772600815709154,
            "brier": 0.09299770127435593,