{
    "best_method": "xgb_meta",
    "base_models": {
        "CatBoost": {
            "auc": {
                "per_fold": [
                    0.7859961664223701,
                    0.78398891966759,
                    0.7839900503137543,
                    0.7821810164509018,
                    0.8219797614336594
                ],
                "mean": 0.7916271828576551,
                "std": 0.015224232592448454,
                "min": 0.7821810164509018,
                "max": 0.8219797614336594
            },
            "brier": {
                "per_fold": [
                    0.09001170678170214,
                    0.09311498686148581,
                    0.09398003103257838,
                    0.09311852319467517,
                    0.09041326778327484
                ],
                "mean": 0.09212770313074328,
                "std": 0.0016002688105315522,
                "min": 0.09001170678170214,
                "max": 0.09398003103257838
            },
            "f1": {
                "per_fold": [
                    0.17857142857142858,
                    0.25,
                    0.16393442622950818,
                    0.1111111111111111,
                    0.03773584905660377
                ],
                "mean": 0.14827056299373034,
                "std": 0.07086765872980223,
                "min": 0.03773584905660377,
                "max": 0.25
            }
        },
        "XGBoost": {
            "auc": {
                "per_fold": [
                    0.7901680009020182,
                    0.7355124653739613,
                    0.7327152467635254,
                    0.7320933913731696,
                    0.8086381366951212
                ],
                "mean": 0.7598254482215592,
                "std": 0.03285878936987338,
                "min": 0.7320933913731696,
                "max": 0.8086381366951212
            },
            "brier": {
                "per_fold": [
                    0.10648789551423547,
                    0.10909478575828913,
                    0.12855600545517312,
                    0.11872427552961894,
                    0.09924596601406122
                ],
                "mean": 0.11242178565427559,
                "std": 0.010197221493190167,
                "min": 0.09924596601406122,
                "max": 0.12855600545517312
            },
            "f1": {
                "per_fold": [
                    0.42105263157894735,
                    0.37362637362637363,
                    0.29473684210526313,
                    0.25882352941176473,
                    0.3373493975903614
                ],
                "mean": 0.33711775486254203,
                "std": 0.057103631998098925,
                "min": 0.25882352941176473,
                "max": 0.42105263157894735
            }
        },
        "LightGBM": {
            "auc": {
                "per_fold": [
                    0.7849813958732664,
                    0.777229916897507,
                    0.7756232686980609,
                    0.7826332749166148,
                    0.8439708293289615
                ],
                "mean": 0.7928877371428821,
                "std": 0.025769655568640276,
                "min": 0.7756232686980609,
                "max": 0.8439708293289615
            },
            "brier": {
                "per_fold": [
                    0.11193337215089899,
                    0.1081185820347949,
                    0.11789278923750246,
                    0.10990929953258925,
                    0.08772675100657414
                ],
                "mean": 0.10711615879247197,
                "std": 0.010238133913248581,
                "min": 0.08772675100657414,
                "max": 0.11789278923750246
            },
            "f1": {
                "per_fold": [
                    0.42718446601941745,
                    0.42,
                    0.3469387755102041,
                    0.3829787234042553,
                    0.4772727272727273
                ],
                "mean": 0.41087493844132084,
                "std": 0.043872464128924725,
                "min": 0.3469387755102041,
                "max": 0.4772727272727273
            }
        },
        "RandomForest": {
            "auc": {
                "per_fold": [
                    0.8133949712481677,
                    0.8121329639889198,
                    0.8001017581547855,
                    0.8025326474079937,
                    0.8509243032393012
                ],
                "mean": 0.8158173288078336,
                "std": 0.018305212016492153,
                "min": 0.8001017581547855,
                "max": 0.8509243032393012
            },
            "brier": {
                "per_fold": [
                    0.1066390023845943,
                    0.10566195210387709,
                    0.11942382068366197,
                    0.11101168757648884,
                    0.09879863600118048
                ],
                "mean": 0.10830701974996053,
                "std": 0.006798330932647923,
                "min": 0.09879863600118048,
                "max": 0.11942382068366197
            },
            "f1": {
                "per_fold": [
                    0.42990654205607476,
                    0.43243243243243246,
                    0.39316239316239315,
                    0.411214953271028,
                    0.4536082474226804
                ],
                "mean": 0.42406491366892174,
                "std": 0.020479432695468536,
                "min": 0.39316239316239315,
                "max": 0.4536082474226804
            }
        }
    },
    "ensemble": {
        "auc": {
            "per_fold": [
                0.8098996504679219,
                0.8100831024930749,
                0.8009780089321047,
                0.8123975351913619,
                0.845695064729493
            ],
            "mean": 0.8158106723627914,
            "std": 0.015443312814160734,
            "min": 0.8009780089321047,
            "max": 0.845695064729493
        },
        "brier": {
            "per_fold": [
                0.08720936369932097,
                0.08765728204176645,
                0.09114657790697622,
                0.09025969441405916,
                0.08525778563329939
            ],
            "mean": 0.08830614073908445,
            "std": 0.002135455998177047,
            "min": 0.08525778563329939,
            "max": 0.09114657790697622
        },
        "f1": {
            "per_fold": [
                0.0,
                0.0,
                0.13333333333333333,
                0.0,
                0.0
            ],
            "mean": 0.026666666666666665,
            "std": 0.05333333333333333,
            "min": 0.0,
            "max": 0.13333333333333333
        }
    },
    "method_comparison": {
        "weighted_avg": {
            "auc": 0.8043040812467925,
            "brier": 0.09154904863969454,
            "score": 0.5355135588657893,
            "calibration": null
        },
        "weighted_avg+isotonic": {
            "auc": 0.7928888798854766,
            "brier": 0.09071425585719149,
            "score": 0.5318291962699766,
            "calibration": "isotonic"
        },
        "weighted_avg+platt": {
            "auc": 0.8041127587355608,
            "brier": 0.09131400218949866,
            "score": 0.5362898430027003,
            "calibration": "platt"
        },
        "weighted_avg+beta": {
            "auc": 0.8031741530039884,
            "brier": 0.08968483645987164,
            "score": 0.5419029615635979,
            "calibration": "beta"
        },
        "logistic": {
            "auc": 0.8133255120936974,