{
    "tearsense": {
        "model_serial": "05022026_154434_37671",
        "holdout_n": 514,
        "inference_verified": true,
        "stored_AUC": 0.7836644591611479,
        "stored_Brier": 0.08763847999898851,
        "stored_threshold": 0.16000000000000003,
        "AUC": 0.7836644591611479,
        "Brier_Score": 0.08763847999898851,
        "Calibration_Slope": 1.113373476532386,
        "Calibration_Intercept": 0.19524981647080564,
        "Net_Benefit": 0.057491063718003714,
        "Optimal_Threshold_Used": 0.10320846499919342,
        "Youden_J_Threshold": 0.10320846499919342,
        "F1_Score": 0.35125448028673834,
        "Sensitivity_Recall": 0.8032786885245902,
        "Specificity": 0.6269315673289183,
        "PPV_Precision": 0.22477064220183487,
        "NPV": 0.9594594594594594,
        "Confusion_Matrix": {
            "TP": 49,
            "TN": 284,
            "FP": 169,
            "FN": 12
        },
        "AUC_95CI": [
            0.7162067216417057,
            0.8463144676813072
        ],
        "AUC_Text": "0.7837 (0.7162-0.8463)",
        "Brier_Score_95CI": [
            0.06971033093757732,
            0.1058596698763156
        ],
        "Brier_Score_Text": "0.0876 (0.0697-0.1059)",
        "F1_Score_95CI": [
            0.2781954887218045,
            0.42141269620780664
        ],
        "F1_Score_Text": "0.3513 (0.2782-0.4214)",
        "Sensitivity_Recall_95CI": [
            0.6956078083407276,
            0.9032258064516129
        ],
        "Sensitivity_Recall_Text": "0.8033 (0.6956-0.9032)",
        "Specificity_95CI": [
            0.5831438358207471,
            0.673395065402759
        ],
        "Specificity_Text": "0.6269 (0.5831-0.6734)",
        "PPV_Precision_95CI": [
            0.17141917293233083,
            0.2800043103448276
        ],
        "PPV_Precision_Text": "0.2248 (0.1714-0.2800)",
        "NPV_95CI": [
            0.935251798561151,
            0.9810200520525257
        ],
        "NPV_Text": "0.9595 (0.9353-0.9810)",
        "Net_Benefit_95CI": [
            0.031454061895224206,
            0.08478331302269482
        ],
        "Net_Benefit_Text": "0.0575 (0.0315-0.0848)",
        "Calibration_Slope_95CI": [
            0.821618257152526,
            1.482851651152181
        ],
        "Calibration_Slope_Text": "1.1134 (0.8216-1.4829)"
    },
    "logistic_regression": {
        "AUC": 0.8106611659971772,
        "Brier_Score": 0.17485229610280642,
        "F1_Score": 0.3861003861003861,
        "Sensitivity_Recall": 0.819672131147541,
        "Specificity": 0.673289183222958,
        "PPV_Precision": 0.25252525252525254,
        "NPV": 0.9651898734177216,
        "Net_Benefit": -0.12066993337223451,
        "Calibration_Slope": 0.8821582035791161,
        "Calibration_Intercept": -1.9580869173522404,
        "Threshold_Used": 0.43082252713213315,
        "Confusion_Matrix": {
            "TP": 50,
            "TN": 305,
            "FP": 148,
            "FN": 11
        },
        "AUC_95CI": [
            0.7521794662966538,
            0.8631149614337568
        ],
        "Brier_Score_95CI": [
            0.15675797066713185,
            0.19277571042690916
        ],
        "F1_Score_95CI": [
            0.309478021978022,
            0.4545624151967435
        ],
        "Sensitivity_Recall_95CI": [
            0.7212933944069432,
            0.9111403508771929
        ],
        "Specificity_95CI": [
            0.6296276469188675,
            0.715232159296766
        ],
        "PPV_Precision_95CI": [
            0.19288327256261767,
            0.31156296186816435
        ],
        "NPV_95CI": [
            0.9438819353633476,
            0.984178463043565
        ],
        "Net_Benefit_95CI": [
            -0.16230365857180526,
            -0.07807198326155126
        ],
        "Calibration_Slope_95CI": [
            0.6671257244850478,
            1.1635364636314967
        ]
    },
    "lr_formula": "z = -0.7181 + 1.1932 \u00d7 tear_characteristics_Tear_MedLat + 0.7155 \u00d7 tear_characteristics_Full_3.0\n    - 0.7025 \u00d7 Tear_Area_cm2 + 0.4783 \u00d7 Tear_AP_ML_Ratio + 0.4497 \u00d7 InsuranceType_5.0\n    + 0.3984 \u00d7 Aged + 0.3697 \u00d7 tear_characteristics_Full_nan + 0.3136 \u00d7 Gender_M + 0.3018 \u00d7 Pre-Op_ROM_Pre-Op_IR + 0.2575 \u00d7 tear_characteristics_Tear_AntPost\n    + ... (30 more terms)\n\nP(retear) = 1 / (1 + exp(-z))",
    "comparison": {
        "AUC_difference": -0.026996706836029283,
        "Brier_difference": -0.08721381610381791,
        "TearSense_better_AUC": false,
        "TearSense_better_Brier": true
    }
}