{
    "CatBoost_Params": {
        "iterations": 2495,
        "depth": 7,
        "learning_rate": 0.08676243888960582,
        "l2_leaf_reg": 3.194522179037905,
        "random_strength": 7.681788655279249,
        "bagging_temperature": 0.13206489306961644,
        "border_count": 156,
        "loss_function": "Focal:focal_alpha=0.2423343995182274;focal_gamma=1.0184462090300426",
        "eval_metric": "AUC",
        "random_state": 42,
        "verbose": false,
        "thread_count": -1
    },
    "XGBoost_Params": {
        "n_estimators": 914,
        "max_depth": 10,
        "learning_rate": 0.13226356853543614,
        "subsample": 0.9017837928982471,
        "colsample_bytree": 0.5090834913578237,
        "gamma": 0.006230467319200961,
        "min_child_weight": 1,
        "reg_alpha": 0.0011909688458073533,
        "reg_lambda": 1.044659848746245,
        "max_delta_step": 6.764194321388638,
        "scale_pos_weight": 25.398026789063923,
        "objective": "binary:logistic",
        "eval_metric": "auc",
        "random_state": 42,
        "n_jobs": -1,
        "use_label_encoder": false
    },
    "LightGBM_Params": {
        "boosting_type": "gbdt",
        "n_estimators": 660,
        "num_leaves": 44,
        "learning_rate": 0.024943055506357923,
        "max_depth": 9,
        "min_child_samples": 44,
        "colsample_bytree": 0.561967981708924,
        "reg_alpha": 0.0015976275175379273,
        "reg_lambda": 3.131814396865408,
        "subsample": 0.7528256040921218,
        "subsample_freq": 1,
        "is_unbalance": true,
        "objective": "binary",
        "metric": "auc",
        "random_state": 42,
        "n_jobs": -1,
        "verbosity": -1
    },
    "RandomForest_Params": {
        "n_estimators": 717,
        "max_depth": 16,
        "min_samples_split": 10,
        "min_samples_leaf": 2,
        "max_features": "sqrt",
        "class_weight": "balanced_subsample",
        "max_samples": 0.8331617074948959,
        "min_impurity_decrease": 0.00010594644607400108,
        "ccp_alpha": 0.0004259957020826569,
        "bootstrap": true,
        "random_state": 42,
        "n_jobs": -1
    },
    "Ensemble_Weights": {
        "Cat": 0.27312958240509033,
        "XGB": 0.06773301213979721,
        "LGBM": 0.28933224081993103,
        "RF": 0.3698052167892456
    }
}