{
    "CatBoost_Params": {
        "iterations": 1261,
        "depth": 6,
        "learning_rate": 0.13486298447377626,
        "l2_leaf_reg": 2.0396590615121606,
        "random_strength": 4.819591003707204,
        "bagging_temperature": 0.4969765793423645,
        "border_count": 41,
        "loss_function": "Focal:focal_alpha=0.30712060809245467;focal_gamma=1.0084117967153963",
        "eval_metric": "AUC",
        "random_state": 42,
        "verbose": false,
        "thread_count": -1
    },
    "XGBoost_Params": {
        "n_estimators": 848,
        "max_depth": 9,
        "learning_rate": 0.0782514941443912,
        "subsample": 0.7056110074876488,
        "colsample_bytree": 0.8455440257219069,
        "gamma": 1.4040281601411428,
        "min_child_weight": 2,
        "reg_alpha": 0.28711299354089864,
        "reg_lambda": 0.004196223710502046,
        "max_delta_step": 1.914797972113473,
        "scale_pos_weight": 7.941975685046725,
        "objective": "binary:logistic",
        "eval_metric": "auc",
        "random_state": 42,
        "n_jobs": -1,
        "use_label_encoder": false
    },
    "LightGBM_Params": {
        "boosting_type": "gbdt",
        "n_estimators": 655,
        "num_leaves": 98,
        "learning_rate": 0.01890646997894749,
        "max_depth": 12,
        "min_child_samples": 41,
        "colsample_bytree": 0.6507102589413859,
        "reg_alpha": 0.09451116532503662,
        "reg_lambda": 0.3458944503210148,
        "subsample": 0.9447076111234244,
        "subsample_freq": 4,
        "is_unbalance": true,
        "objective": "binary",
        "metric": "auc",
        "random_state": 42,
        "n_jobs": -1,
        "verbosity": -1
    },
    "RandomForest_Params": {
        "n_estimators": 237,
        "max_depth": 23,
        "min_samples_split": 5,
        "min_samples_leaf": 2,
        "max_features": "log2",
        "class_weight": "balanced_subsample",
        "max_samples": 0.6926035658893892,
        "min_impurity_decrease": 0.0001547430321098415,
        "ccp_alpha": 0.0009049076791457441,
        "bootstrap": true,
        "random_state": 42,
        "n_jobs": -1
    },
    "Ensemble_Weights": {
        "Cat": 9.480176466723402e-16,
        "XGB": 0.999999999999997,
        "LGBM": 1.3988810110276972e-15,
        "RF": 7.098600061218596e-16
    }
}