{
    "tearsense": {
        "model_serial": "05022026_161847_43043",
        "holdout_n": 514,
        "inference_verified": true,
        "stored_AUC": 0.7862157565229978,
        "stored_Brier": 0.08896992490113197,
        "stored_threshold": 0.31000000000000005,
        "AUC": 0.7862157565229978,
        "Brier_Score": 0.08896992355585098,
        "Calibration_Slope": 1.1151556224847334,
        "Calibration_Intercept": 0.19918267738846787,
        "Net_Benefit": 0.06679221559116144,
        "Optimal_Threshold_Used": 0.0884905457496643,
        "Youden_J_Threshold": 0.0884905457496643,
        "F1_Score": 0.3525423728813559,
        "Sensitivity_Recall": 0.8524590163934426,
        "Specificity": 0.5982339955849889,
        "PPV_Precision": 0.2222222222222222,
        "NPV": 0.9678571428571429,
        "Confusion_Matrix": {
            "TP": 52,
            "TN": 271,
            "FP": 182,
            "FN": 9
        },
        "AUC_95CI": [
            0.7226150774044796,
            0.8498038063113479
        ],
        "AUC_Text": "0.7862 (0.7226-0.8498)",
        "Brier_Score_95CI": [
            0.07108750473707914,
            0.10640189610421658
        ],
        "Brier_Score_Text": "0.0890 (0.0711-0.1064)",
        "F1_Score_95CI": [
            0.2835057471264368,
            0.4225581502041565
        ],
        "F1_Score_Text": "0.3525 (0.2835-0.4226)",
        "Sensitivity_Recall_95CI": [
            0.7530092592592593,
            0.9365327380952381
        ],
        "Sensitivity_Recall_Text": "0.8525 (0.7530-0.9365)",
        "Specificity_95CI": [
            0.5530355366350034,
            0.6452467039887364
        ],
        "Specificity_Text": "0.5982 (0.5530-0.6452)",
        "PPV_Precision_95CI": [
            0.17117117117117117,
            0.27755673897284333
        ],
        "PPV_Precision_Text": "0.2222 (0.1712-0.2776)",
        "NPV_95CI": [
            0.9446318723567859,
            0.9870327842888819
        ],
        "NPV_Text": "0.9679 (0.9446-0.9870)",
        "Net_Benefit_95CI": [
            0.040668163453680795,
            0.0943013119431062
        ],
        "Net_Benefit_Text": "0.0668 (0.0407-0.0943)",
        "Calibration_Slope_95CI": [
            0.8216104259515649,
            1.4475507373839942
        ],
        "Calibration_Slope_Text": "1.1152 (0.8216-1.4476)"
    },
    "logistic_regression": {
        "AUC": 0.8106611659971772,
        "Brier_Score": 0.17485229610280642,
        "F1_Score": 0.3861003861003861,
        "Sensitivity_Recall": 0.819672131147541,
        "Specificity": 0.673289183222958,
        "PPV_Precision": 0.25252525252525254,
        "NPV": 0.9651898734177216,
        "Net_Benefit": -0.12066993337223451,
        "Calibration_Slope": 0.8821582035791161,
        "Calibration_Intercept": -1.9580869173522404,
        "Threshold_Used": 0.43082252713213315,
        "Confusion_Matrix": {
            "TP": 50,
            "TN": 305,
            "FP": 148,
            "FN": 11
        },
        "AUC_95CI": [
            0.7521794662966538,
            0.8631149614337568
        ],
        "Brier_Score_95CI": [
            0.15675797066713185,
            0.19277571042690916
        ],
        "F1_Score_95CI": [
            0.309478021978022,
            0.4545624151967435
        ],
        "Sensitivity_Recall_95CI": [
            0.7212933944069432,
            0.9111403508771929
        ],
        "Specificity_95CI": [
            0.6296276469188675,
            0.715232159296766
        ],
        "PPV_Precision_95CI": [
            0.19288327256261767,
            0.31156296186816435
        ],
        "NPV_95CI": [
            0.9438819353633476,
            0.984178463043565
        ],
        "Net_Benefit_95CI": [
            -0.16230365857180526,
            -0.07807198326155126
        ],
        "Calibration_Slope_95CI": [
            0.6671257244850478,
            1.1635364636314967
        ]
    },
    "lr_formula": "z = -0.7181 + 1.1932 \u00d7 tear_characteristics_Tear_MedLat + 0.7155 \u00d7 tear_characteristics_Full_3.0\n    - 0.7025 \u00d7 Tear_Area_cm2 + 0.4783 \u00d7 Tear_AP_ML_Ratio + 0.4497 \u00d7 InsuranceType_5.0\n    + 0.3984 \u00d7 Aged + 0.3697 \u00d7 tear_characteristics_Full_nan + 0.3136 \u00d7 Gender_M + 0.3018 \u00d7 Pre-Op_ROM_Pre-Op_IR + 0.2575 \u00d7 tear_characteristics_Tear_AntPost\n    + ... (30 more terms)\n\nP(retear) = 1 / (1 + exp(-z))",
    "comparison": {
        "AUC_difference": -0.02444540947417939,
        "Brier_difference": -0.08588237254695544,
        "TearSense_better_AUC": false,
        "TearSense_better_Brier": true
    }
}