{
    "evaluation_type": "end_to_end_pipeline",
    "description": "Holdout test set (n=514) evaluated through the FULL production inference pipeline. fold_models predict \u2192 average \u2192 meta-features \u2192 meta-learner \u2192 calibrate \u2192 score. These are the metrics of the actual deployed model.",
    "pipeline": "fold_ensemble \u2192 weighted_avg \u2192 threshold",
    "best_method": "weighted_avg",
    "holdout_n": 514,
    "cross_check_vs_trainMeta": true,
    "final_model": {
        "AUC": 0.7733145152535013,
        "AUC_95CI": [
            0.7082024189823456,
            0.836214046477456
        ],
        "Brier": 0.09072677425631165,
        "Brier_95CI": [
            0.06972816109028496,
            0.10988126197344014
        ],
        "optimal_threshold": 0.049550694221897146,
        "clinical_metrics": {
            "sensitivity": 0.7377049180327869,
            "specificity": 0.673289183222958,
            "ppv": 0.23316062176165803,
            "npv": 0.9501557632398754,
            "tp": 45,
            "tn": 305,
            "fp": 148,
            "fn": 16
        }
    },
    "decision_curve_analysis": {
        "thresholds": [
            0.01,
            0.02,
            0.03,
            0.04,
            0.05,
            0.060000000000000005,
            0.06999999999999999,
            0.08,
            0.09,
            0.09999999999999999,
            0.11,
            0.12,
            0.13,
            0.14,
            0.15000000000000002,
            0.16,
            0.17,
            0.18000000000000002,
            0.19,
            0.2,
            0.21000000000000002,
            0.22,
            0.23,
            0.24000000000000002,
            0.25,
            0.26,
            0.27,
            0.28,
            0.29000000000000004,
            0.3,
            0.31,
            0.32,
            0.33,
            0.34,
            0.35000000000000003,
            0.36000000000000004,
            0.37,
            0.38,
            0.39,
            0.4,
            0.41000000000000003,
            0.42000000000000004,
            0.43,
            0.44,
            0.45,
            0.46,
            0.47000000000000003,
            0.48000000000000004,
            0.49,
            0.5,
            0.51,
            0.52,
            0.53,
            0.54,
            0.55,
            0.56,
            0.5700000000000001,
            0.5800000000000001,
            0.59,
            0.6,
            0.61,
            0.62,
            0.63,
            0.64,
            0.65,
            0.66,
            0.67,
            0.68,
            0.6900000000000001,
            0.7000000000000001,
            0.7100000000000001,
            0.72,
            0.73,
            0.74,
            0.75,
            0.76,
            0.77,
            0.78,
            0.79,
            0.8,
            0.81,
            0.8200000000000001,
            0.8300000000000001,
            0.8400000000000001,
            0.85,
            0.86,
            0.87,
            0.88,
            0.89,
            0.9,
            0.91,
            0.92,
            0.93,
            0.9400000000000001,
            0.9500000000000001,
            0.9600000000000001,
            0.97,
            0.98,
            0.99
        ],
        "net_benefit_model": [
            0.10535314231812286,
            0.09024855078218057,
            0.07758032813189458,
            0.07360570687418935,
            0.07044849477780053,
            0.06312608659657255,
            0.059955650391197025,
            0.052529182879377426,
            0.049450549450549455,
            0.04258538694336359,
            0.04183972369168888,
            0.04085603112840466,
            0.03949192718815689,
            0.03854854764274726,
            0.03913939116502631,
            0.038261997405966267,
            0.03281608925976279,
            0.030606434469013948,
            0.03052793390017774,
            0.0311284046692607,
            0.030438851401270745,
            0.029282649905218002,
            0.02872808125726414,
            0.030104443989350804,
            0.025291828793774323,
            0.024397938794825953,
            0.02353286072170993,
            0.02648076091655858,
            0.024716391735627775,
            0.02501389660922735,
            0.02154175830372751,
            0.017280842298008695,
            0.0169580114989256,
            0.015741068270251145,
            0.016611792876384313,
            0.016536964980544744,
            0.014575999011796677,
            0.014622819128906742,
            0.015978822478790584,
            0.016212710765239946,
            0.01727890259183539,
            0.017778075942573458,
            0.01641750290122193,
            0.01556420233463035,
            0.014679872656526354,
            0.015420089350050438,
            0.012590852360325967,
            0.011673151750972763,
            0.01071946288242924,
            0.007782101167315175,
            0.006829190820296989,
            0.00794422827496757,
            0.006995612219554595,
            0.006005751987819316,
            0.0030263726761781164,
            0.004421648390519981,
            0.004026784906343311,
            0.005743931813970718,
            0.004840087311378954,
            0.003891050583657591,
            0.002893345305796668,
            0.003071882039729676,
            0.002103270585760861,
            0.004539559014267183,
            0.0036131183991106146,
            0.01018539711604486,
            0.009491805211649565,
            0.008754863813229569,
            0.007970377808459893,
            0.005188067444876779,
            0.0023480477660002587,
            -0.0005558643690939391,
            -0.0015852428303790127,
            -0.002693804250224481,
            -0.0038910505836575876,
            -0.005188067444876786,
            -0.006597868380984608,
            -0.008135833038556778,
            -0.009820270520659632,
            -0.013618677042801564,
            -0.01566659840262135,
            -0.011024643320363174,
            -0.014877546349279024,
            -0.01896887159533076,
            -0.021400778210116732,
            -0.024180100055586434,
            -0.02738700987728225,
            -0.0311284046692607,
            -0.03555005305978069,
            -0.04085603112840468,
            -0.027669693039342858,
            -0.035019455252918316,
            -0.04585881045025018,
            -0.02464332036316475,
            0.005836575875486381,
            0.005836575875486381,
            0.0,
            0.0,
            0.0
        ],