{
    "Final_Model": {
        "AUC": 0.7733145152535013,
        "AUC_95CI_lower": 0.7082024189823456,
        "AUC_95CI_upper": 0.836214046477456,
        "Brier": 0.09072677425631165,
        "Brier_95CI_lower": 0.06972816109028496,
        "Brier_95CI_upper": 0.10988126197344014,
        "Best_Method": "weighted_avg",
        "Optimal_Threshold": 0.24000000000000005
    },
    "LR_Baseline": {
        "AUC": 0.8106611659971772,
        "Brier": 0.17485229610291242,
        "F1_Score": 0.3861003861003861,
        "Sensitivity": 0.819672131147541,
        "Specificity": 0.673289183222958,
        "PPV": 0.25252525252525254,
        "NPV": 0.9651898734177216,
        "Net_Benefit": -0.12066993337287217,
        "Calibration_Slope": 0.8821582035781299,
        "Threshold": 0.4308225271328506
    },
    "TearSense_vs_LR": {
        "AUC_Improvement": -0.037346650743675935,
        "AUC_Improvement_Pct": -4.6069371903039915,
        "Brier_Improvement": 0.08412552184660077
    },
    "Individual_Assessment_Test": {
        "CatBoost": {
            "AUC": 0.758549560308327,
            "Brier": 0.08964123116306325
        },
        "XGBoost": {
            "AUC": 0.7844244200774436,
            "Brier": 0.09444308507650136
        },
        "LightGBM": {
            "AUC": 0.7637245322621503,
            "Brier": 0.0912746483125464
        },
        "RandomForest": {
            "AUC": 0.7688633156009119,
            "Brier": 0.09121056862078468
        }
    },
    "Self_Assessment_CV": {
        "CatBoost": {
            "AUC": 0.7982497890970104,
            "Brier": 0.09188960117327727
        },
        "XGBoost": {
            "AUC": 0.7818617719474192,
            "Brier": 0.11489820318366999
        },
        "LightGBM": {
            "AUC": 0.7612647476706972,
            "Brier": 0.1064674817010175
        },
        "RandomForest": {
            "AUC": 0.7773872666129245,
            "Brier": 0.09648768782316927
        }
    },
    "Ensemble_Weights": {
        "CatBoost": 2.0557605895102404e-15,
        "XGBoost": 0.20000000000000048,
        "LightGBM": 0.7999999999999959,
        "RandomForest": 1.5383860091331127e-15
    }
}