{
    "tearsense": {
        "AUC": 0.7733145152535013,
        "Brier": 0.09072677425631165
    },
    "logistic_regression": {
        "AUC": 0.8106611659971772,
        "Brier": 0.17485229610291242
    },
    "improvement": {
        "AUC_delta": -0.037346650743675935,
        "AUC_pct": -4.6069371903039915,
        "Brier_delta": -0.08412552184660077
    }
}