{
    "Final_Model": {
        "AUC": 0.780136069192632,
        "AUC_95CI_lower": 0.7118998864121898,
        "AUC_95CI_upper": 0.8432333695171353,
        "Brier": 0.08874916827880222,
        "Brier_95CI_lower": 0.07052536799099977,
        "Brier_95CI_upper": 0.10639883846597509,
        "Best_Method": "xgb_meta",
        "Optimal_Threshold": 0.15283381938934326
    },
    "Individual_Assessment_Test": {
        "CatBoost": {
            "AUC": 0.7619874787391885,
            "Brier": 0.0892907071489899
        },
        "XGBoost": {
            "AUC": 0.7730611949480692,
            "Brier": 0.09017873086641025
        },
        "LightGBM": {
            "AUC": 0.7597437846053632,
            "Brier": 0.09631618987214476
        },
        "RandomForest": {
            "AUC": 0.7779466579813991,
            "Brier": 0.10159087068065403
        }
    },
    "Self_Assessment_CV": {
        "CatBoost": {
            "AUC": 0.8007171857279971,
            "Brier": 0.09256909361212776
        },
        "XGBoost": {
            "AUC": 0.7735444920197306,
            "Brier": 0.1012331403103425
        },
        "LightGBM": {
            "AUC": 0.7610398078026455,
            "Brier": 0.1068653897964245
        },
        "RandomForest": {
            "AUC": 0.7829458948330407,
            "Brier": 0.10710531035702
        }
    },
    "Ensemble_Weights": {
        "CatBoost": 0.248167484998703,
        "XGBoost": 0.200985848903656,
        "LightGBM": 0.2547631561756134,
        "RandomForest": 0.2960835099220276
    }
}