{
    "evaluation_type": "end_to_end_pipeline",
    "description": "Holdout test set (n=514) evaluated through the FULL production inference pipeline. fold_models predict \u2192 average \u2192 meta-features \u2192 meta-learner \u2192 calibrate \u2192 score. These are the metrics of the actual deployed model.",
    "pipeline": "fold_ensemble \u2192 13 meta-features \u2192 xgb_meta \u2192 threshold",
    "best_method": "xgb_meta",
    "holdout_n": 514,
    "cross_check_vs_trainMeta": true,
    "final_model": {
        "AUC": 0.7862157565229978,
        "AUC_95CI": [
            0.7226150774044796,
            0.8498038063113479
        ],
        "Brier": 0.08896992490113197,
        "Brier_95CI": [
            0.07108749911327229,
            0.10640189874923354
        ],
        "optimal_threshold": 0.0884905457496643,
        "clinical_metrics": {
            "sensitivity": 0.8524590163934426,
            "specificity": 0.5982339955849889,
            "ppv": 0.2222222222222222,
            "npv": 0.9678571428571429,
            "tp": 52,
            "tn": 271,
            "fp": 182,
            "fn": 9
        }
    },
    "decision_curve_analysis": {
        "thresholds": [
            0.01,
            0.02,
            0.03,
            0.04,
            0.05,
            0.06,
            0.07,
            0.08,
            0.09,
            0.1,
            0.11,
            0.12,
            0.13,
            0.14,
            0.15,
            0.16,
            0.17,
            0.18,
            0.19,
            0.2,
            0.21,
            0.22,
            0.23,
            0.24,
            0.25,
            0.26,
            0.27,
            0.28,
            0.29,
            0.3,
            0.31,
            0.32,
            0.33,
            0.34,
            0.35000000000000003,
            0.36,
            0.37,
            0.38,
            0.39,
            0.4,
            0.41000000000000003,
            0.42,
            0.43,
            0.44,
            0.45,
            0.46,
            0.47000000000000003,
            0.48,
            0.49,
            0.5,
            0.51,
            0.52,
            0.53,
            0.54,
            0.55,
            0.56,
            0.5700000000000001,
            0.58,
            0.59,
            0.6,
            0.61,
            0.62,
            0.63,
            0.64,
            0.65,
            0.66,
            0.67,
            0.68,
            0.6900000000000001,
            0.7000000000000001,
            0.71,
            0.72,
            0.73,
            0.74,
            0.75,
            0.76,
            0.77,
            0.78,
            0.79,
            0.8,
            0.81,
            0.8200000000000001,
            0.8300000000000001,
            0.84,
            0.85,
            0.86,
            0.87,
            0.88,
            0.89,
            0.9,
            0.91,
            0.92,
            0.93,
            0.9400000000000001,
            0.9500000000000001,
            0.96,
            0.97,
            0.98,
            0.99
        ],
        "net_benefit_model": [
            0.10977479070864285,
            0.10069086000158818,
            0.09386658109029644,
            0.08560311284046693,
            0.08335039934466516,
            0.0755857272953059,
            0.06884649177858665,
            0.06462527491118254,
            0.06497199298755718,
            0.051664504971897965,
            0.04752328072399773,
            0.043155288291475066,
            0.03864215752046156,
            0.03931770880463306,
            0.03845273517967498,
            0.03844728552899758,
            0.03401153251136843,
            0.029087975704659774,
            0.027213335254839797,
            0.026750972762645917,
            0.024725410037925433,
            0.025341714057667365,
            0.02385163474657638,
            0.022936719229981573,
            0.023994811932555128,
            0.022557577032285205,
            0.021080965833377752,
            0.019563337656722867,
            0.024003945854113005,
            0.024458032240133407,
            0.02503806462527491,
            0.02391851682307164,
            0.022765549683489164,
            0.02370003537318712,
            0.02274768033522897,
            0.026629377431906617,
            0.02600209993206102,
            0.021589054851261454,
            0.021177521209415066,
            0.020103761348897534,
            0.01912550286882543,
            0.018784382128002146,
            0.013106696702846612,
            0.01292384658143413,
            0.0,
            0.0,
            0.0,
            0.0,
            0.0,
            0.0,
            0.0,
            0.0,
            0.0,
            0.0,
            0.0,
            0.0,
            0.0,
            0.0,
            0.0,
            0.0,
            0.0,
            0.0,
            0.0,
            0.0,
            0.0,
            0.0,
            0.0,
            0.0,
            0.0,
            0.0,
            0.0,
            0.0,
            0.0,
            0.0,
            0.0,
            0.0,
            0.0,
            0.0,
            0.0,
            0.0,
            0.0,
            0.0,
            0.0,
            0.0,
            0.0,
            0.0,
            0.0,
            0.0,
            0.0,
            0.0,
            0.0,
            0.0,
            0.0,
            0.0,
            0.0,
            0.0,
            0.0,
            0.0,
            0.0
        ],