{
    "Final_Model": {
        "AUC": 0.7862157565229978,
        "AUC_95CI_lower": 0.7226150774044796,
        "AUC_95CI_upper": 0.8498038063113479,
        "Brier": 0.08896992490113197,
        "Brier_95CI_lower": 0.07108749911327229,
        "Brier_95CI_upper": 0.10640189874923354,
        "Best_Method": "xgb_meta",
        "Optimal_Threshold": 0.31000000000000005
    },
    "LR_Baseline": {
        "AUC": 0.8106611659971772,
        "Brier": 0.17485229610278588,
        "F1_Score": 0.3861003861003861,
        "Sensitivity": 0.819672131147541,
        "Specificity": 0.673289183222958,
        "PPV": 0.25252525252525254,
        "NPV": 0.9651898734177216,
        "Net_Benefit": -0.12066993337211158,
        "Calibration_Slope": 0.8821582035793077,
        "Threshold": 0.4308225271319948
    },
    "TearSense_vs_LR": {
        "AUC_Improvement": -0.02444540947417939,
        "AUC_Improvement_Pct": -3.0154903798937513,
        "Brier_Improvement": 0.08588237120165391
    },
    "Individual_Assessment_Test": {
        "CatBoost": {
            "AUC": 0.7629645713458546,
            "Brier": 0.09003846258427177
        },
        "XGBoost": {
            "AUC": 0.7802989179604096,
            "Brier": 0.09862339093419065
        },
        "LightGBM": {
            "AUC": 0.7648101907140012,
            "Brier": 0.09593061623577438
        },
        "RandomForest": {
            "AUC": 0.7770419426048565,
            "Brier": 0.0975780174484746
        }
    },
    "Self_Assessment_CV": {
        "CatBoost": {
            "AUC": 0.8028630153458669,
            "Brier": 0.09205479813866405
        },
        "XGBoost": {
            "AUC": 0.7789978645779488,
            "Brier": 0.12280355086557918
        },
        "LightGBM": {
            "AUC": 0.7639347342309997,
            "Brier": 0.10687840382703731
        },
        "RandomForest": {
            "AUC": 0.781762962842657,
            "Brier": 0.10296298512366078
        }
    },
    "Ensemble_Weights": {
        "CatBoost": 0.0,
        "XGBoost": 0.3460581600666046,
        "LightGBM": 0.0,
        "RandomForest": 0.6539418697357178
    }
}