{
    "tearsense": {
        "AUC": 0.7862157565229978,
        "Brier": 0.08896992490113197
    },
    "logistic_regression": {
        "AUC": 0.8106611659971772,
        "Brier": 0.17485229610278588
    },
    "improvement": {
        "AUC_delta": -0.02444540947417939,
        "AUC_pct": -3.0154903798937513,
        "Brier_delta": -0.08588237120165391
    }
}