{
    "best_method": "xgb_meta",
    "base_models": {
        "CatBoost": {
            "auc": {
                "per_fold": [
                    0.7337354831435337,
                    0.7613850415512464,
                    0.7312454067499576,
                    0.7248007236135452,
                    0.8055288597433433
                ],
                "mean": 0.7513391029603252,
                "std": 0.0298508970008524,
                "min": 0.7248007236135452,
                "max": 0.8055288597433433
            },
            "brier": {
                "per_fold": [
                    0.09689329295484984,
                    0.1000601533789971,
                    0.10411052164004185,
                    0.09753920202103963,
                    0.09587925832809296
                ],
                "mean": 0.09889648566460427,
                "std": 0.0029495407922037636,
                "min": 0.09587925832809296,
                "max": 0.10411052164004185
            },
            "f1": {
                "per_fold": [
                    0.2,
                    0.20588235294117646,
                    0.18461538461538463,
                    0.1724137931034483,
                    0.13793103448275862
                ],
                "mean": 0.1801685130285536,
                "std": 0.024159488324398456,
                "min": 0.13793103448275862,
                "max": 0.20588235294117646
            }
        },
        "XGBoost": {
            "auc": {
                "per_fold": [
                    0.7421919043860639,
                    0.7677562326869806,
                    0.7377466221945842,
                    0.7357679914070892,
                    0.8023065181751371
                ],
                "mean": 0.7571538537699711,
                "std": 0.025333887255519306,
                "min": 0.7357679914070892,
                "max": 0.8023065181751371
            },
            "brier": {
                "per_fold": [
                    0.11367501154139416,
                    0.10942511554829504,
                    0.11259291035569334,
                    0.114808471208299,
                    0.10030778745544328
                ],
                "mean": 0.11016185922182498,
                "std": 0.005243830153738933,
                "min": 0.10030778745544328,
                "max": 0.114808471208299
            },
            "f1": {
                "per_fold": [
                    0.3146067415730337,
                    0.3617021276595745,
                    0.3218390804597701,
                    0.29545454545454547,
                    0.3373493975903614
                ],
                "mean": 0.326190378547457,
                "std": 0.022286381076883393,
                "min": 0.29545454545454547,
                "max": 0.3617021276595745
            }
        },
        "LightGBM": {
            "auc": {
                "per_fold": [
                    0.7699289660615628,
                    0.779224376731302,
                    0.7767539148623438,
                    0.7660127763016564,
                    0.8410876816100401
                ],
                "mean": 0.786601543113381,
                "std": 0.027647820162367255,
                "min": 0.7660127763016564,
                "max": 0.8410876816100401
            },
            "brier": {
                "per_fold": [
                    0.10257108774039057,
                    0.10420723539614823,
                    0.10707609926722407,
                    0.10481160696716246,
                    0.08866798576539546
                ],
                "mean": 0.10146680302726416,
                "std": 0.00656035144337204,
                "min": 0.08866798576539546,
                "max": 0.10707609926722407
            },
            "f1": {
                "per_fold": [
                    0.3956043956043956,
                    0.4,
                    0.391304347826087,
                    0.36363636363636365,
                    0.4
                ],
                "mean": 0.39010902141336923,
                "std": 0.013624187809283686,
                "min": 0.36363636363636365,
                "max": 0.4
            }
        },
        "RandomForest": {
            "auc": {
                "per_fold": [
                    0.7499154357875747,
                    0.7924099722991689,
                    0.7630730962745209,
                    0.7600768839391713,
                    0.8180790321668834
                ],
                "mean": 0.7767108840934638,
                "std": 0.025053783399542524,
                "min": 0.7499154357875747,
                "max": 0.8180790321668834
            },
            "brier": {
                "per_fold": [
                    0.09961278252556284,
                    0.09569917609412663,
                    0.10190260693733501,
                    0.0986120735781944,
                    0.0914819608339084
                ],
                "mean": 0.09746171999382545,
                "std": 0.003592657535544572,
                "min": 0.0914819608339084,
                "max": 0.10190260693733501
            },
            "f1": {
                "per_fold": [
                    0.2647058823529412,
                    0.3287671232876712,
                    0.2608695652173913,
                    0.2777777777777778,
                    0.1875
                ],
                "mean": 0.2639240697271563,
                "std": 0.045270578711226826,
                "min": 0.1875,
                "max": 0.3287671232876712
            }
        }
    },
    "ensemble": {
        "auc": {
            "per_fold": [
                0.7680685533882061,
                0.7910249307479225,
                0.7626208378088077,
                0.7637232178189834,
                0.8423879246989655
            ],
            "mean": 0.785565092892577,
            "std": 0.030226740765789916,
            "min": 0.7626208378088077,
            "max": 0.8423879246989655
        },
        "brier": {
            "per_fold": [
                0.09036412226078543,
                0.09198565870577671,
                0.09312972191135423,
                0.09272614179191459,
                0.08769733215100975
            ],
            "mean": 0.09118059536416814,
            "std": 0.001981700581922367,
            "min": 0.08769733215100975,
            "max": 0.09312972191135423
        },
        "f1": {
            "per_fold": [
                0.11320754716981132,
                0.038461538461538464,
                0.038461538461538464,
                0.18181818181818182,
                0.10714285714285714
            ],
            "mean": 0.09581833261078544,
            "std": 0.05367719696986875,
            "min": 0.038461538461538464,
            "max": 0.18181818181818182
        }
    },
    "method_comparison": {
        "weighted_avg": {
            "auc": 0.7815367024102134,
            "brier": 0.09409073893797135,
            "score": 0.5122174046682046,
            "calibration": null
        },
        "weighted_avg+isotonic": {
            "auc": 0.7716329488876282,
            "brier": 0.09374572710764886,
            "score": 0.5075831166976513,
            "calibration": "isotonic"
        },
        "weighted_avg+platt": {
            "auc": 0.7813318747805418,
            "brier": 0.0941278265756063,
            "score": 0.511953906244576,
            "calibration": "platt"
        },
        "logistic": {
            "auc": 0.7856467842642788,
            "brier": 0.1854763234210018,
            "score": 0.16823426802671226,
            "calibration": null
        },
        "logistic+isotonic": {
            "auc": 0.7634736064968622,
            "brier": 0.09341436345265167,
            "score": 0.5039437342124857,
            "calibration": "isotonic"
        },
        "logistic+platt": {
            "auc": 0.7796392332694091,