{
    "Final_Model": {
        "AUC": 0.7656063402453588,
        "AUC_95CI_lower": 0.6974637841434032,
        "AUC_95CI_upper": 0.8333695827391853,
        "Brier": 0.08956720074975115,
        "Brier_95CI_lower": 0.07145954855097376,
        "Brier_95CI_upper": 0.1065424897839653,
        "Best_Method": "xgb_meta",
        "Optimal_Threshold": 0.16000000000000003
    },
    "LR_Baseline": {
        "AUC": 0.8106611659971772,
        "Brier": 0.17485229610291242,
        "F1_Score": 0.3861003861003861,
        "Sensitivity": 0.819672131147541,
        "Specificity": 0.673289183222958,
        "PPV": 0.25252525252525254,
        "NPV": 0.9651898734177216,
        "Net_Benefit": -0.12066993337287217,
        "Calibration_Slope": 0.8821582035781299,
        "Threshold": 0.4308225271328506
    },
    "TearSense_vs_LR": {
        "AUC_Improvement": -0.045054825751818406,
        "AUC_Improvement_Pct": -5.557787598767904,
        "Brier_Improvement": 0.08528509535316127
    },
    "Individual_Assessment_Test": {
        "CatBoost": {
            "AUC": 0.7701661057431333,
            "Brier": 0.08786058324346943
        },
        "XGBoost": {
            "AUC": 0.7730250063330076,
            "Brier": 0.09061001350021822
        },
        "LightGBM": {
            "AUC": 0.7610465747475844,
            "Brier": 0.10158524883786288
        },
        "RandomForest": {
            "AUC": 0.7712155755799225,
            "Brier": 0.08976301872329545
        }
    },
    "Self_Assessment_CV": {
        "CatBoost": {
            "AUC": 0.8008173927112051,
            "Brier": 0.0928134175989534
        },
        "XGBoost": {
            "AUC": 0.7780813004554754,
            "Brier": 0.09933676900892673
        },
        "LightGBM": {
            "AUC": 0.7665450997576607,
            "Brier": 0.10929088802151084
        },
        "RandomForest": {
            "AUC": 0.7741889909420249,
            "Brier": 0.09697940383992734
        }
    },
    "Ensemble_Weights": {
        "CatBoost": 0.25563904643058777,
        "XGBoost": 0.33058831095695496,
        "LightGBM": 0.15959374606609344,
        "RandomForest": 0.2541789412498474
    }
}