{
    "CatBoost_Params": {
        "iterations": 2331,
        "depth": 4,
        "learning_rate": 0.07019760912547557,
        "l2_leaf_reg": 1.1175396597520335,
        "random_strength": 1.115312089134006,
        "bagging_temperature": 0.2799504705957468,
        "border_count": 33,
        "loss_function": "Focal:focal_alpha=0.2123291973465514;focal_gamma=1.0589084995581401",
        "eval_metric": "AUC",
        "random_state": 42,
        "verbose": false,
        "thread_count": -1
    },
    "XGBoost_Params": {
        "n_estimators": 903,
        "max_depth": 10,
        "learning_rate": 0.048250840240588296,
        "subsample": 0.6777063060009133,
        "colsample_bytree": 0.5810846683571397,
        "gamma": 1.0889210202245116,
        "min_child_weight": 6,
        "reg_alpha": 0.0014448112559537244,
        "reg_lambda": 0.19547141297383094,
        "max_delta_step": 6.504863640025102,
        "scale_pos_weight": 7.4250856219111965,
        "objective": "binary:logistic",
        "eval_metric": "auc",
        "random_state": 42,
        "n_jobs": -1,
        "use_label_encoder": false
    },
    "LightGBM_Params": {
        "boosting_type": "dart",
        "n_estimators": 877,
        "num_leaves": 147,
        "learning_rate": 0.03126948578522496,
        "max_depth": 10,
        "min_child_samples": 12,
        "colsample_bytree": 0.5272325878744364,
        "reg_alpha": 0.0917475578349029,
        "reg_lambda": 0.0019240182359954166,
        "subsample": 0.9486210699353053,
        "subsample_freq": 10,
        "drop_rate": 0.22094144830295226,
        "skip_drop": 0.3768655462044884,
        "scale_pos_weight": 18.214764050015486,
        "objective": "binary",
        "metric": "auc",
        "random_state": 42,
        "n_jobs": -1,
        "verbosity": -1
    },
    "RandomForest_Params": {
        "n_estimators": 534,
        "max_depth": 21,
        "min_samples_split": 21,
        "min_samples_leaf": 3,
        "max_features": 0.5,
        "class_weight": "balanced",
        "max_samples": 0.6890077431144137,
        "min_impurity_decrease": 0.0008655364413431973,
        "ccp_alpha": 0.002459730302443815,
        "bootstrap": true,
        "random_state": 42,
        "n_jobs": -1
    },
    "Ensemble_Weights": {
        "Cat": 0.13154692947864532,
        "XGB": 0.08408799022436142,
        "LGBM": 0.3880404531955719,
        "RF": 0.39632466435432434
    }
}