{
    "tearsense": {
        "model_serial": "05022026_132127_88253",
        "holdout_n": 514,
        "inference_verified": true,
        "stored_AUC": 0.7857091159121341,
        "stored_Brier": 0.08696947991847992,
        "stored_threshold": 0.18000000000000005,
        "AUC": 0.7857091159121341,
        "Brier_Score": 0.08696947991847992,
        "Calibration_Slope": 1.0548127470962607,
        "Calibration_Intercept": 0.12305977753285907,
        "Net_Benefit": 0.04163140410908946,
        "Optimal_Threshold_Used": 0.18105164170265198,
        "Youden_J_Threshold": 0.18105164170265198,
        "F1_Score": 0.4473684210526316,
        "Sensitivity_Recall": 0.5573770491803278,
        "Specificity": 0.8741721854304636,
        "PPV_Precision": 0.37362637362637363,
        "NPV": 0.9361702127659575,
        "Confusion_Matrix": {
            "TP": 34,
            "TN": 396,
            "FP": 57,
            "FN": 27
        },
        "AUC_95CI": [
            0.7192568509580729,
            0.8471100207669272
        ],
        "AUC_Text": "0.7857 (0.7193-0.8471)",
        "Brier_Score_95CI": [
            0.06872547138482332,
            0.10518593844026326
        ],
        "Brier_Score_Text": "0.0870 (0.0687-0.1052)",
        "F1_Score_95CI": [
            0.343272921108742,
            0.5454545454545454
        ],
        "F1_Score_Text": "0.4474 (0.3433-0.5455)",
        "Sensitivity_Recall_95CI": [
            0.42857142857142855,
            0.6818362193362193
        ],
        "Sensitivity_Recall_Text": "0.5574 (0.4286-0.6818)",
        "Specificity_95CI": [
            0.8442982456140351,
            0.901565995525727
        ],
        "Specificity_Text": "0.8742 (0.8443-0.9016)",
        "PPV_Precision_95CI": [
            0.26802625269719493,
            0.47436868686868683
        ],
        "PPV_Precision_Text": "0.3736 (0.2680-0.4744)",
        "NPV_95CI": [
            0.9133462727107461,
            0.9594320262586523
        ],
        "NPV_Text": "0.9362 (0.9133-0.9594)",
        "Net_Benefit_95CI": [
            0.018754274794282686,
            0.06604347591947624
        ],
        "Net_Benefit_Text": "0.0416 (0.0188-0.0660)",
        "Calibration_Slope_95CI": [
            0.7777529982128676,
            1.4002238679031251
        ],
        "Calibration_Slope_Text": "1.0548 (0.7778-1.4002)"
    },
    "logistic_regression": {
        "AUC": 0.8106611659971772,
        "Brier_Score": 0.17485229610276382,
        "F1_Score": 0.3861003861003861,
        "Sensitivity_Recall": 0.819672131147541,
        "Specificity": 0.673289183222958,
        "PPV_Precision": 0.25252525252525254,
        "NPV": 0.9651898734177216,
        "Net_Benefit": -0.12066993337198444,
        "Calibration_Slope": 0.8821582035795066,
        "Calibration_Intercept": -1.9580869173520672,
        "Threshold_Used": 0.43082252713185176,
        "Confusion_Matrix": {
            "TP": 50,
            "TN": 305,
            "FP": 148,
            "FN": 11
        },
        "AUC_95CI": [
            0.7521794662966538,
            0.8631149614337568
        ],
        "Brier_Score_95CI": [
            0.15675797066710226,
            0.1927757104268557
        ],
        "F1_Score_95CI": [
            0.309478021978022,
            0.4545624151967435
        ],
        "Sensitivity_Recall_95CI": [
            0.7212933944069432,
            0.9111403508771929
        ],
        "Specificity_95CI": [
            0.6296276469188675,
            0.715232159296766
        ],
        "PPV_Precision_95CI": [
            0.19288327256261767,
            0.31156296186816435
        ],
        "NPV_95CI": [
            0.9438819353633476,
            0.984178463043565
        ],
        "Net_Benefit_95CI": [
            -0.1623036585715232,
            -0.07807198326133666
        ],
        "Calibration_Slope_95CI": [
            0.6671257244854701,
            1.1635364636319632
        ]
    },
    "lr_formula": "z = -0.7181 + 1.1932 \u00d7 tear_characteristics_Tear_MedLat + 0.7155 \u00d7 tear_characteristics_Full_3.0\n    - 0.7025 \u00d7 Tear_Area_cm2 + 0.4783 \u00d7 Tear_AP_ML_Ratio + 0.4497 \u00d7 InsuranceType_5.0\n    + 0.3984 \u00d7 Aged + 0.3697 \u00d7 tear_characteristics_Full_Missing + 0.3136 \u00d7 Gender_M + 0.3018 \u00d7 Pre-Op_ROM_Pre-Op_IR + 0.2575 \u00d7 tear_characteristics_Tear_AntPost\n    + ... (30 more terms)\n\nP(retear) = 1 / (1 + exp(-z))",
    "comparison": {
        "AUC_difference": -0.024952050085043087,
        "Brier_difference": -0.0878828161842839,
        "TearSense_better_AUC": false,
        "TearSense_better_Brier": true
    }
}