{
    "best_method": "xgb_meta",
    "base_models": {
        "CatBoost": {
            "auc": {
                "per_fold": [
                    0.773593415266659,
                    0.7904709141274238,
                    0.7801458533551925,
                    0.7722313302052123,
                    0.8381480015829046
                ],
                "mean": 0.7909179029074783,
                "std": 0.024479562670892928,
                "min": 0.7722313302052123,
                "max": 0.8381480015829046
            },
            "brier": {
                "per_fold": [
                    0.09390114238561117,
                    0.09468616859458615,
                    0.09787756522243986,
                    0.09520586933826383,
                    0.09084698676207083
                ],
                "mean": 0.09450354646059436,
                "std": 0.0022646823341047157,
                "min": 0.09084698676207083,
                "max": 0.09787756522243986
            },
            "f1": {
                "per_fold": [
                    0.17543859649122806,
                    0.25396825396825395,
                    0.14285714285714285,
                    0.10909090909090909,
                    0.07407407407407407
                ],
                "mean": 0.15108579529632163,
                "std": 0.06154664186193106,
                "min": 0.07407407407407407,
                "max": 0.25396825396825395
            }
        },
        "XGBoost": {
            "auc": {
                "per_fold": [
                    0.7626564437929868,
                    0.7792797783933517,
                    0.7502967946181243,
                    0.7487704222963423,
                    0.8405788908361127
                ],
                "mean": 0.7763164659873836,
                "std": 0.033943613524191396,
                "min": 0.7487704222963423,
                "max": 0.8405788908361127
            },
            "brier": {
                "per_fold": [
                    0.11962556645925125,
                    0.12538024997590308,
                    0.13559505767377117,
                    0.12778620374729913,
                    0.10333860962205214
                ],
                "mean": 0.12234513749565534,
                "std": 0.010798348604125325,
                "min": 0.10333860962205214,
                "max": 0.13559505767377117
            },
            "f1": {
                "per_fold": [
                    0.3584905660377358,
                    0.4426229508196721,
                    0.38461538461538464,
                    0.35398230088495575,
                    0.5137614678899083
                ],
                "mean": 0.4106945340495313,
                "std": 0.06043818387510127,
                "min": 0.35398230088495575,
                "max": 0.5137614678899083
            }
        },
        "LightGBM": {
            "auc": {
                "per_fold": [
                    0.7542000225504567,
                    0.7465927977839335,
                    0.7496184069195545,
                    0.7510317146249081,
                    0.8209621798858048
                ],
                "mean": 0.7644810243529315,
                "std": 0.028346392741603447,
                "min": 0.7465927977839335,
                "max": 0.8209621798858048
            },
            "brier": {
                "per_fold": [
                    0.10296240049400911,
                    0.11291462222024976,
                    0.10709858382898646,
                    0.11275786189528757,
                    0.10390277349485223
                ],
                "mean": 0.10792724838667703,
                "std": 0.004236543929355774,
                "min": 0.10296240049400911,
                "max": 0.11291462222024976
            },
            "f1": {
                "per_fold": [
                    0.36363636363636365,
                    0.27848101265822783,
                    0.32432432432432434,
                    0.2894736842105263,
                    0.20588235294117646
                ],
                "mean": 0.29235954755412374,
                "std": 0.05250024493468633,
                "min": 0.20588235294117646,
                "max": 0.36363636363636365
            }
        },
        "RandomForest": {
            "auc": {
                "per_fold": [
                    0.7579772240387868,
                    0.7935180055401663,
                    0.7758493979309175,
                    0.7669738255412969,
                    0.8259935553168635
                ],
                "mean": 0.7840624016736062,
                "std": 0.02403139383091621,
                "min": 0.7579772240387868,
                "max": 0.8259935553168635
            },
            "brier": {
                "per_fold": [
                    0.10541481426214738,
                    0.10055106660925373,
                    0.10583481658841999,
                    0.10208057743996359,
                    0.09422241163078293
                ],
                "mean": 0.10162073730611351,
                "std": 0.004201055945653363,
                "min": 0.09422241163078293,
                "max": 0.10583481658841999
            },
            "f1": {
                "per_fold": [
                    0.3614457831325301,
                    0.37209302325581395,
                    0.3037974683544304,
                    0.32098765432098764,
                    0.2777777777777778
                ],
                "mean": 0.327220341368308,
                "std": 0.03526182895480936,
                "min": 0.2777777777777778,
                "max": 0.37209302325581395
            }
        }
    },
    "ensemble": {
        "auc": {
            "per_fold": [
                0.769816213778329,
                0.7825761772853186,
                0.7801741195092995,
                0.768952456328792,
                0.8257391599299
            ],
            "mean": 0.7854516253663277,
            "std": 0.02086094142364568,
            "min": 0.768952456328792,
            "max": 0.8257391599299
        },
        "brier": {
            "per_fold": [
                0.0914760678508277,
                0.09117600539052438,
                0.0932029011637837,
                0.0942839899680623,
                0.08822396540905611
            ],
            "mean": 0.09167258595645085,
            "std": 0.002065889195957097,
            "min": 0.08822396540905611,
            "max": 0.0942839899680623
        },
        "f1": {
            "per_fold": [
                0.04,
                0.21052631578947367,
                0.14035087719298245,
                0.1111111111111111,
                0.038461538461538464
            ],
            "mean": 0.10808996851102112,
            "std": 0.06484976616509146,
            "min": 0.038461538461538464,
            "max": 0.21052631578947367
        }
    },
    "method_comparison": {
        "weighted_avg": {
            "auc": 0.7885751199704689,
            "brier": 0.09304017198397634,
            "score": 0.5204232285033474,
            "calibration": null
        },
        "weighted_avg+isotonic": {
            "auc": 0.7787467700258397,
            "brier": 0.09231297805350239,
            "score": 0.5172830619328572,
            "calibration": "isotonic"
        },
        "weighted_avg+platt": {
            "auc": 0.7879921490244802,
            "brier": 0.09315916065847875,
            "score": 0.5196223514920462,
            "calibration": "platt"
        },
        "logistic": {
            "auc": 0.7912679622039354,
            "brier": 0.18715761247569923,
            "score": 0.16523308959502353,