{
    "CatBoost_Params": {
        "iterations": 1434,
        "depth": 7,
        "learning_rate": 0.07495719090240066,
        "l2_leaf_reg": 1.0035972689545465,
        "random_strength": 5.1196752579076845,
        "bagging_temperature": 0.2811328102448283,
        "border_count": 200,
        "loss_function": "Focal:focal_alpha=0.1897534786817869;focal_gamma=1.2358336822833873",
        "eval_metric": "AUC",
        "random_state": 42,
        "verbose": false,
        "thread_count": -1
    },
    "XGBoost_Params": {
        "n_estimators": 1450,
        "max_depth": 9,
        "learning_rate": 0.08360927404298996,
        "subsample": 0.6425258849656578,
        "colsample_bytree": 0.5690022850195311,
        "gamma": 2.622664351584132,
        "min_child_weight": 2,
        "reg_alpha": 0.0021950747169600993,
        "reg_lambda": 0.0029080318890420845,
        "max_delta_step": 5.450026166436731,
        "scale_pos_weight": 7.428591292819982,
        "objective": "binary:logistic",
        "eval_metric": "auc",
        "random_state": 42,
        "n_jobs": -1,
        "use_label_encoder": false
    },
    "LightGBM_Params": {
        "boosting_type": "gbdt",
        "n_estimators": 1599,
        "num_leaves": 49,
        "learning_rate": 0.023376931470984803,
        "max_depth": 9,
        "min_child_samples": 24,
        "colsample_bytree": 0.5380061322972555,
        "reg_alpha": 0.0050898018235927414,
        "reg_lambda": 2.003208318565731,
        "subsample": 0.9818502245330369,
        "subsample_freq": 5,
        "scale_pos_weight": 9.74700657368224,
        "objective": "binary",
        "metric": "auc",
        "random_state": 42,
        "n_jobs": -1,
        "verbosity": -1
    },
    "RandomForest_Params": {
        "n_estimators": 526,
        "max_depth": 14,
        "min_samples_split": 12,
        "min_samples_leaf": 3,
        "max_features": 0.7,
        "class_weight": "balanced_subsample",
        "max_samples": 0.5240095735729294,
        "min_impurity_decrease": 0.001613978628734438,
        "ccp_alpha": 0.002556321132453847,
        "bootstrap": true,
        "random_state": 42,
        "n_jobs": -1
    },
    "Ensemble_Weights": {
        "Cat": 0.3014776581655607,
        "XGB": 0.18312944480572393,
        "LGBM": 0.021217858496797526,
        "RF": 0.49417503853191785
    }
}