{
    "best_method": "xgb_meta",
    "base_models": {
        "CatBoost": {
            "auc": {
                "per_fold": [
                    0.7628255722178375,
                    0.7705263157894737,
                    0.7564022839052519,
                    0.7492226807620556,
                    0.8196619367968795
                ],
                "mean": 0.7717277578942997,
                "std": 0.02497889721237197,
                "min": 0.7492226807620556,
                "max": 0.8196619367968795
            },
            "brier": {
                "per_fold": [
                    0.0921447155432712,
                    0.09367157075907669,
                    0.09698503780068521,
                    0.09309609961580849,
                    0.09195135171700308
                ],
                "mean": 0.09356975508716893,
                "std": 0.0018192767310156674,
                "min": 0.09195135171700308,
                "max": 0.09698503780068521
            },
            "f1": {
                "per_fold": [
                    0.1724137931034483,
                    0.23880597014925373,
                    0.1694915254237288,
                    0.14035087719298245,
                    0.13793103448275862
                ],
                "mean": 0.17179864007043438,
                "std": 0.03641884120555658,
                "min": 0.13793103448275862,
                "max": 0.23880597014925373
            }
        },
        "XGBoost": {
            "auc": {
                "per_fold": [
                    0.7469838764234975,
                    0.7524653739612188,
                    0.7474136468992029,
                    0.7416473514613602,
                    0.8239583922211544
                ],
                "mean": 0.7624937281932868,
                "std": 0.030922511506243817,
                "min": 0.7416473514613602,
                "max": 0.8239583922211544
            },
            "brier": {
                "per_fold": [
                    0.09927246234957737,
                    0.10793813732344672,
                    0.10962596372614007,
                    0.10389696708660406,
                    0.10041967014309232
                ],
                "mean": 0.1042306401257721,
                "std": 0.004051503646543046,
                "min": 0.09927246234957737,
                "max": 0.10962596372614007
            },
            "f1": {
                "per_fold": [
                    0.33766233766233766,
                    0.32558139534883723,
                    0.32098765432098764,
                    0.36585365853658536,
                    0.26666666666666666
                ],
                "mean": 0.3233503425070829,
                "std": 0.03235726835768618,
                "min": 0.26666666666666666,
                "max": 0.36585365853658536
            }
        },
        "LightGBM": {
            "auc": {
                "per_fold": [
                    0.7403314917127072,
                    0.7500831024930747,
                    0.7463395330431342,
                    0.7453784838034937,
                    0.8197184691050935
                ],
                "mean": 0.7603702160315006,
                "std": 0.029836898030728972,
                "min": 0.7403314917127072,
                "max": 0.8197184691050935
            },
            "brier": {
                "per_fold": [
                    0.10560802005774185,
                    0.10909332046857008,
                    0.11341086243426272,
                    0.11019351597311518,
                    0.10089794308703823
                ],
                "mean": 0.1078407324041456,
                "std": 0.0042735990419665824,
                "min": 0.10089794308703823,
                "max": 0.11341086243426272
            },
            "f1": {
                "per_fold": [
                    0.3076923076923077,
                    0.3409090909090909,
                    0.3218390804597701,
                    0.2682926829268293,
                    0.2191780821917808
                ],
                "mean": 0.29158224883595574,
                "std": 0.04334262205461961,
                "min": 0.2191780821917808,
                "max": 0.3409090909090909
            }
        },
        "RandomForest": {
            "auc": {
                "per_fold": [
                    0.7487315368136206,
                    0.8076454293628809,
                    0.7724574594380688,
                    0.7678783424727231,
                    0.8213013737350896
                ],
                "mean": 0.7836028283644766,
                "std": 0.026783250980114904,
                "min": 0.7487315368136206,
                "max": 0.8213013737350896
            },
            "brier": {
                "per_fold": [
                    0.10801227483440307,
                    0.09912898321081645,
                    0.10738835617551046,
                    0.10300401964589746,
                    0.09559549757847388
                ],
                "mean": 0.10262582628902026,
                "std": 0.004764283416398935,
                "min": 0.09559549757847388,
                "max": 0.10801227483440307
            },
            "f1": {
                "per_fold": [
                    0.3037974683544304,
                    0.367816091954023,
                    0.3373493975903614,
                    0.3132530120481928,
                    0.273972602739726
                ],
                "mean": 0.31923771453734673,
                "std": 0.03165766898422483,
                "min": 0.273972602739726,
                "max": 0.367816091954023
            }
        }
    },
    "ensemble": {
        "auc": {
            "per_fold": [
                0.7790055248618785,
                0.7886149584487534,
                0.7922155011589124,
                0.7714964101984285,
                0.8380914692746905
            ],
            "mean": 0.7938847727885326,
            "std": 0.023269809726326914,
            "min": 0.7714964101984285,
            "max": 0.8380914692746905
        },
        "brier": {
            "per_fold": [
                0.09313507813356241,
                0.09060338591604074,
                0.09206585622008318,
                0.0906597161922615,
                0.08630833884097452
            ],
            "mean": 0.09055447506058448,
            "std": 0.00232322732390149,
            "min": 0.08630833884097452,
            "max": 0.09313507813356241
        },
        "f1": {
            "per_fold": [
                0.0392156862745098,
                0.2033898305084746,
                0.19672131147540983,
                0.14035087719298245,
                0.10714285714285714
            ],
            "mean": 0.13736411251884675,
            "std": 0.060725663632395774,
            "min": 0.0392156862745098,
            "max": 0.2033898305084746
        }
    },
    "method_comparison": {
        "weighted_avg": {
            "auc": 0.7874519442868848,
            "brier": 0.0924957921226183,
            "score": 0.5218131054804874,
            "calibration": null
        },
        "weighted_avg+isotonic": {
            "auc": 0.7749056892562283,
            "brier": 0.09207654592429554,
            "score": 0.5158747443214444,
            "calibration": "isotonic"
        },
        "weighted_avg+platt": {
            "auc": 0.7873326490739991,
            "brier": 0.09337100236411779,
            "score": 0.5184235446987007,
            "calibration": "platt"
        },
        "logistic": {
            "auc": 0.788534619479784,
            "brier": 0.18591736040566328,
            "score": 0.16829496689124113,