{
    "tearsense": {
        "model_serial": "05022026_152808_74637",
        "holdout_n": 514,
        "inference_verified": true,
        "stored_AUC": 0.7821264430210254,
        "stored_Brier": 0.08813502639532089,
        "stored_threshold": 0.17000000000000004,
        "AUC": 0.7821264430210254,
        "Brier_Score": 0.08813502639532089,
        "Calibration_Slope": 1.172303087571633,
        "Calibration_Intercept": 0.3034880230357557,
        "Net_Benefit": 0.050132505096453416,
        "Optimal_Threshold_Used": 0.12148544937372208,
        "Youden_J_Threshold": 0.12148544937372208,
        "F1_Score": 0.35251798561151076,
        "Sensitivity_Recall": 0.8032786885245902,
        "Specificity": 0.6291390728476821,
        "PPV_Precision": 0.22580645161290322,
        "NPV": 0.9595959595959596,
        "Confusion_Matrix": {
            "TP": 49,
            "TN": 285,
            "FP": 168,
            "FN": 12
        },
        "AUC_95CI": [
            0.7144879914811256,
            0.8441494182238282
        ],
        "AUC_Text": "0.7821 (0.7145-0.8441)",
        "Brier_Score_95CI": [
            0.06979310177266598,
            0.10649834126234055
        ],
        "Brier_Score_Text": "0.0881 (0.0698-0.1065)",
        "F1_Score_95CI": [
            0.28080526091359737,
            0.4255465379834759
        ],
        "F1_Score_Text": "0.3525 (0.2808-0.4255)",
        "Sensitivity_Recall_95CI": [
            0.6983766233766233,
            0.9032413151364764
        ],
        "Sensitivity_Recall_Text": "0.8033 (0.6984-0.9032)",
        "Specificity_95CI": [
            0.5838597597205918,
            0.6756301185583774
        ],
        "Specificity_Text": "0.6291 (0.5839-0.6756)",
        "PPV_Precision_95CI": [
            0.17255085492331718,
            0.2843601895734597
        ],
        "PPV_Precision_Text": "0.2258 (0.1726-0.2844)",
        "NPV_95CI": [
            0.9358952702702703,
            0.9820851856073559
        ],
        "NPV_Text": "0.9596 (0.9359-0.9821)",
        "Net_Benefit_95CI": [
            0.024627178799982063,
            0.078178527145447
        ],
        "Net_Benefit_Text": "0.0501 (0.0246-0.0782)",
        "Calibration_Slope_95CI": [
            0.848384325829073,
            1.5859079138775518
        ],
        "Calibration_Slope_Text": "1.1723 (0.8484-1.5859)"
    },
    "logistic_regression": {
        "AUC": 0.8106611659971772,
        "Brier_Score": 0.17485229610276382,
        "F1_Score": 0.3861003861003861,
        "Sensitivity_Recall": 0.819672131147541,
        "Specificity": 0.673289183222958,
        "PPV_Precision": 0.25252525252525254,
        "NPV": 0.9651898734177216,
        "Net_Benefit": -0.12066993337198444,
        "Calibration_Slope": 0.8821582035795066,
        "Calibration_Intercept": -1.9580869173520672,
        "Threshold_Used": 0.43082252713185176,
        "Confusion_Matrix": {
            "TP": 50,
            "TN": 305,
            "FP": 148,
            "FN": 11
        },
        "AUC_95CI": [
            0.7521794662966538,
            0.8631149614337568
        ],
        "Brier_Score_95CI": [
            0.15675797066710226,
            0.1927757104268557
        ],
        "F1_Score_95CI": [
            0.309478021978022,
            0.4545624151967435
        ],
        "Sensitivity_Recall_95CI": [
            0.7212933944069432,
            0.9111403508771929
        ],
        "Specificity_95CI": [
            0.6296276469188675,
            0.715232159296766
        ],
        "PPV_Precision_95CI": [
            0.19288327256261767,
            0.31156296186816435
        ],
        "NPV_95CI": [
            0.9438819353633476,
            0.984178463043565
        ],
        "Net_Benefit_95CI": [
            -0.1623036585715232,
            -0.07807198326133666
        ],
        "Calibration_Slope_95CI": [
            0.6671257244854701,
            1.1635364636319632
        ]
    },
    "lr_formula": "z = -0.7181 + 1.1932 \u00d7 tear_characteristics_Tear_MedLat + 0.7155 \u00d7 tear_characteristics_Full_3.0\n    - 0.7025 \u00d7 Tear_Area_cm2 + 0.4783 \u00d7 Tear_AP_ML_Ratio + 0.4497 \u00d7 InsuranceType_5.0\n    + 0.3984 \u00d7 Aged + 0.3697 \u00d7 tear_characteristics_Full_Missing + 0.3136 \u00d7 Gender_M + 0.3018 \u00d7 Pre-Op_ROM_Pre-Op_IR + 0.2575 \u00d7 tear_characteristics_Tear_AntPost\n    + ... (30 more terms)\n\nP(retear) = 1 / (1 + exp(-z))",
    "comparison": {
        "AUC_difference": -0.028534722976151783,
        "Brier_difference": -0.08671726970744292,
        "TearSense_better_AUC": false,
        "TearSense_better_Brier": true
    }
}