{
    "tearsense": {
        "model_serial": "05022026_153855_23198",
        "holdout_n": 514,
        "inference_verified": true,
        "stored_AUC": 0.7894546375710201,
        "stored_Brier": 0.08731912571330808,
        "stored_threshold": 0.16000000000000003,
        "AUC": 0.7894546375710201,
        "Brier_Score": 0.08731912571330808,
        "Calibration_Slope": 1.1720549875004835,
        "Calibration_Intercept": 0.2845890072706312,
        "Net_Benefit": 0.043800267296118765,
        "Optimal_Threshold_Used": 0.146811570549744,
        "Youden_J_Threshold": 0.146811570549744,
        "F1_Score": 0.4021164021164021,
        "Sensitivity_Recall": 0.6229508196721312,
        "Specificity": 0.8013245033112583,
        "PPV_Precision": 0.296875,
        "NPV": 0.9404145077720207,
        "Confusion_Matrix": {
            "TP": 38,
            "TN": 363,
            "FP": 90,
            "FN": 23
        },
        "AUC_95CI": [
            0.7247833822291544,
            0.8533073027030287
        ],
        "AUC_Text": "0.7895 (0.7248-0.8533)",
        "Brier_Score_95CI": [
            0.06923785278871006,
            0.10438391662505227
        ],
        "Brier_Score_Text": "0.0873 (0.0692-0.1044)",
        "F1_Score_95CI": [
            0.3016759776536313,
            0.488926282051282
        ],
        "F1_Score_Text": "0.4021 (0.3017-0.4889)",
        "Sensitivity_Recall_95CI": [
            0.49230158730158735,
            0.745462249614792
        ],
        "Sensitivity_Recall_Text": "0.6230 (0.4923-0.7455)",
        "Specificity_95CI": [
            0.7663698320382023,
            0.8368318376902067
        ],
        "Specificity_Text": "0.8013 (0.7664-0.8368)",
        "PPV_Precision_95CI": [
            0.21595714285714285,
            0.38053262448817854
        ],
        "PPV_Precision_Text": "0.2969 (0.2160-0.3805)",
        "NPV_95CI": [
            0.916243654822335,
            0.9636374642306845
        ],
        "NPV_Text": "0.9404 (0.9162-0.9636)",
        "Net_Benefit_95CI": [
            0.019384941682637918,
            0.0701663315127623
        ],
        "Net_Benefit_Text": "0.0438 (0.0194-0.0702)",
        "Calibration_Slope_95CI": [
            0.8585517598460186,
            1.5545293817634458
        ],
        "Calibration_Slope_Text": "1.1721 (0.8586-1.5545)"
    },
    "logistic_regression": {
        "AUC": 0.8106611659971772,
        "Brier_Score": 0.17485229610276382,
        "F1_Score": 0.3861003861003861,
        "Sensitivity_Recall": 0.819672131147541,
        "Specificity": 0.673289183222958,
        "PPV_Precision": 0.25252525252525254,
        "NPV": 0.9651898734177216,
        "Net_Benefit": -0.12066993337198444,
        "Calibration_Slope": 0.8821582035795066,
        "Calibration_Intercept": -1.9580869173520672,
        "Threshold_Used": 0.43082252713185176,
        "Confusion_Matrix": {
            "TP": 50,
            "TN": 305,
            "FP": 148,
            "FN": 11
        },
        "AUC_95CI": [
            0.7521794662966538,
            0.8631149614337568
        ],
        "Brier_Score_95CI": [
            0.15675797066710226,
            0.1927757104268557
        ],
        "F1_Score_95CI": [
            0.309478021978022,
            0.4545624151967435
        ],
        "Sensitivity_Recall_95CI": [
            0.7212933944069432,
            0.9111403508771929
        ],
        "Specificity_95CI": [
            0.6296276469188675,
            0.715232159296766
        ],
        "PPV_Precision_95CI": [
            0.19288327256261767,
            0.31156296186816435
        ],
        "NPV_95CI": [
            0.9438819353633476,
            0.984178463043565
        ],
        "Net_Benefit_95CI": [
            -0.1623036585715232,
            -0.07807198326133666
        ],
        "Calibration_Slope_95CI": [
            0.6671257244854701,
            1.1635364636319632
        ]
    },
    "lr_formula": "z = -0.7181 + 1.1932 \u00d7 tear_characteristics_Tear_MedLat + 0.7155 \u00d7 tear_characteristics_Full_3.0\n    - 0.7025 \u00d7 Tear_Area_cm2 + 0.4783 \u00d7 Tear_AP_ML_Ratio + 0.4497 \u00d7 InsuranceType_5.0\n    + 0.3984 \u00d7 Aged + 0.3697 \u00d7 tear_characteristics_Full_Missing + 0.3136 \u00d7 Gender_M + 0.3018 \u00d7 Pre-Op_ROM_Pre-Op_IR + 0.2575 \u00d7 tear_characteristics_Tear_AntPost\n    + ... (30 more terms)\n\nP(retear) = 1 / (1 + exp(-z))",
    "comparison": {
        "AUC_difference": -0.021206528426157112,
        "Brier_difference": -0.08753317038945574,
        "TearSense_better_AUC": false,
        "TearSense_better_Brier": true
    }
}