{
    "CatBoost_Params": {
        "iterations": 944,
        "depth": 7,
        "learning_rate": 0.07554978867436585,
        "l2_leaf_reg": 1.6171119519275048,
        "random_strength": 2.480756625183063,
        "bagging_temperature": 0.8602962046962973,
        "border_count": 218,
        "loss_function": "Focal:focal_alpha=0.15095387025454032;focal_gamma=1.3494114582047507",
        "eval_metric": "AUC",
        "random_state": 42,
        "verbose": false,
        "thread_count": -1
    },
    "XGBoost_Params": {
        "n_estimators": 654,
        "max_depth": 9,
        "learning_rate": 0.13367845151377636,
        "subsample": 0.8252205261855377,
        "colsample_bytree": 0.8325871232018355,
        "gamma": 1.393388674735352,
        "min_child_weight": 2,
        "reg_alpha": 0.7719936159381336,
        "reg_lambda": 0.03803603466315724,
        "max_delta_step": 3.453015555987938,
        "scale_pos_weight": 9.666852425288655,
        "objective": "binary:logistic",
        "eval_metric": "auc",
        "random_state": 42,
        "n_jobs": -1,
        "use_label_encoder": false
    },
    "LightGBM_Params": {
        "boosting_type": "gbdt",
        "n_estimators": 760,
        "num_leaves": 120,
        "learning_rate": 0.0249467631312828,
        "max_depth": 10,
        "min_child_samples": 20,
        "colsample_bytree": 0.8222717808892351,
        "reg_alpha": 1.0243843336469693,
        "reg_lambda": 0.0034260112463661858,
        "subsample": 0.7277494470358378,
        "subsample_freq": 3,
        "is_unbalance": true,
        "objective": "binary",
        "metric": "auc",
        "random_state": 42,
        "n_jobs": -1,
        "verbosity": -1
    },
    "RandomForest_Params": {
        "n_estimators": 851,
        "max_depth": 18,
        "min_samples_split": 19,
        "min_samples_leaf": 3,
        "max_features": 0.7,
        "class_weight": "balanced_subsample",
        "max_samples": 0.5558938850716597,
        "min_impurity_decrease": 0.000841078814829736,
        "ccp_alpha": 0.0014255523640726543,
        "bootstrap": true,
        "random_state": 42,
        "n_jobs": -1
    },
    "Ensemble_Weights": {
        "Cat": 8.764093898120263e-16,
        "XGB": 0.9999999999999934,
        "LGBM": 3.00096090238356e-15,
        "RF": 2.6604033451199922e-15
    }
}