{
    "best_method": "lgbm_meta",
    "base_models": {
        "CatBoost": {
            "auc": {
                "per_fold": [
                    0.7340737399932349,
                    0.7567313019390582,
                    0.7476397761320596,
                    0.736502911413873,
                    0.802249985866923
                ],
                "mean": 0.7554395430690297,
                "std": 0.024774245173974176,
                "min": 0.7340737399932349,
                "max": 0.802249985866923
            },
            "brier": {
                "per_fold": [
                    0.09490361924533706,
                    0.09621320407518476,
                    0.09812059173863664,
                    0.09701278288551211,
                    0.09442061402458755
                ],
                "mean": 0.09613416239385163,
                "std": 0.0013545927470454296,
                "min": 0.09442061402458755,
                "max": 0.09812059173863664
            },
            "f1": {
                "per_fold": [
                    0.11320754716981132,
                    0.25396825396825395,
                    0.13333333333333333,
                    0.14035087719298245,
                    0.10714285714285714
                ],
                "mean": 0.1496005737614476,
                "std": 0.05360951921901376,
                "min": 0.10714285714285714,
                "max": 0.25396825396825395
            }
        },
        "XGBoost": {
            "auc": {
                "per_fold": [
                    0.7452362160333746,
                    0.7366204986149584,
                    0.739216462208152,
                    0.741195092995647,
                    0.7800893210469784
                ],
                "mean": 0.748471518179822,
                "std": 0.016057407806689038,
                "min": 0.7366204986149584,
                "max": 0.7800893210469784
            },
            "brier": {
                "per_fold": [
                    0.10942792623479117,
                    0.10706715568778266,
                    0.11778882425426558,
                    0.10724279829570084,
                    0.10797670856384452
                ],
                "mean": 0.10990068260727695,
                "std": 0.004030910000674919,
                "min": 0.10706715568778266,
                "max": 0.11778882425426558
            },
            "f1": {
                "per_fold": [
                    0.3333333333333333,
                    0.367816091954023,
                    0.3146067415730337,
                    0.3953488372093023,
                    0.24
                ],
                "mean": 0.33022100081393846,
                "std": 0.053006314047657925,
                "min": 0.24,
                "max": 0.3953488372093023
            }
        },
        "LightGBM": {
            "auc": {
                "per_fold": [
                    0.7695343330702447,
                    0.748808864265928,
                    0.7319237944485273,
                    0.7473005822827746,
                    0.8111820905647578
                ],
                "mean": 0.7617499329264463,
                "std": 0.027459019002803682,
                "min": 0.7319237944485273,
                "max": 0.8111820905647578
            },
            "brier": {
                "per_fold": [
                    0.1018441411775666,
                    0.10691187312757443,
                    0.10911536210501473,
                    0.10535726865990568,
                    0.10357921673035297
                ],
                "mean": 0.10536157236008288,
                "std": 0.0025315411177874777,
                "min": 0.1018441411775666,
                "max": 0.10911536210501473
            },
            "f1": {
                "per_fold": [
                    0.3076923076923077,
                    0.3953488372093023,
                    0.2962962962962963,
                    0.2571428571428571,
                    0.2
                ],
                "mean": 0.2912960596681527,
                "std": 0.0642218523297168,
                "min": 0.2,
                "max": 0.3953488372093023
            }
        },
        "RandomForest": {
            "auc": {
                "per_fold": [
                    0.7454617205998421,
                    0.8011080332409973,
                    0.7747187517666346,
                    0.7584939793091752,
                    0.8235626660636555
                ],
                "mean": 0.7806690301960609,
                "std": 0.028370090544939705,
                "min": 0.7454617205998421,
                "max": 0.8235626660636555
            },
            "brier": {
                "per_fold": [
                    0.09799703517832466,
                    0.09160581063504518,
                    0.09716027709956249,
                    0.09562394354518114,
                    0.08978666553310378
                ],
                "mean": 0.09443474639824345,
                "std": 0.00319812889333715,
                "min": 0.08978666553310378,
                "max": 0.09799703517832466
            },
            "f1": {
                "per_fold": [
                    0.25806451612903225,
                    0.21875,
                    0.18461538461538463,
                    0.29850746268656714,
                    0.13333333333333333
                ],
                "mean": 0.21865413935286346,
                "std": 0.05721541225621083,
                "min": 0.13333333333333333,
                "max": 0.29850746268656714
            }
        }
    },
    "ensemble": {
        "auc": {
            "per_fold": [
                0.7582027286052543,
                0.8087811634349029,
                0.773729436372887,
                0.7464808638136696,
                0.8475040985923455
            ],
            "mean": 0.786939658163812,
            "std": 0.036830253644020775,
            "min": 0.7464808638136696,
            "max": 0.8475040985923455
        },
        "brier": {
            "per_fold": [
                0.09410545099647447,
                0.08910196259367474,
                0.09420906538330341,
                0.09472840962614008,
                0.08848364568118583
            ],
            "mean": 0.0921257068561557,
            "std": 0.00273647475010311,
            "min": 0.08848364568118583,
            "max": 0.09472840962614008
        },
        "f1": {
            "per_fold": [
                0.0,
                0.0,
                0.07272727272727272,
                0.0,
                0.04
            ],
            "mean": 0.022545454545454546,
            "std": 0.02948819626576479,
            "min": 0.0,
            "max": 0.07272727272727272
        }
    },
    "method_comparison": {
        "weighted_avg": {
            "auc": 0.7817302757745186,
            "brier": 0.09267482061606863,
            "score": 0.517701394747983,
            "calibration": null
        },
        "weighted_avg+isotonic": {
            "auc": 0.7731140102098696,
            "brier": 0.09178296478823637,
            "score": 0.5159127236531471,
            "calibration": "isotonic"
        },
        "weighted_avg+platt": {
            "auc": 0.7814556716995742,
            "brier": 0.09402987751961556,
            "score": 0.5123995161644066,
            "calibration": "platt"
        },
        "logistic": {
            "auc": 0.7824229534914011,
            "brier": 0.18880688314449373,
            "score": 0.15367358312757484,
            "calibration": null
        },
        "logistic+isotonic": {
            "auc": 0.7660046907778049,
            "brier": 0.09460745334454125,