{
    "best_method": "xgb_meta",
    "base_models": {
        "CatBoost": {
            "auc": {
                "per_fold": [
                    0.7520013530273988,
                    0.754847645429363,
                    0.7437390468652835,
                    0.7514839730906212,
                    0.8110124936401153
                ],
                "mean": 0.7626169024105564,
                "std": 0.024476519517429365,
                "min": 0.7437390468652835,
                "max": 0.8110124936401153
            },
            "brier": {
                "per_fold": [
                    0.09248829703521125,
                    0.09607162615827901,
                    0.09721605334393263,
                    0.09546197481422532,
                    0.09145345750432735
                ],
                "mean": 0.0945382817711951,
                "std": 0.0021951488613817668,
                "min": 0.09145345750432735,
                "max": 0.09721605334393263
            },
            "f1": {
                "per_fold": [
                    0.1509433962264151,
                    0.25396825396825395,
                    0.13559322033898305,
                    0.14285714285714285,
                    0.10344827586206896
                ],
                "mean": 0.15736205785057278,
                "std": 0.050921365023435604,
                "min": 0.10344827586206896,
                "max": 0.25396825396825395
            }
        },
        "XGBoost": {
            "auc": {
                "per_fold": [
                    0.7243206674935168,
                    0.7945706371191137,
                    0.7285883882638929,
                    0.7657301147605857,
                    0.8172875798518854
                ],
                "mean": 0.7660994774977989,
                "std": 0.03628640506447125,
                "min": 0.7243206674935168,
                "max": 0.8172875798518854
            },
            "brier": {
                "per_fold": [
                    0.12092927237562952,
                    0.11125073934859589,
                    0.12575209244743774,
                    0.11736601732004283,
                    0.09952294844955006
                ],
                "mean": 0.11496421398825121,
                "std": 0.009054849284175425,
                "min": 0.09952294844955006,
                "max": 0.12575209244743774
            },
            "f1": {
                "per_fold": [
                    0.35514018691588783,
                    0.4380952380952381,
                    0.3047619047619048,
                    0.30927835051546393,
                    0.3956043956043956
                ],
                "mean": 0.36057601517857807,
                "std": 0.05101456832563418,
                "min": 0.3047619047619048,
                "max": 0.4380952380952381
            }
        },
        "LightGBM": {
            "auc": {
                "per_fold": [
                    0.7545382794001578,
                    0.7575069252077562,
                    0.7547628469670417,
                    0.7628469670416643,
                    0.8270111368647182
                ],
                "mean": 0.7713332310962675,
                "std": 0.02799950226540594,
                "min": 0.7545382794001578,
                "max": 0.8270111368647182
            },
            "brier": {
                "per_fold": [
                    0.10246892863082933,
                    0.10274123299767361,
                    0.10758788750181827,
                    0.10254939656430305,
                    0.09451960477362854
                ],
                "mean": 0.10197341009365057,
                "std": 0.004201152731396922,
                "min": 0.09451960477362854,
                "max": 0.10758788750181827
            },
            "f1": {
                "per_fold": [
                    0.3448275862068966,
                    0.38636363636363635,
                    0.32941176470588235,
                    0.28205128205128205,
                    0.24324324324324326
                ],
                "mean": 0.31717950251418814,
                "std": 0.04980170971879308,
                "min": 0.24324324324324326,
                "max": 0.38636363636363635
            }
        },
        "RandomForest": {
            "auc": {
                "per_fold": [
                    0.7517194723193144,
                    0.8031578947368421,
                    0.7829159364576854,
                    0.7604726100966702,
                    0.81830516139974
                ],
                "mean": 0.7833142150020505,
                "std": 0.025052996870089845,
                "min": 0.7517194723193144,
                "max": 0.81830516139974
            },
            "brier": {
                "per_fold": [
                    0.11938069579381061,
                    0.10923933645431558,
                    0.11419775065317349,
                    0.11310667116213147,
                    0.10555046405347229
                ],
                "mean": 0.11229498362338068,
                "std": 0.0046757288168391775,
                "min": 0.10555046405347229,
                "max": 0.11938069579381061
            },
            "f1": {
                "per_fold": [
                    0.37735849056603776,
                    0.38,
                    0.39603960396039606,
                    0.3404255319148936,
                    0.3917525773195876
                ],
                "mean": 0.37711524075218306,
                "std": 0.019631092101962774,
                "min": 0.3404255319148936,
                "max": 0.39603960396039606
            }
        }
    },
    "ensemble": {
        "auc": {
            "per_fold": [
                0.7480550231142182,
                0.7936011080332409,
                0.7705636271128952,
                0.765051727062016,
                0.8334558200011306
            ],
            "mean": 0.7821454610647003,
            "std": 0.029504160252922056,
            "min": 0.7480550231142182,
            "max": 0.8334558200011306
        },
        "brier": {
            "per_fold": [
                0.09561998199961873,
                0.09137865523084217,
                0.09402257276481381,
                0.09362489343671249,
                0.08868331161531229
            ],
            "mean": 0.0926658830094599,
            "std": 0.002408519844180107,
            "min": 0.08868331161531229,
            "max": 0.09561998199961873
        },
        "f1": {
            "per_fold": [
                0.0,
                0.0,
                0.0,
                0.0,
                0.0
            ],
            "mean": 0.0,
            "std": 0.0,
            "min": 0.0,
            "max": 0.0
        }
    },
    "method_comparison": {
        "weighted_avg": {
            "auc": 0.7801141632678785,
            "brier": 0.09428535233707157,
            "score": 0.5106260880829785,
            "calibration": null
        },
        "weighted_avg+isotonic": {
            "auc": 0.7681711368608704,
            "brier": 0.0931020170541413,
            "score": 0.5079463796217297,
            "calibration": "isotonic"
        },
        "weighted_avg+platt": {
            "auc": 0.7794344056397374,
            "brier": 0.093630849423052,
            "score": 0.5126995001404147,
            "calibration": "platt"
        },
        "logistic": {
            "auc": 0.7854047047998427,
            "brier": 0.189404236552376,
            "score": 0.15319802508030722,
            "calibration": null
        },
        "logistic+isotonic": {
            "auc": 0.7648004843835815,
            "brier": 0.09426682813636368,
            "score": 0.5015081073016782,
            "calibration": "isotonic"
        },
        "logistic+platt": {
            "auc": 0.7782324500985874,
            "brier": 0.09294995111279852,
            "score": 0.5145596602558182,