{
    "tearsense": {
        "model_serial": "06022026_021247_33458",
        "holdout_n": 514,
        "inference_verified": true,
        "stored_AUC": 0.7610465747475844,
        "stored_Brier": 0.09271093487130849,
        "stored_threshold": 0.30000000000000004,
        "AUC": 0.7610465747475844,
        "Brier_Score": 0.09271093486889546,
        "Calibration_Slope": 0.38347269658893396,
        "Calibration_Intercept": -0.6264549027990322,
        "Net_Benefit": 0.07090093354127544,
        "Optimal_Threshold_Used": 0.027884964260103184,
        "Youden_J_Threshold": 0.027884964260103184,
        "F1_Score": 0.35555555555555557,
        "Sensitivity_Recall": 0.6557377049180327,
        "Specificity": 0.7262693156732892,
        "PPV_Precision": 0.24390243902439024,
        "NPV": 0.94,
        "Confusion_Matrix": {
            "TP": 40,
            "TN": 329,
            "FP": 124,
            "FN": 21
        },
        "AUC_95CI": [
            0.6968438164877127,
            0.8238429887947992
        ],
        "AUC_Text": "0.7610 (0.6968-0.8238)",
        "Brier_Score_95CI": [
            0.07077905226734055,
            0.11290798484546347
        ],
        "Brier_Score_Text": "0.0927 (0.0708-0.1129)",
        "F1_Score_95CI": [
            0.2739629103127423,
            0.44081632653061226
        ],
        "F1_Score_Text": "0.3556 (0.2740-0.4408)",
        "Sensitivity_Recall_95CI": [
            0.5322494852436513,
            0.7742049068605179
        ],
        "Sensitivity_Recall_Text": "0.6557 (0.5322-0.7742)",
        "Specificity_95CI": [
            0.6847594560343148,
            0.7675438596491229
        ],
        "Specificity_Text": "0.7263 (0.6848-0.7675)",
        "PPV_Precision_95CI": [
            0.18023255813953487,
            0.31710088691796007
        ],
        "PPV_Precision_Text": "0.2439 (0.1802-0.3171)",
        "NPV_95CI": [
            0.9152046783625731,
            0.9649148381156974
        ],
        "NPV_Text": "0.9400 (0.9152-0.9649)",
        "Net_Benefit_95CI": [
            0.04893929415998647,
            0.09680943058793066
        ],
        "Net_Benefit_Text": "0.0709 (0.0489-0.0968)",
        "Calibration_Slope_95CI": [
            0.28899288355316854,
            0.5000281509454134
        ],
        "Calibration_Slope_Text": "0.3835 (0.2890-0.5000)"
    },
    "logistic_regression": {
        "AUC": 0.8106611659971772,
        "Brier_Score": 0.17485229610276382,
        "F1_Score": 0.3861003861003861,
        "Sensitivity_Recall": 0.819672131147541,
        "Specificity": 0.673289183222958,
        "PPV_Precision": 0.25252525252525254,
        "NPV": 0.9651898734177216,
        "Net_Benefit": -0.12066993337198444,
        "Calibration_Slope": 0.8821582035795066,
        "Calibration_Intercept": -1.9580869173520672,
        "Threshold_Used": 0.43082252713185176,
        "Confusion_Matrix": {
            "TP": 50,
            "TN": 305,
            "FP": 148,
            "FN": 11
        },
        "AUC_95CI": [
            0.7521794662966538,
            0.8631149614337568
        ],
        "Brier_Score_95CI": [
            0.15675797066710226,
            0.1927757104268557
        ],
        "F1_Score_95CI": [
            0.309478021978022,
            0.4545624151967435
        ],
        "Sensitivity_Recall_95CI": [
            0.7212933944069432,
            0.9111403508771929
        ],
        "Specificity_95CI": [
            0.6296276469188675,
            0.715232159296766
        ],
        "PPV_Precision_95CI": [
            0.19288327256261767,
            0.31156296186816435
        ],
        "NPV_95CI": [
            0.9438819353633476,
            0.984178463043565
        ],
        "Net_Benefit_95CI": [
            -0.1623036585715232,
            -0.07807198326133666
        ],
        "Calibration_Slope_95CI": [
            0.6671257244854701,
            1.1635364636319632
        ]
    },
    "lr_formula": "z = -0.7181 + 1.1932 \u00d7 tear_characteristics_Tear_MedLat + 0.7155 \u00d7 tear_characteristics_Full_3.0\n    - 0.7025 \u00d7 Tear_Area_cm2 + 0.4783 \u00d7 Tear_AP_ML_Ratio + 0.4497 \u00d7 InsuranceType_5.0\n    + 0.3984 \u00d7 Aged + 0.3697 \u00d7 tear_characteristics_Full_nan + 0.3136 \u00d7 Gender_M + 0.3018 \u00d7 Pre-Op_ROM_Pre-Op_IR + 0.2575 \u00d7 tear_characteristics_Tear_AntPost\n    + ... (30 more terms)\n\nP(retear) = 1 / (1 + exp(-z))",
    "comparison": {
        "AUC_difference": -0.04961459124959278,
        "Brier_difference": -0.08214136123386835,
        "TearSense_better_AUC": false,
        "TearSense_better_Brier": true
    }
}