{
    "best_method": "xgb_meta",
    "base_models": {
        "CatBoost": {
            "auc": {
                "per_fold": [
                    0.7246025482016011,
                    0.7605540166204986,
                    0.7423257391599298,
                    0.7324891175306688,
                    0.8006105489287128
                ],
                "mean": 0.7521163940882822,
                "std": 0.027059102542970528,
                "min": 0.7246025482016011,
                "max": 0.8006105489287128
            },
            "brier": {
                "per_fold": [
                    0.09581112774489892,
                    0.09624344045893218,
                    0.09944681276258271,
                    0.09899017862383955,
                    0.09382543755242183
                ],
                "mean": 0.09686339942853504,
                "std": 0.002093707304329149,
                "min": 0.09382543755242183,
                "max": 0.09944681276258271
            },
            "f1": {
                "per_fold": [
                    0.18181818181818182,
                    0.2222222222222222,
                    0.18461538461538463,
                    0.1694915254237288,
                    0.1724137931034483
                ],
                "mean": 0.18611222143659314,
                "std": 0.018912989865181515,
                "min": 0.1694915254237288,
                "max": 0.2222222222222222
            }
        },
        "XGBoost": {
            "auc": {
                "per_fold": [
                    0.7422482805276807,
                    0.7592797783933518,
                    0.7348634744756628,
                    0.7491661484538413,
                    0.8133303182768952
                ],
                "mean": 0.7597776000254863,
                "std": 0.02795973911508505,
                "min": 0.7348634744756628,
                "max": 0.8133303182768952
            },
            "brier": {
                "per_fold": [
                    0.10049177388356965,
                    0.10442023745330348,
                    0.11804337666719891,
                    0.10572382994574035,
                    0.09923838373632052
                ],
                "mean": 0.1055835203372266,
                "std": 0.006675441169695183,
                "min": 0.09923838373632052,
                "max": 0.11804337666719891
            },
            "f1": {
                "per_fold": [
                    0.38461538461538464,
                    0.2891566265060241,
                    0.25882352941176473,
                    0.36585365853658536,
                    0.2465753424657534
                ],
                "mean": 0.3090049083071024,
                "std": 0.056139647842948275,
                "min": 0.2465753424657534,
                "max": 0.38461538461538464
            }
        },
        "LightGBM": {
            "auc": {
                "per_fold": [
                    0.7545946555417747,
                    0.7631578947368421,
                    0.7716660071230709,
                    0.7567414777545366,
                    0.8352648538639833
                ],
                "mean": 0.7762849778040415,
                "std": 0.030082218847940382,
                "min": 0.7545946555417747,
                "max": 0.8352648538639833
            },
            "brier": {
                "per_fold": [
                    0.10016345599601603,
                    0.1050818714784625,
                    0.10486888942275142,
                    0.10374166519445188,
                    0.09227751398369677
                ],
                "mean": 0.10122667921507573,
                "std": 0.004809809954937982,
                "min": 0.09227751398369677,
                "max": 0.1050818714784625
            },
            "f1": {
                "per_fold": [
                    0.33766233766233766,
                    0.37209302325581395,
                    0.3023255813953488,
                    0.3037974683544304,
                    0.22535211267605634
                ],
                "mean": 0.3082461046687974,
                "std": 0.04871960723562729,
                "min": 0.22535211267605634,
                "max": 0.37209302325581395
            }
        },
        "RandomForest": {
            "auc": {
                "per_fold": [
                    0.7483369038223024,
                    0.8007202216066482,
                    0.7707614901916445,
                    0.7575329300695348,
                    0.8247498445361524
                ],
                "mean": 0.7804202780452564,
                "std": 0.02836781258948042,
                "min": 0.7483369038223024,
                "max": 0.8247498445361524
            },
            "brier": {
                "per_fold": [
                    0.09697883896167689,
                    0.09148290647236428,
                    0.09727816188714726,
                    0.09526350329617556,
                    0.08946759420680984
                ],
                "mean": 0.09409420096483476,
                "std": 0.003100011628672575,
                "min": 0.08946759420680984,
                "max": 0.09727816188714726
            },
            "f1": {
                "per_fold": [
                    0.22950819672131148,
                    0.27692307692307694,
                    0.15625,
                    0.27692307692307694,
                    0.16666666666666666
                ],
                "mean": 0.22125420344682642,
                "std": 0.05190668741248379,
                "min": 0.15625,
                "max": 0.27692307692307694
            }
        }
    },
    "ensemble": {
        "auc": {
            "per_fold": [
                0.7575544029766602,
                0.7854570637119114,
                0.7588897054666742,
                0.7585505116173893,
                0.8373848154220137
            ],
            "mean": 0.7795672998389298,
            "std": 0.03076163308773176,
            "min": 0.7575544029766602,
            "max": 0.8373848154220137
        },
        "brier": {
            "per_fold": [
                0.09433472355115603,
                0.09147134466232225,
                0.09529754335377007,
                0.09361822711157959,
                0.0882878150536532
            ],
            "mean": 0.09260193074649622,
            "std": 0.0024976619322485765,
            "min": 0.0882878150536532,
            "max": 0.09529754335377007
        },
        "f1": {
            "per_fold": [
                0.04,
                0.10909090909090909,
                0.1111111111111111,
                0.14545454545454545,
                0.07547169811320754
            ],
            "mean": 0.09622565275395464,
            "std": 0.035784427418872986,
            "min": 0.04,
            "max": 0.14545454545454545
        }
    },
    "method_comparison": {
        "weighted_avg": {
            "auc": 0.7803324960159901,
            "brier": 0.09300082763015595,
            "score": 0.5156268113464529,
            "calibration": null
        },
        "weighted_avg+isotonic": {
            "auc": 0.7709813269229039,
            "brier": 0.09223859826620778,
            "score": 0.5129057750822335,
            "calibration": "isotonic"
        },
        "weighted_avg+platt": {
            "auc": 0.7797450233638549,
            "brier": 0.0940842842011232,
            "score": 0.5111668676022956,
            "calibration": "platt"
        },
        "logistic": {
            "auc": 0.7803525679566756,
            "brier": 0.19095612009866647,
            "score": 0.14428344317347286,
            "calibration": null
        },
        "logistic+isotonic": {
            "auc": 0.7575065949995049,
            "brier": 0.09475312511433093,
            "score": 0.49528818758482235,
            "calibration": "isotonic"
        },