{
    "best_method": "lgbm_meta",
    "base_models": {
        "CatBoost": {
            "auc": {
                "per_fold": [
                    0.7563986920735145,
                    0.7638227146814405,
                    0.7573633331448923,
                    0.7386511391260105,
                    0.8239018599129403
                ],
                "mean": 0.7680275477877596,
                "std": 0.029160070376966073,
                "min": 0.7386511391260105,
                "max": 0.8239018599129403
            },
            "brier": {
                "per_fold": [
                    0.09410954764335583,
                    0.09480729868178787,
                    0.0951857365389597,
                    0.098112523687952,
                    0.09097763860275156
                ],
                "mean": 0.09463854903096139,
                "std": 0.0022837906279885014,
                "min": 0.09097763860275156,
                "max": 0.098112523687952
            },
            "f1": {
                "per_fold": [
                    0.17543859649122806,
                    0.25,
                    0.14035087719298245,
                    0.10526315789473684,
                    0.14035087719298245
                ],
                "mean": 0.16228070175438597,
                "std": 0.049154125354813685,
                "min": 0.10526315789473684,
                "max": 0.25
            }
        },
        "XGBoost": {
            "auc": {
                "per_fold": [
                    0.7470966287067313,
                    0.7443213296398893,
                    0.7441913053309966,
                    0.7510882469331222,
                    0.8051331335858443
                ],
                "mean": 0.7583661288393168,
                "std": 0.023517244469898453,
                "min": 0.7441913053309966,
                "max": 0.8051331335858443
            },
            "brier": {
                "per_fold": [
                    0.10310524311967527,
                    0.10444948205131574,
                    0.10789918548673862,
                    0.10886795136248999,
                    0.1004416965028765
                ],
                "mean": 0.10495271170461921,
                "std": 0.003099240156359414,
                "min": 0.1004416965028765,
                "max": 0.10886795136248999
            },
            "f1": {
                "per_fold": [
                    0.35294117647058826,
                    0.4,
                    0.32941176470588235,
                    0.30952380952380953,
                    0.2597402597402597
                ],
                "mean": 0.33032340208810795,
                "std": 0.04643667975177889,
                "min": 0.2597402597402597,
                "max": 0.4
            }
        },
        "LightGBM": {
            "auc": {
                "per_fold": [
                    0.767673920396888,
                    0.7956232686980609,
                    0.7900390072926677,
                    0.7699135055684323,
                    0.8400701000621855
                ],
                "mean": 0.792663960403647,
                "std": 0.026096265083301273,
                "min": 0.767673920396888,
                "max": 0.8400701000621855
            },
            "brier": {
                "per_fold": [
                    0.10861458685177666,
                    0.10496357032397512,
                    0.10815489671196198,
                    0.10796301898708968,
                    0.09448473817056366
                ],
                "mean": 0.10483616220907344,
                "std": 0.005333590483797136,
                "min": 0.09448473817056366,
                "max": 0.10861458685177666
            },
            "f1": {
                "per_fold": [
                    0.4,
                    0.4175824175824176,
                    0.37894736842105264,
                    0.3218390804597701,
                    0.40476190476190477
                ],
                "mean": 0.384626154245029,
                "std": 0.03377094644302687,
                "min": 0.3218390804597701,
                "max": 0.4175824175824176
            }
        },
        "RandomForest": {
            "auc": {
                "per_fold": [
                    0.7454053444582253,
                    0.8011634349030471,
                    0.7722878625134264,
                    0.7626208378088077,
                    0.8157046752218894
                ],
                "mean": 0.7794364309810791,
                "std": 0.025610268622309695,
                "min": 0.7454053444582253,
                "max": 0.8157046752218894
            },
            "brier": {
                "per_fold": [
                    0.09962737383243482,
                    0.09276607476472354,
                    0.09907179946412378,
                    0.09626663044660348,
                    0.09056630818584352
                ],
                "mean": 0.09565963733874583,
                "std": 0.0035233203123130595,
                "min": 0.09056630818584352,
                "max": 0.09962737383243482
            },
            "f1": {
                "per_fold": [
                    0.26865671641791045,
                    0.2898550724637681,
                    0.2028985507246377,
                    0.2647058823529412,
                    0.24615384615384617
                ],
                "mean": 0.2544540136226207,
                "std": 0.029281089736771893,
                "min": 0.2028985507246377,
                "max": 0.2898550724637681
            }
        }
    },
    "ensemble": {
        "auc": {
            "per_fold": [
                0.7752001353027399,
                0.7966204986149584,
                0.7876081180394595,
                0.77370117021878,
                0.850415512465374
            ],
            "mean": 0.7967090869282624,
            "std": 0.028139704539731983,
            "min": 0.77370117021878,
            "max": 0.850415512465374
        },
        "brier": {
            "per_fold": [
                0.09319990709859026,
                0.09069506771543466,
                0.09282587898288538,
                0.09254444672468767,
                0.08737506965856233
            ],
            "mean": 0.09132807403603208,
            "std": 0.0021565565979506634,
            "min": 0.08737506965856233,
            "max": 0.09319990709859026
        },
        "f1": {
            "per_fold": [
                0.0,
                0.03773584905660377,
                0.07272727272727272,
                0.0,
                0.10909090909090909
            ],
            "mean": 0.043910806174957115,
            "std": 0.04236338620549028,
            "min": 0.0,
            "max": 0.10909090909090909
        }
    },
    "method_comparison": {
        "weighted_avg": {
            "auc": 0.7862972566602744,
            "brier": 0.0923296409050582,
            "score": 0.5217501838699439,
            "calibration": null
        },
        "weighted_avg+isotonic": {
            "auc": 0.7794366564928108,
            "brier": 0.09174929849336334,
            "score": 0.5198339427174108,
            "calibration": "isotonic"
        },
        "weighted_avg+platt": {
            "auc": 0.7856242515913531,
            "brier": 0.09351016209126489,
            "score": 0.5168709418844705,
            "calibration": "platt"
        },
        "logistic": {
            "auc": 0.7944137371634962,
            "brier": 0.185324974161293,
            "score": 0.17406821546716084,
            "calibration": null
        },
        "logistic+isotonic": {
            "auc": 0.7761920517876275,