{
    "Final_Model": {
        "AUC": 0.7855100785292947,
        "AUC_95CI_lower": 0.7166487331421095,
        "AUC_95CI_upper": 0.8474036358137811,
        "Brier": 0.08912731616708733,
        "Brier_95CI_lower": 0.07112555886564215,
        "Brier_95CI_upper": 0.10679550808989298,
        "Best_Method": "xgb_meta",
        "Optimal_Threshold": 0.20000000000000004
    },
    "LR_Baseline": {
        "AUC": 0.8106611659971772,
        "Brier": 0.17485229610278588,
        "F1_Score": 0.3861003861003861,
        "Sensitivity": 0.819672131147541,
        "Specificity": 0.673289183222958,
        "PPV": 0.25252525252525254,
        "NPV": 0.9651898734177216,
        "Net_Benefit": -0.12066993337211158,
        "Calibration_Slope": 0.8821582035793077,
        "Threshold": 0.4308225271319948
    },
    "TearSense_vs_LR": {
        "AUC_Improvement": -0.025151087467882527,
        "AUC_Improvement_Pct": -3.1025400651756527,
        "Brier_Improvement": 0.08572497993569855
    },
    "Individual_Assessment_Test": {
        "CatBoost": {
            "AUC": 0.7863424166757138,
            "Brier": 0.08938751590785803
        },
        "XGBoost": {
            "AUC": 0.7811674447218905,
            "Brier": 0.09425254892436147
        },
        "LightGBM": {
            "AUC": 0.773350703868563,
            "Brier": 0.09280576194392684
        },
        "RandomForest": {
            "AUC": 0.7763181703036224,
            "Brier": 0.11978399365566923
        }
    },
    "Self_Assessment_CV": {
        "CatBoost": {
            "AUC": 0.798069539111768,
            "Brier": 0.09524880830330333
        },
        "XGBoost": {
            "AUC": 0.775215264722684,
            "Brier": 0.11725269154853983
        },
        "LightGBM": {
            "AUC": 0.7753558608855459,
            "Brier": 0.10296559930851848
        },
        "RandomForest": {
            "AUC": 0.7820345484239823,
            "Brier": 0.12455946717163555
        }
    },
    "Ensemble_Weights": {
        "CatBoost": 0.35249871015548706,
        "XGBoost": 0.16589313745498657,
        "LightGBM": 0.20469562709331512,
        "RandomForest": 0.27691248059272766
    }
}