{
    "tearsense": {
        "AUC": 0.7855100785292947,
        "Brier": 0.08912731616708733
    },
    "logistic_regression": {
        "AUC": 0.8106611659971772,
        "Brier": 0.17485229610278588
    },
    "improvement": {
        "AUC_delta": -0.025151087467882527,
        "AUC_pct": -3.1025400651756527,
        "Brier_delta": -0.08572497993569855
    }
}