{
    "tearsense": {
        "AUC": 0.7821264430210254,
        "Brier": 0.08813502639532089
    },
    "logistic_regression": {
        "AUC": 0.8106611659971772,
        "Brier": 0.17485229610287223
    },
    "improvement": {
        "AUC_delta": -0.028534722976151783,
        "AUC_pct": -3.519932145886355,
        "Brier_delta": -0.08671726970755134
    }
}