{
    "evaluation_type": "end_to_end_pipeline",
    "description": "Holdout test set (n=514) evaluated through the FULL production inference pipeline. fold_models predict \u2192 average \u2192 meta-features \u2192 meta-learner \u2192 calibrate \u2192 score. These are the metrics of the actual deployed model.",
    "pipeline": "fold_ensemble \u2192 13 meta-features \u2192 xgb_meta \u2192 threshold",
    "best_method": "xgb_meta",
    "holdout_n": 514,
    "cross_check_vs_trainMeta": true,
    "final_model": {
        "AUC": 0.7804798610357182,
        "AUC_95CI": [
            0.714173067246306,
            0.8427011520968019
        ],
        "Brier": 0.08887278922431323,
        "Brier_95CI": [
            0.07114811417059322,
            0.10582948179334208
        ],
        "optimal_threshold": 0.15251421928405762,
        "clinical_metrics": {
            "sensitivity": 0.6065573770491803,
            "specificity": 0.8278145695364238,
            "ppv": 0.3217391304347826,
            "npv": 0.9398496240601504,
            "tp": 37,
            "tn": 375,
            "fp": 78,
            "fn": 24
        }
    },
    "decision_curve_analysis": {
        "thresholds": [
            0.01,
            0.02,
            0.03,
            0.04,
            0.05,
            0.060000000000000005,
            0.06999999999999999,
            0.08,
            0.09,
            0.09999999999999999,
            0.11,
            0.12,
            0.13,
            0.14,
            0.15000000000000002,
            0.16,
            0.17,
            0.18000000000000002,
            0.19,
            0.2,
            0.21000000000000002,
            0.22,
            0.23,
            0.24000000000000002,
            0.25,
            0.26,
            0.27,
            0.28,
            0.29000000000000004,
            0.3,
            0.31,
            0.32,
            0.33,
            0.34,
            0.35000000000000003,
            0.36000000000000004,
            0.37,
            0.38,
            0.39,
            0.4,
            0.41000000000000003,
            0.42000000000000004,
            0.43,
            0.44,
            0.45,
            0.46,
            0.47000000000000003,
            0.48000000000000004,
            0.49,
            0.5,
            0.51,
            0.52,
            0.53,
            0.54,
            0.55,
            0.56,
            0.5700000000000001,
            0.5800000000000001,
            0.59,
            0.6,
            0.61,
            0.62,
            0.63,
            0.64,
            0.65,
            0.66,
            0.67,
            0.68,
            0.6900000000000001,
            0.7000000000000001,
            0.7100000000000001,
            0.72,
            0.73,
            0.74,
            0.75,
            0.76,
            0.77,
            0.78,
            0.79,
            0.8,
            0.81,
            0.8200000000000001,
            0.8300000000000001,
            0.8400000000000001,
            0.85,
            0.86,
            0.87,
            0.88,
            0.89,
            0.9,
            0.91,
            0.92,
            0.93,
            0.9400000000000001,
            0.9500000000000001,
            0.9600000000000001,
            0.97,
            0.98,
            0.99
        ],
        "net_benefit_model": [
            0.10977479070864285,
            0.10069086000158818,
            0.09436800513458221,
            0.08495460440985732,
            0.08171206225680933,
            0.07570990976074177,
            0.07133592736705577,
            0.06657080020301133,
            0.05270021806986788,
            0.04604409857328145,
            0.04245179906439907,
            0.04165192783869826,
            0.04078894404937609,
            0.041896660935661925,
            0.04417486839093613,
            0.04252362423568648,
            0.0422389948900661,
            0.039005409509348,
            0.03384253254551568,
            0.0325875486381323,
            0.03083288184012215,
            0.02763643619674748,
            0.025039163171458892,
            0.02508703665779234,
            0.02529182879377432,
            0.024292775265537914,
            0.02281328287404722,
            0.0199956766104626,
            0.01685208527429166,
            0.018621456364647026,
            0.021344386172672414,
            0.020027466239414052,
            0.021749230501190542,
            0.021695554769484725,
            0.020652499251721038,
            0.026142996108949414,
            0.02748440491631153,
            0.018451110832182753,
            0.019774191490718886,
            0.01880674448767834,
            0.017938402690760403,
            0.013819938279887294,
            0.011639019728309101,
            0.007504168982768205,
            0.010081358330385568,
            0.0,
            0.0,
            0.0,
            0.0,
            0.0,
            0.0,
            0.0,
            0.0,
            0.0,
            0.0,
            0.0,
            0.0,
            0.0,
            0.0,
            0.0,
            0.0,
            0.0,
            0.0,
            0.0,
            0.0,
            0.0,
            0.0,
            0.0,
            0.0,
            0.0,
            0.0,
            0.0,
            0.0,
            0.0,
            0.0,
            0.0,
            0.0,
            0.0,
            0.0,
            0.0,
            0.0,
            0.0,
            0.0,
            0.0,
            0.0,
            0.0,
            0.0,
            0.0,
            0.0,
            0.0,
            0.0,
            0.0,
            0.0,
            0.0,
            0.0,
            0.0,
            0.0,
            0.0,
            0.0
        ],