{
    "Final_Model": {
        "AUC": 0.7804798610357182,
        "AUC_95CI_lower": 0.714173067246306,
        "AUC_95CI_upper": 0.8427011520968019,
        "Brier": 0.08887278922431323,
        "Brier_95CI_lower": 0.07114811417059322,
        "Brier_95CI_upper": 0.10582948179334208,
        "Best_Method": "xgb_meta",
        "Optimal_Threshold": 0.17000000000000004
    },
    "LR_Baseline": {
        "AUC": 0.8106611659971772,
        "Brier": 0.17485229610291242,
        "F1_Score": 0.3861003861003861,
        "Sensitivity": 0.819672131147541,
        "Specificity": 0.673289183222958,
        "PPV": 0.25252525252525254,
        "NPV": 0.9651898734177216,
        "Net_Benefit": -0.12066993337287217,
        "Calibration_Slope": 0.8821582035781299,
        "Threshold": 0.4308225271328506
    },
    "TearSense_vs_LR": {
        "AUC_Improvement": -0.030181304961458988,
        "AUC_Improvement_Pct": -3.7230480782107778,
        "Brier_Improvement": 0.08597950687859919
    },
    "Individual_Assessment_Test": {
        "CatBoost": {
            "AUC": 0.7685738066804184,
            "Brier": 0.08839752265414144
        },
        "XGBoost": {
            "AUC": 0.7795389570441139,
            "Brier": 0.09815077316557634
        },
        "LightGBM": {
            "AUC": 0.7634712119567185,
            "Brier": 0.09238701244751776
        },
        "RandomForest": {
            "AUC": 0.7756305866174502,
            "Brier": 0.09310559168940849
        }
    },
    "Self_Assessment_CV": {
        "CatBoost": {
            "AUC": 0.8013280125083198,
            "Brier": 0.09325679674279813
        },
        "XGBoost": {
            "AUC": 0.781498843274014,
            "Brier": 0.11504486611789982
        },
        "LightGBM": {
            "AUC": 0.7646297104452654,
            "Brier": 0.10668378549536416
        },
        "RandomForest": {
            "AUC": 0.7833496805612252,
            "Brier": 0.09845063053262018
        }
    },
    "Ensemble_Weights": {
        "CatBoost": 0.10672304034233093,
        "XGBoost": 0.24537217617034912,
        "LightGBM": 0.36409056186676025,
        "RandomForest": 0.2838141918182373
    }
}