{
    "tearsense": {
        "AUC": 0.7804798610357182,
        "Brier": 0.08887278922431323
    },
    "logistic_regression": {
        "AUC": 0.8106611659971772,
        "Brier": 0.17485229610291242
    },
    "improvement": {
        "AUC_delta": -0.030181304961458988,
        "AUC_pct": -3.7230480782107778,
        "Brier_delta": -0.08597950687859919
    }
}