{
    "evaluation_type": "end_to_end_pipeline",
    "description": "Holdout test set (n=514) evaluated through the FULL production inference pipeline. fold_models predict \u2192 average \u2192 meta-features \u2192 meta-learner \u2192 calibrate \u2192 score. These are the metrics of the actual deployed model.",
    "pipeline": "fold_ensemble \u2192 13 meta-features \u2192 xgb_meta \u2192 threshold",
    "best_method": "xgb_meta",
    "holdout_n": 514,
    "cross_check_vs_trainMeta": true,
    "final_model": {
        "AUC": 0.773477364021279,
        "AUC_95CI": [
            0.7015069670412337,
            0.8374372586872587
        ],
        "Brier": 0.08811753772563251,
        "Brier_95CI": [
            0.07016818251921537,
            0.10645802290048344
        ],
        "optimal_threshold": 0.12752364575862885,
        "clinical_metrics": {
            "sensitivity": 0.7213114754098361,
            "specificity": 0.6931567328918322,
            "ppv": 0.24043715846994534,
            "npv": 0.9486404833836858,
            "tp": 44,
            "tn": 314,
            "fp": 139,
            "fn": 17
        }
    },
    "decision_curve_analysis": {
        "thresholds": [
            0.01,
            0.02,
            0.03,
            0.04,
            0.05,
            0.06,
            0.07,
            0.08,
            0.09,
            0.1,
            0.11,
            0.12,
            0.13,
            0.14,
            0.15,
            0.16,
            0.17,
            0.18,
            0.19,
            0.2,
            0.21,
            0.22,
            0.23,
            0.24,
            0.25,
            0.26,
            0.27,
            0.28,
            0.29,
            0.3,
            0.31,
            0.32,
            0.33,
            0.34,
            0.35000000000000003,
            0.36,
            0.37,
            0.38,
            0.39,
            0.4,
            0.41000000000000003,
            0.42,
            0.43,
            0.44,
            0.45,
            0.46,
            0.47000000000000003,
            0.48,
            0.49,
            0.5,
            0.51,
            0.52,
            0.53,
            0.54,
            0.55,
            0.56,
            0.5700000000000001,
            0.58,
            0.59,
            0.6,
            0.61,
            0.62,
            0.63,
            0.64,
            0.65,
            0.66,
            0.67,
            0.68,
            0.6900000000000001,
            0.7000000000000001,
            0.71,
            0.72,
            0.73,
            0.74,
            0.75,
            0.76,
            0.77,
            0.78,
            0.79,
            0.8,
            0.81,
            0.8200000000000001,
            0.8300000000000001,
            0.84,
            0.85,
            0.86,
            0.87,
            0.88,
            0.89,
            0.9,
            0.91,
            0.92,
            0.93,
            0.9400000000000001,
            0.9500000000000001,
            0.96,
            0.97,
            0.98,
            0.99
        ],
        "net_benefit_model": [
            0.10977479070864285,
            0.1007305645993806,
            0.09011592923903887,
            0.08244163424124513,
            0.07864018021707966,
            0.07111515853961421,
            0.069976151625455,
            0.06259516156318728,
            0.057211271219053325,
            0.05469087764807609,
            0.050802255934945126,
            0.047753802617615845,
            0.03944720246880451,
            0.03850330286851868,
            0.03398947127489128,
            0.0339077265147304,
            0.031222164924288594,
            0.031887634051437797,
            0.03326608060719605,
            0.0311284046692607,
            0.030291089986701478,
            0.029731617280255414,
            0.03140633685380767,
            0.028261314765513006,
            0.027885862516212712,
            0.02755284467346724,
            0.027264005116998027,
            0.02431906614785992,
            0.027264755850276757,
            0.028904947192884934,
            0.024051203969999435,
            0.025177386129549097,
            0.024507811138858235,
            0.024938096922532717,
            0.022448368751870694,
            0.02188715953307393,
            0.02473596442468038,
            0.02278147357851136,
            0.020475856350066976,
            0.01815823605706874,
            0.015234452285167843,
            0.016302160203944722,
            0.015530070311966689,
            0.01528627015008338,
            0.01308807923593916,
            0.010880530335783255,
            0.002606269730563101,
            -0.0016462137084705176,
            7.629510948348227e-05,
            -0.0019455252918287938,
            0.0,
            0.0,
            0.0,
            0.0,
            0.0,
            0.0,
            0.0,
            0.0,
            0.0,
            0.0,
            0.0,
            0.0,
            0.0,
            0.0,
            0.0,
            0.0,
            0.0,
            0.0,
            0.0,
            0.0,
            0.0,
            0.0,
            0.0,
            0.0,
            0.0,
            0.0,
            0.0,
            0.0,
            0.0,
            0.0,
            0.0,
            0.0,
            0.0,
            0.0,
            0.0,
            0.0,
            0.0,
            0.0,
            0.0,
            0.0,
            0.0,
            0.0,
            0.0,
            0.0,
            0.0,
            0.0,
            0.0,
            0.0,
            0.0
        ],