{
    "Final_Model": {
        "AUC": 0.773477364021279,
        "AUC_95CI_lower": 0.7015069670412337,
        "AUC_95CI_upper": 0.8374372586872587,
        "Brier": 0.08811753772563251,
        "Brier_95CI_lower": 0.07016818251921537,
        "Brier_95CI_upper": 0.10645802290048344,
        "Best_Method": "xgb_meta",
        "Optimal_Threshold": 0.23000000000000004
    },
    "LR_Baseline": {
        "AUC": 0.8106611659971772,
        "Brier": 0.17485229610278588,
        "F1_Score": 0.3861003861003861,
        "Sensitivity": 0.819672131147541,
        "Specificity": 0.673289183222958,
        "PPV": 0.25252525252525254,
        "NPV": 0.9651898734177216,
        "Net_Benefit": -0.12066993337211158,
        "Calibration_Slope": 0.8821582035793077,
        "Threshold": 0.4308225271319948
    },
    "TearSense_vs_LR": {
        "AUC_Improvement": -0.03718380197589821,
        "AUC_Improvement_Pct": -4.586848801392775,
        "Brier_Improvement": 0.08673475837715337
    },
    "Individual_Assessment_Test": {
        "CatBoost": {
            "AUC": 0.7649187565591865,
            "Brier": 0.08916974517649266
        },
        "XGBoost": {
            "AUC": 0.7786342416675713,
            "Brier": 0.09788117670448615
        },
        "LightGBM": {
            "AUC": 0.7711070097347374,
            "Brier": 0.09296236529179068
        },
        "RandomForest": {
            "AUC": 0.7726993087974523,
            "Brier": 0.0958871145155875
        }
    },
    "Self_Assessment_CV": {
        "CatBoost": {
            "AUC": 0.8011245962703043,
            "Brier": 0.09331753579141916
        },
        "XGBoost": {
            "AUC": 0.7791565985540847,
            "Brier": 0.11134329957663294
        },
        "LightGBM": {
            "AUC": 0.7709977958646461,
            "Brier": 0.10417275068688167
        },
        "RandomForest": {
            "AUC": 0.7774590470276967,
            "Brier": 0.10055916849853433
        }
    },
    "Ensemble_Weights": {
        "CatBoost": 0.18104158341884613,
        "XGBoost": 0.1055762991309166,
        "LightGBM": 0.3045847415924072,
        "RandomForest": 0.40879738330841064
    }
}