{
    "CatBoost_Params": {
        "iterations": 1791,
        "depth": 8,
        "learning_rate": 0.12725064193796512,
        "l2_leaf_reg": 1.7886823309725028,
        "random_strength": 8.148762294155363,
        "bagging_temperature": 0.3330230024480672,
        "border_count": 49,
        "loss_function": "Focal:focal_alpha=0.23458227088183176;focal_gamma=1.002076015005482",
        "eval_metric": "AUC",
        "random_state": 42,
        "verbose": false,
        "thread_count": -1
    },
    "XGBoost_Params": {
        "n_estimators": 1216,
        "max_depth": 8,
        "learning_rate": 0.047101179279005576,
        "subsample": 0.8324304435768997,
        "colsample_bytree": 0.5326626341864419,
        "gamma": 0.4085492881182842,
        "min_child_weight": 3,
        "reg_alpha": 0.002160352575691052,
        "reg_lambda": 0.004055256835029405,
        "max_delta_step": 2.8297767866403145,
        "scale_pos_weight": 7.4941006618122445,
        "objective": "binary:logistic",
        "eval_metric": "auc",
        "random_state": 42,
        "n_jobs": -1,
        "use_label_encoder": false
    },
    "LightGBM_Params": {
        "boosting_type": "dart",
        "n_estimators": 1956,
        "num_leaves": 49,
        "learning_rate": 0.013408366755857966,
        "max_depth": 10,
        "min_child_samples": 22,
        "colsample_bytree": 0.6393724467276435,
        "reg_alpha": 0.035187560860887236,
        "reg_lambda": 1.54669183193237,
        "subsample": 0.7084697224583459,
        "subsample_freq": 7,
        "drop_rate": 0.2531734981810572,
        "skip_drop": 0.3851934208473769,
        "is_unbalance": true,
        "objective": "binary",
        "metric": "auc",
        "random_state": 42,
        "n_jobs": -1,
        "verbosity": -1
    },
    "RandomForest_Params": {
        "n_estimators": 792,
        "max_depth": 17,
        "min_samples_split": 5,
        "min_samples_leaf": 2,
        "max_features": "sqrt",
        "class_weight": "balanced",
        "max_samples": 0.7821647556966912,
        "min_impurity_decrease": 0.000259073526155921,
        "ccp_alpha": 0.0010127131827257425,
        "bootstrap": true,
        "random_state": 42,
        "n_jobs": -1
    },
    "Ensemble_Weights": {
        "Cat": 0.301497220993042,
        "XGB": 0.08171433210372925,
        "LGBM": 0.5286489725112915,
        "RF": 0.08813946694135666
    }
}