{
    "best_method": "weighted_avg",
    "base_models": {
        "CatBoost": {
            "auc": {
                "per_fold": [
                    0.7665463975645507,
                    0.7821606648199446,
                    0.7685567301712929,
                    0.7591158346995308,
                    0.8203968568036633
                ],
                "mean": 0.7793552968117965,
                "std": 0.021829303718792634,
                "min": 0.7591158346995308,
                "max": 0.8203968568036633
            },
            "brier": {
                "per_fold": [
                    0.09194518333340207,
                    0.09245382390434165,
                    0.09434990327846207,
                    0.0941171837829743,
                    0.09036556873667806
                ],
                "mean": 0.09264633260717162,
                "std": 0.0014694291375335355,
                "min": 0.09036556873667806,
                "max": 0.09434990327846207
            },
            "f1": {
                "per_fold": [
                    0.1111111111111111,
                    0.16666666666666666,
                    0.07407407407407407,
                    0.10714285714285714,
                    0.07407407407407407
                ],
                "mean": 0.1066137566137566,
                "std": 0.03389548651438511,
                "min": 0.07407407407407407,
                "max": 0.16666666666666666
            }
        },
        "XGBoost": {
            "auc": {
                "per_fold": [
                    0.7437140602097193,
                    0.7766759002770083,
                    0.7534626038781164,
                    0.7558369608231104,
                    0.8236757306800836
                ],
                "mean": 0.7706730511736076,
                "std": 0.02859515518060505,
                "min": 0.7437140602097193,
                "max": 0.8236757306800836
            },
            "brier": {
                "per_fold": [
                    0.12715015038938812,
                    0.12004489490438557,
                    0.12459018236648896,
                    0.11683532441205279,
                    0.10004486145377632
                ],
                "mean": 0.11773308270521834,
                "std": 0.00953650456058155,
                "min": 0.10004486145377632,
                "max": 0.12715015038938812
            },
            "f1": {
                "per_fold": [
                    0.3238095238095238,
                    0.3898305084745763,
                    0.33962264150943394,
                    0.3191489361702128,
                    0.41237113402061853
                ],
                "mean": 0.356956548796873,
                "std": 0.03736329391341213,
                "min": 0.3191489361702128,
                "max": 0.41237113402061853
            }
        },
        "LightGBM": {
            "auc": {
                "per_fold": [
                    0.7641785996166423,
                    0.7662049861495845,
                    0.7665780993837978,
                    0.7766973825541297,
                    0.8286505738029284
                ],
                "mean": 0.7804619283014165,
                "std": 0.02448462888403488,
                "min": 0.7641785996166423,
                "max": 0.8286505738029284
            },
            "brier": {
                "per_fold": [
                    0.09773522319038604,
                    0.09976924655433306,
                    0.10254721152382759,
                    0.09703870064560072,
                    0.0928588069597122
                ],
                "mean": 0.09798983777477191,
                "std": 0.0032010285454373393,
                "min": 0.0928588069597122,
                "max": 0.10254721152382759
            },
            "f1": {
                "per_fold": [
                    0.379746835443038,
                    0.3373493975903614,
                    0.26666666666666666,
                    0.3157894736842105,
                    0.1791044776119403
                ],
                "mean": 0.2957313701992434,
                "std": 0.06875983592982124,
                "min": 0.1791044776119403,
                "max": 0.379746835443038
            }
        },
        "RandomForest": {
            "auc": {
                "per_fold": [
                    0.7594993798624421,
                    0.7993351800554016,
                    0.7747752840748489,
                    0.7640906778223755,
                    0.8176833060093844
                ],
                "mean": 0.7830767655648906,
                "std": 0.022123417107398475,
                "min": 0.7594993798624421,
                "max": 0.8176833060093844
            },
            "brier": {
                "per_fold": [
                    0.10779859235635911,
                    0.10241951966892812,
                    0.1089895770314368,
                    0.10572107839715036,
                    0.09833408364574886
                ],
                "mean": 0.10465257021992466,
                "std": 0.0038667448957018682,
                "min": 0.09833408364574886,
                "max": 0.1089895770314368
            },
            "f1": {
                "per_fold": [
                    0.38636363636363635,
                    0.37209302325581395,
                    0.29213483146067415,
                    0.3132530120481928,
                    0.2857142857142857
                ],
                "mean": 0.32991175776852055,
                "std": 0.041530952941764024,
                "min": 0.2857142857142857,
                "max": 0.38636363636363635
            }
        }
    },
    "ensemble": {
        "auc": {
            "per_fold": [
                0.7437140602097193,
                0.7766759002770083,
                0.7534626038781164,
                0.7558369608231104,
                0.8236757306800836
            ],
            "mean": 0.7706730511736076,
            "std": 0.02859515518060505,
            "min": 0.7437140602097193,
            "max": 0.8236757306800836
        },
        "brier": {
            "per_fold": [
                0.12715015038938748,
                0.12004489490438557,
                0.12459018236648896,
                0.11683532441205279,
                0.10004486145377521
            ],
            "mean": 0.11773308270521801,
            "std": 0.009536504560581836,
            "min": 0.10004486145377521,
            "max": 0.12715015038938748
        },
        "f1": {
            "per_fold": [
                0.3238095238095238,
                0.3898305084745763,
                0.33962264150943394,
                0.3191489361702128,
                0.41237113402061853
            ],
            "mean": 0.356956548796873,
            "std": 0.03736329391341213,
            "min": 0.3191489361702128,
            "max": 0.41237113402061853
        }
    },
    "method_comparison": {
        "weighted_avg": {
            "auc": 0.7872741268940928,
            "brier": 0.0918278474387077,
            "score": 0.5242386403753015,
            "calibration": null
        },
        "weighted_avg+isotonic": {
            "auc": 0.7755764434720758,
            "brier": 0.09127906945115566,
            "score": 0.5193004863154804,
            "calibration": "isotonic"
        },
        "weighted_avg+platt": {
            "auc": 0.7872561200695063,
            "brier": 0.0933809545821434,
            "score": 0.5183398977366775,
            "calibration": "platt"
        },
        "logistic": {
            "auc": 0.7892635464372308,
            "brier": 0.1863884435107525,
            "score": 0.16694641384267533,