{
    "best_method": "weighted_avg",
    "base_models": {
        "CatBoost": {
            "auc": {
                "per_fold": [
                    0.7632202052091555,
                    0.7857063711911357,
                    0.7650517270620159,
                    0.7679348747809374,
                    0.8361693707954096
                ],
                "mean": 0.7836165098077309,
                "std": 0.02746905457193298,
                "min": 0.7632202052091555,
                "max": 0.8361693707954096
            },
            "brier": {
                "per_fold": [
                    0.092025903111615,
                    0.09367706095566142,
                    0.09495636550557414,
                    0.09274826919608738,
                    0.09041993549821253
                ],
                "mean": 0.09276550685343009,
                "std": 0.0015283853132717464,
                "min": 0.09041993549821253,
                "max": 0.09495636550557414
            },
            "f1": {
                "per_fold": [
                    0.0784313725490196,
                    0.1694915254237288,
                    0.1111111111111111,
                    0.0784313725490196,
                    0.0392156862745098
                ],
                "mean": 0.09533621358147779,
                "std": 0.04351762528532417,
                "min": 0.0392156862745098,
                "max": 0.1694915254237288
            }
        },
        "XGBoost": {
            "auc": {
                "per_fold": [
                    0.7657571315819145,
                    0.7772299168975069,
                    0.7720617332805699,
                    0.7627339024252361,
                    0.812821527502968
                ],
                "mean": 0.7781208423376391,
                "std": 0.018062465862488046,
                "min": 0.7627339024252361,
                "max": 0.812821527502968
            },
            "brier": {
                "per_fold": [
                    0.11840469630813037,
                    0.12177079942714104,
                    0.12060634904461506,
                    0.11860000096683229,
                    0.10249398383961358
                ],
                "mean": 0.11637516591726649,
                "std": 0.007053678077545208,
                "min": 0.10249398383961358,
                "max": 0.12177079942714104
            },
            "f1": {
                "per_fold": [
                    0.36893203883495146,
                    0.3652173913043478,
                    0.4247787610619469,
                    0.4,
                    0.391304347826087
                ],
                "mean": 0.3900465078054666,
                "std": 0.021768276968053186,
                "min": 0.3652173913043478,
                "max": 0.4247787610619469
            }
        },
        "LightGBM": {
            "auc": {
                "per_fold": [
                    0.7437140602097192,
                    0.7614404432132964,
                    0.7577590593023913,
                    0.7752275425405619,
                    0.824184521454011
                ],
                "mean": 0.7724651253439959,
                "std": 0.02773792574656927,
                "min": 0.7437140602097192,
                "max": 0.824184521454011
            },
            "brier": {
                "per_fold": [
                    0.11163206833286682,
                    0.11029439125234611,
                    0.11405363054307692,
                    0.10938991325519734,
                    0.09853291550028843
                ],
                "mean": 0.10878058377675512,
                "std": 0.00535935792729905,
                "min": 0.09853291550028843,
                "max": 0.11405363054307692
            },
            "f1": {
                "per_fold": [
                    0.3617021276595745,
                    0.3877551020408163,
                    0.3838383838383838,
                    0.3146067415730337,
                    0.345679012345679
                ],
                "mean": 0.3587162734914975,
                "std": 0.026828754354837774,
                "min": 0.3146067415730337,
                "max": 0.3877551020408163
            }
        },
        "RandomForest": {
            "auc": {
                "per_fold": [
                    0.7594430037208253,
                    0.7965650969529086,
                    0.7692351178698625,
                    0.7683871332466503,
                    0.8268415399400758
                ],
                "mean": 0.7840943783460645,
                "std": 0.02473072618562657,
                "min": 0.7594430037208253,
                "max": 0.8268415399400758
            },
            "brier": {
                "per_fold": [
                    0.10589438680321032,
                    0.10102965577146963,
                    0.10727820516643782,
                    0.10264449946340727,
                    0.09444015334244002
                ],
                "mean": 0.102257380109393,
                "std": 0.004498948870891269,
                "min": 0.09444015334244002,
                "max": 0.10727820516643782
            },
            "f1": {
                "per_fold": [
                    0.3614457831325301,
                    0.3764705882352941,
                    0.3132530120481928,
                    0.3,
                    0.273972602739726
                ],
                "mean": 0.3250283972311486,
                "std": 0.03832570815135619,
                "min": 0.273972602739726,
                "max": 0.3764705882352941
            }
        }
    },
    "ensemble": {
        "auc": {
            "per_fold": [
                0.7657571315819145,
                0.7772299168975069,
                0.7720617332805699,
                0.7627339024252361,
                0.812821527502968
            ],
            "mean": 0.7781208423376391,
            "std": 0.018062465862488046,
            "min": 0.7627339024252361,
            "max": 0.812821527502968
        },
        "brier": {
            "per_fold": [
                0.11840469630813016,
                0.12177079942714104,
                0.12060634904461506,
                0.11860000096682724,
                0.10249398383961358
            ],
            "mean": 0.11637516591726542,
            "std": 0.0070536780775448775,
            "min": 0.10249398383961358,
            "max": 0.12177079942714104
        },
        "f1": {
            "per_fold": [
                0.36893203883495146,
                0.3652173913043478,
                0.4247787610619469,
                0.4,
                0.391304347826087
            ],
            "mean": 0.3900465078054666,
            "std": 0.021768276968053186,
            "min": 0.3652173913043478,
            "max": 0.4247787610619469
        }
    },
    "method_comparison": {
        "weighted_avg": {
            "auc": 0.7889149987845393,
            "brier": 0.09133184778107974,
            "score": 0.527103533137794,
            "calibration": null
        },
        "weighted_avg+isotonic": {
            "auc": 0.7769168264772349,
            "brier": 0.09187969079818113,
            "score": 0.5178277182988372,
            "calibration": "isotonic"
        },
        "weighted_avg+platt": {
            "auc": 0.7883590380754307,
            "brier": 0.09300035434585344,
            "score": 0.5204445308362348,
            "calibration": "platt"
        },
        "logistic": {
            "auc": 0.7913041841091742,
            "brier": 0.18648402543957812,
            "score": 0.16780843862319617,
            "calibration": null
        },