{
    "best_method": "xgb_meta",
    "base_models": {
        "CatBoost": {
            "auc": {
                "per_fold": [
                    0.745067087608524,
                    0.7647091412742382,
                    0.7649951947538017,
                    0.7507490530838374,
                    0.8169483860026003
                ],
                "mean": 0.7684937725446004,
                "std": 0.02544837001306932,
                "min": 0.745067087608524,
                "max": 0.8169483860026003
            },
            "brier": {
                "per_fold": [
                    0.09377012782482128,
                    0.09515643131931678,
                    0.09585281747323049,
                    0.09327231826938484,
                    0.09259866867330821
                ],
                "mean": 0.09413007271201232,
                "std": 0.0012026439904239336,
                "min": 0.09259866867330821,
                "max": 0.09585281747323049
            },
            "f1": {
                "per_fold": [
                    0.14814814814814814,
                    0.21875,
                    0.1694915254237288,
                    0.10909090909090909,
                    0.037037037037037035
                ],
                "mean": 0.13650352393996462,
                "std": 0.061046411538778496,
                "min": 0.037037037037037035,
                "max": 0.21875
            }
        },
        "XGBoost": {
            "auc": {
                "per_fold": [
                    0.749802683504341,
                    0.76797783933518,
                    0.7512578438577646,
                    0.7645429362880887,
                    0.8103341059415456
                ],
                "mean": 0.768783081785384,
                "std": 0.0219659023989203,
                "min": 0.749802683504341,
                "max": 0.8103341059415456
            },
            "brier": {
                "per_fold": [
                    0.1112162275695093,
                    0.11035607821448397,
                    0.11851590614391422,
                    0.11257895926583204,
                    0.10568102490938006
                ],
                "mean": 0.11166963922062392,
                "std": 0.004135039534045807,
                "min": 0.10568102490938006,
                "max": 0.11851590614391422
            },
            "f1": {
                "per_fold": [
                    0.3541666666666667,
                    0.38461538461538464,
                    0.42201834862385323,
                    0.36363636363636365,
                    0.32941176470588235
                ],
                "mean": 0.3707697056496301,
                "std": 0.031161357427354444,
                "min": 0.32941176470588235,
                "max": 0.42201834862385323
            }
        },
        "LightGBM": {
            "auc": {
                "per_fold": [
                    0.7430375465103168,
                    0.7674238227146815,
                    0.7647690655209453,
                    0.7570806716038216,
                    0.8404658262196846
                ],
                "mean": 0.77455538651389,
                "std": 0.034028097927122865,
                "min": 0.7430375465103168,
                "max": 0.8404658262196846
            },
            "brier": {
                "per_fold": [
                    0.10119682510011539,
                    0.1085804139162951,
                    0.10777432226586434,
                    0.11305492796790668,
                    0.09238476072271323
                ],
                "mean": 0.10459824999457894,
                "std": 0.0071860904311463756,
                "min": 0.09238476072271323,
                "max": 0.11305492796790668
            },
            "f1": {
                "per_fold": [
                    0.2972972972972973,
                    0.34782608695652173,
                    0.3516483516483517,
                    0.25,
                    0.3333333333333333
                ],
                "mean": 0.3160210138471008,
                "std": 0.038183604102100935,
                "min": 0.25,
                "max": 0.3516483516483517
            }
        },
        "RandomForest": {
            "auc": {
                "per_fold": [
                    0.7501409403540421,
                    0.8041551246537396,
                    0.7774888348691277,
                    0.7557804285148964,
                    0.8182486290915257
                ],
                "mean": 0.7811627914966663,
                "std": 0.026548537776203935,
                "min": 0.7501409403540421,
                "max": 0.8182486290915257
            },
            "brier": {
                "per_fold": [
                    0.10442876437977111,
                    0.09735993652264152,
                    0.10339081364463994,
                    0.10234074436884208,
                    0.09485398085696185
                ],
                "mean": 0.10047484795457129,
                "std": 0.0037125382311746264,
                "min": 0.09485398085696185,
                "max": 0.10442876437977111
            },
            "f1": {
                "per_fold": [
                    0.3157894736842105,
                    0.32432432432432434,
                    0.26666666666666666,
                    0.3157894736842105,
                    0.23880597014925373
                ],
                "mean": 0.29227518170173317,
                "std": 0.033608760834230755,
                "min": 0.23880597014925373,
                "max": 0.32432432432432434
            }
        }
    },
    "ensemble": {
        "auc": {
            "per_fold": [
                0.7622618108016688,
                0.7982271468144041,
                0.7888518288201707,
                0.7489117530668777,
                0.8339646107750579
            ],
            "mean": 0.786443430055636,
            "std": 0.02965230672160318,
            "min": 0.7489117530668777,
            "max": 0.8339646107750579
        },
        "brier": {
            "per_fold": [
                0.09359993129502253,
                0.09092883301234164,
                0.09275015701522764,
                0.0950213712164884,
                0.09008067560135183
            ],
            "mean": 0.09247619362808641,
            "std": 0.0017859788761156773,
            "min": 0.09008067560135183,
            "max": 0.0950213712164884
        },
        "f1": {
            "per_fold": [
                0.0,
                0.038461538461538464,
                0.0784313725490196,
                0.0,
                0.07142857142857142
            ],
            "mean": 0.0376642964878259,
            "std": 0.03358515984021445,
            "min": 0.0,
            "max": 0.0784313725490196
        }
    },
    "method_comparison": {
        "weighted_avg": {
            "auc": 0.7849287379916988,
            "brier": 0.09238693001191887,
            "score": 0.5207118856306377,
            "calibration": null
        },
        "weighted_avg+isotonic": {
            "auc": 0.7713110768981444,
            "brier": 0.09280978986073976,
            "score": 0.5109381975116581,
            "calibration": "isotonic"
        },
        "weighted_avg+platt": {
            "auc": 0.7846338762390946,
            "brier": 0.094045303440199,
            "score": 0.5142479581369601,
            "calibration": "platt"
        },
        "logistic": {
            "auc": 0.781121564764318,
            "brier": 0.1864369099355851,
            "score": 0.16187748520959067,
            "calibration": null
        },
        "logistic+isotonic": {
            "auc": 0.7681823911262369,
            "brier": 0.0927148958577138,
            "score": 0.5094207358960116,
            "calibration": "isotonic"
        },
        "logistic+platt": {
            "auc": 0.7741088872682748,