{
    "CatBoost_Params": {
        "iterations": 1554,
        "depth": 8,
        "learning_rate": 0.05397463080548243,
        "l2_leaf_reg": 1.3688454077042906,
        "random_strength": 1.985462060223359,
        "bagging_temperature": 0.9454895851425542,
        "border_count": 150,
        "loss_function": "Focal:focal_alpha=0.22698675885002143;focal_gamma=1.066043223516593",
        "eval_metric": "AUC",
        "random_state": 42,
        "verbose": false,
        "thread_count": -1
    },
    "XGBoost_Params": {
        "n_estimators": 667,
        "max_depth": 10,
        "learning_rate": 0.04590001731858167,
        "subsample": 0.6017512754444118,
        "colsample_bytree": 0.842555884392368,
        "gamma": 0.7897501605933648,
        "min_child_weight": 1,
        "reg_alpha": 0.1501114070754942,
        "reg_lambda": 0.0014975089870285622,
        "max_delta_step": 8.803199436080876,
        "scale_pos_weight": 7.712786962376775,
        "objective": "binary:logistic",
        "eval_metric": "auc",
        "random_state": 42,
        "n_jobs": -1,
        "use_label_encoder": false
    },
    "LightGBM_Params": {
        "boosting_type": "dart",
        "n_estimators": 1758,
        "num_leaves": 81,
        "learning_rate": 0.02442195796668345,
        "max_depth": 10,
        "min_child_samples": 6,
        "colsample_bytree": 0.7457194937462139,
        "reg_alpha": 0.13186924833682148,
        "reg_lambda": 0.08361076491633894,
        "subsample": 0.6214652765644636,
        "subsample_freq": 7,
        "drop_rate": 0.08146742999966376,
        "skip_drop": 0.4572119073871215,
        "is_unbalance": true,
        "objective": "binary",
        "metric": "auc",
        "random_state": 42,
        "n_jobs": -1,
        "verbosity": -1
    },
    "RandomForest_Params": {
        "n_estimators": 709,
        "max_depth": 22,
        "min_samples_split": 5,
        "min_samples_leaf": 2,
        "max_features": "log2",
        "class_weight": "balanced_subsample",
        "max_samples": 0.5211284796474416,
        "min_impurity_decrease": 0.00029608898904202635,
        "ccp_alpha": 8.671567787155317e-06,
        "bootstrap": true,
        "random_state": 42,
        "n_jobs": -1
    },
    "Ensemble_Weights": {
        "Cat": 4.999966711172858e-16,
        "XGB": 0.9999999999999964,
        "LGBM": 2.3703261575747042e-15,
        "RF": 7.226858001746556e-16
    }
}