{
    "CatBoost_Params": {
        "iterations": 1447,
        "depth": 5,
        "learning_rate": 0.08621444082816555,
        "l2_leaf_reg": 1.1131197711202534,
        "random_strength": 1.1780868878293878,
        "bagging_temperature": 0.12260878210734222,
        "border_count": 90,
        "loss_function": "Focal:focal_alpha=0.19954375789934073;focal_gamma=1.563348827470691",
        "eval_metric": "AUC",
        "random_state": 42,
        "verbose": false,
        "thread_count": -1
    },
    "XGBoost_Params": {
        "n_estimators": 758,
        "max_depth": 10,
        "learning_rate": 0.12050245245240469,
        "subsample": 0.7403530501346612,
        "colsample_bytree": 0.8442778191451573,
        "gamma": 3.6394591016401243,
        "min_child_weight": 3,
        "reg_alpha": 0.0019462367973753214,
        "reg_lambda": 0.002668264517649053,
        "max_delta_step": 5.3986227820915555,
        "scale_pos_weight": 9.350052360387645,
        "objective": "binary:logistic",
        "eval_metric": "auc",
        "random_state": 42,
        "n_jobs": -1,
        "use_label_encoder": false
    },
    "LightGBM_Params": {
        "boosting_type": "dart",
        "n_estimators": 1732,
        "num_leaves": 150,
        "learning_rate": 0.022118694929924618,
        "max_depth": 7,
        "min_child_samples": 21,
        "colsample_bytree": 0.9706819363441058,
        "reg_alpha": 0.6188636229921446,
        "reg_lambda": 0.18475100089671237,
        "subsample": 0.7554952060468342,
        "subsample_freq": 4,
        "drop_rate": 0.08111648720429346,
        "skip_drop": 0.5785776605583276,
        "is_unbalance": true,
        "objective": "binary",
        "metric": "auc",
        "random_state": 42,
        "n_jobs": -1,
        "verbosity": -1
    },
    "RandomForest_Params": {
        "n_estimators": 233,
        "max_depth": 9,
        "min_samples_split": 8,
        "min_samples_leaf": 6,
        "max_features": 0.5,
        "class_weight": "balanced",
        "max_samples": 0.5204995853492764,
        "min_impurity_decrease": 0.0022519557634429793,
        "ccp_alpha": 1.1052105403694563e-05,
        "bootstrap": true,
        "random_state": 42,
        "n_jobs": -1
    },
    "Ensemble_Weights": {
        "Cat": 0.15153799951076508,
        "XGB": 0.22012197971343994,
        "LGBM": 0.37694865465164185,
        "RF": 0.25139135122299194
    }
}