{
    "CatBoost_Params": {
        "iterations": 583,
        "depth": 8,
        "learning_rate": 0.08233768232671086,
        "l2_leaf_reg": 1.6224943559230687,
        "random_strength": 4.050402890648776,
        "bagging_temperature": 0.6593836588770668,
        "border_count": 149,
        "loss_function": "Focal:focal_alpha=0.36931033622410103;focal_gamma=1.864565426336228",
        "eval_metric": "AUC",
        "random_state": 42,
        "verbose": false,
        "thread_count": -1
    },
    "XGBoost_Params": {
        "n_estimators": 1416,
        "max_depth": 5,
        "learning_rate": 0.08256206668473155,
        "subsample": 0.9069771282732461,
        "colsample_bytree": 0.9644225448299194,
        "gamma": 0.4492475890620412,
        "min_child_weight": 7,
        "reg_alpha": 0.0011934271165524588,
        "reg_lambda": 0.0032229901934267115,
        "max_delta_step": 2.6496594047678257,
        "scale_pos_weight": 18.29856230264648,
        "objective": "binary:logistic",
        "eval_metric": "auc",
        "random_state": 42,
        "n_jobs": -1,
        "use_label_encoder": false
    },
    "LightGBM_Params": {
        "boosting_type": "dart",
        "n_estimators": 1509,
        "num_leaves": 63,
        "learning_rate": 0.009090612078692498,
        "max_depth": 4,
        "min_child_samples": 12,
        "colsample_bytree": 0.7121929346639664,
        "reg_alpha": 9.815618230713936,
        "reg_lambda": 0.8932880763790454,
        "subsample": 0.5307288229530073,
        "subsample_freq": 9,
        "drop_rate": 0.17357200430628505,
        "skip_drop": 0.3269491298174418,
        "scale_pos_weight": 20.422599949405193,
        "objective": "binary",
        "metric": "auc",
        "random_state": 42,
        "n_jobs": -1,
        "verbosity": -1
    },
    "RandomForest_Params": {
        "n_estimators": 538,
        "max_depth": 22,
        "min_samples_split": 26,
        "min_samples_leaf": 14,
        "max_features": 0.3,
        "class_weight": "balanced_subsample",
        "max_samples": 0.574032135645788,
        "min_impurity_decrease": 0.0010914394519883342,
        "ccp_alpha": 0.0031528103357306636,
        "bootstrap": true,
        "random_state": 42,
        "n_jobs": -1
    },
    "Ensemble_Weights": {
        "Cat": 0.42857142857142855,
        "XGB": 0.0,
        "LGBM": 0.21428571428571427,
        "RF": 0.35714285714285715
    }
}