{
    "CatBoost_Params": {
        "iterations": 928,
        "depth": 5,
        "learning_rate": 0.06146933703751407,
        "l2_leaf_reg": 4.741979833369824,
        "random_strength": 5.50990663654409,
        "bagging_temperature": 0.1741925346935761,
        "border_count": 133,
        "loss_function": "Focal:focal_alpha=0.22696887064794843;focal_gamma=1.1843887505918038",
        "eval_metric": "AUC",
        "random_state": 42,
        "verbose": false,
        "thread_count": -1
    },
    "XGBoost_Params": {
        "n_estimators": 1419,
        "max_depth": 9,
        "learning_rate": 0.10373887456171871,
        "subsample": 0.7380200726022652,
        "colsample_bytree": 0.9262137190285569,
        "gamma": 4.031720993029483,
        "min_child_weight": 5,
        "reg_alpha": 0.011036091865656643,
        "reg_lambda": 0.01683766494255709,
        "max_delta_step": 8.447714354219045,
        "scale_pos_weight": 10.396704273386451,
        "objective": "binary:logistic",
        "eval_metric": "auc",
        "random_state": 42,
        "n_jobs": -1,
        "use_label_encoder": false
    },
    "LightGBM_Params": {
        "boosting_type": "dart",
        "n_estimators": 1447,
        "num_leaves": 59,
        "learning_rate": 0.03571481459836237,
        "max_depth": 8,
        "min_child_samples": 11,
        "colsample_bytree": 0.5168352467144641,
        "reg_alpha": 0.8002234256289813,
        "reg_lambda": 0.0010776587489414087,
        "subsample": 0.7528315277867018,
        "subsample_freq": 7,
        "drop_rate": 0.14274684550965855,
        "skip_drop": 0.5435323986103866,
        "is_unbalance": true,
        "objective": "binary",
        "metric": "auc",
        "random_state": 42,
        "n_jobs": -1,
        "verbosity": -1
    },
    "RandomForest_Params": {
        "n_estimators": 887,
        "max_depth": 23,
        "min_samples_split": 15,
        "min_samples_leaf": 2,
        "max_features": 0.7,
        "class_weight": "balanced",
        "max_samples": 0.5131943015548871,
        "min_impurity_decrease": 0.0006962861079107122,
        "ccp_alpha": 0.0004619931541710678,
        "bootstrap": true,
        "random_state": 42,
        "n_jobs": -1
    },
    "Ensemble_Weights": {
        "Cat": 2.988386448021796e-15,
        "XGB": 0.9999999999999798,
        "LGBM": 6.136374718824558e-15,
        "RF": 1.0981276651889083e-14
    }
}