{
    "best_method": "logistic+platt",
    "base_models": {
        "CatBoost": {
            "auc": {
                "per_fold": [
                    0.7793437817115796,
                    0.8026038781163435,
                    0.7895867488269546,
                    0.7631296285827349,
                    0.8404658262196846
                ],
                "mean": 0.7950259726914595,
                "std": 0.02613464358653024,
                "min": 0.7631296285827349,
                "max": 0.8404658262196846
            },
            "brier": {
                "per_fold": [
                    0.0915491352063888,
                    0.0916504303641489,
                    0.09476943292478975,
                    0.09385073694879921,
                    0.08921581428875368
                ],
                "mean": 0.09220710994657606,
                "std": 0.0019471867602180188,
                "min": 0.08921581428875368,
                "max": 0.09476943292478975
            },
            "f1": {
                "per_fold": [
                    0.0784313725490196,
                    0.1694915254237288,
                    0.07547169811320754,
                    0.0392156862745098,
                    0.038461538461538464
                ],
                "mean": 0.08021436416440084,
                "std": 0.04779178487102225,
                "min": 0.038461538461538464,
                "max": 0.1694915254237288
            }
        },
        "XGBoost": {
            "auc": {
                "per_fold": [
                    0.734017363851618,
                    0.7402216066481995,
                    0.7567414777545367,
                    0.734920006783877,
                    0.8142348352083215
                ],
                "mean": 0.7560270580493106,
                "std": 0.030227147609719177,
                "min": 0.734017363851618,
                "max": 0.8142348352083215
            },
            "brier": {
                "per_fold": [
                    0.10338848868958772,
                    0.1155679604345169,
                    0.11570791045945306,
                    0.11284180449457386,
                    0.1013264746188467
                ],
                "mean": 0.10976652773939563,
                "std": 0.006169730234973341,
                "min": 0.1013264746188467,
                "max": 0.11570791045945306
            },
            "f1": {
                "per_fold": [
                    0.34210526315789475,
                    0.32608695652173914,
                    0.27906976744186046,
                    0.275,
                    0.2028985507246377
                ],
                "mean": 0.2850321075692264,
                "std": 0.0486311824930881,
                "min": 0.2028985507246377,
                "max": 0.34210526315789475
            }
        },
        "LightGBM": {
            "auc": {
                "per_fold": [
                    0.7614161686774157,
                    0.7628254847645428,
                    0.755271637740969,
                    0.7489965515291989,
                    0.8324947707614903
                ],
                "mean": 0.7722009226947233,
                "std": 0.030543743714638888,
                "min": 0.7489965515291989,
                "max": 0.8324947707614903
            },
            "brier": {
                "per_fold": [
                    0.11001137448394208,
                    0.11248134391779603,
                    0.11673897341864592,
                    0.11177744462098874,
                    0.09673988550860305
                ],
                "mean": 0.10954980438999515,
                "std": 0.006775655319211326,
                "min": 0.09673988550860305,
                "max": 0.11673897341864592
            },
            "f1": {
                "per_fold": [
                    0.3870967741935484,
                    0.4036697247706422,
                    0.39603960396039606,
                    0.34782608695652173,
                    0.32941176470588235
                ],
                "mean": 0.37280879091739816,
                "std": 0.028995350524635345,
                "min": 0.32941176470588235,
                "max": 0.4036697247706422
            }
        },
        "RandomForest": {
            "auc": {
                "per_fold": [
                    0.7603450219866952,
                    0.8049307479224377,
                    0.7835943241562553,
                    0.7636949516648764,
                    0.8213013737350897
                ],
                "mean": 0.7867732838930708,
                "std": 0.02350766138496756,
                "min": 0.7603450219866952,
                "max": 0.8213013737350897
            },
            "brier": {
                "per_fold": [
                    0.11694522569215396,
                    0.11025518557291157,
                    0.11710456409142525,
                    0.1153256832978935,
                    0.10462839277162303
                ],
                "mean": 0.11285181028520146,
                "std": 0.004802688160025717,
                "min": 0.10462839277162303,
                "max": 0.11710456409142525
            },
            "f1": {
                "per_fold": [
                    0.4,
                    0.42,
                    0.3564356435643564,
                    0.3469387755102041,
                    0.3958333333333333
                ],
                "mean": 0.38384155048157875,
                "std": 0.027659466202089266,
                "min": 0.3469387755102041,
                "max": 0.42
            }
        }
    },
    "ensemble": {
        "auc": {
            "per_fold": [
                0.7757357086481002,
                0.8107479224376731,
                0.7954095765730115,
                0.7695743117191475,
                0.8374696138843349
            ],
            "mean": 0.7977874266524534,
            "std": 0.02461935306497126,
            "min": 0.7695743117191475,
            "max": 0.8374696138843349
        },
        "brier": {
            "per_fold": [
                0.18683271243625207,
                0.17818495493289566,
                0.18995109442491526,
                0.17671998690860916,
                0.18199707373175508
            ],
            "mean": 0.18273716448688546,
            "std": 0.0050257550738996475,
            "min": 0.17671998690860916,
            "max": 0.18995109442491526
        },
        "f1": {
            "per_fold": [
                0.35555555555555557,
                0.43333333333333335,
                0.39106145251396646,
                0.3668639053254438,
                0.41935483870967744
            ],
            "mean": 0.3932338170875953,
            "std": 0.02969855814676764,
            "min": 0.35555555555555557,
            "max": 0.43333333333333335
        }
    },
    "method_comparison": {
        "weighted_avg": {
            "auc": 0.7902294969793551,
            "brier": 0.09173383554796388,
            "score": 0.5263682681241806,
            "calibration": null
        },
        "weighted_avg+isotonic": {
            "auc": 0.7824618030233459,
            "brier": 0.09066147584045929,
            "score": 0.5257730429126711,
            "calibration": "isotonic"
        },
        "weighted_avg+platt": {
            "auc": 0.7894912171713079,
            "brier": 0.09198179440877675,
            "score": 0.5249852707378171,
            "calibration": "platt"
        },
        "logistic": {
            "auc": 0.7977874266524534,
            "brier": 0.18273716448688546,
            "score": 0.1859029978586117,
            "calibration": null
        },
        "logistic+isotonic": {
            "auc": 0.7816346145189028,
            "brier": 0.09159703002373273,
            "score": 0.5217299780235246,
            "calibration": "isotonic"
        },