{
    "best_method": "weighted_avg",
    "base_models": {
        "CatBoost": {
            "auc": {
                "per_fold": [
                    0.7710001127522833,
                    0.7587257617728531,
                    0.7752275425405619,
                    0.7622816439595228,
                    0.8289332353439991
                ],
                "mean": 0.779233659273844,
                "std": 0.02554146747657483,
                "min": 0.7587257617728531,
                "max": 0.8289332353439991
            },
            "brier": {
                "per_fold": [
                    0.0922844731170064,
                    0.09565092160882273,
                    0.09549293345569462,
                    0.09383892736755867,
                    0.09166771563818506
                ],
                "mean": 0.09378699423745349,
                "std": 0.001620867817607709,
                "min": 0.09166771563818506,
                "max": 0.09565092160882273
            },
            "f1": {
                "per_fold": [
                    0.14285714285714285,
                    0.25,
                    0.1724137931034483,
                    0.13559322033898305,
                    0.10344827586206896
                ],
                "mean": 0.16086248643232864,
                "std": 0.049675041605216505,
                "min": 0.10344827586206896,
                "max": 0.25
            }
        },
        "XGBoost": {
            "auc": {
                "per_fold": [
                    0.7740444243995941,
                    0.7626592797783933,
                    0.7538017977274013,
                    0.7589462377748883,
                    0.8322121092204194
                ],
                "mean": 0.7763327697801394,
                "std": 0.028721551582396917,
                "min": 0.7538017977274013,
                "max": 0.8322121092204194
            },
            "brier": {
                "per_fold": [
                    0.10896106372801642,
                    0.11574239473891691,
                    0.12027349018982753,
                    0.11639558961403067,
                    0.09770957044340238
                ],
                "mean": 0.11181642174283879,
                "std": 0.007938014513123091,
                "min": 0.09770957044340238,
                "max": 0.12027349018982753
            },
            "f1": {
                "per_fold": [
                    0.4117647058823529,
                    0.3888888888888889,
                    0.35294117647058826,
                    0.35294117647058826,
                    0.391304347826087
                ],
                "mean": 0.3795680591077011,
                "std": 0.023148322453966502,
                "min": 0.35294117647058826,
                "max": 0.4117647058823529
            }
        },
        "LightGBM": {
            "auc": {
                "per_fold": [
                    0.7599503889953771,
                    0.7490304709141274,
                    0.7551020408163265,
                    0.7529538131041891,
                    0.8281417830290011
                ],
                "mean": 0.7690356993718043,
                "std": 0.029762577382466585,
                "min": 0.7490304709141274,
                "max": 0.8281417830290011
            },
            "brier": {
                "per_fold": [
                    0.11318840626436606,
                    0.11350221677949293,
                    0.11986479579400347,
                    0.11055138482259262,
                    0.0970519168409144
                ],
                "mean": 0.1108317441002739,
                "std": 0.007539808278863312,
                "min": 0.0970519168409144,
                "max": 0.11986479579400347
            },
            "f1": {
                "per_fold": [
                    0.35051546391752575,
                    0.39215686274509803,
                    0.3853211009174312,
                    0.3541666666666667,
                    0.3181818181818182
                ],
                "mean": 0.36006838248570794,
                "std": 0.026638104758079536,
                "min": 0.3181818181818182,
                "max": 0.39215686274509803
            }
        },
        "RandomForest": {
            "auc": {
                "per_fold": [
                    0.7605141504115459,
                    0.7997229916897506,
                    0.7754536717734184,
                    0.7622251116513087,
                    0.8281983153372152
                ],
                "mean": 0.7852228481726478,
                "std": 0.0256592960842774,
                "min": 0.7605141504115459,
                "max": 0.8281983153372152
            },
            "brier": {
                "per_fold": [
                    0.12488511640555851,
                    0.11809838747446007,
                    0.12545701080070215,
                    0.122363964106487,
                    0.1085439374384772
                ],
                "mean": 0.11986968324513698,
                "std": 0.006229032714626246,
                "min": 0.1085439374384772,
                "max": 0.12545701080070215
            },
            "f1": {
                "per_fold": [
                    0.3697478991596639,
                    0.411214953271028,
                    0.4,
                    0.3584905660377358,
                    0.4158415841584158
                ],
                "mean": 0.3910590005253687,
                "std": 0.02287027031153836,
                "min": 0.3584905660377358,
                "max": 0.4158415841584158
            }
        }
    },
    "ensemble": {
        "auc": {
            "per_fold": [
                0.7605141504115459,
                0.7997229916897506,
                0.7754536717734184,
                0.7622251116513087,
                0.8281983153372152
            ],
            "mean": 0.7852228481726478,
            "std": 0.0256592960842774,
            "min": 0.7605141504115459,
            "max": 0.8281983153372152
        },
        "brier": {
            "per_fold": [
                0.12488511640555851,
                0.11809838747445615,
                0.12545701080070076,
                0.12236396410648662,
                0.1085439374384772
            ],
            "mean": 0.11986968324513585,
            "std": 0.006229032714626189,
            "min": 0.1085439374384772,
            "max": 0.12545701080070076
        },
        "f1": {
            "per_fold": [
                0.3697478991596639,
                0.411214953271028,
                0.4,
                0.3584905660377358,
                0.4158415841584158
            ],
            "mean": 0.3910590005253687,
            "std": 0.02287027031153836,
            "min": 0.3584905660377358,
            "max": 0.4158415841584158
        }
    },
    "method_comparison": {
        "weighted_avg": {
            "auc": 0.7917488228038427,
            "brier": 0.0917695070520577,
            "score": 0.52714463043502,
            "calibration": null
        },
        "weighted_avg+isotonic": {
            "auc": 0.7821129207969821,
            "brier": 0.09205151247614868,
            "score": 0.5202939868105689,
            "calibration": "isotonic"
        },
        "weighted_avg+platt": {
            "auc": 0.7914674661696783,
            "brier": 0.09344827972013778,
            "score": 0.5206114710578982,
            "calibration": "platt"
        },
        "logistic": {
            "auc": 0.7911482049118143,
            "brier": 0.18592616934628012,
            "score": 0.16982972283629327,
            "calibration": null
        },
        "logistic+isotonic": {
            "auc": 0.7784620371120655,
            "brier": 0.09266420770431293,
            "score": 0.5157806858462926,
            "calibration": "isotonic"
        },
        "logistic+platt": {
            "auc": 0.7859033573724442,