{
    "tearsense": {
        "model_serial": "03022026_143635_80027",
        "holdout_n": 514,
        "inference_verified": true,
        "stored_AUC": 0.7811131617992979,
        "stored_Brier": 0.08677062890871148,
        "stored_threshold": 0.17000000000000004,
        "AUC": 0.7811131617992979,
        "Brier_Score": 0.08677062392234802,
        "Calibration_Slope": 1.1403202201644607,
        "Calibration_Intercept": 0.2574211173422729,
        "Net_Benefit": 0.03881483851581473,
        "Optimal_Threshold_Used": 0.1769467294216156,
        "Youden_J_Threshold": 0.1769467294216156,
        "F1_Score": 0.42168674698795183,
        "Sensitivity_Recall": 0.5737704918032787,
        "Specificity": 0.8454746136865342,
        "PPV_Precision": 0.3333333333333333,
        "NPV": 0.9364303178484108,
        "Confusion_Matrix": {
            "TP": 35,
            "TN": 383,
            "FP": 70,
            "FN": 26
        },
        "AUC_95CI": [
            0.7146464848819389,
            0.8443161151977041
        ],
        "AUC_Text": "0.7811 (0.7146-0.8443)",
        "Brier_Score_95CI": [
            0.06867389604449273,
            0.10397520400583744
        ],
        "Brier_Score_Text": "0.0868 (0.0687-0.1040)",
        "F1_Score_95CI": [
            0.3195245726495727,
            0.5133689839572193
        ],
        "F1_Score_Text": "0.4217 (0.3195-0.5134)",
        "Sensitivity_Recall_95CI": [
            0.4489619985925405,
            0.6949152542372882
        ],
        "Sensitivity_Recall_Text": "0.5738 (0.4490-0.6949)",
        "Specificity_95CI": [
            0.8115236808057293,
            0.8781243357053923
        ],
        "Specificity_Text": "0.8455 (0.8115-0.8781)",
        "PPV_Precision_95CI": [
            0.2448502765592218,
            0.42592995169082126
        ],
        "PPV_Precision_Text": "0.3333 (0.2449-0.4259)",
        "NPV_95CI": [
            0.9133440066015424,
            0.9603984842928737
        ],
        "NPV_Text": "0.9364 (0.9133-0.9604)",
        "Net_Benefit_95CI": [
            0.01600665433786357,
            0.06384149180270196
        ],
        "Net_Benefit_Text": "0.0388 (0.0160-0.0638)",
        "Calibration_Slope_95CI": [
            0.8502965105527864,
            1.5041778070463239
        ],
        "Calibration_Slope_Text": "1.1403 (0.8503-1.5042)"
    },
    "logistic_regression": "Not available (no training data)",
    "lr_formula": null
}