{
    "tearsense": {
        "model_serial": "04022026_212408_85918",
        "holdout_n": 514,
        "inference_verified": true,
        "stored_AUC": 0.7899431838743531,
        "stored_Brier": 0.08779248746292645,
        "stored_threshold": 0.2,
        "AUC": 0.7899431838743531,
        "Brier_Score": 0.08779248746292645,
        "Calibration_Slope": 1.337561964831617,
        "Calibration_Intercept": 0.543306756758216,
        "Net_Benefit": 0.05576249612664428,
        "Optimal_Threshold_Used": 0.1136624244749032,
        "Youden_J_Threshold": 0.1136624244749032,
        "F1_Score": 0.3745019920318725,
        "Sensitivity_Recall": 0.7704918032786885,
        "Specificity": 0.6843267108167771,
        "PPV_Precision": 0.24736842105263157,
        "NPV": 0.9567901234567902,
        "Confusion_Matrix": {
            "TP": 47,
            "TN": 310,
            "FP": 143,
            "FN": 14
        },
        "AUC_95CI": [
            0.7247005208333334,
            0.8539077290274639
        ],
        "AUC_Text": "0.7899 (0.7247-0.8539)",
        "Brier_Score_95CI": [
            0.06953583627301055,
            0.10530244498733768
        ],
        "Brier_Score_Text": "0.0878 (0.0695-0.1053)",
        "F1_Score_95CI": [
            0.29596412556053814,
            0.44767882390083863
        ],
        "F1_Score_Text": "0.3745 (0.2960-0.4477)",
        "Sensitivity_Recall_95CI": [
            0.6599893617021277,
            0.8775634644101543
        ],
        "Sensitivity_Recall_Text": "0.7705 (0.6600-0.8776)",
        "Specificity_95CI": [
            0.6436405423702206,
            0.7311260162601626
        ],
        "Specificity_Text": "0.6843 (0.6436-0.7311)",
        "PPV_Precision_95CI": [
            0.18873448502207898,
            0.30883774780630485
        ],
        "PPV_Precision_Text": "0.2474 (0.1887-0.3088)",
        "NPV_95CI": [
            0.933933286735011,
            0.9785932721712538
        ],
        "NPV_Text": "0.9568 (0.9339-0.9786)",
        "Net_Benefit_95CI": [
            0.030911750170501823,
            0.0823192309818953
        ],
        "Net_Benefit_Text": "0.0558 (0.0309-0.0823)",
        "Calibration_Slope_95CI": [
            0.9928002633500246,
            1.7487054229950822
        ],
        "Calibration_Slope_Text": "1.3376 (0.9928-1.7487)"
    },
    "logistic_regression": "Not available (no training data)",
    "lr_formula": null
}