{
    "tearsense": {
        "model_serial": "04022026_172122_32397",
        "holdout_n": 514,
        "inference_verified": true,
        "stored_AUC": 0.7817464625628777,
        "stored_Brier": 0.08789682044810665,
        "stored_threshold": 0.32000000000000006,
        "AUC": 0.7817464625628777,
        "Brier_Score": 0.08789681643247604,
        "Calibration_Slope": 1.1096117893039568,
        "Calibration_Intercept": 0.2120486022301556,
        "Net_Benefit": 0.05193589970392768,
        "Optimal_Threshold_Used": 0.11789128184318542,
        "Youden_J_Threshold": 0.11789128184318542,
        "F1_Score": 0.3805309734513274,
        "Sensitivity_Recall": 0.7049180327868853,
        "Specificity": 0.7306843267108167,
        "PPV_Precision": 0.2606060606060606,
        "NPV": 0.9484240687679083,
        "Confusion_Matrix": {
            "TP": 43,
            "TN": 331,
            "FP": 122,
            "FN": 18
        },
        "AUC_95CI": [
            0.7129654047420247,
            0.8475560869310871
        ],
        "AUC_Text": "0.7817 (0.7130-0.8476)",
        "Brier_Score_95CI": [
            0.06963185537606478,
            0.1057984359562397
        ],
        "Brier_Score_Text": "0.0879 (0.0696-0.1058)",
        "F1_Score_95CI": [
            0.29521754894851343,
            0.4603277814574885
        ],
        "F1_Score_Text": "0.3805 (0.2952-0.4603)",
        "Sensitivity_Recall_95CI": [
            0.5846153846153846,
            0.8142989417989418
        ],
        "Sensitivity_Recall_Text": "0.7049 (0.5846-0.8143)",
        "Specificity_95CI": [
            0.6863537659445232,
            0.7731277533039648
        ],
        "Specificity_Text": "0.7307 (0.6864-0.7731)",
        "PPV_Precision_95CI": [
            0.19391018619934283,
            0.331217229123412
        ],
        "PPV_Precision_Text": "0.2606 (0.1939-0.3312)",
        "NPV_95CI": [
            0.9260248604769152,
            0.9705882352941176
        ],
        "NPV_Text": "0.9484 (0.9260-0.9706)",
        "Net_Benefit_95CI": [
            0.02739522551523317,
            0.07826801276032867
        ],
        "Net_Benefit_Text": "0.0519 (0.0274-0.0783)",
        "Calibration_Slope_95CI": [
            0.806006932699401,
            1.4878476697510405
        ],
        "Calibration_Slope_Text": "1.1096 (0.8060-1.4878)"
    },
    "logistic_regression": "Not available (no training data)",
    "lr_formula": null
}