{
    "tearsense": {
        "model_serial": "04022026_204239_32202",
        "holdout_n": 514,
        "inference_verified": true,
        "stored_AUC": 0.7819816885607788,
        "stored_Brier": 0.0887225247551331,
        "stored_threshold": 0.18000000000000005,
        "AUC": 0.7819816885607788,
        "Brier_Score": 0.08872252475513309,
        "Calibration_Slope": 1.1022921255029436,
        "Calibration_Intercept": 0.14030737505725008,
        "Net_Benefit": 0.03500772111307387,
        "Optimal_Threshold_Used": 0.2027676808845647,
        "Youden_J_Threshold": 0.2027676808845647,
        "F1_Score": 0.43137254901960786,
        "Sensitivity_Recall": 0.5409836065573771,
        "Specificity": 0.869757174392936,
        "PPV_Precision": 0.358695652173913,
        "NPV": 0.933649289099526,
        "Confusion_Matrix": {
            "TP": 33,
            "TN": 394,
            "FP": 59,
            "FN": 28
        },
        "AUC_95CI": [
            0.7166762396537328,
            0.8429332107843138
        ],
        "AUC_Text": "0.7820 (0.7167-0.8429)",
        "Brier_Score_95CI": [
            0.07062060755921985,
            0.10577998020990009
        ],
        "Brier_Score_Text": "0.0887 (0.0706-0.1058)",
        "F1_Score_95CI": [
            0.3287671232876712,
            0.5227688470066518
        ],
        "F1_Score_Text": "0.4314 (0.3288-0.5228)",
        "Sensitivity_Recall_95CI": [
            0.4150618087182824,
            0.6666666666666666
        ],
        "Sensitivity_Recall_Text": "0.5410 (0.4151-0.6667)",
        "Specificity_95CI": [
            0.8380552931739108,
            0.8974400871459696
        ],
        "Specificity_Text": "0.8698 (0.8381-0.8974)",
        "PPV_Precision_95CI": [
            0.2646223262032086,
            0.4574468085106383
        ],
        "PPV_Precision_Text": "0.3587 (0.2646-0.4574)",
        "NPV_95CI": [
            0.9114817200343517,
            0.9571479350033852
        ],
        "NPV_Text": "0.9336 (0.9115-0.9571)",
        "Net_Benefit_95CI": [
            0.013176282970754022,
            0.058422409958217576
        ],
        "Net_Benefit_Text": "0.0350 (0.0132-0.0584)",
        "Calibration_Slope_95CI": [
            0.7928389815654283,
            1.488013520125435
        ],
        "Calibration_Slope_Text": "1.1023 (0.7928-1.4880)"
    },
    "logistic_regression": "Not available (no training data)",
    "lr_formula": null
}