{
    "tearsense": {
        "model_serial": "04022026_202705_98673",
        "holdout_n": 514,
        "inference_verified": true,
        "stored_AUC": 0.7700213512828864,
        "stored_Brier": 0.0902522850277703,
        "stored_threshold": 0.2,
        "AUC": 0.7700213512828864,
        "Brier_Score": 0.09025228502292752,
        "Calibration_Slope": 1.1843998184827975,
        "Calibration_Intercept": 0.29841059247393326,
        "Net_Benefit": 0.032876369121798074,
        "Optimal_Threshold_Used": 0.20101417539233743,
        "Youden_J_Threshold": 0.20101417539233743,
        "F1_Score": 0.4177215189873418,
        "Sensitivity_Recall": 0.5409836065573771,
        "Specificity": 0.8587196467991169,
        "PPV_Precision": 0.3402061855670103,
        "NPV": 0.9328537170263789,
        "Confusion_Matrix": {
            "TP": 33,
            "TN": 389,
            "FP": 64,
            "FN": 28
        },
        "AUC_95CI": [
            0.7002091515834934,
            0.8361823960094434
        ],
        "AUC_Text": "0.7700 (0.7002-0.8362)",
        "Brier_Score_95CI": [
            0.07208535764975396,
            0.10818382548839672
        ],
        "Brier_Score_Text": "0.0903 (0.0721-0.1082)",
        "F1_Score_95CI": [
            0.3136948529411765,
            0.5100871753720455
        ],
        "F1_Score_Text": "0.4177 (0.3137-0.5101)",
        "Sensitivity_Recall_95CI": [
            0.4107142857142857,
            0.666810344827586
        ],
        "Sensitivity_Recall_Text": "0.5410 (0.4107-0.6668)",
        "Specificity_95CI": [
            0.8269979735731734,
            0.8911350954478707
        ],
        "Specificity_Text": "0.8587 (0.8270-0.8911)",
        "PPV_Precision_95CI": [
            0.24731182795698925,
            0.4356720154774098
        ],
        "PPV_Precision_Text": "0.3402 (0.2473-0.4357)",
        "NPV_95CI": [
            0.9090909090909091,
            0.9559902200488998
        ],
        "NPV_Text": "0.9329 (0.9091-0.9560)",
        "Net_Benefit_95CI": [
            0.010483998248271996,
            0.056700410659981805
        ],
        "Net_Benefit_Text": "0.0329 (0.0105-0.0567)",
        "Calibration_Slope_95CI": [
            0.8426018519736924,
            1.582214576950536
        ],
        "Calibration_Slope_Text": "1.1844 (0.8426-1.5822)"
    },
    "logistic_regression": "Not available (no training data)",
    "lr_formula": null
}