{
    "tearsense": {
        "model_serial": "04022026_211051_25330",
        "holdout_n": 514,
        "inference_verified": true,
        "stored_AUC": 0.7857633988347265,
        "stored_Brier": 0.10010433518210686,
        "stored_threshold": 0.49000000000000005,
        "AUC": 0.7857633988347265,
        "Brier_Score": 0.10010433509199292,
        "Calibration_Slope": 0.6937124899721958,
        "Calibration_Intercept": -1.017399691178142,
        "Net_Benefit": 0.05680355918451279,
        "Optimal_Threshold_Used": 0.10615761280059646,
        "Youden_J_Threshold": 0.10615761280059646,
        "F1_Score": 0.34098360655737703,
        "Sensitivity_Recall": 0.8524590163934426,
        "Specificity": 0.5761589403973509,
        "PPV_Precision": 0.21311475409836064,
        "NPV": 0.9666666666666667,
        "Confusion_Matrix": {
            "TP": 52,
            "TN": 261,
            "FP": 192,
            "FN": 9
        },
        "AUC_95CI": [
            0.7214103317693216,
            0.844864964526259
        ],
        "AUC_Text": "0.7858 (0.7214-0.8449)",
        "Brier_Score_95CI": [
            0.08288871258889657,
            0.1171874592498928
        ],
        "Brier_Score_Text": "0.1001 (0.0829-0.1172)",
        "F1_Score_95CI": [
            0.2726747674767477,
            0.4104389400691433
        ],
        "F1_Score_Text": "0.3410 (0.2727-0.4104)",
        "Sensitivity_Recall_95CI": [
            0.7611859182349123,
            0.9375240384615384
        ],
        "Sensitivity_Recall_Text": "0.8525 (0.7612-0.9375)",
        "Specificity_95CI": [
            0.5339131543694551,
            0.6214442013129103
        ],
        "Specificity_Text": "0.5762 (0.5339-0.6214)",
        "PPV_Precision_95CI": [
            0.1627779477764178,
            0.268090295796575
        ],
        "PPV_Precision_Text": "0.2131 (0.1628-0.2681)",
        "NPV_95CI": [
            0.9444444444444444,
            0.9862578020899082
        ],
        "NPV_Text": "0.9667 (0.9444-0.9863)",
        "Net_Benefit_95CI": [
            0.030117160598832564,
            0.08557285947650739
        ],
        "Net_Benefit_Text": "0.0568 (0.0301-0.0856)",
        "Calibration_Slope_95CI": [
            0.5265691881443011,
            0.8983702956616537
        ],
        "Calibration_Slope_Text": "0.6937 (0.5266-0.8984)"
    },
    "logistic_regression": "Not available (no training data)",
    "lr_formula": null
}