{
    "tearsense": {
        "model_serial": "04022026_150109_88076",
        "holdout_n": 514,
        "inference_verified": true,
        "stored_AUC": 0.7736040241739949,
        "stored_Brier": 0.09350455100145724,
        "stored_threshold": 0.4100000000000001,
        "AUC": 0.7736040241739949,
        "Brier_Score": 0.09350455132765191,
        "Calibration_Slope": 0.5519503451385909,
        "Calibration_Intercept": -0.7901812090467805,
        "Net_Benefit": 0.05835628503015438,
        "Optimal_Threshold_Used": 0.09704773821696341,
        "Youden_J_Threshold": 0.09704773821696341,
        "F1_Score": 0.38222222222222224,
        "Sensitivity_Recall": 0.7049180327868853,
        "Specificity": 0.7328918322295805,
        "PPV_Precision": 0.2621951219512195,
        "NPV": 0.9485714285714286,
        "Confusion_Matrix": {
            "TP": 43,
            "TN": 332,
            "FP": 121,
            "FN": 18
        },
        "AUC_95CI": [
            0.7070792840388319,
            0.8370052442051339
        ],
        "AUC_Text": "0.7736 (0.7071-0.8370)",
        "Brier_Score_95CI": [
            0.07315578129301525,
            0.11222416914261771
        ],
        "Brier_Score_Text": "0.0935 (0.0732-0.1122)",
        "F1_Score_95CI": [
            0.2986326109391125,
            0.4661158192090395
        ],
        "F1_Score_Text": "0.3822 (0.2986-0.4661)",
        "Sensitivity_Recall_95CI": [
            0.5882352941176471,
            0.8142989417989418
        ],
        "Sensitivity_Recall_Text": "0.7049 (0.5882-0.8143)",
        "Specificity_95CI": [
            0.6923034934497816,
            0.7737556561085973
        ],
        "Specificity_Text": "0.7329 (0.6923-0.7738)",
        "PPV_Precision_95CI": [
            0.1966267779437553,
            0.33338414634146335
        ],
        "PPV_Precision_Text": "0.2622 (0.1966-0.3334)",
        "NPV_95CI": [
            0.9260195694716242,
            0.9714326298701299
        ],
        "NPV_Text": "0.9486 (0.9260-0.9714)",
        "Net_Benefit_95CI": [
            0.03459177818079591,
            0.08534237871329901
        ],
        "Net_Benefit_Text": "0.0584 (0.0346-0.0853)",
        "Calibration_Slope_95CI": [
            0.41816338257233526,
            0.7229573858829227
        ],
        "Calibration_Slope_Text": "0.5520 (0.4182-0.7230)"
    },
    "logistic_regression": "Not available (no training data)",
    "lr_formula": null
}