{
    "tearsense": {
        "model_serial": "04022026_204912_34176",
        "holdout_n": 514,
        "inference_verified": true,
        "stored_AUC": 0.7845691745376905,
        "stored_Brier": 0.0883027610249969,
        "stored_threshold": 0.17000000000000004,
        "AUC": 0.7845691745376905,
        "Brier_Score": 0.08830276102499691,
        "Calibration_Slope": 1.1635386381300095,
        "Calibration_Intercept": 0.2946878464180529,
        "Net_Benefit": 0.056160385520161,
        "Optimal_Threshold_Used": 0.11054284360854136,
        "Youden_J_Threshold": 0.11054284360854136,
        "F1_Score": 0.3602941176470588,
        "Sensitivity_Recall": 0.8032786885245902,
        "Specificity": 0.6423841059602649,
        "PPV_Precision": 0.23222748815165878,
        "NPV": 0.9603960396039604,
        "Confusion_Matrix": {
            "TP": 49,
            "TN": 291,
            "FP": 162,
            "FN": 12
        },
        "AUC_95CI": [
            0.7206365214646464,
            0.8450173294137432
        ],
        "AUC_Text": "0.7846 (0.7206-0.8450)",
        "Brier_Score_95CI": [
            0.06988716156985028,
            0.10599372963500764
        ],
        "Brier_Score_Text": "0.0883 (0.0699-0.1060)",
        "F1_Score_95CI": [
            0.2879091109316496,
            0.43166470308074095
        ],
        "F1_Score_Text": "0.3603 (0.2879-0.4317)",
        "Sensitivity_Recall_95CI": [
            0.6964285714285714,
            0.9038915094339622
        ],
        "Sensitivity_Recall_Text": "0.8033 (0.6964-0.9039)",
        "Specificity_95CI": [
            0.5995404094207072,
            0.6876460129000057
        ],
        "Specificity_Text": "0.6424 (0.5995-0.6876)",
        "PPV_Precision_95CI": [
            0.17787298387096775,
            0.2876728482812096
        ],
        "PPV_Precision_Text": "0.2322 (0.1779-0.2877)",
        "NPV_95CI": [
            0.9379031519149716,
            0.9830537008503111
        ],
        "NPV_Text": "0.9604 (0.9379-0.9831)",
        "Net_Benefit_95CI": [
            0.03112035341463231,
            0.08339203823818256
        ],
        "Net_Benefit_Text": "0.0562 (0.0311-0.0834)",
        "Calibration_Slope_95CI": [
            0.8678180176750802,
            1.527733419464823
        ],
        "Calibration_Slope_Text": "1.1635 (0.8678-1.5277)"
    },
    "logistic_regression": "Not available (no training data)",
    "lr_formula": null
}