{
    "tearsense": {
        "model_serial": "05022026_232336_54319",
        "holdout_n": 514,
        "inference_verified": true,
        "stored_AUC": 0.7804798610357182,
        "stored_Brier": 0.08887278922431323,
        "stored_threshold": 0.17000000000000004,
        "AUC": 0.7804798610357182,
        "Brier_Score": 0.08887278288602829,
        "Calibration_Slope": 1.1013836463726272,
        "Calibration_Intercept": 0.16107040526398766,
        "Net_Benefit": 0.044675209303104715,
        "Optimal_Threshold_Used": 0.15251421928405762,
        "Youden_J_Threshold": 0.15251421928405762,
        "F1_Score": 0.42045454545454547,
        "Sensitivity_Recall": 0.6065573770491803,
        "Specificity": 0.8278145695364238,
        "PPV_Precision": 0.3217391304347826,
        "NPV": 0.9398496240601504,
        "Confusion_Matrix": {
            "TP": 37,
            "TN": 375,
            "FP": 78,
            "FN": 24
        },
        "AUC_95CI": [
            0.714173067246306,
            0.8427011520968019
        ],
        "AUC_Text": "0.7805 (0.7142-0.8427)",
        "Brier_Score_95CI": [
            0.07114811073988676,
            0.10582948587834835
        ],
        "Brier_Score_Text": "0.0889 (0.0711-0.1058)",
        "F1_Score_95CI": [
            0.3246753246753247,
            0.5119486729117876
        ],
        "F1_Score_Text": "0.4205 (0.3247-0.5119)",
        "Sensitivity_Recall_95CI": [
            0.47692307692307695,
            0.7292410714285713
        ],
        "Sensitivity_Recall_Text": "0.6066 (0.4769-0.7292)",
        "Specificity_95CI": [
            0.7911086142322097,
            0.8618516081871345
        ],
        "Specificity_Text": "0.8278 (0.7911-0.8619)",
        "PPV_Precision_95CI": [
            0.23654138770541694,
            0.41122869708631116
        ],
        "PPV_Precision_Text": "0.3217 (0.2365-0.4112)",
        "NPV_95CI": [
            0.9158641581632653,
            0.962873579024569
        ],
        "NPV_Text": "0.9398 (0.9159-0.9629)",
        "Net_Benefit_95CI": [
            0.021908834004521777,
            0.0701270958816478
        ],
        "Net_Benefit_Text": "0.0447 (0.0219-0.0701)",
        "Calibration_Slope_95CI": [
            0.8147208610319857,
            1.4437107205338453
        ],
        "Calibration_Slope_Text": "1.1014 (0.8147-1.4437)"
    },
    "logistic_regression": {
        "AUC": 0.8106611659971772,
        "Brier_Score": 0.17485229610276382,
        "F1_Score": 0.3861003861003861,
        "Sensitivity_Recall": 0.819672131147541,
        "Specificity": 0.673289183222958,
        "PPV_Precision": 0.25252525252525254,
        "NPV": 0.9651898734177216,
        "Net_Benefit": -0.12066993337198444,
        "Calibration_Slope": 0.8821582035795066,
        "Calibration_Intercept": -1.9580869173520672,
        "Threshold_Used": 0.43082252713185176,
        "Confusion_Matrix": {
            "TP": 50,
            "TN": 305,
            "FP": 148,
            "FN": 11
        },
        "AUC_95CI": [
            0.7521794662966538,
            0.8631149614337568
        ],
        "Brier_Score_95CI": [
            0.15675797066710226,
            0.1927757104268557
        ],
        "F1_Score_95CI": [
            0.309478021978022,
            0.4545624151967435
        ],
        "Sensitivity_Recall_95CI": [
            0.7212933944069432,
            0.9111403508771929
        ],
        "Specificity_95CI": [
            0.6296276469188675,
            0.715232159296766
        ],
        "PPV_Precision_95CI": [
            0.19288327256261767,
            0.31156296186816435
        ],
        "NPV_95CI": [
            0.9438819353633476,
            0.984178463043565
        ],
        "Net_Benefit_95CI": [
            -0.1623036585715232,
            -0.07807198326133666
        ],
        "Calibration_Slope_95CI": [
            0.6671257244854701,
            1.1635364636319632
        ]
    },
    "lr_formula": "z = -0.7181 + 1.1932 \u00d7 tear_characteristics_Tear_MedLat + 0.7155 \u00d7 tear_characteristics_Full_3.0\n    - 0.7025 \u00d7 Tear_Area_cm2 + 0.4783 \u00d7 Tear_AP_ML_Ratio + 0.4497 \u00d7 InsuranceType_5.0\n    + 0.3984 \u00d7 Aged + 0.3697 \u00d7 tear_characteristics_Full_nan + 0.3136 \u00d7 Gender_M + 0.3018 \u00d7 Pre-Op_ROM_Pre-Op_IR + 0.2575 \u00d7 tear_characteristics_Tear_AntPost\n    + ... (30 more terms)\n\nP(retear) = 1 / (1 + exp(-z))",
    "comparison": {
        "AUC_difference": -0.030181304961458988,
        "Brier_difference": -0.08597951321673553,
        "TearSense_better_AUC": false,
        "TearSense_better_Brier": true
    }
}