{
    "tearsense": {
        "model_serial": "05022026_111810_43971",
        "holdout_n": 514,
        "inference_verified": true,
        "stored_AUC": 0.7668729417725184,
        "stored_Brier": 0.08918948144355171,
        "stored_threshold": 0.16000000000000003,
        "AUC": 0.7668729417725184,
        "Brier_Score": 0.08918948144355171,
        "Calibration_Slope": 1.081664179353014,
        "Calibration_Intercept": 0.16596360418926887,
        "Net_Benefit": 0.04377163303824889,
        "Optimal_Threshold_Used": 0.16365035975335804,
        "Youden_J_Threshold": 0.16365035975335804,
        "F1_Score": 0.43373493975903615,
        "Sensitivity_Recall": 0.5901639344262295,
        "Specificity": 0.847682119205298,
        "PPV_Precision": 0.34285714285714286,
        "NPV": 0.9388753056234719,
        "Confusion_Matrix": {
            "TP": 36,
            "TN": 384,
            "FP": 69,
            "FN": 25
        },
        "AUC_95CI": [
            0.6979872506435006,
            0.832848127769705
        ],
        "AUC_Text": "0.7669 (0.6980-0.8328)",
        "Brier_Score_95CI": [
            0.07090557971282878,
            0.10740538011767212
        ],
        "Brier_Score_Text": "0.0892 (0.0709-0.1074)",
        "F1_Score_95CI": [
            0.3308935778206703,
            0.5263157894736842
        ],
        "F1_Score_Text": "0.4337 (0.3309-0.5263)",
        "Sensitivity_Recall_95CI": [
            0.4603095238095238,
            0.7175120772946858
        ],
        "Sensitivity_Recall_Text": "0.5902 (0.4603-0.7175)",
        "Specificity_95CI": [
            0.8145554074224355,
            0.87921702754411
        ],
        "Specificity_Text": "0.8477 (0.8146-0.8792)",
        "PPV_Precision_95CI": [
            0.2477042376583661,
            0.4380574950128241
        ],
        "PPV_Precision_Text": "0.3429 (0.2477-0.4381)",
        "NPV_95CI": [
            0.9168764203408202,
            0.962873579024569
        ],
        "NPV_Text": "0.9389 (0.9169-0.9629)",
        "Net_Benefit_95CI": [
            0.020086743743994093,
            0.06821894517859253
        ],
        "Net_Benefit_Text": "0.0438 (0.0201-0.0682)",
        "Calibration_Slope_95CI": [
            0.7746339221912105,
            1.4418383455606043
        ],
        "Calibration_Slope_Text": "1.0817 (0.7746-1.4418)"
    },
    "logistic_regression": "Not available (no training data)",
    "lr_formula": null
}