{
    "tearsense": {
        "model_serial": "05022026_132638_82531",
        "holdout_n": 514,
        "inference_verified": true,
        "stored_AUC": 0.783881590851518,
        "stored_Brier": 0.08807643801065815,
        "stored_threshold": 0.19,
        "AUC": 0.783881590851518,
        "Brier_Score": 0.08807644248008728,
        "Calibration_Slope": 1.1052211399934857,
        "Calibration_Intercept": 0.20010356252842199,
        "Net_Benefit": 0.047693761776656234,
        "Optimal_Threshold_Used": 0.12626172602176666,
        "Youden_J_Threshold": 0.12626172602176666,
        "F1_Score": 0.375,
        "Sensitivity_Recall": 0.6885245901639344,
        "Specificity": 0.7328918322295805,
        "PPV_Precision": 0.25766871165644173,
        "NPV": 0.9458689458689459,
        "Confusion_Matrix": {
            "TP": 42,
            "TN": 332,
            "FP": 121,
            "FN": 19
        },
        "AUC_95CI": [
            0.7194921923332713,
            0.8440783573953138
        ],
        "AUC_Text": "0.7839 (0.7195-0.8441)",
        "Brier_Score_95CI": [
            0.07009177189320326,
            0.10530190840363501
        ],
        "Brier_Score_Text": "0.0881 (0.0701-0.1053)",
        "F1_Score_95CI": [
            0.29068947853703514,
            0.45456393200295636
        ],
        "F1_Score_Text": "0.3750 (0.2907-0.4546)",
        "Sensitivity_Recall_95CI": [
            0.5651998597475455,
            0.8000704225352112
        ],
        "Sensitivity_Recall_Text": "0.6885 (0.5652-0.8001)",
        "Specificity_95CI": [
            0.6883371867727985,
            0.7734288587229763
        ],
        "Specificity_Text": "0.7329 (0.6883-0.7734)",
        "PPV_Precision_95CI": [
            0.19017628329579872,
            0.3274201127819549
        ],
        "PPV_Precision_Text": "0.2577 (0.1902-0.3274)",
        "NPV_95CI": [
            0.9232824025289779,
            0.969448664825046
        ],
        "NPV_Text": "0.9459 (0.9233-0.9694)",
        "Net_Benefit_95CI": [
            0.023193944110197,
            0.07357738066565449
        ],
        "Net_Benefit_Text": "0.0477 (0.0232-0.0736)",
        "Calibration_Slope_95CI": [
            0.8115809564669366,
            1.4577991096955116
        ],
        "Calibration_Slope_Text": "1.1052 (0.8116-1.4578)"
    },
    "logistic_regression": {
        "AUC": 0.8106611659971772,
        "Brier_Score": 0.17485229610280642,
        "F1_Score": 0.3861003861003861,
        "Sensitivity_Recall": 0.819672131147541,
        "Specificity": 0.673289183222958,
        "PPV_Precision": 0.25252525252525254,
        "NPV": 0.9651898734177216,
        "Net_Benefit": -0.12066993337223451,
        "Calibration_Slope": 0.8821582035791161,
        "Calibration_Intercept": -1.9580869173522404,
        "Threshold_Used": 0.43082252713213315,
        "Confusion_Matrix": {
            "TP": 50,
            "TN": 305,
            "FP": 148,
            "FN": 11
        },
        "AUC_95CI": [
            0.7521794662966538,
            0.8631149614337568
        ],
        "Brier_Score_95CI": [
            0.15675797066713185,
            0.19277571042690916
        ],
        "F1_Score_95CI": [
            0.309478021978022,
            0.4545624151967435
        ],
        "Sensitivity_Recall_95CI": [
            0.7212933944069432,
            0.9111403508771929
        ],
        "Specificity_95CI": [
            0.6296276469188675,
            0.715232159296766
        ],
        "PPV_Precision_95CI": [
            0.19288327256261767,
            0.31156296186816435
        ],
        "NPV_95CI": [
            0.9438819353633476,
            0.984178463043565
        ],
        "Net_Benefit_95CI": [
            -0.16230365857180526,
            -0.07807198326155126
        ],
        "Calibration_Slope_95CI": [
            0.6671257244850478,
            1.1635364636314967
        ]
    },
    "lr_formula": "z = -0.7181 + 1.1932 \u00d7 tear_characteristics_Tear_MedLat + 0.7155 \u00d7 tear_characteristics_Full_3.0\n    - 0.7025 \u00d7 Tear_Area_cm2 + 0.4783 \u00d7 Tear_AP_ML_Ratio + 0.4497 \u00d7 InsuranceType_5.0\n    + 0.3984 \u00d7 Aged + 0.3697 \u00d7 tear_characteristics_Full_nan + 0.3136 \u00d7 Gender_M + 0.3018 \u00d7 Pre-Op_ROM_Pre-Op_IR + 0.2575 \u00d7 tear_characteristics_Tear_AntPost\n    + ... (30 more terms)\n\nP(retear) = 1 / (1 + exp(-z))",
    "comparison": {
        "AUC_difference": -0.026779575145659207,
        "Brier_difference": -0.08677585362271914,
        "TearSense_better_AUC": false,
        "TearSense_better_Brier": true
    }
}