{
    "tearsense": {
        "model_serial": "05022026_164851_29215",
        "holdout_n": 514,
        "inference_verified": true,
        "stored_AUC": 0.7775123946006585,
        "stored_Brier": 0.09546757718857896,
        "stored_threshold": 0.30000000000000004,
        "AUC": 0.7775123946006585,
        "Brier_Score": 0.09546757719827986,
        "Calibration_Slope": 0.7017713965341766,
        "Calibration_Intercept": -0.9049567827179433,
        "Net_Benefit": 0.04444385742213774,
        "Optimal_Threshold_Used": 0.1473432660102846,
        "Youden_J_Threshold": 0.1473432660102846,
        "F1_Score": 0.3817427385892116,
        "Sensitivity_Recall": 0.7540983606557377,
        "Specificity": 0.7041942604856513,
        "PPV_Precision": 0.25555555555555554,
        "NPV": 0.9550898203592815,
        "Confusion_Matrix": {
            "TP": 46,
            "TN": 319,
            "FP": 134,
            "FN": 15
        },
        "AUC_95CI": [
            0.7104825223882716,
            0.8396358963332156
        ],
        "AUC_Text": "0.7775 (0.7105-0.8396)",
        "Brier_Score_95CI": [
            0.07748631160723596,
            0.11225958079753766
        ],
        "Brier_Score_Text": "0.0955 (0.0775-0.1123)",
        "F1_Score_95CI": [
            0.2972972972972973,
            0.4609808407206176
        ],
        "F1_Score_Text": "0.3817 (0.2973-0.4610)",
        "Sensitivity_Recall_95CI": [
            0.6382495164410058,
            0.8653917910447761
        ],
        "Sensitivity_Recall_Text": "0.7541 (0.6382-0.8654)",
        "Specificity_95CI": [
            0.6614700821331482,
            0.7483299901178484
        ],
        "Specificity_Text": "0.7042 (0.6615-0.7483)",
        "PPV_Precision_95CI": [
            0.19333817148921562,
            0.3236994219653179
        ],
        "PPV_Precision_Text": "0.2556 (0.1933-0.3237)",
        "NPV_95CI": [
            0.9325112775171418,
            0.9761922424756252
        ],
        "NPV_Text": "0.9551 (0.9325-0.9762)",
        "Net_Benefit_95CI": [
            0.018066964820769915,
            0.07204429673042007
        ],
        "Net_Benefit_Text": "0.0444 (0.0181-0.0720)",
        "Calibration_Slope_95CI": [
            0.5280710833685891,
            0.9189128872600891
        ],
        "Calibration_Slope_Text": "0.7018 (0.5281-0.9189)"
    },
    "logistic_regression": {
        "AUC": 0.8106611659971772,
        "Brier_Score": 0.17485229610280642,
        "F1_Score": 0.3861003861003861,
        "Sensitivity_Recall": 0.819672131147541,
        "Specificity": 0.673289183222958,
        "PPV_Precision": 0.25252525252525254,
        "NPV": 0.9651898734177216,
        "Net_Benefit": -0.12066993337223451,
        "Calibration_Slope": 0.8821582035791161,
        "Calibration_Intercept": -1.9580869173522404,
        "Threshold_Used": 0.43082252713213315,
        "Confusion_Matrix": {
            "TP": 50,
            "TN": 305,
            "FP": 148,
            "FN": 11
        },
        "AUC_95CI": [
            0.7521794662966538,
            0.8631149614337568
        ],
        "Brier_Score_95CI": [
            0.15675797066713185,
            0.19277571042690916
        ],
        "F1_Score_95CI": [
            0.309478021978022,
            0.4545624151967435
        ],
        "Sensitivity_Recall_95CI": [
            0.7212933944069432,
            0.9111403508771929
        ],
        "Specificity_95CI": [
            0.6296276469188675,
            0.715232159296766
        ],
        "PPV_Precision_95CI": [
            0.19288327256261767,
            0.31156296186816435
        ],
        "NPV_95CI": [
            0.9438819353633476,
            0.984178463043565
        ],
        "Net_Benefit_95CI": [
            -0.16230365857180526,
            -0.07807198326155126
        ],
        "Calibration_Slope_95CI": [
            0.6671257244850478,
            1.1635364636314967
        ]
    },
    "lr_formula": "z = -0.7181 + 1.1932 \u00d7 tear_characteristics_Tear_MedLat + 0.7155 \u00d7 tear_characteristics_Full_3.0\n    - 0.7025 \u00d7 Tear_Area_cm2 + 0.4783 \u00d7 Tear_AP_ML_Ratio + 0.4497 \u00d7 InsuranceType_5.0\n    + 0.3984 \u00d7 Aged + 0.3697 \u00d7 tear_characteristics_Full_nan + 0.3136 \u00d7 Gender_M + 0.3018 \u00d7 Pre-Op_ROM_Pre-Op_IR + 0.2575 \u00d7 tear_characteristics_Tear_AntPost\n    + ... (30 more terms)\n\nP(retear) = 1 / (1 + exp(-z))",
    "comparison": {
        "AUC_difference": -0.03314877139651873,
        "Brier_difference": -0.07938471890452656,
        "TearSense_better_AUC": false,
        "TearSense_better_Brier": true
    }
}