{
    "tearsense": {
        "model_serial": "05022026_103644_75716",
        "holdout_n": 514,
        "inference_verified": true,
        "stored_AUC": 0.7747439655484383,
        "stored_Brier": 0.08798285332896824,
        "stored_threshold": 0.16000000000000003,
        "AUC": 0.7747439655484383,
        "Brier_Score": 0.08798285332896827,
        "Calibration_Slope": 1.1201742542046649,
        "Calibration_Intercept": 0.22870300833072607,
        "Net_Benefit": 0.043012193644169625,
        "Optimal_Threshold_Used": 0.16173538555938163,
        "Youden_J_Threshold": 0.16173538555938163,
        "F1_Score": 0.4260355029585799,
        "Sensitivity_Recall": 0.5901639344262295,
        "Specificity": 0.8410596026490066,
        "PPV_Precision": 0.3333333333333333,
        "NPV": 0.9384236453201971,
        "Confusion_Matrix": {
            "TP": 36,
            "TN": 381,
            "FP": 72,
            "FN": 25
        },
        "AUC_95CI": [
            0.7058709290344707,
            0.8389601280275599
        ],
        "AUC_Text": "0.7747 (0.7059-0.8390)",
        "Brier_Score_95CI": [
            0.07024878694880951,
            0.1060296852128026
        ],
        "Brier_Score_Text": "0.0880 (0.0702-0.1060)",
        "F1_Score_95CI": [
            0.32255808707421607,
            0.5157655120623298
        ],
        "F1_Score_Text": "0.4260 (0.3226-0.5158)",
        "Sensitivity_Recall_95CI": [
            0.45758994944989595,
            0.711864406779661
        ],
        "Sensitivity_Recall_Text": "0.5902 (0.4576-0.7119)",
        "Specificity_95CI": [
            0.8093045417175316,
            0.8747321428571428
        ],
        "Specificity_Text": "0.8411 (0.8093-0.8747)",
        "PPV_Precision_95CI": [
            0.2396694214876033,
            0.42481146594844166
        ],
        "PPV_Precision_Text": "0.3333 (0.2397-0.4248)",
        "NPV_95CI": [
            0.9150893215576074,
            0.9607843137254902
        ],
        "NPV_Text": "0.9384 (0.9151-0.9608)",
        "Net_Benefit_95CI": [
            0.019288001793434175,
            0.06825412103710705
        ],
        "Net_Benefit_Text": "0.0430 (0.0193-0.0683)",
        "Calibration_Slope_95CI": [
            0.8107247914401748,
            1.5322276670091295
        ],
        "Calibration_Slope_Text": "1.1202 (0.8107-1.5322)"
    },
    "logistic_regression": "Not available (no training data)",
    "lr_formula": null
}