{
    "tearsense": {
        "model_serial": "05022026_130008_98590",
        "holdout_n": 514,
        "inference_verified": true,
        "stored_AUC": 0.7804798610357181,
        "stored_Brier": 0.08825208897898089,
        "stored_threshold": 0.21000000000000002,
        "AUC": 0.7804798610357181,
        "Brier_Score": 0.08825208897898089,
        "Calibration_Slope": 1.1630791210234481,
        "Calibration_Intercept": 0.2849949378915977,
        "Net_Benefit": 0.05261669572810479,
        "Optimal_Threshold_Used": 0.10860053586569605,
        "Youden_J_Threshold": 0.10860053586569605,
        "F1_Score": 0.3416370106761566,
        "Sensitivity_Recall": 0.7868852459016393,
        "Specificity": 0.6203090507726269,
        "PPV_Precision": 0.21818181818181817,
        "NPV": 0.95578231292517,
        "Confusion_Matrix": {
            "TP": 48,
            "TN": 281,
            "FP": 172,
            "FN": 13
        },
        "AUC_95CI": [
            0.7179339966587875,
            0.8378761586820851
        ],
        "AUC_Text": "0.7805 (0.7179-0.8379)",
        "Brier_Score_95CI": [
            0.07010074115618381,
            0.10658925449813693
        ],
        "Brier_Score_Text": "0.0883 (0.0701-0.1066)",
        "F1_Score_95CI": [
            0.26922413793103445,
            0.41216738645862355
        ],
        "F1_Score_Text": "0.3416 (0.2692-0.4122)",
        "Sensitivity_Recall_95CI": [
            0.6785562953995158,
            0.8889880952380951
        ],
        "Sensitivity_Recall_Text": "0.7869 (0.6786-0.8890)",
        "Specificity_95CI": [
            0.5748244855484552,
            0.6659662356321838
        ],
        "Specificity_Text": "0.6203 (0.5748-0.6660)",
        "PPV_Precision_95CI": [
            0.16593837507588072,
            0.2735931091058244
        ],
        "PPV_Precision_Text": "0.2182 (0.1659-0.2736)",
        "NPV_95CI": [
            0.930906803887936,
            0.979667819284621
        ],
        "NPV_Text": "0.9558 (0.9309-0.9797)",
        "Net_Benefit_95CI": [
            0.026850814396194675,
            0.08027878721255802
        ],
        "Net_Benefit_Text": "0.0526 (0.0269-0.0803)",
        "Calibration_Slope_95CI": [
            0.8567262590011124,
            1.5237294766132672
        ],
        "Calibration_Slope_Text": "1.1631 (0.8567-1.5237)"
    },
    "logistic_regression": {
        "AUC": 0.8106611659971772,
        "Brier_Score": 0.17485229610280642,
        "F1_Score": 0.3861003861003861,
        "Sensitivity_Recall": 0.819672131147541,
        "Specificity": 0.673289183222958,
        "PPV_Precision": 0.25252525252525254,
        "NPV": 0.9651898734177216,
        "Net_Benefit": -0.12066993337223451,
        "Calibration_Slope": 0.8821582035791161,
        "Calibration_Intercept": -1.9580869173522404,
        "Threshold_Used": 0.43082252713213315,
        "Confusion_Matrix": {
            "TP": 50,
            "TN": 305,
            "FP": 148,
            "FN": 11
        },
        "AUC_95CI": [
            0.7521794662966538,
            0.8631149614337568
        ],
        "Brier_Score_95CI": [
            0.15675797066713185,
            0.19277571042690916
        ],
        "F1_Score_95CI": [
            0.309478021978022,
            0.4545624151967435
        ],
        "Sensitivity_Recall_95CI": [
            0.7212933944069432,
            0.9111403508771929
        ],
        "Specificity_95CI": [
            0.6296276469188675,
            0.715232159296766
        ],
        "PPV_Precision_95CI": [
            0.19288327256261767,
            0.31156296186816435
        ],
        "NPV_95CI": [
            0.9438819353633476,
            0.984178463043565
        ],
        "Net_Benefit_95CI": [
            -0.16230365857180526,
            -0.07807198326155126
        ],
        "Calibration_Slope_95CI": [
            0.6671257244850478,
            1.1635364636314967
        ]
    },
    "lr_formula": "z = -0.7181 + 1.1932 \u00d7 tear_characteristics_Tear_MedLat + 0.7155 \u00d7 tear_characteristics_Full_3.0\n    - 0.7025 \u00d7 Tear_Area_cm2 + 0.4783 \u00d7 Tear_AP_ML_Ratio + 0.4497 \u00d7 InsuranceType_5.0\n    + 0.3984 \u00d7 Aged + 0.3697 \u00d7 tear_characteristics_Full_nan + 0.3136 \u00d7 Gender_M + 0.3018 \u00d7 Pre-Op_ROM_Pre-Op_IR + 0.2575 \u00d7 tear_characteristics_Tear_AntPost\n    + ... (30 more terms)\n\nP(retear) = 1 / (1 + exp(-z))",
    "comparison": {
        "AUC_difference": -0.0301813049614591,
        "Brier_difference": -0.08660020712382553,
        "TearSense_better_AUC": false,
        "TearSense_better_Brier": true
    }
}