{
    "tearsense": {
        "model_serial": "05022026_131219_96349",
        "holdout_n": 514,
        "inference_verified": true,
        "stored_AUC": 0.7710708211196757,
        "stored_Brier": 0.08758780555967285,
        "stored_threshold": 0.17000000000000004,
        "AUC": 0.7710708211196757,
        "Brier_Score": 0.08758780360221863,
        "Calibration_Slope": 1.0810431601194088,
        "Calibration_Intercept": 0.15183813376627417,
        "Net_Benefit": 0.040834393321208626,
        "Optimal_Threshold_Used": 0.170844167470932,
        "Youden_J_Threshold": 0.170844167470932,
        "F1_Score": 0.4268292682926829,
        "Sensitivity_Recall": 0.5737704918032787,
        "Specificity": 0.8498896247240618,
        "PPV_Precision": 0.33980582524271846,
        "NPV": 0.9367396593673966,
        "Confusion_Matrix": {
            "TP": 35,
            "TN": 385,
            "FP": 68,
            "FN": 26
        },
        "AUC_95CI": [
            0.7001087592767776,
            0.8387294961099365
        ],
        "AUC_Text": "0.7711 (0.7001-0.8387)",
        "Brier_Score_95CI": [
            0.06938771586865186,
            0.10574707686901091
        ],
        "Brier_Score_Text": "0.0876 (0.0694-0.1057)",
        "F1_Score_95CI": [
            0.3246753246753247,
            0.5161378943637008
        ],
        "F1_Score_Text": "0.4268 (0.3247-0.5161)",
        "Sensitivity_Recall_95CI": [
            0.4489619985925405,
            0.6949152542372882
        ],
        "Sensitivity_Recall_Text": "0.5738 (0.4490-0.6949)",
        "Specificity_95CI": [
            0.816592909547395,
            0.8818282828282829
        ],
        "Specificity_Text": "0.8499 (0.8166-0.8818)",
        "PPV_Precision_95CI": [
            0.25,
            0.4326923076923077
        ],
        "PPV_Precision_Text": "0.3398 (0.2500-0.4327)",
        "NPV_95CI": [
            0.9138993324516657,
            0.9602977667493796
        ],
        "NPV_Text": "0.9367 (0.9139-0.9603)",
        "Net_Benefit_95CI": [
            0.018494211984334347,
            0.06579418862269115
        ],
        "Net_Benefit_Text": "0.0408 (0.0185-0.0658)",
        "Calibration_Slope_95CI": [
            0.7738309924560763,
            1.4642674985865738
        ],
        "Calibration_Slope_Text": "1.0810 (0.7738-1.4643)"
    },
    "logistic_regression": {
        "AUC": 0.8106611659971772,
        "Brier_Score": 0.17485229610280642,
        "F1_Score": 0.3861003861003861,
        "Sensitivity_Recall": 0.819672131147541,
        "Specificity": 0.673289183222958,
        "PPV_Precision": 0.25252525252525254,
        "NPV": 0.9651898734177216,
        "Net_Benefit": -0.12066993337223451,
        "Calibration_Slope": 0.8821582035791161,
        "Calibration_Intercept": -1.9580869173522404,
        "Threshold_Used": 0.43082252713213315,
        "Confusion_Matrix": {
            "TP": 50,
            "TN": 305,
            "FP": 148,
            "FN": 11
        },
        "AUC_95CI": [
            0.7521794662966538,
            0.8631149614337568
        ],
        "Brier_Score_95CI": [
            0.15675797066713185,
            0.19277571042690916
        ],
        "F1_Score_95CI": [
            0.309478021978022,
            0.4545624151967435
        ],
        "Sensitivity_Recall_95CI": [
            0.7212933944069432,
            0.9111403508771929
        ],
        "Specificity_95CI": [
            0.6296276469188675,
            0.715232159296766
        ],
        "PPV_Precision_95CI": [
            0.19288327256261767,
            0.31156296186816435
        ],
        "NPV_95CI": [
            0.9438819353633476,
            0.984178463043565
        ],
        "Net_Benefit_95CI": [
            -0.16230365857180526,
            -0.07807198326155126
        ],
        "Calibration_Slope_95CI": [
            0.6671257244850478,
            1.1635364636314967
        ]
    },
    "lr_formula": "z = -0.7181 + 1.1932 \u00d7 tear_characteristics_Tear_MedLat + 0.7155 \u00d7 tear_characteristics_Full_3.0\n    - 0.7025 \u00d7 Tear_Area_cm2 + 0.4783 \u00d7 Tear_AP_ML_Ratio + 0.4497 \u00d7 InsuranceType_5.0\n    + 0.3984 \u00d7 Aged + 0.3697 \u00d7 tear_characteristics_Full_nan + 0.3136 \u00d7 Gender_M + 0.3018 \u00d7 Pre-Op_ROM_Pre-Op_IR + 0.2575 \u00d7 tear_characteristics_Tear_AntPost\n    + ... (30 more terms)\n\nP(retear) = 1 / (1 + exp(-z))",
    "comparison": {
        "AUC_difference": -0.03959034487750146,
        "Brier_difference": -0.08726449250058779,
        "TearSense_better_AUC": false,
        "TearSense_better_Brier": true
    }
}