{
    "tearsense": {
        "model_serial": "05022026_192235_56193",
        "holdout_n": 514,
        "inference_verified": true,
        "stored_AUC": 0.7723012340317736,
        "stored_Brier": 0.0971364509096976,
        "stored_threshold": 0.37000000000000005,
        "AUC": 0.7723012340317736,
        "Brier_Score": 0.0971364508818895,
        "Calibration_Slope": 0.537444568118936,
        "Calibration_Intercept": -0.9059010390637007,
        "Net_Benefit": 0.041724266422658425,
        "Optimal_Threshold_Used": 0.15263807624578668,
        "Youden_J_Threshold": 0.15263807624578668,
        "F1_Score": 0.39215686274509803,
        "Sensitivity_Recall": 0.6557377049180327,
        "Specificity": 0.7726269315673289,
        "PPV_Precision": 0.27972027972027974,
        "NPV": 0.9433962264150944,
        "Confusion_Matrix": {
            "TP": 40,
            "TN": 350,
            "FP": 103,
            "FN": 21
        },
        "AUC_95CI": [
            0.7070687947146624,
            0.8350027586792292
        ],
        "AUC_Text": "0.7723 (0.7071-0.8350)",
        "Brier_Score_95CI": [
            0.07761146284475204,
            0.1165061626989718
        ],
        "Brier_Score_Text": "0.0971 (0.0776-0.1165)",
        "F1_Score_95CI": [
            0.30767326732673267,
            0.4789101420751583
        ],
        "F1_Score_Text": "0.3922 (0.3077-0.4789)",
        "Sensitivity_Recall_95CI": [
            0.5318982712765957,
            0.7742049068605179
        ],
        "Sensitivity_Recall_Text": "0.6557 (0.5319-0.7742)",
        "Specificity_95CI": [
            0.7367110697957341,
            0.811570073022441
        ],
        "Specificity_Text": "0.7726 (0.7367-0.8116)",
        "PPV_Precision_95CI": [
            0.2101434051881622,
            0.36171754548257784
        ],
        "PPV_Precision_Text": "0.2797 (0.2101-0.3617)",
        "NPV_95CI": [
            0.9196861673311201,
            0.9658895868353534
        ],
        "NPV_Text": "0.9434 (0.9197-0.9659)",
        "Net_Benefit_95CI": [
            0.018256823560680965,
            0.06971340486940443
        ],
        "Net_Benefit_Text": "0.0417 (0.0183-0.0697)",
        "Calibration_Slope_95CI": [
            0.40246841408735357,
            0.7054094326576241
        ],
        "Calibration_Slope_Text": "0.5374 (0.4025-0.7054)"
    },
    "logistic_regression": {
        "AUC": 0.8106611659971772,
        "Brier_Score": 0.17485229610276382,
        "F1_Score": 0.3861003861003861,
        "Sensitivity_Recall": 0.819672131147541,
        "Specificity": 0.673289183222958,
        "PPV_Precision": 0.25252525252525254,
        "NPV": 0.9651898734177216,
        "Net_Benefit": -0.12066993337198444,
        "Calibration_Slope": 0.8821582035795066,
        "Calibration_Intercept": -1.9580869173520672,
        "Threshold_Used": 0.43082252713185176,
        "Confusion_Matrix": {
            "TP": 50,
            "TN": 305,
            "FP": 148,
            "FN": 11
        },
        "AUC_95CI": [
            0.7521794662966538,
            0.8631149614337568
        ],
        "Brier_Score_95CI": [
            0.15675797066710226,
            0.1927757104268557
        ],
        "F1_Score_95CI": [
            0.309478021978022,
            0.4545624151967435
        ],
        "Sensitivity_Recall_95CI": [
            0.7212933944069432,
            0.9111403508771929
        ],
        "Specificity_95CI": [
            0.6296276469188675,
            0.715232159296766
        ],
        "PPV_Precision_95CI": [
            0.19288327256261767,
            0.31156296186816435
        ],
        "NPV_95CI": [
            0.9438819353633476,
            0.984178463043565
        ],
        "Net_Benefit_95CI": [
            -0.1623036585715232,
            -0.07807198326133666
        ],
        "Calibration_Slope_95CI": [
            0.6671257244854701,
            1.1635364636319632
        ]
    },
    "lr_formula": "z = -0.7181 + 1.1932 \u00d7 tear_characteristics_Tear_MedLat + 0.7155 \u00d7 tear_characteristics_Full_3.0\n    - 0.7025 \u00d7 Tear_Area_cm2 + 0.4783 \u00d7 Tear_AP_ML_Ratio + 0.4497 \u00d7 InsuranceType_5.0\n    + 0.3984 \u00d7 Aged + 0.3697 \u00d7 tear_characteristics_Full_nan + 0.3136 \u00d7 Gender_M + 0.3018 \u00d7 Pre-Op_ROM_Pre-Op_IR + 0.2575 \u00d7 tear_characteristics_Tear_AntPost\n    + ... (30 more terms)\n\nP(retear) = 1 / (1 + exp(-z))",
    "comparison": {
        "AUC_difference": -0.03835993196540355,
        "Brier_difference": -0.07771584522087431,
        "TearSense_better_AUC": false,
        "TearSense_better_Brier": true
    }
}