{
    "tearsense": {
        "model_serial": "05022026_125524_66946",
        "holdout_n": 514,
        "inference_verified": true,
        "stored_AUC": 0.7844606086925053,
        "stored_Brier": 0.0901814762011855,
        "stored_threshold": 0.24000000000000005,
        "AUC": 0.7844606086925053,
        "Brier_Score": 0.0901814762011855,
        "Calibration_Slope": 1.2629262013650242,
        "Calibration_Intercept": 0.42062706714295756,
        "Net_Benefit": 0.03806669718824507,
        "Optimal_Threshold_Used": 0.16854965713440145,
        "Youden_J_Threshold": 0.16854965713440145,
        "F1_Score": 0.40217391304347827,
        "Sensitivity_Recall": 0.6065573770491803,
        "Specificity": 0.8101545253863135,
        "PPV_Precision": 0.3008130081300813,
        "NPV": 0.9386189258312021,
        "Confusion_Matrix": {
            "TP": 37,
            "TN": 367,
            "FP": 86,
            "FN": 24
        },
        "AUC_95CI": [
            0.7231886159036319,
            0.8469310090174129
        ],
        "AUC_Text": "0.7845 (0.7232-0.8469)",
        "Brier_Score_95CI": [
            0.0721376711446345,
            0.10792909024353171
        ],
        "Brier_Score_Text": "0.0902 (0.0721-0.1079)",
        "F1_Score_95CI": [
            0.3018867924528302,
            0.48733888512011975
        ],
        "F1_Score_Text": "0.4022 (0.3019-0.4873)",
        "Sensitivity_Recall_95CI": [
            0.4775764036958067,
            0.7285774818401937
        ],
        "Sensitivity_Recall_Text": "0.6066 (0.4776-0.7286)",
        "Specificity_95CI": [
            0.7750556792873051,
            0.8458192781446195
        ],
        "Specificity_Text": "0.8102 (0.7751-0.8458)",
        "PPV_Precision_95CI": [
            0.21598793103448274,
            0.384
        ],
        "PPV_Precision_Text": "0.3008 (0.2160-0.3840)",
        "NPV_95CI": [
            0.9146658536585366,
            0.9616441312786426
        ],
        "NPV_Text": "0.9386 (0.9147-0.9616)",
        "Net_Benefit_95CI": [
            0.014272467960045864,
            0.06341139849248044
        ],
        "Net_Benefit_Text": "0.0381 (0.0143-0.0634)",
        "Calibration_Slope_95CI": [
            0.9315538028808397,
            1.7040536334514116
        ],
        "Calibration_Slope_Text": "1.2629 (0.9316-1.7041)"
    },
    "logistic_regression": {
        "AUC": 0.8106611659971772,
        "Brier_Score": 0.17485229610280642,
        "F1_Score": 0.3861003861003861,
        "Sensitivity_Recall": 0.819672131147541,
        "Specificity": 0.673289183222958,
        "PPV_Precision": 0.25252525252525254,
        "NPV": 0.9651898734177216,
        "Net_Benefit": -0.12066993337223451,
        "Calibration_Slope": 0.8821582035791161,
        "Calibration_Intercept": -1.9580869173522404,
        "Threshold_Used": 0.43082252713213315,
        "Confusion_Matrix": {
            "TP": 50,
            "TN": 305,
            "FP": 148,
            "FN": 11
        },
        "AUC_95CI": [
            0.7521794662966538,
            0.8631149614337568
        ],
        "Brier_Score_95CI": [
            0.15675797066713185,
            0.19277571042690916
        ],
        "F1_Score_95CI": [
            0.309478021978022,
            0.4545624151967435
        ],
        "Sensitivity_Recall_95CI": [
            0.7212933944069432,
            0.9111403508771929
        ],
        "Specificity_95CI": [
            0.6296276469188675,
            0.715232159296766
        ],
        "PPV_Precision_95CI": [
            0.19288327256261767,
            0.31156296186816435
        ],
        "NPV_95CI": [
            0.9438819353633476,
            0.984178463043565
        ],
        "Net_Benefit_95CI": [
            -0.16230365857180526,
            -0.07807198326155126
        ],
        "Calibration_Slope_95CI": [
            0.6671257244850478,
            1.1635364636314967
        ]
    },
    "lr_formula": "z = -0.7181 + 1.1932 \u00d7 tear_characteristics_Tear_MedLat + 0.7155 \u00d7 tear_characteristics_Full_3.0\n    - 0.7025 \u00d7 Tear_Area_cm2 + 0.4783 \u00d7 Tear_AP_ML_Ratio + 0.4497 \u00d7 InsuranceType_5.0\n    + 0.3984 \u00d7 Aged + 0.3697 \u00d7 tear_characteristics_Full_nan + 0.3136 \u00d7 Gender_M + 0.3018 \u00d7 Pre-Op_ROM_Pre-Op_IR + 0.2575 \u00d7 tear_characteristics_Tear_AntPost\n    + ... (30 more terms)\n\nP(retear) = 1 / (1 + exp(-z))",
    "comparison": {
        "AUC_difference": -0.026200557304671857,
        "Brier_difference": -0.08467081990162093,
        "TearSense_better_AUC": false,
        "TearSense_better_Brier": true
    }
}