{
    "tearsense": {
        "model_serial": "05022026_140401_57655",
        "holdout_n": 514,
        "inference_verified": true,
        "stored_AUC": 0.773477364021279,
        "stored_Brier": 0.08811753772563251,
        "stored_threshold": 0.23000000000000004,
        "AUC": 0.773477364021279,
        "Brier_Score": 0.08811753243207932,
        "Calibration_Slope": 1.077785431191869,
        "Calibration_Intercept": 0.18754408350708388,
        "Net_Benefit": 0.04607657863427142,
        "Optimal_Threshold_Used": 0.12752364575862885,
        "Youden_J_Threshold": 0.12752364575862885,
        "F1_Score": 0.36065573770491804,
        "Sensitivity_Recall": 0.7213114754098361,
        "Specificity": 0.6931567328918322,
        "PPV_Precision": 0.24043715846994534,
        "NPV": 0.9486404833836858,
        "Confusion_Matrix": {
            "TP": 44,
            "TN": 314,
            "FP": 139,
            "FN": 17
        },
        "AUC_95CI": [
            0.7015069670412337,
            0.8374372586872587
        ],
        "AUC_Text": "0.7735 (0.7015-0.8374)",
        "Brier_Score_95CI": [
            0.07016818765550852,
            0.106458031386137
        ],
        "Brier_Score_Text": "0.0881 (0.0702-0.1065)",
        "F1_Score_95CI": [
            0.28052941176470586,
            0.43410852713178294
        ],
        "F1_Score_Text": "0.3607 (0.2805-0.4341)",
        "Sensitivity_Recall_95CI": [
            0.6,
            0.8228292249611371
        ],
        "Sensitivity_Recall_Text": "0.7213 (0.6000-0.8228)",
        "Specificity_95CI": [
            0.6486918967437216,
            0.7361449526083672
        ],
        "Specificity_Text": "0.6932 (0.6487-0.7361)",
        "PPV_Precision_95CI": [
            0.18077118644067797,
            0.3027194047980565
        ],
        "PPV_Precision_Text": "0.2404 (0.1808-0.3027)",
        "NPV_95CI": [
            0.9233126572198997,
            0.9702380952380952
        ],
        "NPV_Text": "0.9486 (0.9233-0.9702)",
        "Net_Benefit_95CI": [
            0.0211118820123777,
            0.07203315733041189
        ],
        "Net_Benefit_Text": "0.0461 (0.0211-0.0720)",
        "Calibration_Slope_95CI": [
            0.7653959995746971,
            1.478048918795255
        ],
        "Calibration_Slope_Text": "1.0778 (0.7654-1.4780)"
    },
    "logistic_regression": {
        "AUC": 0.8106611659971772,
        "Brier_Score": 0.17485229610280642,
        "F1_Score": 0.3861003861003861,
        "Sensitivity_Recall": 0.819672131147541,
        "Specificity": 0.673289183222958,
        "PPV_Precision": 0.25252525252525254,
        "NPV": 0.9651898734177216,
        "Net_Benefit": -0.12066993337223451,
        "Calibration_Slope": 0.8821582035791161,
        "Calibration_Intercept": -1.9580869173522404,
        "Threshold_Used": 0.43082252713213315,
        "Confusion_Matrix": {
            "TP": 50,
            "TN": 305,
            "FP": 148,
            "FN": 11
        },
        "AUC_95CI": [
            0.7521794662966538,
            0.8631149614337568
        ],
        "Brier_Score_95CI": [
            0.15675797066713185,
            0.19277571042690916
        ],
        "F1_Score_95CI": [
            0.309478021978022,
            0.4545624151967435
        ],
        "Sensitivity_Recall_95CI": [
            0.7212933944069432,
            0.9111403508771929
        ],
        "Specificity_95CI": [
            0.6296276469188675,
            0.715232159296766
        ],
        "PPV_Precision_95CI": [
            0.19288327256261767,
            0.31156296186816435
        ],
        "NPV_95CI": [
            0.9438819353633476,
            0.984178463043565
        ],
        "Net_Benefit_95CI": [
            -0.16230365857180526,
            -0.07807198326155126
        ],
        "Calibration_Slope_95CI": [
            0.6671257244850478,
            1.1635364636314967
        ]
    },
    "lr_formula": "z = -0.7181 + 1.1932 \u00d7 tear_characteristics_Tear_MedLat + 0.7155 \u00d7 tear_characteristics_Full_3.0\n    - 0.7025 \u00d7 Tear_Area_cm2 + 0.4783 \u00d7 Tear_AP_ML_Ratio + 0.4497 \u00d7 InsuranceType_5.0\n    + 0.3984 \u00d7 Aged + 0.3697 \u00d7 tear_characteristics_Full_nan + 0.3136 \u00d7 Gender_M + 0.3018 \u00d7 Pre-Op_ROM_Pre-Op_IR + 0.2575 \u00d7 tear_characteristics_Tear_AntPost\n    + ... (30 more terms)\n\nP(retear) = 1 / (1 + exp(-z))",
    "comparison": {
        "AUC_difference": -0.03718380197589821,
        "Brier_difference": -0.0867347636707271,
        "TearSense_better_AUC": false,
        "TearSense_better_Brier": true
    }
}