{
    "tearsense": {
        "model_serial": "05022026_134818_29477",
        "holdout_n": 514,
        "inference_verified": true,
        "stored_AUC": 0.7865233597510224,
        "stored_Brier": 0.08904814171485935,
        "stored_threshold": 0.18000000000000002,
        "AUC": 0.7865233597510224,
        "Brier_Score": 0.08904814170189604,
        "Calibration_Slope": 1.1611616788589967,
        "Calibration_Intercept": 0.23302307591628438,
        "Net_Benefit": 0.06961956709898698,
        "Optimal_Threshold_Used": 0.08480242922814514,
        "Youden_J_Threshold": 0.08480242922814514,
        "F1_Score": 0.3611111111111111,
        "Sensitivity_Recall": 0.8524590163934426,
        "Specificity": 0.6136865342163356,
        "PPV_Precision": 0.2290748898678414,
        "NPV": 0.9686411149825784,
        "Confusion_Matrix": {
            "TP": 52,
            "TN": 278,
            "FP": 175,
            "FN": 9
        },
        "AUC_95CI": [
            0.7217229660787658,
            0.8496588643730982
        ],
        "AUC_Text": "0.7865 (0.7217-0.8497)",
        "Brier_Score_95CI": [
            0.07129382067060101,
            0.10710923273341733
        ],
        "Brier_Score_Text": "0.0890 (0.0713-0.1071)",
        "F1_Score_95CI": [
            0.2918149466192171,
            0.4305819402228977
        ],
        "F1_Score_Text": "0.3611 (0.2918-0.4306)",
        "Sensitivity_Recall_95CI": [
            0.7618869936034115,
            0.9423349056603774
        ],
        "Sensitivity_Recall_Text": "0.8525 (0.7619-0.9423)",
        "Specificity_95CI": [
            0.5695006600275658,
            0.6587068161743056
        ],
        "Specificity_Text": "0.6137 (0.5695-0.6587)",
        "PPV_Precision_95CI": [
            0.1767436848436247,
            0.2844046890927625
        ],
        "PPV_Precision_Text": "0.2291 (0.1767-0.2844)",
        "NPV_95CI": [
            0.9469964664310954,
            0.9892124598193784
        ],
        "NPV_Text": "0.9686 (0.9470-0.9892)",
        "Net_Benefit_95CI": [
            0.044466965214791015,
            0.09582534368657318
        ],
        "Net_Benefit_Text": "0.0696 (0.0445-0.0958)",
        "Calibration_Slope_95CI": [
            0.8591458094837408,
            1.5203910284103126
        ],
        "Calibration_Slope_Text": "1.1612 (0.8591-1.5204)"
    },
    "logistic_regression": {
        "AUC": 0.8106611659971772,
        "Brier_Score": 0.17485229610280642,
        "F1_Score": 0.3861003861003861,
        "Sensitivity_Recall": 0.819672131147541,
        "Specificity": 0.673289183222958,
        "PPV_Precision": 0.25252525252525254,
        "NPV": 0.9651898734177216,
        "Net_Benefit": -0.12066993337223451,
        "Calibration_Slope": 0.8821582035791161,
        "Calibration_Intercept": -1.9580869173522404,
        "Threshold_Used": 0.43082252713213315,
        "Confusion_Matrix": {
            "TP": 50,
            "TN": 305,
            "FP": 148,
            "FN": 11
        },
        "AUC_95CI": [
            0.7521794662966538,
            0.8631149614337568
        ],
        "Brier_Score_95CI": [
            0.15675797066713185,
            0.19277571042690916
        ],
        "F1_Score_95CI": [
            0.309478021978022,
            0.4545624151967435
        ],
        "Sensitivity_Recall_95CI": [
            0.7212933944069432,
            0.9111403508771929
        ],
        "Specificity_95CI": [
            0.6296276469188675,
            0.715232159296766
        ],
        "PPV_Precision_95CI": [
            0.19288327256261767,
            0.31156296186816435
        ],
        "NPV_95CI": [
            0.9438819353633476,
            0.984178463043565
        ],
        "Net_Benefit_95CI": [
            -0.16230365857180526,
            -0.07807198326155126
        ],
        "Calibration_Slope_95CI": [
            0.6671257244850478,
            1.1635364636314967
        ]
    },
    "lr_formula": "z = -0.7181 + 1.1932 \u00d7 tear_characteristics_Tear_MedLat + 0.7155 \u00d7 tear_characteristics_Full_3.0\n    - 0.7025 \u00d7 Tear_Area_cm2 + 0.4783 \u00d7 Tear_AP_ML_Ratio + 0.4497 \u00d7 InsuranceType_5.0\n    + 0.3984 \u00d7 Aged + 0.3697 \u00d7 tear_characteristics_Full_nan + 0.3136 \u00d7 Gender_M + 0.3018 \u00d7 Pre-Op_ROM_Pre-Op_IR + 0.2575 \u00d7 tear_characteristics_Tear_AntPost\n    + ... (30 more terms)\n\nP(retear) = 1 / (1 + exp(-z))",
    "comparison": {
        "AUC_difference": -0.024137806246154803,
        "Brier_difference": -0.08580415440091038,
        "TearSense_better_AUC": false,
        "TearSense_better_Brier": true
    }
}