{
    "tearsense": {
        "model_serial": "05022026_141648_46986",
        "holdout_n": 514,
        "inference_verified": true,
        "stored_AUC": 0.767397676690913,
        "stored_Brier": 0.08946691525296357,
        "stored_threshold": 0.25000000000000006,
        "AUC": 0.767397676690913,
        "Brier_Score": 0.08946691453456879,
        "Calibration_Slope": 1.0030597205002747,
        "Calibration_Intercept": 0.03195525726548972,
        "Net_Benefit": 0.043797781096263144,
        "Optimal_Threshold_Used": 0.13295745849609375,
        "Youden_J_Threshold": 0.13295745849609375,
        "F1_Score": 0.38,
        "Sensitivity_Recall": 0.6229508196721312,
        "Specificity": 0.7770419426048565,
        "PPV_Precision": 0.2733812949640288,
        "NPV": 0.9386666666666666,
        "Confusion_Matrix": {
            "TP": 38,
            "TN": 352,
            "FP": 101,
            "FN": 23
        },
        "AUC_95CI": [
            0.6976201287520291,
            0.8310518622637525
        ],
        "AUC_Text": "0.7674 (0.6976-0.8311)",
        "Brier_Score_95CI": [
            0.07110448889434337,
            0.10682627558708191
        ],
        "Brier_Score_Text": "0.0895 (0.0711-0.1068)",
        "F1_Score_95CI": [
            0.2826056251535249,
            0.4629079818124522
        ],
        "F1_Score_Text": "0.3800 (0.2826-0.4629)",
        "Sensitivity_Recall_95CI": [
            0.49015047879616963,
            0.7385185185185185
        ],
        "Sensitivity_Recall_Text": "0.6230 (0.4902-0.7385)",
        "Specificity_95CI": [
            0.7376646352732897,
            0.8137510813041273
        ],
        "Specificity_Text": "0.7770 (0.7377-0.8138)",
        "PPV_Precision_95CI": [
            0.19707454451405254,
            0.34932345052208064
        ],
        "PPV_Precision_Text": "0.2734 (0.1971-0.3493)",
        "NPV_95CI": [
            0.9142011096216861,
            0.962382968763299
        ],
        "NPV_Text": "0.9387 (0.9142-0.9624)",
        "Net_Benefit_95CI": [
            0.019091283303714054,
            0.06910063944089664
        ],
        "Net_Benefit_Text": "0.0438 (0.0191-0.0691)",
        "Calibration_Slope_95CI": [
            0.7290536172065237,
            1.319596179820359
        ],
        "Calibration_Slope_Text": "1.0031 (0.7291-1.3196)"
    },
    "logistic_regression": {
        "AUC": 0.8106611659971772,
        "Brier_Score": 0.17485229610280642,
        "F1_Score": 0.3861003861003861,
        "Sensitivity_Recall": 0.819672131147541,
        "Specificity": 0.673289183222958,
        "PPV_Precision": 0.25252525252525254,
        "NPV": 0.9651898734177216,
        "Net_Benefit": -0.12066993337223451,
        "Calibration_Slope": 0.8821582035791161,
        "Calibration_Intercept": -1.9580869173522404,
        "Threshold_Used": 0.43082252713213315,
        "Confusion_Matrix": {
            "TP": 50,
            "TN": 305,
            "FP": 148,
            "FN": 11
        },
        "AUC_95CI": [
            0.7521794662966538,
            0.8631149614337568
        ],
        "Brier_Score_95CI": [
            0.15675797066713185,
            0.19277571042690916
        ],
        "F1_Score_95CI": [
            0.309478021978022,
            0.4545624151967435
        ],
        "Sensitivity_Recall_95CI": [
            0.7212933944069432,
            0.9111403508771929
        ],
        "Specificity_95CI": [
            0.6296276469188675,
            0.715232159296766
        ],
        "PPV_Precision_95CI": [
            0.19288327256261767,
            0.31156296186816435
        ],
        "NPV_95CI": [
            0.9438819353633476,
            0.984178463043565
        ],
        "Net_Benefit_95CI": [
            -0.16230365857180526,
            -0.07807198326155126
        ],
        "Calibration_Slope_95CI": [
            0.6671257244850478,
            1.1635364636314967
        ]
    },
    "lr_formula": "z = -0.7181 + 1.1932 \u00d7 tear_characteristics_Tear_MedLat + 0.7155 \u00d7 tear_characteristics_Full_3.0\n    - 0.7025 \u00d7 Tear_Area_cm2 + 0.4783 \u00d7 Tear_AP_ML_Ratio + 0.4497 \u00d7 InsuranceType_5.0\n    + 0.3984 \u00d7 Aged + 0.3697 \u00d7 tear_characteristics_Full_nan + 0.3136 \u00d7 Gender_M + 0.3018 \u00d7 Pre-Op_ROM_Pre-Op_IR + 0.2575 \u00d7 tear_characteristics_Tear_AntPost\n    + ... (30 more terms)\n\nP(retear) = 1 / (1 + exp(-z))",
    "comparison": {
        "AUC_difference": -0.043263489306264225,
        "Brier_difference": -0.08538538156823763,
        "TearSense_better_AUC": false,
        "TearSense_better_Brier": true
    }
}