{
    "tearsense": {
        "model_serial": "05022026_224610_26067",
        "holdout_n": 514,
        "inference_verified": true,
        "stored_AUC": 0.7844787030000361,
        "stored_Brier": 0.0885959882223388,
        "stored_threshold": 0.18000000000000005,
        "AUC": 0.7844787030000361,
        "Brier_Score": 0.08859598636627197,
        "Calibration_Slope": 1.1334414783651838,
        "Calibration_Intercept": 0.21998842018082637,
        "Net_Benefit": 0.039219630816878195,
        "Optimal_Threshold_Used": 0.18824075162410736,
        "Youden_J_Threshold": 0.18824075162410736,
        "F1_Score": 0.4375,
        "Sensitivity_Recall": 0.5737704918032787,
        "Specificity": 0.8587196467991169,
        "PPV_Precision": 0.35353535353535354,
        "NPV": 0.9373493975903614,
        "Confusion_Matrix": {
            "TP": 35,
            "TN": 389,
            "FP": 64,
            "FN": 26
        },
        "AUC_95CI": [
            0.7188370884258991,
            0.8453407806735949
        ],
        "AUC_Text": "0.7845 (0.7188-0.8453)",
        "Brier_Score_95CI": [
            0.07060190755873919,
            0.1059794683009386
        ],
        "Brier_Score_Text": "0.0886 (0.0706-0.1060)",
        "F1_Score_95CI": [
            0.3312863897463952,
            0.5318304431599229
        ],
        "F1_Score_Text": "0.4375 (0.3313-0.5318)",
        "Sensitivity_Recall_95CI": [
            0.44997448979591836,
            0.7037037037037037
        ],
        "Sensitivity_Recall_Text": "0.5738 (0.4500-0.7037)",
        "Specificity_95CI": [
            0.8263640654499684,
            0.8889138576779025
        ],
        "Specificity_Text": "0.8587 (0.8264-0.8889)",
        "PPV_Precision_95CI": [
            0.2579854522454143,
            0.45285202655485673
        ],
        "PPV_Precision_Text": "0.3535 (0.2580-0.4529)",
        "NPV_95CI": [
            0.9146305254620243,
            0.9597992919681149
        ],
        "NPV_Text": "0.9373 (0.9146-0.9598)",
        "Net_Benefit_95CI": [
            0.016277749648545482,
            0.06333436928382624
        ],
        "Net_Benefit_Text": "0.0392 (0.0163-0.0633)",
        "Calibration_Slope_95CI": [
            0.8301778572884655,
            1.491609224839591
        ],
        "Calibration_Slope_Text": "1.1334 (0.8302-1.4916)"
    },
    "logistic_regression": {
        "AUC": 0.8106611659971772,
        "Brier_Score": 0.17485229610276382,
        "F1_Score": 0.3861003861003861,
        "Sensitivity_Recall": 0.819672131147541,
        "Specificity": 0.673289183222958,
        "PPV_Precision": 0.25252525252525254,
        "NPV": 0.9651898734177216,
        "Net_Benefit": -0.12066993337198444,
        "Calibration_Slope": 0.8821582035795066,
        "Calibration_Intercept": -1.9580869173520672,
        "Threshold_Used": 0.43082252713185176,
        "Confusion_Matrix": {
            "TP": 50,
            "TN": 305,
            "FP": 148,
            "FN": 11
        },
        "AUC_95CI": [
            0.7521794662966538,
            0.8631149614337568
        ],
        "Brier_Score_95CI": [
            0.15675797066710226,
            0.1927757104268557
        ],
        "F1_Score_95CI": [
            0.309478021978022,
            0.4545624151967435
        ],
        "Sensitivity_Recall_95CI": [
            0.7212933944069432,
            0.9111403508771929
        ],
        "Specificity_95CI": [
            0.6296276469188675,
            0.715232159296766
        ],
        "PPV_Precision_95CI": [
            0.19288327256261767,
            0.31156296186816435
        ],
        "NPV_95CI": [
            0.9438819353633476,
            0.984178463043565
        ],
        "Net_Benefit_95CI": [
            -0.1623036585715232,
            -0.07807198326133666
        ],
        "Calibration_Slope_95CI": [
            0.6671257244854701,
            1.1635364636319632
        ]
    },
    "lr_formula": "z = -0.7181 + 1.1932 \u00d7 tear_characteristics_Tear_MedLat + 0.7155 \u00d7 tear_characteristics_Full_3.0\n    - 0.7025 \u00d7 Tear_Area_cm2 + 0.4783 \u00d7 Tear_AP_ML_Ratio + 0.4497 \u00d7 InsuranceType_5.0\n    + 0.3984 \u00d7 Aged + 0.3697 \u00d7 tear_characteristics_Full_nan + 0.3136 \u00d7 Gender_M + 0.3018 \u00d7 Pre-Op_ROM_Pre-Op_IR + 0.2575 \u00d7 tear_characteristics_Tear_AntPost\n    + ... (30 more terms)\n\nP(retear) = 1 / (1 + exp(-z))",
    "comparison": {
        "AUC_difference": -0.02618246299714111,
        "Brier_difference": -0.08625630973649184,
        "TearSense_better_AUC": false,
        "TearSense_better_Brier": true
    }
}