{
    "tearsense": {
        "model_serial": "05022026_125050_98738",
        "holdout_n": 514,
        "inference_verified": true,
        "stored_AUC": 0.7645930590236312,
        "stored_Brier": 0.0886887913270107,
        "stored_threshold": 0.21000000000000002,
        "AUC": 0.7645930590236312,
        "Brier_Score": 0.08868879079818726,
        "Calibration_Slope": 1.0229731292113564,
        "Calibration_Intercept": 0.092004607591735,
        "Net_Benefit": 0.06414240641824251,
        "Optimal_Threshold_Used": 0.08837294578552246,
        "Youden_J_Threshold": 0.08837294578552246,
        "F1_Score": 0.3422818791946309,
        "Sensitivity_Recall": 0.8360655737704918,
        "Specificity": 0.5894039735099338,
        "PPV_Precision": 0.21518987341772153,
        "NPV": 0.9638989169675091,
        "Confusion_Matrix": {
            "TP": 51,
            "TN": 267,
            "FP": 186,
            "FN": 10
        },
        "AUC_95CI": [
            0.6873814622802218,
            0.8352024097332381
        ],
        "AUC_Text": "0.7646 (0.6874-0.8352)",
        "Brier_Score_95CI": [
            0.07007700074464082,
            0.10655321888625621
        ],
        "Brier_Score_Text": "0.0887 (0.0701-0.1066)",
        "F1_Score_95CI": [
            0.274365212561728,
            0.41031468531468523
        ],
        "F1_Score_Text": "0.3423 (0.2744-0.4103)",
        "Sensitivity_Recall_95CI": [
            0.7406837606837606,
            0.9259395424836602
        ],
        "Sensitivity_Recall_Text": "0.8361 (0.7407-0.9259)",
        "Specificity_95CI": [
            0.5460526315789473,
            0.6363636363636364
        ],
        "Specificity_Text": "0.5894 (0.5461-0.6364)",
        "PPV_Precision_95CI": [
            0.1659914828565189,
            0.26908409146791246
        ],
        "PPV_Precision_Text": "0.2152 (0.1660-0.2691)",
        "NPV_95CI": [
            0.9409502758393921,
            0.9853506493506494
        ],
        "NPV_Text": "0.9639 (0.9410-0.9854)",
        "Net_Benefit_95CI": [
            0.038969651491456335,
            0.09057997313970519
        ],
        "Net_Benefit_Text": "0.0641 (0.0390-0.0906)",
        "Calibration_Slope_95CI": [
            0.7233850454007318,
            1.417875787354068
        ],
        "Calibration_Slope_Text": "1.0230 (0.7234-1.4179)"
    },
    "logistic_regression": {
        "AUC": 0.8106611659971772,
        "Brier_Score": 0.17485229610280642,
        "F1_Score": 0.3861003861003861,
        "Sensitivity_Recall": 0.819672131147541,
        "Specificity": 0.673289183222958,
        "PPV_Precision": 0.25252525252525254,
        "NPV": 0.9651898734177216,
        "Net_Benefit": -0.12066993337223451,
        "Calibration_Slope": 0.8821582035791161,
        "Calibration_Intercept": -1.9580869173522404,
        "Threshold_Used": 0.43082252713213315,
        "Confusion_Matrix": {
            "TP": 50,
            "TN": 305,
            "FP": 148,
            "FN": 11
        },
        "AUC_95CI": [
            0.7521794662966538,
            0.8631149614337568
        ],
        "Brier_Score_95CI": [
            0.15675797066713185,
            0.19277571042690916
        ],
        "F1_Score_95CI": [
            0.309478021978022,
            0.4545624151967435
        ],
        "Sensitivity_Recall_95CI": [
            0.7212933944069432,
            0.9111403508771929
        ],
        "Specificity_95CI": [
            0.6296276469188675,
            0.715232159296766
        ],
        "PPV_Precision_95CI": [
            0.19288327256261767,
            0.31156296186816435
        ],
        "NPV_95CI": [
            0.9438819353633476,
            0.984178463043565
        ],
        "Net_Benefit_95CI": [
            -0.16230365857180526,
            -0.07807198326155126
        ],
        "Calibration_Slope_95CI": [
            0.6671257244850478,
            1.1635364636314967
        ]
    },
    "lr_formula": "z = -0.7181 + 1.1932 \u00d7 tear_characteristics_Tear_MedLat + 0.7155 \u00d7 tear_characteristics_Full_3.0\n    - 0.7025 \u00d7 Tear_Area_cm2 + 0.4783 \u00d7 Tear_AP_ML_Ratio + 0.4497 \u00d7 InsuranceType_5.0\n    + 0.3984 \u00d7 Aged + 0.3697 \u00d7 tear_characteristics_Full_nan + 0.3136 \u00d7 Gender_M + 0.3018 \u00d7 Pre-Op_ROM_Pre-Op_IR + 0.2575 \u00d7 tear_characteristics_Tear_AntPost\n    + ... (30 more terms)\n\nP(retear) = 1 / (1 + exp(-z))",
    "comparison": {
        "AUC_difference": -0.04606810697354602,
        "Brier_difference": -0.08616350530461916,
        "TearSense_better_AUC": false,
        "TearSense_better_Brier": true
    }
}