{
    "tearsense": {
        "model_serial": "05022026_103120_84809",
        "holdout_n": 514,
        "inference_verified": true,
        "stored_AUC": 0.7809322187239894,
        "stored_Brier": 0.08911938684782024,
        "stored_threshold": 0.15000000000000002,
        "AUC": 0.7809322187239894,
        "Brier_Score": 0.08911938965320587,
        "Calibration_Slope": 1.1291534941483685,
        "Calibration_Intercept": 0.2319262986542824,
        "Net_Benefit": 0.04409310938198099,
        "Optimal_Threshold_Used": 0.1439979374408722,
        "Youden_J_Threshold": 0.1439979374408722,
        "F1_Score": 0.3886255924170616,
        "Sensitivity_Recall": 0.6721311475409836,
        "Specificity": 0.7593818984547461,
        "PPV_Precision": 0.2733333333333333,
        "NPV": 0.945054945054945,
        "Confusion_Matrix": {
            "TP": 41,
            "TN": 344,
            "FP": 109,
            "FN": 20
        },
        "AUC_95CI": [
            0.7138998592981824,
            0.844205118500027
        ],
        "AUC_Text": "0.7809 (0.7139-0.8442)",
        "Brier_Score_95CI": [
            0.07078959010541439,
            0.10702982824295759
        ],
        "Brier_Score_Text": "0.0891 (0.0708-0.1070)",
        "F1_Score_95CI": [
            0.2974235807860262,
            0.4739086578873634
        ],
        "F1_Score_Text": "0.3886 (0.2974-0.4739)",
        "Sensitivity_Recall_95CI": [
            0.5482739105829089,
            0.7857522796352583
        ],
        "Sensitivity_Recall_Text": "0.6721 (0.5483-0.7858)",
        "Specificity_95CI": [
            0.719453044375645,
            0.8004438403954515
        ],
        "Specificity_Text": "0.7594 (0.7195-0.8004)",
        "PPV_Precision_95CI": [
            0.20138663419913422,
            0.35135663006756757
        ],
        "PPV_Precision_Text": "0.2733 (0.2014-0.3514)",
        "NPV_95CI": [
            0.9224137931034483,
            0.9686631944444444
        ],
        "NPV_Text": "0.9451 (0.9224-0.9687)",
        "Net_Benefit_95CI": [
            0.01944720317315353,
            0.07102996965577171
        ],
        "Net_Benefit_Text": "0.0441 (0.0194-0.0710)",
        "Calibration_Slope_95CI": [
            0.8222464194889908,
            1.518194323481262
        ],
        "Calibration_Slope_Text": "1.1292 (0.8222-1.5182)"
    },
    "logistic_regression": "Not available (no training data)",
    "lr_formula": null
}