{
    "tearsense": {
        "model_serial": "05022026_123748_52767",
        "holdout_n": 514,
        "inference_verified": true,
        "stored_AUC": 0.7753048890818949,
        "stored_Brier": 0.08906722927422639,
        "stored_threshold": 0.16000000000000003,
        "AUC": 0.7753048890818949,
        "Brier_Score": 0.08906722813844681,
        "Calibration_Slope": 1.0694605161195925,
        "Calibration_Intercept": 0.1545171033900784,
        "Net_Benefit": 0.04179289539068802,
        "Optimal_Threshold_Used": 0.16382338106632233,
        "Youden_J_Threshold": 0.16382338106632233,
        "F1_Score": 0.42424242424242425,
        "Sensitivity_Recall": 0.5737704918032787,
        "Specificity": 0.847682119205298,
        "PPV_Precision": 0.33653846153846156,
        "NPV": 0.9365853658536586,
        "Confusion_Matrix": {
            "TP": 35,
            "TN": 384,
            "FP": 69,
            "FN": 26
        },
        "AUC_95CI": [
            0.7052605632215007,
            0.8397276082944305
        ],
        "AUC_Text": "0.7753 (0.7053-0.8397)",
        "Brier_Score_95CI": [
            0.07080178633332253,
            0.10690087247639894
        ],
        "Brier_Score_Text": "0.0891 (0.0708-0.1069)",
        "F1_Score_95CI": [
            0.3239196045840259,
            0.5143120070113935
        ],
        "F1_Score_Text": "0.4242 (0.3239-0.5143)",
        "Sensitivity_Recall_95CI": [
            0.44642857142857145,
            0.6909090909090909
        ],
        "Sensitivity_Recall_Text": "0.5738 (0.4464-0.6909)",
        "Specificity_95CI": [
            0.8155495495495496,
            0.879392563054244
        ],
        "Specificity_Text": "0.8477 (0.8155-0.8794)",
        "PPV_Precision_95CI": [
            0.24508169934640522,
            0.4330140050573818
        ],
        "PPV_Precision_Text": "0.3365 (0.2451-0.4330)",
        "NPV_95CI": [
            0.9131429883649724,
            0.959429622684396
        ],
        "NPV_Text": "0.9366 (0.9131-0.9594)",
        "Net_Benefit_95CI": [
            0.019286325684174908,
            0.06586183923505459
        ],
        "Net_Benefit_Text": "0.0418 (0.0193-0.0659)",
        "Calibration_Slope_95CI": [
            0.7853726593956413,
            1.4113371827825807
        ],
        "Calibration_Slope_Text": "1.0695 (0.7854-1.4113)"
    },
    "logistic_regression": {
        "AUC": 0.8106611659971772,
        "Brier_Score": 0.17485229610280642,
        "F1_Score": 0.3861003861003861,
        "Sensitivity_Recall": 0.819672131147541,
        "Specificity": 0.673289183222958,
        "PPV_Precision": 0.25252525252525254,
        "NPV": 0.9651898734177216,
        "Net_Benefit": -0.12066993337223451,
        "Calibration_Slope": 0.8821582035791161,
        "Calibration_Intercept": -1.9580869173522404,
        "Threshold_Used": 0.43082252713213315,
        "Confusion_Matrix": {
            "TP": 50,
            "TN": 305,
            "FP": 148,
            "FN": 11
        },
        "AUC_95CI": [
            0.7521794662966538,
            0.8631149614337568
        ],
        "Brier_Score_95CI": [
            0.15675797066713185,
            0.19277571042690916
        ],
        "F1_Score_95CI": [
            0.309478021978022,
            0.4545624151967435
        ],
        "Sensitivity_Recall_95CI": [
            0.7212933944069432,
            0.9111403508771929
        ],
        "Specificity_95CI": [
            0.6296276469188675,
            0.715232159296766
        ],
        "PPV_Precision_95CI": [
            0.19288327256261767,
            0.31156296186816435
        ],
        "NPV_95CI": [
            0.9438819353633476,
            0.984178463043565
        ],
        "Net_Benefit_95CI": [
            -0.16230365857180526,
            -0.07807198326155126
        ],
        "Calibration_Slope_95CI": [
            0.6671257244850478,
            1.1635364636314967
        ]
    },
    "lr_formula": "z = -0.7181 + 1.1932 \u00d7 tear_characteristics_Tear_MedLat + 0.7155 \u00d7 tear_characteristics_Full_3.0\n    - 0.7025 \u00d7 Tear_Area_cm2 + 0.4783 \u00d7 Tear_AP_ML_Ratio + 0.4497 \u00d7 InsuranceType_5.0\n    + 0.3984 \u00d7 Aged + 0.3697 \u00d7 tear_characteristics_Full_nan + 0.3136 \u00d7 Gender_M + 0.3018 \u00d7 Pre-Op_ROM_Pre-Op_IR + 0.2575 \u00d7 tear_characteristics_Tear_AntPost\n    + ... (30 more terms)\n\nP(retear) = 1 / (1 + exp(-z))",
    "comparison": {
        "AUC_difference": -0.035356276915282314,
        "Brier_difference": -0.08578506796435961,
        "TearSense_better_AUC": false,
        "TearSense_better_Brier": true
    }
}