{
    "tearsense": {
        "model_serial": "05022026_110351_60747",
        "holdout_n": 514,
        "inference_verified": true,
        "stored_AUC": 0.7846958346904063,
        "stored_Brier": 0.08821802891272541,
        "stored_threshold": 0.22000000000000003,
        "AUC": 0.7846958346904063,
        "Brier_Score": 0.08821802586317062,
        "Calibration_Slope": 1.003721055104476,
        "Calibration_Intercept": 0.013178932227149297,
        "Net_Benefit": 0.047083766084516095,
        "Optimal_Threshold_Used": 0.1364229917526245,
        "Youden_J_Threshold": 0.1364229917526245,
        "F1_Score": 0.38565022421524664,
        "Sensitivity_Recall": 0.7049180327868853,
        "Specificity": 0.7373068432671082,
        "PPV_Precision": 0.2654320987654321,
        "NPV": 0.9488636363636364,
        "Confusion_Matrix": {
            "TP": 43,
            "TN": 334,
            "FP": 119,
            "FN": 18
        },
        "AUC_95CI": [
            0.7188980843110987,
            0.8478639526148397
        ],
        "AUC_Text": "0.7847 (0.7189-0.8479)",
        "Brier_Score_95CI": [
            0.07038802225142718,
            0.10535378772765397
        ],
        "Brier_Score_Text": "0.0882 (0.0704-0.1054)",
        "F1_Score_95CI": [
            0.29590437440799106,
            0.4657621314139772
        ],
        "F1_Score_Text": "0.3857 (0.2959-0.4658)",
        "Sensitivity_Recall_95CI": [
            0.5849056603773585,
            0.814861111111111
        ],
        "Sensitivity_Recall_Text": "0.7049 (0.5849-0.8149)",
        "Specificity_95CI": [
            0.6964996514296227,
            0.7799750601995185
        ],
        "Specificity_Text": "0.7373 (0.6965-0.7800)",
        "PPV_Precision_95CI": [
            0.1986026551665821,
            0.3333333333333333
        ],
        "PPV_Precision_Text": "0.2654 (0.1986-0.3333)",
        "NPV_95CI": [
            0.9260327635327635,
            0.971511994949495
        ],
        "NPV_Text": "0.9489 (0.9260-0.9715)",
        "Net_Benefit_95CI": [
            0.02199773971557659,
            0.07463614678357067
        ],
        "Net_Benefit_Text": "0.0471 (0.0220-0.0746)",
        "Calibration_Slope_95CI": [
            0.7250123873237024,
            1.350403320693089
        ],
        "Calibration_Slope_Text": "1.0037 (0.7250-1.3504)"
    },
    "logistic_regression": "Not available (no training data)",
    "lr_formula": null
}