{
    "tearsense": {
        "model_serial": "05022026_143422_91569",
        "holdout_n": 514,
        "inference_verified": true,
        "stored_AUC": 0.7686823725256033,
        "stored_Brier": 0.08850501477718353,
        "stored_threshold": 0.15000000000000002,
        "AUC": 0.7686823725256033,
        "Brier_Score": 0.08850501477718353,
        "Calibration_Slope": 1.052007164028652,
        "Calibration_Intercept": 0.12708745578789588,
        "Net_Benefit": 0.05637821334363125,
        "Optimal_Threshold_Used": 0.10191255807876587,
        "Youden_J_Threshold": 0.10191255807876587,
        "F1_Score": 0.35797665369649806,
        "Sensitivity_Recall": 0.7540983606557377,
        "Specificity": 0.6688741721854304,
        "PPV_Precision": 0.23469387755102042,
        "NPV": 0.9528301886792453,
        "Confusion_Matrix": {
            "TP": 46,
            "TN": 303,
            "FP": 150,
            "FN": 15
        },
        "AUC_95CI": [
            0.6977292703256371,
            0.8331126747546239
        ],
        "AUC_Text": "0.7687 (0.6977-0.8331)",
        "Brier_Score_95CI": [
            0.07026211079210043,
            0.1063496185466647
        ],
        "Brier_Score_Text": "0.0885 (0.0703-0.1063)",
        "F1_Score_95CI": [
            0.2794397556151722,
            0.4322494669509595
        ],
        "F1_Score_Text": "0.3580 (0.2794-0.4322)",
        "Sensitivity_Recall_95CI": [
            0.6388741134751773,
            0.8571428571428571
        ],
        "Sensitivity_Recall_Text": "0.7541 (0.6389-0.8571)",
        "Specificity_95CI": [
            0.6222634243485772,
            0.713004979261327
        ],
        "Specificity_Text": "0.6689 (0.6223-0.7130)",
        "PPV_Precision_95CI": [
            0.17706801470588238,
            0.29594615073752273
        ],
        "PPV_Precision_Text": "0.2347 (0.1771-0.2959)",
        "NPV_95CI": [
            0.9303630646661544,
            0.9749406866061304
        ],
        "NPV_Text": "0.9528 (0.9304-0.9749)",
        "Net_Benefit_95CI": [
            0.03125917071955432,
            0.08370739791961276
        ],
        "Net_Benefit_Text": "0.0564 (0.0313-0.0837)",
        "Calibration_Slope_95CI": [
            0.7483883418191339,
            1.4437616670659754
        ],
        "Calibration_Slope_Text": "1.0520 (0.7484-1.4438)"
    },
    "logistic_regression": {
        "AUC": 0.8106611659971772,
        "Brier_Score": 0.17485229610276382,
        "F1_Score": 0.3861003861003861,
        "Sensitivity_Recall": 0.819672131147541,
        "Specificity": 0.673289183222958,
        "PPV_Precision": 0.25252525252525254,
        "NPV": 0.9651898734177216,
        "Net_Benefit": -0.12066993337198444,
        "Calibration_Slope": 0.8821582035795066,
        "Calibration_Intercept": -1.9580869173520672,
        "Threshold_Used": 0.43082252713185176,
        "Confusion_Matrix": {
            "TP": 50,
            "TN": 305,
            "FP": 148,
            "FN": 11
        },
        "AUC_95CI": [
            0.7521794662966538,
            0.8631149614337568
        ],
        "Brier_Score_95CI": [
            0.15675797066710226,
            0.1927757104268557
        ],
        "F1_Score_95CI": [
            0.309478021978022,
            0.4545624151967435
        ],
        "Sensitivity_Recall_95CI": [
            0.7212933944069432,
            0.9111403508771929
        ],
        "Specificity_95CI": [
            0.6296276469188675,
            0.715232159296766
        ],
        "PPV_Precision_95CI": [
            0.19288327256261767,
            0.31156296186816435
        ],
        "NPV_95CI": [
            0.9438819353633476,
            0.984178463043565
        ],
        "Net_Benefit_95CI": [
            -0.1623036585715232,
            -0.07807198326133666
        ],
        "Calibration_Slope_95CI": [
            0.6671257244854701,
            1.1635364636319632
        ]
    },
    "lr_formula": "z = -0.7181 + 1.1932 \u00d7 tear_characteristics_Tear_MedLat + 0.7155 \u00d7 tear_characteristics_Full_3.0\n    - 0.7025 \u00d7 Tear_Area_cm2 + 0.4783 \u00d7 Tear_AP_ML_Ratio + 0.4497 \u00d7 InsuranceType_5.0\n    + 0.3984 \u00d7 Aged + 0.3697 \u00d7 tear_characteristics_Full_Missing + 0.3136 \u00d7 Gender_M + 0.3018 \u00d7 Pre-Op_ROM_Pre-Op_IR + 0.2575 \u00d7 tear_characteristics_Tear_AntPost\n    + ... (30 more terms)\n\nP(retear) = 1 / (1 + exp(-z))",
    "comparison": {
        "AUC_difference": -0.04197879347157385,
        "Brier_difference": -0.08634728132558028,
        "TearSense_better_AUC": false,
        "TearSense_better_Brier": true
    }
}