{
    "tearsense": {
        "model_serial": "05022026_133551_45466",
        "holdout_n": 514,
        "inference_verified": true,
        "stored_AUC": 0.7804436724206567,
        "stored_Brier": 0.09045736491680145,
        "stored_threshold": 0.19,
        "AUC": 0.7804436724206567,
        "Brier_Score": 0.09045736491680145,
        "Calibration_Slope": 1.1839581034037792,
        "Calibration_Intercept": 0.31329008552767695,
        "Net_Benefit": 0.061515778043329826,
        "Optimal_Threshold_Used": 0.0955817773938179,
        "Youden_J_Threshold": 0.0955817773938179,
        "F1_Score": 0.36363636363636365,
        "Sensitivity_Recall": 0.7868852459016393,
        "Specificity": 0.6578366445916115,
        "PPV_Precision": 0.23645320197044334,
        "NPV": 0.9581993569131833,
        "Confusion_Matrix": {
            "TP": 48,
            "TN": 298,
            "FP": 155,
            "FN": 13
        },
        "AUC_95CI": [
            0.7128090743324119,
            0.8432128396029258
        ],
        "AUC_Text": "0.7804 (0.7128-0.8432)",
        "Brier_Score_95CI": [
            0.07239004280418157,
            0.10795450378209352
        ],
        "Brier_Score_Text": "0.0905 (0.0724-0.1080)",
        "F1_Score_95CI": [
            0.2888700564971751,
            0.43885808999858933
        ],
        "F1_Score_Text": "0.3636 (0.2889-0.4389)",
        "Sensitivity_Recall_95CI": [
            0.673469387755102,
            0.8923214285714286
        ],
        "Sensitivity_Recall_Text": "0.7869 (0.6735-0.8923)",
        "Specificity_95CI": [
            0.6125999878802569,
            0.7036366352410038
        ],
        "Specificity_Text": "0.6578 (0.6126-0.7036)",
        "PPV_Precision_95CI": [
            0.178743961352657,
            0.296819459079733
        ],
        "PPV_Precision_Text": "0.2365 (0.1787-0.2968)",
        "NPV_95CI": [
            0.9339615558955182,
            0.9803984819734345
        ],
        "NPV_Text": "0.9582 (0.9340-0.9804)",
        "Net_Benefit_95CI": [
            0.036825251604624465,
            0.08886369947997202
        ],
        "Net_Benefit_Text": "0.0615 (0.0368-0.0889)",
        "Calibration_Slope_95CI": [
            0.8705689178389104,
            1.5538040725186588
        ],
        "Calibration_Slope_Text": "1.1840 (0.8706-1.5538)"
    },
    "logistic_regression": {
        "AUC": 0.8106611659971772,
        "Brier_Score": 0.17485229610276382,
        "F1_Score": 0.3861003861003861,
        "Sensitivity_Recall": 0.819672131147541,
        "Specificity": 0.673289183222958,
        "PPV_Precision": 0.25252525252525254,
        "NPV": 0.9651898734177216,
        "Net_Benefit": -0.12066993337198444,
        "Calibration_Slope": 0.8821582035795066,
        "Calibration_Intercept": -1.9580869173520672,
        "Threshold_Used": 0.43082252713185176,
        "Confusion_Matrix": {
            "TP": 50,
            "TN": 305,
            "FP": 148,
            "FN": 11
        },
        "AUC_95CI": [
            0.7521794662966538,
            0.8631149614337568
        ],
        "Brier_Score_95CI": [
            0.15675797066710226,
            0.1927757104268557
        ],
        "F1_Score_95CI": [
            0.309478021978022,
            0.4545624151967435
        ],
        "Sensitivity_Recall_95CI": [
            0.7212933944069432,
            0.9111403508771929
        ],
        "Specificity_95CI": [
            0.6296276469188675,
            0.715232159296766
        ],
        "PPV_Precision_95CI": [
            0.19288327256261767,
            0.31156296186816435
        ],
        "NPV_95CI": [
            0.9438819353633476,
            0.984178463043565
        ],
        "Net_Benefit_95CI": [
            -0.1623036585715232,
            -0.07807198326133666
        ],
        "Calibration_Slope_95CI": [
            0.6671257244854701,
            1.1635364636319632
        ]
    },
    "lr_formula": "z = -0.7181 + 1.1932 \u00d7 tear_characteristics_Tear_MedLat + 0.7155 \u00d7 tear_characteristics_Full_3.0\n    - 0.7025 \u00d7 Tear_Area_cm2 + 0.4783 \u00d7 Tear_AP_ML_Ratio + 0.4497 \u00d7 InsuranceType_5.0\n    + 0.3984 \u00d7 Aged + 0.3697 \u00d7 tear_characteristics_Full_Missing + 0.3136 \u00d7 Gender_M + 0.3018 \u00d7 Pre-Op_ROM_Pre-Op_IR + 0.2575 \u00d7 tear_characteristics_Tear_AntPost\n    + ... (30 more terms)\n\nP(retear) = 1 / (1 + exp(-z))",
    "comparison": {
        "AUC_difference": -0.030217493576520482,
        "Brier_difference": -0.08439493118596236,
        "TearSense_better_AUC": false,
        "TearSense_better_Brier": true
    }
}