{
    "tearsense": {
        "model_serial": "05022026_192241_25138",
        "holdout_n": 514,
        "inference_verified": true,
        "stored_AUC": 0.7616617812036334,
        "stored_Brier": 0.09041473871605518,
        "stored_threshold": 0.18000000000000005,
        "AUC": 0.7616617812036334,
        "Brier_Score": 0.09041474014520645,
        "Calibration_Slope": 0.9806989037979591,
        "Calibration_Intercept": 0.0013255345403661927,
        "Net_Benefit": 0.038782451793046166,
        "Optimal_Threshold_Used": 0.17567820847034454,
        "Youden_J_Threshold": 0.17567820847034454,
        "F1_Score": 0.422360248447205,
        "Sensitivity_Recall": 0.5573770491803278,
        "Specificity": 0.8543046357615894,
        "PPV_Precision": 0.34,
        "NPV": 0.9347826086956522,
        "Confusion_Matrix": {
            "TP": 34,
            "TN": 387,
            "FP": 66,
            "FN": 27
        },
        "AUC_95CI": [
            0.6899981583004969,
            0.8269556044854759
        ],
        "AUC_Text": "0.7617 (0.6900-0.8270)",
        "Brier_Score_95CI": [
            0.07170252203941345,
            0.108334974758327
        ],
        "Brier_Score_Text": "0.0904 (0.0717-0.1083)",
        "F1_Score_95CI": [
            0.3174374785885577,
            0.517680565897245
        ],
        "F1_Score_Text": "0.4224 (0.3174-0.5177)",
        "Sensitivity_Recall_95CI": [
            0.42665573770491805,
            0.6889080459770115
        ],
        "Sensitivity_Recall_Text": "0.5574 (0.4267-0.6889)",
        "Specificity_95CI": [
            0.8221923937360178,
            0.8876410681581943
        ],
        "Specificity_Text": "0.8543 (0.8222-0.8876)",
        "PPV_Precision_95CI": [
            0.24560575968222442,
            0.4375
        ],
        "PPV_Precision_Text": "0.3400 (0.2456-0.4375)",
        "NPV_95CI": [
            0.9115462950989267,
            0.9587378640776699
        ],
        "NPV_Text": "0.9348 (0.9115-0.9587)",
        "Net_Benefit_95CI": [
            0.016424807103486566,
            0.06293737824706148
        ],
        "Net_Benefit_Text": "0.0388 (0.0164-0.0629)",
        "Calibration_Slope_95CI": [
            0.6882388059050247,
            1.331921441948117
        ],
        "Calibration_Slope_Text": "0.9807 (0.6882-1.3319)"
    },
    "logistic_regression": {
        "AUC": 0.8106611659971772,
        "Brier_Score": 0.17485229610280642,
        "F1_Score": 0.3861003861003861,
        "Sensitivity_Recall": 0.819672131147541,
        "Specificity": 0.673289183222958,
        "PPV_Precision": 0.25252525252525254,
        "NPV": 0.9651898734177216,
        "Net_Benefit": -0.12066993337223451,
        "Calibration_Slope": 0.8821582035791161,
        "Calibration_Intercept": -1.9580869173522404,
        "Threshold_Used": 0.43082252713213315,
        "Confusion_Matrix": {
            "TP": 50,
            "TN": 305,
            "FP": 148,
            "FN": 11
        },
        "AUC_95CI": [
            0.7521794662966538,
            0.8631149614337568
        ],
        "Brier_Score_95CI": [
            0.15675797066713185,
            0.19277571042690916
        ],
        "F1_Score_95CI": [
            0.309478021978022,
            0.4545624151967435
        ],
        "Sensitivity_Recall_95CI": [
            0.7212933944069432,
            0.9111403508771929
        ],
        "Specificity_95CI": [
            0.6296276469188675,
            0.715232159296766
        ],
        "PPV_Precision_95CI": [
            0.19288327256261767,
            0.31156296186816435
        ],
        "NPV_95CI": [
            0.9438819353633476,
            0.984178463043565
        ],
        "Net_Benefit_95CI": [
            -0.16230365857180526,
            -0.07807198326155126
        ],
        "Calibration_Slope_95CI": [
            0.6671257244850478,
            1.1635364636314967
        ]
    },
    "lr_formula": "z = -0.7181 + 1.1932 \u00d7 tear_characteristics_Tear_MedLat + 0.7155 \u00d7 tear_characteristics_Full_3.0\n    - 0.7025 \u00d7 Tear_Area_cm2 + 0.4783 \u00d7 Tear_AP_ML_Ratio + 0.4497 \u00d7 InsuranceType_5.0\n    + 0.3984 \u00d7 Aged + 0.3697 \u00d7 tear_characteristics_Full_nan + 0.3136 \u00d7 Gender_M + 0.3018 \u00d7 Pre-Op_ROM_Pre-Op_IR + 0.2575 \u00d7 tear_characteristics_Tear_AntPost\n    + ... (30 more terms)\n\nP(retear) = 1 / (1 + exp(-z))",
    "comparison": {
        "AUC_difference": -0.04899938479354382,
        "Brier_difference": -0.08443755595759997,
        "TearSense_better_AUC": false,
        "TearSense_better_Brier": true
    }
}