{
    "tearsense": {
        "model_serial": "05022026_162649_84648",
        "holdout_n": 514,
        "inference_verified": true,
        "stored_AUC": 0.7754134549270799,
        "stored_Brier": 0.10654991549129134,
        "stored_threshold": 0.34,
        "AUC": 0.7754134549270799,
        "Brier_Score": 0.10654991543629627,
        "Calibration_Slope": 0.7666748919603119,
        "Calibration_Intercept": -1.1046636341355478,
        "Net_Benefit": 0.019016296393242357,
        "Optimal_Threshold_Used": 0.2020653963088958,
        "Youden_J_Threshold": 0.2020653963088958,
        "F1_Score": 0.3686274509803922,
        "Sensitivity_Recall": 0.7704918032786885,
        "Specificity": 0.6754966887417219,
        "PPV_Precision": 0.2422680412371134,
        "NPV": 0.95625,
        "Confusion_Matrix": {
            "TP": 47,
            "TN": 306,
            "FP": 147,
            "FN": 14
        },
        "AUC_95CI": [
            0.708512651596501,
            0.8376472762315867
        ],
        "AUC_Text": "0.7754 (0.7085-0.8376)",
        "Brier_Score_95CI": [
            0.09003756597442843,
            0.12255505063522805
        ],
        "Brier_Score_Text": "0.1065 (0.0900-0.1226)",
        "F1_Score_95CI": [
            0.2878567060741949,
            0.44362990810359226
        ],
        "F1_Score_Text": "0.3686 (0.2879-0.4436)",
        "Sensitivity_Recall_95CI": [
            0.654527972027972,
            0.8781314592806945
        ],
        "Sensitivity_Recall_Text": "0.7705 (0.6545-0.8781)",
        "Specificity_95CI": [
            0.630800876338851,
            0.7216251483963383
        ],
        "Specificity_Text": "0.6755 (0.6308-0.7216)",
        "PPV_Precision_95CI": [
            0.18366278448552198,
            0.30435817805383025
        ],
        "PPV_Precision_Text": "0.2423 (0.1837-0.3044)",
        "NPV_95CI": [
            0.9329286835613366,
            0.9780648922171911
        ],
        "NPV_Text": "0.9563 (0.9329-0.9781)",
        "Net_Benefit_95CI": [
            -0.00885068807685894,
            0.04790424085988173
        ],
        "Net_Benefit_Text": "0.0190 (-0.0089-0.0479)",
        "Calibration_Slope_95CI": [
            0.5738944232767428,
            1.0087515461235919
        ],
        "Calibration_Slope_Text": "0.7667 (0.5739-1.0088)"
    },
    "logistic_regression": {
        "AUC": 0.8106611659971772,
        "Brier_Score": 0.17485229610280642,
        "F1_Score": 0.3861003861003861,
        "Sensitivity_Recall": 0.819672131147541,
        "Specificity": 0.673289183222958,
        "PPV_Precision": 0.25252525252525254,
        "NPV": 0.9651898734177216,
        "Net_Benefit": -0.12066993337223451,
        "Calibration_Slope": 0.8821582035791161,
        "Calibration_Intercept": -1.9580869173522404,
        "Threshold_Used": 0.43082252713213315,
        "Confusion_Matrix": {
            "TP": 50,
            "TN": 305,
            "FP": 148,
            "FN": 11
        },
        "AUC_95CI": [
            0.7521794662966538,
            0.8631149614337568
        ],
        "Brier_Score_95CI": [
            0.15675797066713185,
            0.19277571042690916
        ],
        "F1_Score_95CI": [
            0.309478021978022,
            0.4545624151967435
        ],
        "Sensitivity_Recall_95CI": [
            0.7212933944069432,
            0.9111403508771929
        ],
        "Specificity_95CI": [
            0.6296276469188675,
            0.715232159296766
        ],
        "PPV_Precision_95CI": [
            0.19288327256261767,
            0.31156296186816435
        ],
        "NPV_95CI": [
            0.9438819353633476,
            0.984178463043565
        ],
        "Net_Benefit_95CI": [
            -0.16230365857180526,
            -0.07807198326155126
        ],
        "Calibration_Slope_95CI": [
            0.6671257244850478,
            1.1635364636314967
        ]
    },
    "lr_formula": "z = -0.7181 + 1.1932 \u00d7 tear_characteristics_Tear_MedLat + 0.7155 \u00d7 tear_characteristics_Full_3.0\n    - 0.7025 \u00d7 Tear_Area_cm2 + 0.4783 \u00d7 Tear_AP_ML_Ratio + 0.4497 \u00d7 InsuranceType_5.0\n    + 0.3984 \u00d7 Aged + 0.3697 \u00d7 tear_characteristics_Full_nan + 0.3136 \u00d7 Gender_M + 0.3018 \u00d7 Pre-Op_ROM_Pre-Op_IR + 0.2575 \u00d7 tear_characteristics_Tear_AntPost\n    + ... (30 more terms)\n\nP(retear) = 1 / (1 + exp(-z))",
    "comparison": {
        "AUC_difference": -0.035247711070097276,
        "Brier_difference": -0.06830238066651015,
        "TearSense_better_AUC": false,
        "TearSense_better_Brier": true
    }
}