{
    "tearsense": {
        "model_serial": "05022026_153547_99049",
        "holdout_n": 514,
        "inference_verified": true,
        "stored_AUC": 0.777838092136214,
        "stored_Brier": 0.08771493309904299,
        "stored_threshold": 0.22000000000000003,
        "AUC": 0.777838092136214,
        "Brier_Score": 0.08771493285894394,
        "Calibration_Slope": 1.1372136432534838,
        "Calibration_Intercept": 0.25067458000465676,
        "Net_Benefit": 0.05378012550680553,
        "Optimal_Threshold_Used": 0.10468366742134094,
        "Youden_J_Threshold": 0.10468366742134094,
        "F1_Score": 0.3484848484848485,
        "Sensitivity_Recall": 0.7540983606557377,
        "Specificity": 0.6534216335540839,
        "PPV_Precision": 0.22660098522167488,
        "NPV": 0.9517684887459807,
        "Confusion_Matrix": {
            "TP": 46,
            "TN": 296,
            "FP": 157,
            "FN": 15
        },
        "AUC_95CI": [
            0.7095220449179538,
            0.840291888420247
        ],
        "AUC_Text": "0.7778 (0.7095-0.8403)",
        "Brier_Score_95CI": [
            0.06973218731582165,
            0.10505531337112188
        ],
        "Brier_Score_Text": "0.0877 (0.0697-0.1051)",
        "F1_Score_95CI": [
            0.272699214365881,
            0.4260018750174908
        ],
        "F1_Score_Text": "0.3485 (0.2727-0.4260)",
        "Sensitivity_Recall_95CI": [
            0.6405514039855073,
            0.8636556240369799
        ],
        "Sensitivity_Recall_Text": "0.7541 (0.6406-0.8637)",
        "Specificity_95CI": [
            0.6083973480891657,
            0.6997903610530839
        ],
        "Specificity_Text": "0.6534 (0.6084-0.6998)",
        "PPV_Precision_95CI": [
            0.17061611374407584,
            0.2886707871207309
        ],
        "PPV_Precision_Text": "0.2266 (0.1706-0.2887)",
        "NPV_95CI": [
            0.9266009020895339,
            0.9744509413868627
        ],
        "NPV_Text": "0.9518 (0.9266-0.9745)",
        "Net_Benefit_95CI": [
            0.028836387552992688,
            0.0810251128107711
        ],
        "Net_Benefit_Text": "0.0538 (0.0288-0.0810)",
        "Calibration_Slope_95CI": [
            0.8375237406972964,
            1.5102930122776492
        ],
        "Calibration_Slope_Text": "1.1372 (0.8375-1.5103)"
    },
    "logistic_regression": {
        "AUC": 0.8106611659971772,
        "Brier_Score": 0.17485229610280642,
        "F1_Score": 0.3861003861003861,
        "Sensitivity_Recall": 0.819672131147541,
        "Specificity": 0.673289183222958,
        "PPV_Precision": 0.25252525252525254,
        "NPV": 0.9651898734177216,
        "Net_Benefit": -0.12066993337223451,
        "Calibration_Slope": 0.8821582035791161,
        "Calibration_Intercept": -1.9580869173522404,
        "Threshold_Used": 0.43082252713213315,
        "Confusion_Matrix": {
            "TP": 50,
            "TN": 305,
            "FP": 148,
            "FN": 11
        },
        "AUC_95CI": [
            0.7521794662966538,
            0.8631149614337568
        ],
        "Brier_Score_95CI": [
            0.15675797066713185,
            0.19277571042690916
        ],
        "F1_Score_95CI": [
            0.309478021978022,
            0.4545624151967435
        ],
        "Sensitivity_Recall_95CI": [
            0.7212933944069432,
            0.9111403508771929
        ],
        "Specificity_95CI": [
            0.6296276469188675,
            0.715232159296766
        ],
        "PPV_Precision_95CI": [
            0.19288327256261767,
            0.31156296186816435
        ],
        "NPV_95CI": [
            0.9438819353633476,
            0.984178463043565
        ],
        "Net_Benefit_95CI": [
            -0.16230365857180526,
            -0.07807198326155126
        ],
        "Calibration_Slope_95CI": [
            0.6671257244850478,
            1.1635364636314967
        ]
    },
    "lr_formula": "z = -0.7181 + 1.1932 \u00d7 tear_characteristics_Tear_MedLat + 0.7155 \u00d7 tear_characteristics_Full_3.0\n    - 0.7025 \u00d7 Tear_Area_cm2 + 0.4783 \u00d7 Tear_AP_ML_Ratio + 0.4497 \u00d7 InsuranceType_5.0\n    + 0.3984 \u00d7 Aged + 0.3697 \u00d7 tear_characteristics_Full_nan + 0.3136 \u00d7 Gender_M + 0.3018 \u00d7 Pre-Op_ROM_Pre-Op_IR + 0.2575 \u00d7 tear_characteristics_Tear_AntPost\n    + ... (30 more terms)\n\nP(retear) = 1 / (1 + exp(-z))",
    "comparison": {
        "AUC_difference": -0.03282307386096317,
        "Brier_difference": -0.08713736324386248,
        "TearSense_better_AUC": false,
        "TearSense_better_Brier": true
    }
}