{
    "tearsense": {
        "model_serial": "05022026_114548_67055",
        "holdout_n": 514,
        "inference_verified": true,
        "stored_AUC": 0.7771866970651033,
        "stored_Brier": 0.08984772818334445,
        "stored_threshold": 0.31000000000000005,
        "AUC": 0.7771866970651033,
        "Brier_Score": 0.08984772807722193,
        "Calibration_Slope": 0.5653828406530946,
        "Calibration_Intercept": -0.7104588699426813,
        "Net_Benefit": 0.06363971388561945,
        "Optimal_Threshold_Used": 0.07717034518720756,
        "Youden_J_Threshold": 0.07717034518720756,
        "F1_Score": 0.36666666666666664,
        "Sensitivity_Recall": 0.7213114754098361,
        "Specificity": 0.7019867549668874,
        "PPV_Precision": 0.24581005586592178,
        "NPV": 0.9492537313432836,
        "Confusion_Matrix": {
            "TP": 44,
            "TN": 318,
            "FP": 135,
            "FN": 17
        },
        "AUC_95CI": [
            0.7117529987841132,
            0.8389778331253355
        ],
        "AUC_Text": "0.7772 (0.7118-0.8390)",
        "Brier_Score_95CI": [
            0.07067761323780802,
            0.10868507761973292
        ],
        "Brier_Score_Text": "0.0898 (0.0707-0.1087)",
        "F1_Score_95CI": [
            0.28451792670610304,
            0.44708567244325115
        ],
        "F1_Score_Text": "0.3667 (0.2845-0.4471)",
        "Sensitivity_Recall_95CI": [
            0.603095238095238,
            0.8333333333333334
        ],
        "Sensitivity_Recall_Text": "0.7213 (0.6031-0.8333)",
        "Specificity_95CI": [
            0.661504424778761,
            0.7451069518716578
        ],
        "Specificity_Text": "0.7020 (0.6615-0.7451)",
        "PPV_Precision_95CI": [
            0.1839049394221808,
            0.3135159123620662
        ],
        "PPV_Precision_Text": "0.2458 (0.1839-0.3135)",
        "NPV_95CI": [
            0.9261363636363636,
            0.9718364535036305
        ],
        "NPV_Text": "0.9493 (0.9261-0.9718)",
        "Net_Benefit_95CI": [
            0.03916117489145776,
            0.0900808908798828
        ],
        "Net_Benefit_Text": "0.0636 (0.0392-0.0901)",
        "Calibration_Slope_95CI": [
            0.42860816099271576,
            0.7353537967848803
        ],
        "Calibration_Slope_Text": "0.5654 (0.4286-0.7354)"
    },
    "logistic_regression": "Not available (no training data)",
    "lr_formula": null
}