{
    "tearsense": {
        "model_serial": "05022026_132823_67982",
        "holdout_n": 514,
        "inference_verified": true,
        "stored_AUC": 0.7919154633952159,
        "stored_Brier": 0.08728340766124583,
        "stored_threshold": 0.16000000000000003,
        "AUC": 0.7919154633952159,
        "Brier_Score": 0.0872834101319313,
        "Calibration_Slope": 1.0817794266325045,
        "Calibration_Intercept": 0.14691277511601372,
        "Net_Benefit": 0.07579082118250022,
        "Optimal_Threshold_Used": 0.06931106746196747,
        "Youden_J_Threshold": 0.06931106746196747,
        "F1_Score": 0.34069400630914826,
        "Sensitivity_Recall": 0.8852459016393442,
        "Specificity": 0.5540838852097131,
        "PPV_Precision": 0.2109375,
        "NPV": 0.9728682170542635,
        "Confusion_Matrix": {
            "TP": 54,
            "TN": 251,
            "FP": 202,
            "FN": 7
        },
        "AUC_95CI": [
            0.7277623593602314,
            0.8533425603761922
        ],
        "AUC_Text": "0.7919 (0.7278-0.8533)",
        "Brier_Score_95CI": [
            0.0691101998090744,
            0.1054453868418932
        ],
        "Brier_Score_Text": "0.0873 (0.0691-0.1054)",
        "F1_Score_95CI": [
            0.27463100520933825,
            0.4049863953625932
        ],
        "F1_Score_Text": "0.3407 (0.2746-0.4050)",
        "Sensitivity_Recall_95CI": [
            0.796875,
            0.9636525974025973
        ],
        "Sensitivity_Recall_Text": "0.8852 (0.7969-0.9637)",
        "Specificity_95CI": [
            0.5099316011419132,
            0.599128540305011
        ],
        "Specificity_Text": "0.5541 (0.5099-0.5991)",
        "PPV_Precision_95CI": [
            0.16249155405405405,
            0.2598558906551775
        ],
        "PPV_Precision_Text": "0.2109 (0.1625-0.2599)",
        "NPV_95CI": [
            0.9505703422053232,
            0.9920634920634921
        ],
        "NPV_Text": "0.9729 (0.9506-0.9921)",
        "Net_Benefit_95CI": [
            0.049178954733377536,
            0.10226194471667069
        ],
        "Net_Benefit_Text": "0.0758 (0.0492-0.1023)",
        "Calibration_Slope_95CI": [
            0.8160814609708533,
            1.4133294844602116
        ],
        "Calibration_Slope_Text": "1.0818 (0.8161-1.4133)"
    },
    "logistic_regression": {
        "AUC": 0.8106611659971772,
        "Brier_Score": 0.17485229610280642,
        "F1_Score": 0.3861003861003861,
        "Sensitivity_Recall": 0.819672131147541,
        "Specificity": 0.673289183222958,
        "PPV_Precision": 0.25252525252525254,
        "NPV": 0.9651898734177216,
        "Net_Benefit": -0.12066993337223451,
        "Calibration_Slope": 0.8821582035791161,
        "Calibration_Intercept": -1.9580869173522404,
        "Threshold_Used": 0.43082252713213315,
        "Confusion_Matrix": {
            "TP": 50,
            "TN": 305,
            "FP": 148,
            "FN": 11
        },
        "AUC_95CI": [
            0.7521794662966538,
            0.8631149614337568
        ],
        "Brier_Score_95CI": [
            0.15675797066713185,
            0.19277571042690916
        ],
        "F1_Score_95CI": [
            0.309478021978022,
            0.4545624151967435
        ],
        "Sensitivity_Recall_95CI": [
            0.7212933944069432,
            0.9111403508771929
        ],
        "Specificity_95CI": [
            0.6296276469188675,
            0.715232159296766
        ],
        "PPV_Precision_95CI": [
            0.19288327256261767,
            0.31156296186816435
        ],
        "NPV_95CI": [
            0.9438819353633476,
            0.984178463043565
        ],
        "Net_Benefit_95CI": [
            -0.16230365857180526,
            -0.07807198326155126
        ],
        "Calibration_Slope_95CI": [
            0.6671257244850478,
            1.1635364636314967
        ]
    },
    "lr_formula": "z = -0.7181 + 1.1932 \u00d7 tear_characteristics_Tear_MedLat + 0.7155 \u00d7 tear_characteristics_Full_3.0\n    - 0.7025 \u00d7 Tear_Area_cm2 + 0.4783 \u00d7 Tear_AP_ML_Ratio + 0.4497 \u00d7 InsuranceType_5.0\n    + 0.3984 \u00d7 Aged + 0.3697 \u00d7 tear_characteristics_Full_nan + 0.3136 \u00d7 Gender_M + 0.3018 \u00d7 Pre-Op_ROM_Pre-Op_IR + 0.2575 \u00d7 tear_characteristics_Tear_AntPost\n    + ... (30 more terms)\n\nP(retear) = 1 / (1 + exp(-z))",
    "comparison": {
        "AUC_difference": -0.01874570260196129,
        "Brier_difference": -0.08756888597087512,
        "TearSense_better_AUC": false,
        "TearSense_better_Brier": true
    }
}