{
    "tearsense": {
        "model_serial": "05022026_193702_29277",
        "holdout_n": 514,
        "inference_verified": true,
        "stored_AUC": 0.7733145152535013,
        "stored_Brier": 0.09072677425631165,
        "stored_threshold": 0.24000000000000005,
        "AUC": 0.7733145152535013,
        "Brier_Score": 0.09072677424415675,
        "Calibration_Slope": 0.5198970086700094,
        "Calibration_Intercept": -0.6390766567059389,
        "Net_Benefit": 0.07253730093602363,
        "Optimal_Threshold_Used": 0.04955069405425909,
        "Youden_J_Threshold": 0.04955069405425909,
        "F1_Score": 0.3543307086614173,
        "Sensitivity_Recall": 0.7377049180327869,
        "Specificity": 0.673289183222958,
        "PPV_Precision": 0.23316062176165803,
        "NPV": 0.9501557632398754,
        "Confusion_Matrix": {
            "TP": 45,
            "TN": 305,
            "FP": 148,
            "FN": 16
        },
        "AUC_95CI": [
            0.7082024189823456,
            0.836214046477456
        ],
        "AUC_Text": "0.7733 (0.7082-0.8362)",
        "Brier_Score_95CI": [
            0.06972816108125408,
            0.10988126196719092
        ],
        "Brier_Score_Text": "0.0907 (0.0697-0.1099)",
        "F1_Score_95CI": [
            0.27905504857226965,
            0.43243243243243246
        ],
        "F1_Score_Text": "0.3543 (0.2791-0.4324)",
        "Sensitivity_Recall_95CI": [
            0.6166346153846154,
            0.8428641456582633
        ],
        "Sensitivity_Recall_Text": "0.7377 (0.6166-0.8429)",
        "Specificity_95CI": [
            0.6274035932980202,
            0.717439293598234
        ],
        "Specificity_Text": "0.6733 (0.6274-0.7174)",
        "PPV_Precision_95CI": [
            0.17675262992620505,
            0.2949751861042183
        ],
        "PPV_Precision_Text": "0.2332 (0.1768-0.2950)",
        "NPV_95CI": [
            0.9269802555168409,
            0.9728137503061974
        ],
        "NPV_Text": "0.9502 (0.9270-0.9728)",
        "Net_Benefit_95CI": [
            0.04908749363533052,
            0.09865369171041448
        ],
        "Net_Benefit_Text": "0.0725 (0.0491-0.0987)",
        "Calibration_Slope_95CI": [
            0.39063656382767153,
            0.6892908048916965
        ],
        "Calibration_Slope_Text": "0.5199 (0.3906-0.6893)"
    },
    "logistic_regression": {
        "AUC": 0.8106611659971772,
        "Brier_Score": 0.17485229610276382,
        "F1_Score": 0.3861003861003861,
        "Sensitivity_Recall": 0.819672131147541,
        "Specificity": 0.673289183222958,
        "PPV_Precision": 0.25252525252525254,
        "NPV": 0.9651898734177216,
        "Net_Benefit": -0.12066993337198444,
        "Calibration_Slope": 0.8821582035795066,
        "Calibration_Intercept": -1.9580869173520672,
        "Threshold_Used": 0.43082252713185176,
        "Confusion_Matrix": {
            "TP": 50,
            "TN": 305,
            "FP": 148,
            "FN": 11
        },
        "AUC_95CI": [
            0.7521794662966538,
            0.8631149614337568
        ],
        "Brier_Score_95CI": [
            0.15675797066710226,
            0.1927757104268557
        ],
        "F1_Score_95CI": [
            0.309478021978022,
            0.4545624151967435
        ],
        "Sensitivity_Recall_95CI": [
            0.7212933944069432,
            0.9111403508771929
        ],
        "Specificity_95CI": [
            0.6296276469188675,
            0.715232159296766
        ],
        "PPV_Precision_95CI": [
            0.19288327256261767,
            0.31156296186816435
        ],
        "NPV_95CI": [
            0.9438819353633476,
            0.984178463043565
        ],
        "Net_Benefit_95CI": [
            -0.1623036585715232,
            -0.07807198326133666
        ],
        "Calibration_Slope_95CI": [
            0.6671257244854701,
            1.1635364636319632
        ]
    },
    "lr_formula": "z = -0.7181 + 1.1932 \u00d7 tear_characteristics_Tear_MedLat + 0.7155 \u00d7 tear_characteristics_Full_3.0\n    - 0.7025 \u00d7 Tear_Area_cm2 + 0.4783 \u00d7 Tear_AP_ML_Ratio + 0.4497 \u00d7 InsuranceType_5.0\n    + 0.3984 \u00d7 Aged + 0.3697 \u00d7 tear_characteristics_Full_nan + 0.3136 \u00d7 Gender_M + 0.3018 \u00d7 Pre-Op_ROM_Pre-Op_IR + 0.2575 \u00d7 tear_characteristics_Tear_AntPost\n    + ... (30 more terms)\n\nP(retear) = 1 / (1 + exp(-z))",
    "comparison": {
        "AUC_difference": -0.037346650743675935,
        "Brier_difference": -0.08412552185860707,
        "TearSense_better_AUC": false,
        "TearSense_better_Brier": true
    }
}