{
    "tearsense": {
        "model_serial": "06022026_110441_28805",
        "holdout_n": 514,
        "inference_verified": true,
        "stored_AUC": 0.772988817717946,
        "stored_Brier": 0.10399235871082554,
        "stored_threshold": 0.4100000000000001,
        "AUC": 0.772988817717946,
        "Brier_Score": 0.10399235882219038,
        "Calibration_Slope": 0.609655455988397,
        "Calibration_Intercept": -1.1197455428822911,
        "Net_Benefit": 0.03623938134955387,
        "Optimal_Threshold_Used": 0.15757000595331175,
        "Youden_J_Threshold": 0.15757000595331175,
        "F1_Score": 0.3643724696356275,
        "Sensitivity_Recall": 0.7377049180327869,
        "Specificity": 0.6887417218543046,
        "PPV_Precision": 0.24193548387096775,
        "NPV": 0.9512195121951219,
        "Confusion_Matrix": {
            "TP": 45,
            "TN": 312,
            "FP": 141,
            "FN": 16
        },
        "AUC_95CI": [
            0.7078819395452774,
            0.8358590425287988
        ],
        "AUC_Text": "0.7730 (0.7079-0.8359)",
        "Brier_Score_95CI": [
            0.08581498790087755,
            0.12180437424721498
        ],
        "Brier_Score_Text": "0.1040 (0.0858-0.1218)",
        "F1_Score_95CI": [
            0.28703502415458937,
            0.4386119711042311
        ],
        "F1_Score_Text": "0.3644 (0.2870-0.4386)",
        "Sensitivity_Recall_95CI": [
            0.6211818181818182,
            0.8450975081256771
        ],
        "Sensitivity_Recall_Text": "0.7377 (0.6212-0.8451)",
        "Specificity_95CI": [
            0.6469150193902147,
            0.7315477164838763
        ],
        "Specificity_Text": "0.6887 (0.6469-0.7315)",
        "PPV_Precision_95CI": [
            0.18181818181818182,
            0.3048358254708948
        ],
        "PPV_Precision_Text": "0.2419 (0.1818-0.3048)",
        "NPV_95CI": [
            0.9270516717325228,
            0.9732162727850784
        ],
        "NPV_Text": "0.9512 (0.9271-0.9732)",
        "Net_Benefit_95CI": [
            0.01010481124063221,
            0.0649410583521963
        ],
        "Net_Benefit_Text": "0.0362 (0.0101-0.0649)",
        "Calibration_Slope_95CI": [
            0.4576001715592278,
            0.7912733851377185
        ],
        "Calibration_Slope_Text": "0.6097 (0.4576-0.7913)"
    },
    "logistic_regression": {
        "AUC": 0.8106611659971772,
        "Brier_Score": 0.17485229610280642,
        "F1_Score": 0.3861003861003861,
        "Sensitivity_Recall": 0.819672131147541,
        "Specificity": 0.673289183222958,
        "PPV_Precision": 0.25252525252525254,
        "NPV": 0.9651898734177216,
        "Net_Benefit": -0.12066993337223451,
        "Calibration_Slope": 0.8821582035791161,
        "Calibration_Intercept": -1.9580869173522404,
        "Threshold_Used": 0.43082252713213315,
        "Confusion_Matrix": {
            "TP": 50,
            "TN": 305,
            "FP": 148,
            "FN": 11
        },
        "AUC_95CI": [
            0.7521794662966538,
            0.8631149614337568
        ],
        "Brier_Score_95CI": [
            0.15675797066713185,
            0.19277571042690916
        ],
        "F1_Score_95CI": [
            0.309478021978022,
            0.4545624151967435
        ],
        "Sensitivity_Recall_95CI": [
            0.7212933944069432,
            0.9111403508771929
        ],
        "Specificity_95CI": [
            0.6296276469188675,
            0.715232159296766
        ],
        "PPV_Precision_95CI": [
            0.19288327256261767,
            0.31156296186816435
        ],
        "NPV_95CI": [
            0.9438819353633476,
            0.984178463043565
        ],
        "Net_Benefit_95CI": [
            -0.16230365857180526,
            -0.07807198326155126
        ],
        "Calibration_Slope_95CI": [
            0.6671257244850478,
            1.1635364636314967
        ]
    },
    "lr_formula": "z = -0.7181 + 1.1932 \u00d7 tear_characteristics_Tear_MedLat + 0.7155 \u00d7 tear_characteristics_Full_3.0\n    - 0.7025 \u00d7 Tear_Area_cm2 + 0.4783 \u00d7 Tear_AP_ML_Ratio + 0.4497 \u00d7 InsuranceType_5.0\n    + 0.3984 \u00d7 Aged + 0.3697 \u00d7 tear_characteristics_Full_nan + 0.3136 \u00d7 Gender_M + 0.3018 \u00d7 Pre-Op_ROM_Pre-Op_IR + 0.2575 \u00d7 tear_characteristics_Tear_AntPost\n    + ... (30 more terms)\n\nP(retear) = 1 / (1 + exp(-z))",
    "comparison": {
        "AUC_difference": -0.03767234827923116,
        "Brier_difference": -0.07085993728061604,
        "TearSense_better_AUC": false,
        "TearSense_better_Brier": true
    }
}