{
    "tearsense": {
        "model_serial": "06022026_030816_98079",
        "holdout_n": 514,
        "inference_verified": true,
        "stored_AUC": 0.7681033546846162,
        "stored_Brier": 0.08783432937071074,
        "stored_threshold": 0.28,
        "AUC": 0.7681033546846162,
        "Brier_Score": 0.08783433586359024,
        "Calibration_Slope": 1.0587297227465113,
        "Calibration_Intercept": 0.1254630584775544,
        "Net_Benefit": 0.0539478273444516,
        "Optimal_Threshold_Used": 0.11186350136995316,
        "Youden_J_Threshold": 0.11186350136995316,
        "F1_Score": 0.36015325670498083,
        "Sensitivity_Recall": 0.7704918032786885,
        "Specificity": 0.6622516556291391,
        "PPV_Precision": 0.235,
        "NPV": 0.9554140127388535,
        "Confusion_Matrix": {
            "TP": 47,
            "TN": 300,
            "FP": 153,
            "FN": 14
        },
        "AUC_95CI": [
            0.69681202586193,
            0.8366692392754271
        ],
        "AUC_Text": "0.7681 (0.6968-0.8367)",
        "Brier_Score_95CI": [
            0.06951320134103298,
            0.10612169038504363
        ],
        "Brier_Score_Text": "0.0878 (0.0695-0.1061)",
        "F1_Score_95CI": [
            0.28213498443983404,
            0.4324519465313689
        ],
        "F1_Score_Text": "0.3602 (0.2821-0.4325)",
        "Sensitivity_Recall_95CI": [
            0.6606026785714285,
            0.8709677419354839
        ],
        "Sensitivity_Recall_Text": "0.7705 (0.6606-0.8710)",
        "Specificity_95CI": [
            0.6179676503272008,
            0.7076078869047618
        ],
        "Specificity_Text": "0.6623 (0.6180-0.7076)",
        "PPV_Precision_95CI": [
            0.1756033984510461,
            0.29250132251807437
        ],
        "PPV_Precision_Text": "0.2350 (0.1756-0.2925)",
        "NPV_95CI": [
            0.9314611521830102,
            0.9779197170803325
        ],
        "NPV_Text": "0.9554 (0.9315-0.9779)",
        "Net_Benefit_95CI": [
            0.028865992003349897,
            0.08100411324913576
        ],
        "Net_Benefit_Text": "0.0539 (0.0289-0.0810)",
        "Calibration_Slope_95CI": [
            0.7792720339088026,
            1.3959493115539992
        ],
        "Calibration_Slope_Text": "1.0587 (0.7793-1.3959)"
    },
    "logistic_regression": {
        "AUC": 0.8106611659971772,
        "Brier_Score": 0.17485229610276382,
        "F1_Score": 0.3861003861003861,
        "Sensitivity_Recall": 0.819672131147541,
        "Specificity": 0.673289183222958,
        "PPV_Precision": 0.25252525252525254,
        "NPV": 0.9651898734177216,
        "Net_Benefit": -0.12066993337198444,
        "Calibration_Slope": 0.8821582035795066,
        "Calibration_Intercept": -1.9580869173520672,
        "Threshold_Used": 0.43082252713185176,
        "Confusion_Matrix": {
            "TP": 50,
            "TN": 305,
            "FP": 148,
            "FN": 11
        },
        "AUC_95CI": [
            0.7521794662966538,
            0.8631149614337568
        ],
        "Brier_Score_95CI": [
            0.15675797066710226,
            0.1927757104268557
        ],
        "F1_Score_95CI": [
            0.309478021978022,
            0.4545624151967435
        ],
        "Sensitivity_Recall_95CI": [
            0.7212933944069432,
            0.9111403508771929
        ],
        "Specificity_95CI": [
            0.6296276469188675,
            0.715232159296766
        ],
        "PPV_Precision_95CI": [
            0.19288327256261767,
            0.31156296186816435
        ],
        "NPV_95CI": [
            0.9438819353633476,
            0.984178463043565
        ],
        "Net_Benefit_95CI": [
            -0.1623036585715232,
            -0.07807198326133666
        ],
        "Calibration_Slope_95CI": [
            0.6671257244854701,
            1.1635364636319632
        ]
    },
    "lr_formula": "z = -0.7181 + 1.1932 \u00d7 tear_characteristics_Tear_MedLat + 0.7155 \u00d7 tear_characteristics_Full_3.0\n    - 0.7025 \u00d7 Tear_Area_cm2 + 0.4783 \u00d7 Tear_AP_ML_Ratio + 0.4497 \u00d7 InsuranceType_5.0\n    + 0.3984 \u00d7 Aged + 0.3697 \u00d7 tear_characteristics_Full_nan + 0.3136 \u00d7 Gender_M + 0.3018 \u00d7 Pre-Op_ROM_Pre-Op_IR + 0.2575 \u00d7 tear_characteristics_Tear_AntPost\n    + ... (30 more terms)\n\nP(retear) = 1 / (1 + exp(-z))",
    "comparison": {
        "AUC_difference": -0.04255781131256098,
        "Brier_difference": -0.08701796023917358,
        "TearSense_better_AUC": false,
        "TearSense_better_Brier": true
    }
}