{
    "tearsense": {
        "model_serial": "06022026_101523_69347",
        "holdout_n": 514,
        "inference_verified": true,
        "stored_AUC": 0.7712155755799226,
        "stored_Brier": 0.0885154819801389,
        "stored_threshold": 0.18000000000000005,
        "AUC": 0.7712155755799226,
        "Brier_Score": 0.08851547539234161,
        "Calibration_Slope": 1.0656283778407345,
        "Calibration_Intercept": 0.1312681364184417,
        "Net_Benefit": 0.041936755933491006,
        "Optimal_Threshold_Used": 0.1475578099489212,
        "Youden_J_Threshold": 0.1475578099489212,
        "F1_Score": 0.3917525773195876,
        "Sensitivity_Recall": 0.6229508196721312,
        "Specificity": 0.7902869757174393,
        "PPV_Precision": 0.2857142857142857,
        "NPV": 0.9396325459317585,
        "Confusion_Matrix": {
            "TP": 38,
            "TN": 358,
            "FP": 95,
            "FN": 23
        },
        "AUC_95CI": [
            0.7011447110613552,
            0.8362442421601478
        ],
        "AUC_Text": "0.7712 (0.7011-0.8362)",
        "Brier_Score_95CI": [
            0.0701807202771306,
            0.10706712286919355
        ],
        "Brier_Score_Text": "0.0885 (0.0702-0.1071)",
        "F1_Score_95CI": [
            0.2981366459627329,
            0.48077830188679244
        ],
        "F1_Score_Text": "0.3918 (0.2981-0.4808)",
        "Sensitivity_Recall_95CI": [
            0.49230158730158735,
            0.745462249614792
        ],
        "Sensitivity_Recall_Text": "0.6230 (0.4923-0.7455)",
        "Specificity_95CI": [
            0.7521986539253968,
            0.8275996767241379
        ],
        "Specificity_Text": "0.7903 (0.7522-0.8276)",
        "PPV_Precision_95CI": [
            0.2074074074074074,
            0.36735444177671067
        ],
        "PPV_Precision_Text": "0.2857 (0.2074-0.3674)",
        "NPV_95CI": [
            0.9160049730625777,
            0.9631627170019289
        ],
        "NPV_Text": "0.9396 (0.9160-0.9632)",
        "Net_Benefit_95CI": [
            0.017690707249897807,
            0.06704576543967772
        ],
        "Net_Benefit_Text": "0.0419 (0.0177-0.0670)",
        "Calibration_Slope_95CI": [
            0.7710647446519804,
            1.4330564905082044
        ],
        "Calibration_Slope_Text": "1.0656 (0.7711-1.4331)"
    },
    "logistic_regression": {
        "AUC": 0.8106611659971772,
        "Brier_Score": 0.17485229610280642,
        "F1_Score": 0.3861003861003861,
        "Sensitivity_Recall": 0.819672131147541,
        "Specificity": 0.673289183222958,
        "PPV_Precision": 0.25252525252525254,
        "NPV": 0.9651898734177216,
        "Net_Benefit": -0.12066993337223451,
        "Calibration_Slope": 0.8821582035791161,
        "Calibration_Intercept": -1.9580869173522404,
        "Threshold_Used": 0.43082252713213315,
        "Confusion_Matrix": {
            "TP": 50,
            "TN": 305,
            "FP": 148,
            "FN": 11
        },
        "AUC_95CI": [
            0.7521794662966538,
            0.8631149614337568
        ],
        "Brier_Score_95CI": [
            0.15675797066713185,
            0.19277571042690916
        ],
        "F1_Score_95CI": [
            0.309478021978022,
            0.4545624151967435
        ],
        "Sensitivity_Recall_95CI": [
            0.7212933944069432,
            0.9111403508771929
        ],
        "Specificity_95CI": [
            0.6296276469188675,
            0.715232159296766
        ],
        "PPV_Precision_95CI": [
            0.19288327256261767,
            0.31156296186816435
        ],
        "NPV_95CI": [
            0.9438819353633476,
            0.984178463043565
        ],
        "Net_Benefit_95CI": [
            -0.16230365857180526,
            -0.07807198326155126
        ],
        "Calibration_Slope_95CI": [
            0.6671257244850478,
            1.1635364636314967
        ]
    },
    "lr_formula": "z = -0.7181 + 1.1932 \u00d7 tear_characteristics_Tear_MedLat + 0.7155 \u00d7 tear_characteristics_Full_3.0\n    - 0.7025 \u00d7 Tear_Area_cm2 + 0.4783 \u00d7 Tear_AP_ML_Ratio + 0.4497 \u00d7 InsuranceType_5.0\n    + 0.3984 \u00d7 Aged + 0.3697 \u00d7 tear_characteristics_Full_nan + 0.3136 \u00d7 Gender_M + 0.3018 \u00d7 Pre-Op_ROM_Pre-Op_IR + 0.2575 \u00d7 tear_characteristics_Tear_AntPost\n    + ... (30 more terms)\n\nP(retear) = 1 / (1 + exp(-z))",
    "comparison": {
        "AUC_difference": -0.039445590417254595,
        "Brier_difference": -0.0863368207104648,
        "TearSense_better_AUC": false,
        "TearSense_better_Brier": true
    }
}