{
    "tearsense": {
        "model_serial": "06022026_042104_45421",
        "holdout_n": 514,
        "inference_verified": true,
        "stored_AUC": 0.7731516664857236,
        "stored_Brier": 0.0889513187472293,
        "stored_threshold": 0.15000000000000002,
        "AUC": 0.7731516664857236,
        "Brier_Score": 0.0889513187472293,
        "Calibration_Slope": 1.099799645181231,
        "Calibration_Intercept": 0.1821352043084112,
        "Net_Benefit": 0.05099791194257685,
        "Optimal_Threshold_Used": 0.11192601866452707,
        "Youden_J_Threshold": 0.11192601866452707,
        "F1_Score": 0.3484848484848485,
        "Sensitivity_Recall": 0.7540983606557377,
        "Specificity": 0.6534216335540839,
        "PPV_Precision": 0.22660098522167488,
        "NPV": 0.9517684887459807,
        "Confusion_Matrix": {
            "TP": 46,
            "TN": 296,
            "FP": 157,
            "FN": 15
        },
        "AUC_95CI": [
            0.7033767704922201,
            0.8379653427863437
        ],
        "AUC_Text": "0.7732 (0.7034-0.8380)",
        "Brier_Score_95CI": [
            0.07022936171163573,
            0.10683394486536953
        ],
        "Brier_Score_Text": "0.0890 (0.0702-0.1068)",
        "F1_Score_95CI": [
            0.271291640477687,
            0.42106203007518794
        ],
        "F1_Score_Text": "0.3485 (0.2713-0.4211)",
        "Sensitivity_Recall_95CI": [
            0.6393181025462156,
            0.8636363636363636
        ],
        "Sensitivity_Recall_Text": "0.7541 (0.6393-0.8636)",
        "Specificity_95CI": [
            0.6095690952882734,
            0.701339090836938
        ],
        "Specificity_Text": "0.6534 (0.6096-0.7013)",
        "PPV_Precision_95CI": [
            0.16922705314009662,
            0.28719178082191776
        ],
        "PPV_Precision_Text": "0.2266 (0.1692-0.2872)",
        "NPV_95CI": [
            0.9278989156688422,
            0.9746835443037974
        ],
        "NPV_Text": "0.9518 (0.9279-0.9747)",
        "Net_Benefit_95CI": [
            0.025705279791784923,
            0.0789238668047182
        ],
        "Net_Benefit_Text": "0.0510 (0.0257-0.0789)",
        "Calibration_Slope_95CI": [
            0.8046228822798234,
            1.4500207118069812
        ],
        "Calibration_Slope_Text": "1.0998 (0.8046-1.4500)"
    },
    "logistic_regression": {
        "AUC": 0.8106611659971772,
        "Brier_Score": 0.17485229610276382,
        "F1_Score": 0.3861003861003861,
        "Sensitivity_Recall": 0.819672131147541,
        "Specificity": 0.673289183222958,
        "PPV_Precision": 0.25252525252525254,
        "NPV": 0.9651898734177216,
        "Net_Benefit": -0.12066993337198444,
        "Calibration_Slope": 0.8821582035795066,
        "Calibration_Intercept": -1.9580869173520672,
        "Threshold_Used": 0.43082252713185176,
        "Confusion_Matrix": {
            "TP": 50,
            "TN": 305,
            "FP": 148,
            "FN": 11
        },
        "AUC_95CI": [
            0.7521794662966538,
            0.8631149614337568
        ],
        "Brier_Score_95CI": [
            0.15675797066710226,
            0.1927757104268557
        ],
        "F1_Score_95CI": [
            0.309478021978022,
            0.4545624151967435
        ],
        "Sensitivity_Recall_95CI": [
            0.7212933944069432,
            0.9111403508771929
        ],
        "Specificity_95CI": [
            0.6296276469188675,
            0.715232159296766
        ],
        "PPV_Precision_95CI": [
            0.19288327256261767,
            0.31156296186816435
        ],
        "NPV_95CI": [
            0.9438819353633476,
            0.984178463043565
        ],
        "Net_Benefit_95CI": [
            -0.1623036585715232,
            -0.07807198326133666
        ],
        "Calibration_Slope_95CI": [
            0.6671257244854701,
            1.1635364636319632
        ]
    },
    "lr_formula": "z = -0.7181 + 1.1932 \u00d7 tear_characteristics_Tear_MedLat + 0.7155 \u00d7 tear_characteristics_Full_3.0\n    - 0.7025 \u00d7 Tear_Area_cm2 + 0.4783 \u00d7 Tear_AP_ML_Ratio + 0.4497 \u00d7 InsuranceType_5.0\n    + 0.3984 \u00d7 Aged + 0.3697 \u00d7 tear_characteristics_Full_nan + 0.3136 \u00d7 Gender_M + 0.3018 \u00d7 Pre-Op_ROM_Pre-Op_IR + 0.2575 \u00d7 tear_characteristics_Tear_AntPost\n    + ... (30 more terms)\n\nP(retear) = 1 / (1 + exp(-z))",
    "comparison": {
        "AUC_difference": -0.03750949951145355,
        "Brier_difference": -0.08590097735553452,
        "TearSense_better_AUC": false,
        "TearSense_better_Brier": true
    }
}