{
    "tearsense": {
        "model_serial": "06022026_011128_41258",
        "holdout_n": 514,
        "inference_verified": true,
        "stored_AUC": 0.7865233597510223,
        "stored_Brier": 0.08790184383220691,
        "stored_threshold": 0.18000000000000005,
        "AUC": 0.7865233597510223,
        "Brier_Score": 0.08790184557437897,
        "Calibration_Slope": 1.0964756799798931,
        "Calibration_Intercept": 0.1875929456198318,
        "Net_Benefit": 0.05863124384066555,
        "Optimal_Threshold_Used": 0.10665590316057205,
        "Youden_J_Threshold": 0.10665590316057205,
        "F1_Score": 0.3656716417910448,
        "Sensitivity_Recall": 0.8032786885245902,
        "Specificity": 0.6512141280353201,
        "PPV_Precision": 0.23671497584541062,
        "NPV": 0.9609120521172638,
        "Confusion_Matrix": {
            "TP": 49,
            "TN": 295,
            "FP": 158,
            "FN": 12
        },
        "AUC_95CI": [
            0.7214505955460796,
            0.8482690947102347
        ],
        "AUC_Text": "0.7865 (0.7215-0.8483)",
        "Brier_Score_95CI": [
            0.06973208952695131,
            0.10573567766696214
        ],
        "Brier_Score_Text": "0.0879 (0.0697-0.1057)",
        "F1_Score_95CI": [
            0.29212312734082396,
            0.437521404109589
        ],
        "F1_Score_Text": "0.3657 (0.2921-0.4375)",
        "Sensitivity_Recall_95CI": [
            0.6980516817063166,
            0.9016473802635808
        ],
        "Sensitivity_Recall_Text": "0.8033 (0.6981-0.9016)",
        "Specificity_95CI": [
            0.6087863606981253,
            0.696976647206005
        ],
        "Specificity_Text": "0.6512 (0.6088-0.6970)",
        "PPV_Precision_95CI": [
            0.1822429906542056,
            0.2947309008812176
        ],
        "PPV_Precision_Text": "0.2367 (0.1822-0.2947)",
        "NPV_95CI": [
            0.9387650265585686,
            0.9817128269174258
        ],
        "NPV_Text": "0.9609 (0.9388-0.9817)",
        "Net_Benefit_95CI": [
            0.03357024960191871,
            0.08592985104120354
        ],
        "Net_Benefit_Text": "0.0586 (0.0336-0.0859)",
        "Calibration_Slope_95CI": [
            0.7979304112549258,
            1.450585772515571
        ],
        "Calibration_Slope_Text": "1.0965 (0.7979-1.4506)"
    },
    "logistic_regression": {
        "AUC": 0.8106611659971772,
        "Brier_Score": 0.17485229610276382,
        "F1_Score": 0.3861003861003861,
        "Sensitivity_Recall": 0.819672131147541,
        "Specificity": 0.673289183222958,
        "PPV_Precision": 0.25252525252525254,
        "NPV": 0.9651898734177216,
        "Net_Benefit": -0.12066993337198444,
        "Calibration_Slope": 0.8821582035795066,
        "Calibration_Intercept": -1.9580869173520672,
        "Threshold_Used": 0.43082252713185176,
        "Confusion_Matrix": {
            "TP": 50,
            "TN": 305,
            "FP": 148,
            "FN": 11
        },
        "AUC_95CI": [
            0.7521794662966538,
            0.8631149614337568
        ],
        "Brier_Score_95CI": [
            0.15675797066710226,
            0.1927757104268557
        ],
        "F1_Score_95CI": [
            0.309478021978022,
            0.4545624151967435
        ],
        "Sensitivity_Recall_95CI": [
            0.7212933944069432,
            0.9111403508771929
        ],
        "Specificity_95CI": [
            0.6296276469188675,
            0.715232159296766
        ],
        "PPV_Precision_95CI": [
            0.19288327256261767,
            0.31156296186816435
        ],
        "NPV_95CI": [
            0.9438819353633476,
            0.984178463043565
        ],
        "Net_Benefit_95CI": [
            -0.1623036585715232,
            -0.07807198326133666
        ],
        "Calibration_Slope_95CI": [
            0.6671257244854701,
            1.1635364636319632
        ]
    },
    "lr_formula": "z = -0.7181 + 1.1932 \u00d7 tear_characteristics_Tear_MedLat + 0.7155 \u00d7 tear_characteristics_Full_3.0\n    - 0.7025 \u00d7 Tear_Area_cm2 + 0.4783 \u00d7 Tear_AP_ML_Ratio + 0.4497 \u00d7 InsuranceType_5.0\n    + 0.3984 \u00d7 Aged + 0.3697 \u00d7 tear_characteristics_Full_nan + 0.3136 \u00d7 Gender_M + 0.3018 \u00d7 Pre-Op_ROM_Pre-Op_IR + 0.2575 \u00d7 tear_characteristics_Tear_AntPost\n    + ... (30 more terms)\n\nP(retear) = 1 / (1 + exp(-z))",
    "comparison": {
        "AUC_difference": -0.024137806246154914,
        "Brier_difference": -0.08695045052838485,
        "TearSense_better_AUC": false,
        "TearSense_better_Brier": true
    }
}