{
    "evaluation_type": "end_to_end_pipeline",
    "description": "Holdout test set (n=514) evaluated through the FULL production inference pipeline. fold_models predict \u2192 average \u2192 meta-features \u2192 meta-learner \u2192 calibrate \u2192 score. These are the metrics of the actual deployed model.",
    "pipeline": "fold_ensemble \u2192 13 meta-features \u2192 xgb_meta \u2192 threshold",
    "best_method": "xgb_meta",
    "holdout_n": 514,
    "cross_check_vs_trainMeta": true,
    "final_model": {
        "AUC": 0.7712155755799226,
        "AUC_95CI": [
            0.7011447110613552,
            0.8362442421601478
        ],
        "Brier": 0.0885154819801389,
        "Brier_95CI": [
            0.07018071626260748,
            0.10706711902437274
        ],
        "optimal_threshold": 0.1475578099489212,
        "clinical_metrics": {
            "sensitivity": 0.6229508196721312,
            "specificity": 0.7902869757174393,
            "ppv": 0.2857142857142857,
            "npv": 0.9396325459317585,
            "tp": 38,
            "tn": 358,
            "fp": 95,
            "fn": 23
        }
    },
    "decision_curve_analysis": {
        "thresholds": [
            0.01,
            0.02,
            0.03,
            0.04,
            0.05,
            0.060000000000000005,
            0.06999999999999999,
            0.08,
            0.09,
            0.09999999999999999,
            0.11,
            0.12,
            0.13,
            0.14,
            0.15000000000000002,
            0.16,
            0.17,
            0.18000000000000002,
            0.19,
            0.2,
            0.21000000000000002,
            0.22,
            0.23,
            0.24000000000000002,
            0.25,
            0.26,
            0.27,
            0.28,
            0.29000000000000004,
            0.3,
            0.31,
            0.32,
            0.33,
            0.34,
            0.35000000000000003,
            0.36000000000000004,
            0.37,
            0.38,
            0.39,
            0.4,
            0.41000000000000003,
            0.42000000000000004,
            0.43,
            0.44,
            0.45,
            0.46,
            0.47000000000000003,
            0.48000000000000004,
            0.49,
            0.5,
            0.51,
            0.52,
            0.53,
            0.54,
            0.55,
            0.56,
            0.5700000000000001,
            0.5800000000000001,
            0.59,
            0.6,
            0.61,
            0.62,
            0.63,
            0.64,
            0.65,
            0.66,
            0.67,
            0.68,
            0.6900000000000001,
            0.7000000000000001,
            0.7100000000000001,
            0.72,
            0.73,
            0.74,
            0.75,
            0.76,
            0.77,
            0.78,
            0.79,
            0.8,
            0.81,
            0.8200000000000001,
            0.8300000000000001,
            0.8400000000000001,
            0.85,
            0.86,
            0.87,
            0.88,
            0.89,
            0.9,
            0.91,
            0.92,
            0.93,
            0.9400000000000001,
            0.9500000000000001,
            0.9600000000000001,
            0.97,
            0.98,
            0.99
        ],
        "net_benefit_model": [
            0.10977479070864285,
            0.10045263241483364,
            0.09252276465161056,
            0.08495460440985732,
            0.07648986278926889,
            0.0704942462124348,
            0.06880465252499895,
            0.06327186601251904,
            0.057425065207166365,
            0.04755728491137052,
            0.04446290386044681,
            0.04333215422709587,
            0.038463258643052015,
            0.03750791783549,
            0.03845273517967498,
            0.03770613303687233,
            0.03750410201115746,
            0.03857834298187339,
            0.03429889033001873,
            0.029669260700389107,
            0.02770526523173915,
            0.026987927766137884,
            0.02655515690535146,
            0.027134958017612124,
            0.026588845654993518,
            0.024818592911978125,
            0.024385693726347208,
            0.02475140510159965,
            0.025237025264427025,
            0.025013896609227346,
            0.024840692494219815,
            0.024719615472648202,
            0.023665718102096518,
            0.021754510081358328,
            0.020951810835079316,
            0.02054961089494163,
            0.020381693533444507,
            0.017384209865695995,
            0.017127001339542005,
            0.014267185473411154,
            0.008210776231616434,
            0.009392191064001073,
            0.009215646119189024,
            0.009032795997776542,
            0.006897771489211178,
            0.006701253782965846,
            0.0064973203142206885,
            0.0062855432505237955,
            0.006065461203936828,
            0.005836575875486381,
            0.007623282776145477,
            0.007457846952010376,
            0.007285371305571653,
            0.00710539671798342,
            0.00691742325983571,
            0.0,
            0.0,
            0.0,
            0.0,
            0.0,
            0.0,
            0.0,
            0.0,
            0.0,
            0.0,
            0.0,
            0.0,
            0.0,
            0.0,
            0.0,
            0.0,
            0.0,
            0.0,
            0.0,
            0.0,
            0.0,
            0.0,
            0.0,
            0.0,
            0.0,
            0.0,
            0.0,
            0.0,
            0.0,
            0.0,
            0.0,
            0.0,
            0.0,
            0.0,
            0.0,
            0.0,
            0.0,
            0.0,
            0.0,
            0.0,
            0.0,
            0.0,
            0.0,
            0.0
        ],