{
    "tearsense": {
        "AUC": 0.7712155755799226,
        "Brier": 0.0885154819801389
    },
    "logistic_regression": {
        "AUC": 0.8106611659971772,
        "Brier": 0.17485229610278893
    },
    "improvement": {
        "AUC_delta": -0.039445590417254595,
        "AUC_pct": -4.865854202937352,
        "Brier_delta": -0.08633681412265004
    }
}