{
    "evaluation_type": "end_to_end_pipeline",
    "description": "Holdout test set (n=514) evaluated through the FULL production inference pipeline. fold_models predict \u2192 average \u2192 meta-features \u2192 meta-learner \u2192 calibrate \u2192 score. These are the metrics of the actual deployed model.",
    "pipeline": "fold_ensemble \u2192 13 meta-features \u2192 xgb_meta \u2192 threshold",
    "best_method": "xgb_meta",
    "holdout_n": 514,
    "cross_check_vs_trainMeta": true,
    "final_model": {
        "AUC": 0.7616617812036334,
        "AUC_95CI": [
            0.6899981583004969,
            0.8269556044854759
        ],
        "Brier": 0.09041473871605518,
        "Brier_95CI": [
            0.07170252221039665,
            0.10833497805402172
        ],
        "optimal_threshold": 0.17567820847034454,
        "clinical_metrics": {
            "sensitivity": 0.5573770491803278,
            "specificity": 0.8543046357615894,
            "ppv": 0.34,
            "npv": 0.9347826086956522,
            "tp": 34,
            "tn": 387,
            "fp": 66,
            "fn": 27
        }
    },
    "decision_curve_analysis": {
        "thresholds": [
            0.01,
            0.02,
            0.03,
            0.04,
            0.05,
            0.060000000000000005,
            0.06999999999999999,
            0.08,
            0.09,
            0.09999999999999999,
            0.11,
            0.12,
            0.13,
            0.14,
            0.15000000000000002,
            0.16,
            0.17,
            0.18000000000000002,
            0.19,
            0.2,
            0.21000000000000002,
            0.22,
            0.23,
            0.24000000000000002,
            0.25,
            0.26,
            0.27,
            0.28,
            0.29000000000000004,
            0.3,
            0.31,
            0.32,
            0.33,
            0.34,
            0.35000000000000003,
            0.36000000000000004,
            0.37,
            0.38,
            0.39,
            0.4,
            0.41000000000000003,
            0.42000000000000004,
            0.43,
            0.44,
            0.45,
            0.46,
            0.47000000000000003,
            0.48000000000000004,
            0.49,
            0.5,
            0.51,
            0.52,
            0.53,
            0.54,
            0.55,
            0.56,
            0.5700000000000001,
            0.5800000000000001,
            0.59,
            0.6,
            0.61,
            0.62,
            0.63,
            0.64,
            0.65,
            0.66,
            0.67,
            0.68,
            0.6900000000000001,
            0.7000000000000001,
            0.7100000000000001,
            0.72,
            0.73,
            0.74,
            0.75,
            0.76,
            0.77,
            0.78,
            0.79,
            0.8,
            0.81,
            0.8200000000000001,
            0.8300000000000001,
            0.8400000000000001,
            0.85,
            0.86,
            0.87,
            0.88,
            0.89,
            0.9,
            0.91,
            0.92,
            0.93,
            0.9400000000000001,
            0.9500000000000001,
            0.9600000000000001,
            0.97,
            0.98,
            0.99
        ],
        "net_benefit_model": [
            0.10977479070864285,
            0.10069086000158818,
            0.09366601147258213,
            0.08584630350194553,
            0.07618267458529593,
            0.07123934100505008,
            0.06039496255386804,
            0.05684317374386737,
            0.05039124299824689,
            0.04712494595763079,
            0.03982861889564115,
            0.041917226742129464,
            0.03680844402701372,
            0.03841281332006152,
            0.03627832455939574,
            0.03464887900685566,
            0.03666025971590643,
            0.03682262503558888,
            0.03199308257674017,
            0.030642023346303504,
            0.029773925035709005,
            0.0280854035717849,
            0.026757289403203804,
            0.02539422486176531,
            0.023994811932555128,
            0.022557577032285205,
            0.021080965833377752,
            0.019563337656722867,
            0.01800295939058475,
            0.018899388549193992,
            0.015423222241019566,
            0.016594186312657362,
            0.01881642371798594,
            0.022815705695083125,
            0.023046991918587247,
            0.024683852140077817,
            0.012136372058551047,
            0.011986946152880634,
            0.009887095745359443,
            0.009727626459143969,
            0.009562751434412715,
            0.009392191064001073,
            0.009215646119189024,
            0.009032795997776542,
            0.008843296781039973,
            0.00864677907479464,
            0.008442845606049482,
            0.00823106854235259,
            0.00801098649576562,
            0.007782101167315175,
            0.007623282776145477,
            0.0,
            0.0,
            0.0,
            0.0,
            0.0,
            0.0,
            0.0,
            0.0,
            0.0,
            0.0,
            0.0,
            0.0,
            0.0,
            0.0,
            0.0,
            0.0,
            0.0,
            0.0,
            0.0,
            0.0,
            0.0,
            0.0,
            0.0,
            0.0,
            0.0,
            0.0,
            0.0,
            0.0,
            0.0,
            0.0,
            0.0,
            0.0,
            0.0,
            0.0,
            0.0,
            0.0,
            0.0,
            0.0,
            0.0,
            0.0,
            0.0,
            0.0,
            0.0,
            0.0,
            0.0,
            0.0,
            0.0,
            0.0
        ],