{
    "best_method": "logistic+platt",
    "base_models": {
        "CatBoost": {
            "auc": {
                "per_fold": [
                    0.7799639192693653,
                    0.7420498614958447,
                    0.7345808129345921,
                    0.7241223359149754,
                    0.8028153089490644
                ],
                "mean": 0.7567064477127683,
                "std": 0.02977589845239382,
                "min": 0.7241223359149754,
                "max": 0.8028153089490644
            },
            "brier": {
                "per_fold": [
                    0.09423242070376857,
                    0.10052205011662935,
                    0.0999935599895139,
                    0.09710664621722326,
                    0.09140238842674665
                ],
                "mean": 0.09665141309077635,
                "std": 0.0034572474071160554,
                "min": 0.09140238842674665,
                "max": 0.10052205011662935
            },
            "f1": {
                "per_fold": [
                    0.16666666666666666,
                    0.18461538461538463,
                    0.07017543859649122,
                    0.13114754098360656,
                    0.1724137931034483
                ],
                "mean": 0.14500376479311947,
                "std": 0.04142691090136445,
                "min": 0.07017543859649122,
                "max": 0.18461538461538463
            }
        },
        "XGBoost": {
            "auc": {
                "per_fold": [
                    0.7840793776073965,
                    0.7852077562326869,
                    0.7461134038102776,
                    0.7376335575781559,
                    0.8242975860704392
                ],
                "mean": 0.7754663362597912,
                "std": 0.031133533331676684,
                "min": 0.7376335575781559,
                "max": 0.8242975860704392
            },
            "brier": {
                "per_fold": [
                    0.15701021124396597,
                    0.16366811435794731,
                    0.1707907327951381,
                    0.15914351447342878,
                    0.13746953570041223
                ],
                "mean": 0.15761642171417847,
                "std": 0.011124585167940251,
                "min": 0.13746953570041223,
                "max": 0.1707907327951381
            },
            "f1": {
                "per_fold": [
                    0.3741935483870968,
                    0.3974358974358974,
                    0.3515151515151515,
                    0.3586206896551724,
                    0.4583333333333333
                ],
                "mean": 0.3880197240653303,
                "std": 0.038524584733503016,
                "min": 0.3515151515151515,
                "max": 0.4583333333333333
            }
        },
        "LightGBM": {
            "auc": {
                "per_fold": [
                    0.7812041943849363,
                    0.7402216066481995,
                    0.7108372434846515,
                    0.7145118435185709,
                    0.7949573181072983
                ],
                "mean": 0.7483464412287313,
                "std": 0.034263504317092,
                "min": 0.7108372434846515,
                "max": 0.7949573181072983
            },
            "brier": {
                "per_fold": [
                    0.13560396366733934,
                    0.15016921526808208,
                    0.16688187329660767,
                    0.14835411373364063,
                    0.1366682995475885
                ],
                "mean": 0.14753549310265163,
                "std": 0.011334428518634579,
                "min": 0.13560396366733934,
                "max": 0.16688187329660767
            },
            "f1": {
                "per_fold": [
                    0.421875,
                    0.3511450381679389,
                    0.30344827586206896,
                    0.3609022556390977,
                    0.34108527131782945
                ],
                "mean": 0.355691168197387,
                "std": 0.038394724496634364,
                "min": 0.30344827586206896,
                "max": 0.421875
            }
        },
        "RandomForest": {
            "auc": {
                "per_fold": [
                    0.7570188296313001,
                    0.8118005540166204,
                    0.7767539148623439,
                    0.7509186500084798,
                    0.8216405675843744
                ],
                "mean": 0.7836265032206238,
                "std": 0.02850912364150218,
                "min": 0.7509186500084798,
                "max": 0.8216405675843744
            },
            "brier": {
                "per_fold": [
                    0.11385908318716502,
                    0.10855075442248789,
                    0.11316102513247965,
                    0.11174037592654557,
                    0.1012741182719218
                ],
                "mean": 0.10971707138812,
                "std": 0.004599012784904445,
                "min": 0.1012741182719218,
                "max": 0.11385908318716502
            },
            "f1": {
                "per_fold": [
                    0.39080459770114945,
                    0.40860215053763443,
                    0.42105263157894735,
                    0.36363636363636365,
                    0.44680851063829785
                ],
                "mean": 0.4061808508184785,
                "std": 0.02801464562427912,
                "min": 0.36363636363636365,
                "max": 0.44680851063829785
            }
        }
    },
    "ensemble": {
        "auc": {
            "per_fold": [
                0.7801330476942158,
                0.7934626038781163,
                0.7621120470348804,
                0.7528407484877607,
                0.8287071061111425
            ],
            "mean": 0.7834511106412232,
            "std": 0.026652184042917332,
            "min": 0.7528407484877607,
            "max": 0.8287071061111425
        },
        "brier": {
            "per_fold": [
                0.21250356926029532,
                0.21592381203620717,
                0.221613520924685,
                0.20619190295466414,
                0.1959188631907948
            ],
            "mean": 0.2104303336733293,
            "std": 0.008810077842377435,
            "min": 0.1959188631907948,
            "max": 0.221613520924685
        },
        "f1": {
            "per_fold": [
                0.3487179487179487,
                0.38095238095238093,
                0.3469387755102041,
                0.33136094674556216,
                0.4528301886792453
            ],
            "mean": 0.37216004812106823,
            "std": 0.04344004600337967,
            "min": 0.33136094674556216,
            "max": 0.4528301886792453
        }
    },
    "method_comparison": {
        "weighted_avg": {
            "auc": 0.7771768000072028,
            "brier": 0.09649467620615486,
            "score": 0.500487967767819,
            "calibration": null
        },
        "weighted_avg+isotonic": {
            "auc": 0.7698525241066365,
            "brier": 0.09425119714984709,
            "score": 0.5045985893060623,
            "calibration": "isotonic"
        },
        "weighted_avg+platt": {
            "auc": 0.7762899638963167,
            "brier": 0.09454774778687051,
            "score": 0.5073368088330975,
            "calibration": "platt"
        },
        "logistic": {
            "auc": 0.7834511106412232,
            "brier": 0.2104303336733293,
            "score": 0.07231445383251639,
            "calibration": null
        },
        "logistic+isotonic": {
            "auc": 0.7709925811882705,
            "brier": 0.09292794159720615,
            "score": 0.510299178533054,
            "calibration": "isotonic"
        },