{
    "tearsense": {
        "model_serial": "05022026_131528_62930",
        "holdout_n": 514,
        "inference_verified": true,
        "stored_AUC": 0.7651177939420257,
        "stored_Brier": 0.08957307303112255,
        "stored_threshold": 0.32000000000000006,
        "AUC": 0.7651177939420257,
        "Brier_Score": 0.08957307040691376,
        "Calibration_Slope": 0.9711883474223629,
        "Calibration_Intercept": 0.01253006603482442,
        "Net_Benefit": 0.05414961507336373,
        "Optimal_Threshold_Used": 0.10088376700878143,
        "Youden_J_Threshold": 0.10088376700878143,
        "F1_Score": 0.3474903474903475,
        "Sensitivity_Recall": 0.7377049180327869,
        "Specificity": 0.6622516556291391,
        "PPV_Precision": 0.22727272727272727,
        "NPV": 0.9493670886075949,
        "Confusion_Matrix": {
            "TP": 45,
            "TN": 300,
            "FP": 153,
            "FN": 16
        },
        "AUC_95CI": [
            0.6997387381627245,
            0.8284617783086193
        ],
        "AUC_Text": "0.7651 (0.6997-0.8285)",
        "Brier_Score_95CI": [
            0.07098474260419607,
            0.10852672234177588
        ],
        "Brier_Score_Text": "0.0896 (0.0710-0.1085)",
        "F1_Score_95CI": [
            0.27023620258914377,
            0.4237970260223048
        ],
        "F1_Score_Text": "0.3475 (0.2702-0.4238)",
        "Sensitivity_Recall_95CI": [
            0.6229073522106309,
            0.843185584092792
        ],
        "Sensitivity_Recall_Text": "0.7377 (0.6229-0.8432)",
        "Specificity_95CI": [
            0.6182101711255724,
            0.7046241116554676
        ],
        "Specificity_Text": "0.6623 (0.6182-0.7046)",
        "PPV_Precision_95CI": [
            0.1683648940345369,
            0.2879122103386809
        ],
        "PPV_Precision_Text": "0.2273 (0.1684-0.2879)",
        "NPV_95CI": [
            0.9253223995630537,
            0.9725630606420046
        ],
        "NPV_Text": "0.9494 (0.9253-0.9726)",
        "Net_Benefit_95CI": [
            0.028814560754160504,
            0.08102814518503697
        ],
        "Net_Benefit_Text": "0.0541 (0.0288-0.0810)",
        "Calibration_Slope_95CI": [
            0.7075652653580756,
            1.2820791939679375
        ],
        "Calibration_Slope_Text": "0.9712 (0.7076-1.2821)"
    },
    "logistic_regression": {
        "AUC": 0.8106611659971772,
        "Brier_Score": 0.17485229610280642,
        "F1_Score": 0.3861003861003861,
        "Sensitivity_Recall": 0.819672131147541,
        "Specificity": 0.673289183222958,
        "PPV_Precision": 0.25252525252525254,
        "NPV": 0.9651898734177216,
        "Net_Benefit": -0.12066993337223451,
        "Calibration_Slope": 0.8821582035791161,
        "Calibration_Intercept": -1.9580869173522404,
        "Threshold_Used": 0.43082252713213315,
        "Confusion_Matrix": {
            "TP": 50,
            "TN": 305,
            "FP": 148,
            "FN": 11
        },
        "AUC_95CI": [
            0.7521794662966538,
            0.8631149614337568
        ],
        "Brier_Score_95CI": [
            0.15675797066713185,
            0.19277571042690916
        ],
        "F1_Score_95CI": [
            0.309478021978022,
            0.4545624151967435
        ],
        "Sensitivity_Recall_95CI": [
            0.7212933944069432,
            0.9111403508771929
        ],
        "Specificity_95CI": [
            0.6296276469188675,
            0.715232159296766
        ],
        "PPV_Precision_95CI": [
            0.19288327256261767,
            0.31156296186816435
        ],
        "NPV_95CI": [
            0.9438819353633476,
            0.984178463043565
        ],
        "Net_Benefit_95CI": [
            -0.16230365857180526,
            -0.07807198326155126
        ],
        "Calibration_Slope_95CI": [
            0.6671257244850478,
            1.1635364636314967
        ]
    },
    "lr_formula": "z = -0.7181 + 1.1932 \u00d7 tear_characteristics_Tear_MedLat + 0.7155 \u00d7 tear_characteristics_Full_3.0\n    - 0.7025 \u00d7 Tear_Area_cm2 + 0.4783 \u00d7 Tear_AP_ML_Ratio + 0.4497 \u00d7 InsuranceType_5.0\n    + 0.3984 \u00d7 Aged + 0.3697 \u00d7 tear_characteristics_Full_nan + 0.3136 \u00d7 Gender_M + 0.3018 \u00d7 Pre-Op_ROM_Pre-Op_IR + 0.2575 \u00d7 tear_characteristics_Tear_AntPost\n    + ... (30 more terms)\n\nP(retear) = 1 / (1 + exp(-z))",
    "comparison": {
        "AUC_difference": -0.045543372055151465,
        "Brier_difference": -0.08527922569589266,
        "TearSense_better_AUC": false,
        "TearSense_better_Brier": true
    }
}