{
    "Final_Model": {
        "AUC": 0.7832663843954693,
        "AUC_95CI_lower": 0.7174813368055555,
        "AUC_95CI_upper": 0.8488320422018063,
        "Brier": 0.08822490531286138,
        "Brier_95CI_lower": 0.07024702742196084,
        "Brier_95CI_upper": 0.10549831290051447,
        "Best_Method": "lgbm_meta",
        "Optimal_Threshold": 0.29000000000000004
    },
    "Individual_Assessment_Test": {
        "CatBoost": {
            "AUC": 0.7711070097347376,
            "Brier": 0.08809408527471893
        },
        "XGBoost": {
            "AUC": 0.7725183657221438,
            "Brier": 0.09267596212847641
        },
        "LightGBM": {
            "AUC": 0.7815655194875691,
            "Brier": 0.09991629605324966
        },
        "RandomForest": {
            "AUC": 0.7697318423623928,
            "Brier": 0.09084404671349233
        }
    },
    "Self_Assessment_CV": {
        "CatBoost": {
            "AUC": 0.8024493531423375,
            "Brier": 0.09257917081920147
        },
        "XGBoost": {
            "AUC": 0.7753923951239791,
            "Brier": 0.10645069117980437
        },
        "LightGBM": {
            "AUC": 0.7877154113631188,
            "Brier": 0.10524393663046376
        },
        "RandomForest": {
            "AUC": 0.77615319568393,
            "Brier": 0.09596375676603286
        }
    },
    "Ensemble_Weights": {
        "CatBoost": 0.3811881188118812,
        "XGBoost": 0.10396039603960396,
        "LightGBM": 0.3465346534653465,
        "RandomForest": 0.16831683168316833
    }
}