{
    "best_method": "xgb_meta",
    "base_models": {
        "CatBoost": {
            "auc": {
                "per_fold": [
                    0.7724095162927049,
                    0.7790581717451524,
                    0.794448527333371,
                    0.7610379331788116,
                    0.8400701000621855
                ],
                "mean": 0.7894048497224451,
                "std": 0.027542633619822295,
                "min": 0.7610379331788116,
                "max": 0.8400701000621855
            },
            "brier": {
                "per_fold": [
                    0.09284649248048028,
                    0.09327326589253143,
                    0.09351164262656514,
                    0.09297386639473135,
                    0.08871523141415365
                ],
                "mean": 0.09226409976169238,
                "std": 0.001789536028123632,
                "min": 0.08871523141415365,
                "max": 0.09351164262656514
            },
            "f1": {
                "per_fold": [
                    0.14545454545454545,
                    0.22950819672131148,
                    0.1694915254237288,
                    0.10909090909090909,
                    0.07407407407407407
                ],
                "mean": 0.14552385015291378,
                "std": 0.05302877412441859,
                "min": 0.07407407407407407,
                "max": 0.22950819672131148
            }
        },
        "XGBoost": {
            "auc": {
                "per_fold": [
                    0.7589919945878905,
                    0.7117451523545707,
                    0.7352592006331619,
                    0.7551020408163266,
                    0.7989145796822884
                ],
                "mean": 0.7520025936148476,
                "std": 0.02884508804310466,
                "min": 0.7117451523545707,
                "max": 0.7989145796822884
            },
            "brier": {
                "per_fold": [
                    0.11645468982843873,
                    0.11691076406766895,
                    0.12076660829988436,
                    0.1087407242210274,
                    0.10296463890092492
                ],
                "mean": 0.11316748506358887,
                "std": 0.0064227534314352545,
                "min": 0.10296463890092492,
                "max": 0.12076660829988436
            },
            "f1": {
                "per_fold": [
                    0.32323232323232326,
                    0.36363636363636365,
                    0.3564356435643564,
                    0.3829787234042553,
                    0.3023255813953488
                ],
                "mean": 0.3457217270465295,
                "std": 0.029026900386342685,
                "min": 0.3023255813953488,
                "max": 0.3829787234042553
            }
        },
        "LightGBM": {
            "auc": {
                "per_fold": [
                    0.7784417634457098,
                    0.7418836565096952,
                    0.7634122901238057,
                    0.7527842161795466,
                    0.8342472723161286
                ],
                "mean": 0.7741538397149772,
                "std": 0.0323821350546186,
                "min": 0.7418836565096952,
                "max": 0.8342472723161286
            },
            "brier": {
                "per_fold": [
                    0.10002710465284549,
                    0.10863299065802991,
                    0.10367554320008283,
                    0.10583506694354478,
                    0.09782048425084466
                ],
                "mean": 0.10319823794106955,
                "std": 0.003890849410539923,
                "min": 0.09782048425084466,
                "max": 0.10863299065802991
            },
            "f1": {
                "per_fold": [
                    0.345679012345679,
                    0.27848101265822783,
                    0.345679012345679,
                    0.2962962962962963,
                    0.2571428571428571
                ],
                "mean": 0.3046556381577478,
                "std": 0.03571635041739772,
                "min": 0.2571428571428571,
                "max": 0.345679012345679
            }
        },
        "RandomForest": {
            "auc": {
                "per_fold": [
                    0.7581463524636374,
                    0.7981717451523546,
                    0.779580530273051,
                    0.7639776132059471,
                    0.8257674260840071
                ],
                "mean": 0.7851287334357994,
                "std": 0.024608229611385597,
                "min": 0.7581463524636374,
                "max": 0.8257674260840071
            },
            "brier": {
                "per_fold": [
                    0.10456285900495003,
                    0.1000007268292411,
                    0.10535312215263809,
                    0.10256580253383568,
                    0.09432787558746313
                ],
                "mean": 0.1013620772216256,
                "std": 0.003973805878851576,
                "min": 0.09432787558746313,
                "max": 0.10535312215263809
            },
            "f1": {
                "per_fold": [
                    0.3333333333333333,
                    0.34146341463414637,
                    0.2894736842105263,
                    0.2716049382716049,
                    0.3055555555555556
                ],
                "mean": 0.30828618520103335,
                "std": 0.026210565009152666,
                "min": 0.2716049382716049,
                "max": 0.34146341463414637
            }
        }
    },
    "ensemble": {
        "auc": {
            "per_fold": [
                0.7733115345585747,
                0.796371191135734,
                0.7965967550455086,
                0.7763299225507378,
                0.8264740799366838
            ],
            "mean": 0.7938166966454477,
            "std": 0.019010564382404355,
            "min": 0.7733115345585747,
            "max": 0.8264740799366838
        },
        "brier": {
            "per_fold": [
                0.09335165689319047,
                0.0917628545340304,
                0.09188088074146708,
                0.09345089727609791,
                0.08974915022934099
            ],
            "mean": 0.09203908793482538,
            "std": 0.0013461940416828616,
            "min": 0.08974915022934099,
            "max": 0.09345089727609791
        },
        "f1": {
            "per_fold": [
                0.04,
                0.14285714285714285,
                0.13559322033898305,
                0.0,
                0.07547169811320754
            ],
            "mean": 0.0787844122618667,
            "std": 0.054872112782458835,
            "min": 0.0,
            "max": 0.14285714285714285
        }
    },
    "method_comparison": {
        "weighted_avg": {
            "auc": 0.7913459201037193,
            "brier": 0.0918588096879924,
            "score": 0.526564336233811,
            "calibration": null
        },
        "weighted_avg+isotonic": {
            "auc": 0.7808434396636326,
            "brier": 0.09220309740853404,
            "score": 0.5189576289779291,
            "calibration": "isotonic"
        },
        "weighted_avg+platt": {
            "auc": 0.7903577956045342,
            "brier": 0.09322881830184583,
            "score": 0.5207776624090832,
            "calibration": "platt"
        },
        "logistic": {
            "auc": 0.7928041068067085,
            "brier": 0.18614321994491242,
            "score": 0.17000040987004766,
            "calibration": null
        },
        "logistic+isotonic": {
            "auc": 0.7760108581152256,
            "brier": 0.09281846764187654,
            "score": 0.5137251681625654,
            "calibration": "isotonic"
        },