{
    "best_method": "xgb_meta",
    "base_models": {
        "CatBoost": {
            "auc": {
                "per_fold": [
                    0.7407825008456421,
                    0.7662603878116344,
                    0.7595115608570298,
                    0.7354853298660184,
                    0.8195488721804511
                ],
                "mean": 0.7643177303121551,
                "std": 0.029874961277281377,
                "min": 0.7354853298660184,
                "max": 0.8195488721804511
            },
            "brier": {
                "per_fold": [
                    0.09320017601854674,
                    0.09418428161251093,
                    0.09646316317406538,
                    0.095629982884352,
                    0.09145401952429495
                ],
                "mean": 0.09418632464275399,
                "std": 0.0017723502678395103,
                "min": 0.09145401952429495,
                "max": 0.09646316317406538
            },
            "f1": {
                "per_fold": [
                    0.14035087719298245,
                    0.24242424242424243,
                    0.19047619047619047,
                    0.10909090909090909,
                    0.13793103448275862
                ],
                "mean": 0.16405465073341663,
                "std": 0.04712794450340027,
                "min": 0.10909090909090909,
                "max": 0.24242424242424243
            }
        },
        "XGBoost": {
            "auc": {
                "per_fold": [
                    0.7567933250648325,
                    0.7463157894736842,
                    0.7470179207417039,
                    0.7557238962066821,
                    0.8123127367290407
                ],
                "mean": 0.7636327336431886,
                "std": 0.02471840805091793,
                "min": 0.7463157894736842,
                "max": 0.8123127367290407
            },
            "brier": {
                "per_fold": [
                    0.10911566855370307,
                    0.10736256446821237,
                    0.11414761419415512,
                    0.10970074247187853,
                    0.09965012555154654
                ],
                "mean": 0.10799534304789912,
                "std": 0.0047340684507864465,
                "min": 0.09965012555154654,
                "max": 0.11414761419415512
            },
            "f1": {
                "per_fold": [
                    0.35555555555555557,
                    0.42105263157894735,
                    0.3673469387755102,
                    0.3695652173913043,
                    0.3132530120481928
                ],
                "mean": 0.365354671069902,
                "std": 0.03445160714242695,
                "min": 0.3132530120481928,
                "max": 0.42105263157894735
            }
        },
        "LightGBM": {
            "auc": {
                "per_fold": [
                    0.769816213778329,
                    0.7707479224376731,
                    0.7649386624455876,
                    0.7669172932330826,
                    0.8330600938436316
                ],
                "mean": 0.7810960371476608,
                "std": 0.026064069589589556,
                "min": 0.7649386624455876,
                "max": 0.8330600938436316
            },
            "brier": {
                "per_fold": [
                    0.11041223551870546,
                    0.1065056100872579,
                    0.11470547271073431,
                    0.1081502898194258,
                    0.09674587476667514
                ],
                "mean": 0.10730389658055972,
                "std": 0.005954335691373343,
                "min": 0.09674587476667514,
                "max": 0.11470547271073431
            },
            "f1": {
                "per_fold": [
                    0.36538461538461536,
                    0.43137254901960786,
                    0.3333333333333333,
                    0.44,
                    0.425531914893617
                ],
                "mean": 0.39912448252623467,
                "std": 0.0421306352964294,
                "min": 0.3333333333333333,
                "max": 0.44
            }
        },
        "RandomForest": {
            "auc": {
                "per_fold": [
                    0.7508738301950614,
                    0.8093074792243767,
                    0.7687263270959354,
                    0.7628469670416642,
                    0.8226016168240149
                ],
                "mean": 0.7828712440762106,
                "std": 0.027936577777907253,
                "min": 0.7508738301950614,
                "max": 0.8226016168240149
            },
            "brier": {
                "per_fold": [
                    0.11449014124715985,
                    0.10322262984386339,
                    0.11329457047840423,
                    0.10984757286663695,
                    0.09971659238279446
                ],
                "mean": 0.10811430136377176,
                "std": 0.005743530600756497,
                "min": 0.09971659238279446,
                "max": 0.11449014124715985
            },
            "f1": {
                "per_fold": [
                    0.3541666666666667,
                    0.38636363636363635,
                    0.3655913978494624,
                    0.32967032967032966,
                    0.38095238095238093
                ],
                "mean": 0.36334888230049517,
                "std": 0.020313290903101494,
                "min": 0.32967032967032966,
                "max": 0.38636363636363635
            }
        }
    },
    "ensemble": {
        "auc": {
            "per_fold": [
                0.7668846544142519,
                0.7971745152354571,
                0.7722878625134264,
                0.7686980609418282,
                0.84224659392843
            ],
            "mean": 0.7894583374066787,
            "std": 0.028571051355142547,
            "min": 0.7668846544142519,
            "max": 0.84224659392843
        },
        "brier": {
            "per_fold": [
                0.09299697248179797,
                0.08801230823629683,
                0.09400170386247567,
                0.09172226377342575,
                0.0884694392573365
            ],
            "mean": 0.09104053752226655,
            "std": 0.0024017332667519427,
            "min": 0.08801230823629683,
            "max": 0.09400170386247567
        },
        "f1": {
            "per_fold": [
                0.10909090909090909,
                0.2903225806451613,
                0.16393442622950818,
                0.26666666666666666,
                0.07407407407407407
            ],
            "mean": 0.18081773134126383,
            "std": 0.0850709622679565,
            "min": 0.07407407407407407,
            "max": 0.2903225806451613
        }
    },
    "method_comparison": {
        "weighted_avg": {
            "auc": 0.7833238797504254,
            "brier": 0.09247719481970634,
            "score": 0.5194067704434929,
            "calibration": null
        },
        "weighted_avg+isotonic": {
            "auc": 0.7766658563595604,
            "brier": 0.0916282559534525,
            "score": 0.5186303434295563,
            "calibration": "isotonic"
        },
        "weighted_avg+platt": {
            "auc": 0.7829434855810353,
            "brier": 0.09343472046555738,
            "score": 0.5155484867936109,
            "calibration": "platt"
        },
        "logistic": {
            "auc": 0.7870930056416745,
            "brier": 0.18728533026506483,
            "score": 0.16224392852484604,
            "calibration": null
        },
        "logistic+isotonic": {
            "auc": 0.7702115351718304,
            "brier": 0.09369177260788517,
            "score": 0.50693481377602,
            "calibration": "isotonic"
        },