{
    "best_method": "weighted_avg",
    "base_models": {
        "CatBoost": {
            "auc": {
                "per_fold": [
                    0.7850941481565001,
                    0.7980055401662051,
                    0.7785064164169823,
                    0.775623268698061,
                    0.8415399400757533
                ],
                "mean": 0.7957538627027004,
                "std": 0.02415690238907162,
                "min": 0.775623268698061,
                "max": 0.8415399400757533
            },
            "brier": {
                "per_fold": [
                    0.09105483403345477,
                    0.09287206731166592,
                    0.09373172382826116,
                    0.09325301334019187,
                    0.0898882563849693
                ],
                "mean": 0.0921599789797086,
                "std": 0.0014528760906792942,
                "min": 0.0898882563849693,
                "max": 0.09373172382826116
            },
            "f1": {
                "per_fold": [
                    0.0,
                    0.07547169811320754,
                    0.04,
                    0.07692307692307693,
                    0.04
                ],
                "mean": 0.04647895500725689,
                "std": 0.028325503302048107,
                "min": 0.0,
                "max": 0.07692307692307693
            }
        },
        "XGBoost": {
            "auc": {
                "per_fold": [
                    0.748055023114218,
                    0.7765650969529087,
                    0.7434563853242128,
                    0.7691785855616485,
                    0.8288201707275707
                ],
                "mean": 0.7732150523361117,
                "std": 0.030456691833013246,
                "min": 0.7434563853242128,
                "max": 0.8288201707275707
            },
            "brier": {
                "per_fold": [
                    0.10778751819215238,
                    0.10209300033536756,
                    0.1109128512845396,
                    0.10495402110267182,
                    0.09680469015113786
                ],
                "mean": 0.10451041621317385,
                "std": 0.004840443599321784,
                "min": 0.09680469015113786,
                "max": 0.1109128512845396
            },
            "f1": {
                "per_fold": [
                    0.2716049382716049,
                    0.39080459770114945,
                    0.3333333333333333,
                    0.3,
                    0.2028985507246377
                ],
                "mean": 0.2997282840061451,
                "std": 0.06259582719128688,
                "min": 0.2028985507246377,
                "max": 0.39080459770114945
            }
        },
        "LightGBM": {
            "auc": {
                "per_fold": [
                    0.7430375465103168,
                    0.7386149584487534,
                    0.7557804285148964,
                    0.751766634631692,
                    0.8274633953304313
                ],
                "mean": 0.763332592687218,
                "std": 0.03263867876847877,
                "min": 0.7386149584487534,
                "max": 0.8274633953304313
            },
            "brier": {
                "per_fold": [
                    0.10799361530570772,
                    0.10420200959302842,
                    0.10780292524974855,
                    0.10426695261264148,
                    0.0971215853707953
                ],
                "mean": 0.10427741762638428,
                "std": 0.0039357606724073945,
                "min": 0.0971215853707953,
                "max": 0.10799361530570772
            },
            "f1": {
                "per_fold": [
                    0.3170731707317073,
                    0.38636363636363635,
                    0.37209302325581395,
                    0.38095238095238093,
                    0.24
                ],
                "mean": 0.3392964422607077,
                "std": 0.055461357641264974,
                "min": 0.24,
                "max": 0.38636363636363635
            }
        },
        "RandomForest": {
            "auc": {
                "per_fold": [
                    0.7401059871462397,
                    0.7946814404432133,
                    0.7809373056701905,
                    0.7602464808638136,
                    0.8180790321668835
                ],
                "mean": 0.7788100492580681,
                "std": 0.026985513862708244,
                "min": 0.7401059871462397,
                "max": 0.8180790321668835
            },
            "brier": {
                "per_fold": [
                    0.1007709878168809,
                    0.09389874501407516,
                    0.09879991825048981,
                    0.09581734095600183,
                    0.09126314084044079
                ],
                "mean": 0.09611002657557768,
                "std": 0.003389035534228386,
                "min": 0.09126314084044079,
                "max": 0.1007709878168809
            },
            "f1": {
                "per_fold": [
                    0.27692307692307694,
                    0.3188405797101449,
                    0.17647058823529413,
                    0.29850746268656714,
                    0.16393442622950818
                ],
                "mean": 0.24693522675691826,
                "std": 0.06416189621554763,
                "min": 0.16393442622950818,
                "max": 0.3188405797101449
            }
        }
    },
    "ensemble": {
        "auc": {
            "per_fold": [
                0.7486187845303867,
                0.7765650969529087,
                0.7557804285148964,
                0.7677652778562948,
                0.8288201707275707
            ],
            "mean": 0.7755099517164113,
            "std": 0.02833888393735119,
            "min": 0.7486187845303867,
            "max": 0.8288201707275707
        },
        "brier": {
            "per_fold": [
                0.10557793025438006,
                0.10209300033536231,
                0.10780292524974855,
                0.10274865049821202,
                0.09680469015113778
            ],
            "mean": 0.10300543929776815,
            "std": 0.003714333224373664,
            "min": 0.09680469015113778,
            "max": 0.10780292524974855
        },
        "f1": {
            "per_fold": [
                0.2857142857142857,
                0.39080459770114945,
                0.37209302325581395,
                0.32098765432098764,
                0.2028985507246377
            ],
            "mean": 0.31449962234337486,
            "std": 0.06702975226457955,
            "min": 0.2028985507246377,
            "max": 0.39080459770114945
        }
    },
    "method_comparison": {
        "weighted_avg": {
            "auc": 0.7916272767378836,
            "brier": 0.09100457413210244,
            "score": 0.5299716173582725,
            "calibration": null
        },
        "weighted_avg+isotonic": {
            "auc": 0.7782009381555608,
            "brier": 0.09142889257538549,
            "score": 0.5203071931117178,
            "calibration": "isotonic"
        },
        "weighted_avg+platt": {
            "auc": 0.7909925361712089,
            "brier": 0.09284286287007285,
            "score": 0.5226216909682565,
            "calibration": "platt"
        },
        "logistic": {
            "auc": 0.7924186076873319,
            "brier": 0.1857434272013016,
            "score": 0.1712847528411312,
            "calibration": null
        },
        "logistic+isotonic": {
            "auc": 0.7765870765019943,
            "brier": 0.09265083782241217,
            "score": 0.5147063956439851,
            "calibration": "isotonic"
        },
        "logistic+platt": {
            "auc": 0.7863580296932536,
            "brier": 0.09170804316706561,