{
    "CatBoost_Params": {
        "iterations": 2444,
        "depth": 4,
        "learning_rate": 0.14253759785164305,
        "l2_leaf_reg": 0.8442420540832115,
        "random_strength": 7.273514496877665,
        "bagging_temperature": 0.10830292304842229,
        "border_count": 33,
        "loss_function": "Focal:focal_alpha=0.163571808852512;focal_gamma=1.2078277743696866",
        "eval_metric": "AUC",
        "random_state": 42,
        "verbose": false,
        "thread_count": -1
    },
    "XGBoost_Params": {
        "n_estimators": 1308,
        "max_depth": 9,
        "learning_rate": 0.11609670843119445,
        "subsample": 0.8028829313670294,
        "colsample_bytree": 0.5566404386672158,
        "gamma": 3.308060814853487,
        "min_child_weight": 1,
        "reg_alpha": 0.06542216289634323,
        "reg_lambda": 0.031242065126878864,
        "max_delta_step": 2.5263929670262883,
        "scale_pos_weight": 16.87965964761546,
        "objective": "binary:logistic",
        "eval_metric": "auc",
        "random_state": 42,
        "n_jobs": -1,
        "use_label_encoder": false
    },
    "LightGBM_Params": {
        "boosting_type": "gbdt",
        "n_estimators": 895,
        "num_leaves": 43,
        "learning_rate": 0.025694726884989715,
        "max_depth": 5,
        "min_child_samples": 7,
        "colsample_bytree": 0.8283650241739426,
        "reg_alpha": 0.0035514601505997933,
        "reg_lambda": 3.0436827603175183,
        "subsample": 0.7849622743929439,
        "subsample_freq": 9,
        "is_unbalance": true,
        "objective": "binary",
        "metric": "auc",
        "random_state": 42,
        "n_jobs": -1,
        "verbosity": -1
    },
    "RandomForest_Params": {
        "n_estimators": 667,
        "max_depth": 18,
        "min_samples_split": 5,
        "min_samples_leaf": 3,
        "max_features": 0.5,
        "class_weight": "balanced_subsample",
        "max_samples": 0.7029178739116658,
        "min_impurity_decrease": 0.00012964440270466892,
        "ccp_alpha": 1.5803548761617498e-06,
        "bootstrap": true,
        "random_state": 42,
        "n_jobs": -1
    },
    "Ensemble_Weights": {
        "Cat": 9.38358636235446e-15,
        "XGB": 0.9999999999999651,
        "LGBM": 1.610656052974946e-14,
        "RF": 9.384653912346028e-15
    }
}