{
    "Final_Model": {
        "AUC": 0.7857091159121341,
        "AUC_95CI_lower": 0.7192568509580729,
        "AUC_95CI_upper": 0.8471100207669272,
        "Brier": 0.08696947991847992,
        "Brier_95CI_lower": 0.06872547138482332,
        "Brier_95CI_upper": 0.10518593844026326,
        "Best_Method": "xgb_meta",
        "Optimal_Threshold": 0.18000000000000005
    },
    "LR_Baseline": {
        "AUC": 0.8106611659971772,
        "Brier": 0.17485229610287223,
        "F1_Score": 0.3861003861003861,
        "Sensitivity": 0.819672131147541,
        "Specificity": 0.673289183222958,
        "PPV": 0.25252525252525254,
        "NPV": 0.9651898734177216,
        "Net_Benefit": -0.12066993337262545,
        "Calibration_Slope": 0.8821582035785047,
        "Threshold": 0.43082252713257296
    },
    "TearSense_vs_LR": {
        "AUC_Improvement": -0.024952050085043087,
        "AUC_Improvement_Pct": -3.0779875898397204,
        "Brier_Improvement": 0.08788281618439231
    },
    "Individual_Assessment_Test": {
        "CatBoost": {
            "AUC": 0.7763181703036225,
            "Brier": 0.08888024236662585
        },
        "XGBoost": {
            "AUC": 0.7717584048058481,
            "Brier": 0.09876075586025487
        },
        "LightGBM": {
            "AUC": 0.7713603300401694,
            "Brier": 0.09343115258058547
        },
        "RandomForest": {
            "AUC": 0.7758115296927587,
            "Brier": 0.0955159078954173
        }
    },
    "Self_Assessment_CV": {
        "CatBoost": {
            "AUC": 0.801631968426862,
            "Brier": 0.09405549350108071
        },
        "XGBoost": {
            "AUC": 0.7819631084523921,
            "Brier": 0.11843835413455964
        },
        "LightGBM": {
            "AUC": 0.7694823439606785,
            "Brier": 0.10382964001435327
        },
        "RandomForest": {
            "AUC": 0.7790191288465005,
            "Brier": 0.10178163439511134
        }
    },
    "Ensemble_Weights": {
        "CatBoost": 0.5052343606948853,
        "XGBoost": 0.1746736317873001,
        "LightGBM": 0.09985727071762085,
        "RandomForest": 0.22023479640483856
    }
}