{
    "tearsense": {
        "AUC": 0.7857091159121341,
        "Brier": 0.08696947991847992
    },
    "logistic_regression": {
        "AUC": 0.8106611659971772,
        "Brier": 0.17485229610287223
    },
    "improvement": {
        "AUC_delta": -0.024952050085043087,
        "AUC_pct": -3.0779875898397204,
        "Brier_delta": -0.08788281618439231
    }
}