{
    "CatBoost_Params": {
        "iterations": 1328,
        "depth": 4,
        "learning_rate": 0.11374833606827611,
        "l2_leaf_reg": 2.7458080601947445,
        "random_strength": 1.0902691281731967,
        "bagging_temperature": 0.33127083833303494,
        "border_count": 89,
        "loss_function": "Focal:focal_alpha=0.22324172952540705;focal_gamma=1.0079653716244044",
        "eval_metric": "AUC",
        "random_state": 42,
        "verbose": false,
        "thread_count": -1
    },
    "XGBoost_Params": {
        "n_estimators": 478,
        "max_depth": 10,
        "learning_rate": 0.09121046477365075,
        "subsample": 0.6632324807001919,
        "colsample_bytree": 0.5942256856735276,
        "gamma": 4.782863750837464,
        "min_child_weight": 10,
        "reg_alpha": 0.22608169591361574,
        "reg_lambda": 0.035547995995898383,
        "max_delta_step": 5.7310178565345975,
        "scale_pos_weight": 7.986689182910159,
        "objective": "binary:logistic",
        "eval_metric": "auc",
        "random_state": 42,
        "n_jobs": -1,
        "use_label_encoder": false
    },
    "LightGBM_Params": {
        "boosting_type": "dart",
        "n_estimators": 1171,
        "num_leaves": 150,
        "learning_rate": 0.022914617699601948,
        "max_depth": 6,
        "min_child_samples": 35,
        "colsample_bytree": 0.8481167896551894,
        "reg_alpha": 0.019425689639517792,
        "reg_lambda": 0.0014973206574307558,
        "subsample": 0.7040156830742387,
        "subsample_freq": 2,
        "drop_rate": 0.27821574645209657,
        "skip_drop": 0.5269818700142477,
        "is_unbalance": true,
        "objective": "binary",
        "metric": "auc",
        "random_state": 42,
        "n_jobs": -1,
        "verbosity": -1
    },
    "RandomForest_Params": {
        "n_estimators": 610,
        "max_depth": 19,
        "min_samples_split": 7,
        "min_samples_leaf": 3,
        "max_features": 0.3,
        "class_weight": "balanced",
        "max_samples": 0.7049642771827828,
        "min_impurity_decrease": 0.000318680572052067,
        "ccp_alpha": 3.258903035099556e-05,
        "bootstrap": true,
        "random_state": 42,
        "n_jobs": -1
    },
    "Ensemble_Weights": {
        "Cat": 6.575017901965142e-16,
        "XGB": 0.9999999999999953,
        "LGBM": 2.903233209394784e-15,
        "RF": 1.0894526698096594e-15
    }
}