{
    "CatBoost_Params": {
        "iterations": 714,
        "depth": 5,
        "learning_rate": 0.06953430578630558,
        "l2_leaf_reg": 0.7644428732109381,
        "random_strength": 6.948640590441424,
        "bagging_temperature": 0.9893034434948246,
        "border_count": 165,
        "loss_function": "Focal:focal_alpha=0.18621616342239816;focal_gamma=1.0223848514098801",
        "eval_metric": "AUC",
        "random_state": 42,
        "verbose": false,
        "thread_count": -1
    },
    "XGBoost_Params": {
        "n_estimators": 465,
        "max_depth": 9,
        "learning_rate": 0.14713172498469373,
        "subsample": 0.928800487246084,
        "colsample_bytree": 0.5632543873300387,
        "gamma": 1.5654274350306734,
        "min_child_weight": 1,
        "reg_alpha": 0.4934476972443259,
        "reg_lambda": 0.4383803388490171,
        "max_delta_step": 8.242006018289397,
        "scale_pos_weight": 9.89952511708057,
        "objective": "binary:logistic",
        "eval_metric": "auc",
        "random_state": 42,
        "n_jobs": -1,
        "use_label_encoder": false
    },
    "LightGBM_Params": {
        "boosting_type": "dart",
        "n_estimators": 788,
        "num_leaves": 148,
        "learning_rate": 0.09863264996307194,
        "max_depth": 4,
        "min_child_samples": 25,
        "colsample_bytree": 0.5174005778973827,
        "reg_alpha": 0.018406142039383944,
        "reg_lambda": 0.0031149804473982147,
        "subsample": 0.863565479879768,
        "subsample_freq": 4,
        "drop_rate": 0.08748027434164125,
        "skip_drop": 0.48194826120772505,
        "is_unbalance": true,
        "objective": "binary",
        "metric": "auc",
        "random_state": 42,
        "n_jobs": -1,
        "verbosity": -1
    },
    "RandomForest_Params": {
        "n_estimators": 375,
        "max_depth": 24,
        "min_samples_split": 10,
        "min_samples_leaf": 3,
        "max_features": 0.7,
        "class_weight": "balanced_subsample",
        "max_samples": 0.9457641296285283,
        "min_impurity_decrease": 4.559557913217145e-05,
        "ccp_alpha": 0.00046372923725889956,
        "bootstrap": true,
        "random_state": 42,
        "n_jobs": -1
    },
    "Ensemble_Weights": {
        "Cat": 0.6,
        "XGB": 0.0,
        "LGBM": 0.2,
        "RF": 0.2
    }
}