{
    "CatBoost_Params": {
        "iterations": 701,
        "depth": 5,
        "learning_rate": 0.07860574210728827,
        "l2_leaf_reg": 0.7701090567799287,
        "random_strength": 5.656257648646062,
        "bagging_temperature": 0.6805117974858453,
        "border_count": 93,
        "loss_function": "Focal:focal_alpha=0.10099898113360331;focal_gamma=1.43398538281201",
        "eval_metric": "AUC",
        "random_state": 42,
        "verbose": false,
        "thread_count": -1
    },
    "XGBoost_Params": {
        "n_estimators": 326,
        "max_depth": 10,
        "learning_rate": 0.0752105446853176,
        "subsample": 0.9298381116215619,
        "colsample_bytree": 0.7281493619645029,
        "gamma": 3.875435527499063,
        "min_child_weight": 4,
        "reg_alpha": 0.20616928677107652,
        "reg_lambda": 0.06830341334351904,
        "max_delta_step": 2.0070009436942375,
        "scale_pos_weight": 8.181283734035643,
        "objective": "binary:logistic",
        "eval_metric": "auc",
        "random_state": 42,
        "n_jobs": -1,
        "use_label_encoder": false
    },
    "LightGBM_Params": {
        "boosting_type": "dart",
        "n_estimators": 1239,
        "num_leaves": 85,
        "learning_rate": 0.03362915981311523,
        "max_depth": 8,
        "min_child_samples": 15,
        "colsample_bytree": 0.8748635149064825,
        "reg_alpha": 0.003364131840534091,
        "reg_lambda": 0.04537854256768786,
        "subsample": 0.7172094858601239,
        "subsample_freq": 4,
        "drop_rate": 0.0514318016923859,
        "skip_drop": 0.5362928398434609,
        "scale_pos_weight": 32.86499163901945,
        "objective": "binary",
        "metric": "auc",
        "random_state": 42,
        "n_jobs": -1,
        "verbosity": -1
    },
    "RandomForest_Params": {
        "n_estimators": 565,
        "max_depth": 18,
        "min_samples_split": 10,
        "min_samples_leaf": 5,
        "max_features": 0.7,
        "class_weight": "balanced",
        "max_samples": 0.6560104142936558,
        "min_impurity_decrease": 0.00045967535429551967,
        "ccp_alpha": 0.0009659016135219114,
        "bootstrap": true,
        "random_state": 42,
        "n_jobs": -1
    },
    "Ensemble_Weights": {
        "Cat": 3.509221666683759e-15,
        "XGB": 0.9999999999999656,
        "LGBM": 1.84519066692701e-14,
        "RF": 1.263049689456425e-14
    }
}