{
    "evaluation_type": "end_to_end_pipeline",
    "description": "Holdout test set (n=514) evaluated through the FULL production inference pipeline. fold_models predict \u2192 average \u2192 meta-features \u2192 meta-learner \u2192 calibrate \u2192 score. These are the metrics of the actual deployed model.",
    "pipeline": "fold_ensemble \u2192 13 meta-features \u2192 xgb_meta \u2192 threshold",
    "best_method": "xgb_meta",
    "holdout_n": 514,
    "cross_check_vs_trainMeta": true,
    "final_model": {
        "AUC": 0.7787428075127565,
        "AUC_95CI": [
            0.7105292861399235,
            0.8452746792030055
        ],
        "Brier": 0.0883582757931132,
        "Brier_95CI": [
            0.07036122663950459,
            0.1063886009111428
        ],
        "optimal_threshold": 0.16608677804470062,
        "clinical_metrics": {
            "sensitivity": 0.6065573770491803,
            "specificity": 0.8454746136865342,
            "ppv": 0.34579439252336447,
            "npv": 0.941031941031941,
            "tp": 37,
            "tn": 383,
            "fp": 70,
            "fn": 24
        }
    },
    "decision_curve_analysis": {
        "thresholds": [
            0.01,
            0.02,
            0.03,
            0.04,
            0.05,
            0.06,
            0.07,
            0.08,
            0.09,
            0.1,
            0.11,
            0.12,
            0.13,
            0.14,
            0.15,
            0.16,
            0.17,
            0.18,
            0.19,
            0.2,
            0.21,
            0.22,
            0.23,
            0.24,
            0.25,
            0.26,
            0.27,
            0.28,
            0.29,
            0.3,
            0.31,
            0.32,
            0.33,
            0.34,
            0.35000000000000003,
            0.36,
            0.37,
            0.38,
            0.39,
            0.4,
            0.41000000000000003,
            0.42,
            0.43,
            0.44,
            0.45,
            0.46,
            0.47000000000000003,
            0.48,
            0.49,
            0.5,
            0.51,
            0.52,
            0.53,
            0.54,
            0.55,
            0.56,
            0.5700000000000001,
            0.58,
            0.59,
            0.6,
            0.61,
            0.62,
            0.63,
            0.64,
            0.65,
            0.66,
            0.67,
            0.68,
            0.6900000000000001,
            0.7000000000000001,
            0.71,
            0.72,
            0.73,
            0.74,
            0.75,
            0.76,
            0.77,
            0.78,
            0.79,
            0.8,
            0.81,
            0.8200000000000001,
            0.8300000000000001,
            0.84,
            0.85,
            0.86,
            0.87,
            0.88,
            0.89,
            0.9,
            0.91,
            0.92,
            0.93,
            0.9400000000000001,
            0.9500000000000001,
            0.96,
            0.97,
            0.98,
            0.99
        ],
        "net_benefit_model": [
            0.11024643320363164,
            0.0967998094179306,
            0.09103854948052469,
            0.08357652399481194,
            0.07628507065328691,
            0.07094958191903303,
            0.06836534036232793,
            0.06606327186601252,
            0.058130585367939455,
            0.05555555555555555,
            0.05047435841385039,
            0.045277679518924654,
            0.04128091596225233,
            0.03999638041806171,
            0.04348821240558479,
            0.04456179358903094,
            0.04024658947072336,
            0.03815127645439878,
            0.03521160589902484,
            0.033073929961089495,
            0.02861646062158302,
            0.02868402673850145,
            0.028904947192884937,
            0.02672537374564817,
            0.023994811932555125,
            0.024713429382690083,
            0.025611641170513295,
            0.02323821876351059,
            0.02090754644599112,
            0.019455252918287938,
            0.01987819319912028,
            0.019798580910963606,
            0.017829142226610136,
            0.018865699799551935,
            0.015115234959592935,
            0.013375486381322958,
            0.010561423012784881,
            0.010104179741433413,
            0.009281112457740638,
            0.00907911802853437,
            0.004418650662797598,
            0.009258016905943918,
            0.008669533756570416,
            0.009588660366870484,
            0.011850017686593562,
            0.011456982274102898,
            0.00910359004478379,
            0.01047590541753966,
            0.010032806897077898,
            0.011673151750972763,
            0.011434924164218216,
            0.007295719844357976,
            0.007037006374699891,
            0.004821519201488749,
            0.004539559014267184,
            0.004244782454899185,
            0.003936295357886162,
            0.003613118399110618,
            0.0032741767106387026,
            0.0029182879377431924,
            0.0025441484585453453,
            0.0021503174278107717,
            0.0017351982332527091,
            0.004755728491137051,
            0.0025013896609227338,
            0.0021744106202792393,
            0.0038320952717839866,
            0.0017023346303501937,
            0.001506213129157775,
            -0.002594033722438393,
            -0.002817657319200322,
            0.0,
            0.0,
            0.0,
            0.0,
            0.0,
            0.0,
            0.0,
            0.0,
            0.0,
            0.0,
            0.0,
            0.0,
            0.0,
            0.0,
            0.0,
            0.0,
            0.0,
            0.0,
            0.0,
            0.0,
            0.0,
            0.0,
            0.0,
            0.0,
            0.0,
            0.0,
            0.0,
            0.0
        ],