{
    "Final_Model": {
        "AUC": 0.7787428075127565,
        "AUC_95CI_lower": 0.7105292861399235,
        "AUC_95CI_upper": 0.8452746792030055,
        "Brier": 0.0883582757931132,
        "Brier_95CI_lower": 0.07036122663950459,
        "Brier_95CI_upper": 0.1063886009111428,
        "Best_Method": "xgb_meta",
        "Optimal_Threshold": 0.16000000000000003
    },
    "LR_Baseline": {
        "AUC": 0.8106611659971772,
        "Brier": 0.17485229610278588,
        "F1_Score": 0.3861003861003861,
        "Sensitivity": 0.819672131147541,
        "Specificity": 0.673289183222958,
        "PPV": 0.25252525252525254,
        "NPV": 0.9651898734177216,
        "Net_Benefit": -0.12066993337211158,
        "Calibration_Slope": 0.8821582035793077,
        "Threshold": 0.4308225271319948
    },
    "TearSense_vs_LR": {
        "AUC_Improvement": -0.031918358484420706,
        "AUC_Improvement_Pct": -3.9373242265970156,
        "Brier_Improvement": 0.08649402030967268
    },
    "Individual_Assessment_Test": {
        "CatBoost": {
            "AUC": 0.7838815908515181,
            "Brier": 0.09034213998015714
        },
        "XGBoost": {
            "AUC": 0.7773676401404118,
            "Brier": 0.09291338793752867
        },
        "LightGBM": {
            "AUC": 0.7673072051532587,
            "Brier": 0.09257806076783709
        },
        "RandomForest": {
            "AUC": 0.7730973835631311,
            "Brier": 0.09907399326768628
        }
    },
    "Self_Assessment_CV": {
        "CatBoost": {
            "AUC": 0.7982176225259697,
            "Brier": 0.09422619503351215
        },
        "XGBoost": {
            "AUC": 0.7742790359773484,
            "Brier": 0.11143255234334548
        },
        "LightGBM": {
            "AUC": 0.7695933659180143,
            "Brier": 0.10407814387791983
        },
        "RandomForest": {
            "AUC": 0.7773626172772103,
            "Brier": 0.10604213170861795
        }
    },
    "Ensemble_Weights": {
        "CatBoost": 0.37055912613868713,
        "XGBoost": 0.13688407838344574,
        "LightGBM": 0.15980644524097443,
        "RandomForest": 0.3327503204345703
    }
}