{
    "tearsense": {
        "AUC": 0.7787428075127565,
        "Brier": 0.0883582757931132
    },
    "logistic_regression": {
        "AUC": 0.8106611659971772,
        "Brier": 0.17485229610278588
    },
    "improvement": {
        "AUC_delta": -0.031918358484420706,
        "AUC_pct": -3.9373242265970156,
        "Brier_delta": -0.08649402030967268
    }
}