{
    "evaluation_type": "end_to_end_pipeline",
    "description": "Holdout test set (n=514) evaluated through the FULL production inference pipeline. fold_models predict \u2192 average \u2192 meta-features \u2192 meta-learner \u2192 calibrate \u2192 score. These are the metrics of the actual deployed model.",
    "pipeline": "fold_ensemble \u2192 13 meta-features \u2192 xgb_meta \u2192 threshold",
    "best_method": "xgb_meta",
    "holdout_n": 514,
    "cross_check_vs_trainMeta": true,
    "final_model": {
        "AUC": 0.7713784243477002,
        "AUC_95CI": [
            0.699518068625402,
            0.8358971897229055
        ],
        "Brier": 0.08951429899874687,
        "Brier_95CI": [
            0.07096466733752028,
            0.10778227718541358
        ],
        "optimal_threshold": 0.16113583743572235,
        "clinical_metrics": {
            "sensitivity": 0.5737704918032787,
            "specificity": 0.8410596026490066,
            "ppv": 0.32710280373831774,
            "npv": 0.9361179361179361,
            "tp": 35,
            "tn": 381,
            "fp": 72,
            "fn": 26
        }
    },
    "decision_curve_analysis": {
        "thresholds": [
            0.01,
            0.02,
            0.03,
            0.04,
            0.05,
            0.060000000000000005,
            0.06999999999999999,
            0.08,
            0.09,
            0.09999999999999999,
            0.11,
            0.12,
            0.13,
            0.14,
            0.15000000000000002,
            0.16,
            0.17,
            0.18000000000000002,
            0.19,
            0.2,
            0.21000000000000002,
            0.22,
            0.23,
            0.24000000000000002,
            0.25,
            0.26,
            0.27,
            0.28,
            0.29000000000000004,
            0.3,
            0.31,
            0.32,
            0.33,
            0.34,
            0.35000000000000003,
            0.36000000000000004,
            0.37,
            0.38,
            0.39,
            0.4,
            0.41000000000000003,
            0.42000000000000004,
            0.43,
            0.44,
            0.45,
            0.46,
            0.47000000000000003,
            0.48000000000000004,
            0.49,
            0.5,
            0.51,
            0.52,
            0.53,
            0.54,
            0.55,
            0.56,
            0.5700000000000001,
            0.5800000000000001,
            0.59,
            0.6,
            0.61,
            0.62,
            0.63,
            0.64,
            0.65,
            0.66,
            0.67,
            0.68,
            0.6900000000000001,
            0.7000000000000001,
            0.7100000000000001,
            0.72,
            0.73,
            0.74,
            0.75,
            0.76,
            0.77,
            0.78,
            0.79,
            0.8,
            0.81,
            0.8200000000000001,
            0.8300000000000001,
            0.8400000000000001,
            0.85,
            0.86,
            0.87,
            0.88,
            0.89,
            0.9,
            0.91,
            0.92,
            0.93,
            0.9400000000000001,
            0.9500000000000001,
            0.9600000000000001,
            0.97,
            0.98,
            0.99
        ],
        "net_benefit_model": [
            0.10977479070864285,
            0.10069086000158818,
            0.09398692286092503,
            0.08309014267185473,
            0.08120008191685438,
            0.06755526119711897,
            0.06436969164470105,
            0.06369480629335138,
            0.058729208534656005,
            0.04755728491137051,
            0.04540287675425174,
            0.04350902016271666,
            0.04090075584775705,
            0.041353723644919,
            0.038223849851224526,
            0.0414118954974986,
            0.03750410201115746,
            0.03146056752396317,
            0.03326608060719605,
            0.033073929961089495,
            0.028739595133724077,
            0.026987927766137884,
            0.02539289504270049,
            0.025906205201720253,
            0.025940337224383922,
            0.025396992323062362,
            0.024172485475187886,
            0.022913964548205788,
            0.021263769386748503,
            0.020011117287381877,
            0.020470309592285567,
            0.01922636758983749,
            0.022736511992566346,
            0.02664780096686711,
            0.02499251721041604,
            0.026386186770428012,
            0.019022913964548204,
            0.020710430525919418,
            0.013554889328315365,
            0.011024643320363164,
            0.012530501879575282,
            0.011538977592915603,
            0.013584545020137895,
            0.009032795997776542,
            0.00035373187124159897,
            -0.0016572993226689726,
            0.0,
            0.0,
            0.0,
            0.0,
            0.0,
            0.0,
            0.0,
            0.0,
            0.0,
            0.0,
            0.0,
            0.0,
            0.0,
            0.0,
            0.0,
            0.0,
            0.0,
            0.0,
            0.0,
            0.0,
            0.0,
            0.0,
            0.0,
            0.0,
            0.0,
            0.0,
            0.0,
            0.0,
            0.0,
            0.0,
            0.0,
            0.0,
            0.0,
            0.0,
            0.0,
            0.0,
            0.0,
            0.0,
            0.0,
            0.0,
            0.0,
            0.0,
            0.0,
            0.0,
            0.0,
            0.0,
            0.0,
            0.0,
            0.0,
            0.0,
            0.0,
            0.0,
            0.0
        ],