{
    "Final_Model": {
        "AUC": 0.7713784243477002,
        "AUC_95CI_lower": 0.699518068625402,
        "AUC_95CI_upper": 0.8358971897229055,
        "Brier": 0.08951429899874687,
        "Brier_95CI_lower": 0.07096466733752028,
        "Brier_95CI_upper": 0.10778227718541358,
        "Best_Method": "xgb_meta",
        "Optimal_Threshold": 0.16000000000000003
    },
    "Individual_Assessment_Test": {
        "CatBoost": {
            "AUC": 0.761951290124127,
            "Brier": 0.08952588443206508
        },
        "XGBoost": {
            "AUC": 0.7634712119567183,
            "Brier": 0.09339616771649382
        },
        "LightGBM": {
            "AUC": 0.7670900734628885,
            "Brier": 0.09248516175969455
        },
        "RandomForest": {
            "AUC": 0.7749791915463394,
            "Brier": 0.1085242419412733
        }
    },
    "Self_Assessment_CV": {
        "CatBoost": {
            "AUC": 0.8022218496434249,
            "Brier": 0.09300371093672331
        },
        "XGBoost": {
            "AUC": 0.7660418270367482,
            "Brier": 0.114711315736297
        },
        "LightGBM": {
            "AUC": 0.7654737148191794,
            "Brier": 0.10630706110247927
        },
        "RandomForest": {
            "AUC": 0.7830465354596561,
            "Brier": 0.11367240043297414
        }
    },
    "Ensemble_Weights": {
        "CatBoost": 0.09203839302062988,
        "XGBoost": 0.08221334218978882,
        "LightGBM": 0.36574527621269226,
        "RandomForest": 0.46000295877456665
    }
}