{
    "best_method": "weighted_avg",
    "base_models": {
        "CatBoost": {
            "auc": {
                "per_fold": [
                    0.7409516292704927,
                    0.7601108033240999,
                    0.7528407484877607,
                    0.7409124314545763,
                    0.8219797614336594
                ],
                "mean": 0.7633590747941178,
                "std": 0.03021098068592964,
                "min": 0.7409124314545763,
                "max": 0.8219797614336594
            },
            "brier": {
                "per_fold": [
                    0.09838977503764101,
                    0.0978836637336794,
                    0.10222883972356996,
                    0.09791858759978346,
                    0.09526847261958168
                ],
                "mean": 0.0983378677428511,
                "std": 0.002233635640164266,
                "min": 0.09526847261958168,
                "max": 0.10222883972356996
            },
            "f1": {
                "per_fold": [
                    0.14035087719298245,
                    0.2153846153846154,
                    0.21212121212121213,
                    0.16393442622950818,
                    0.14035087719298245
                ],
                "mean": 0.17442840162426013,
                "std": 0.03325909881839062,
                "min": 0.14035087719298245,
                "max": 0.2153846153846154
            }
        },
        "XGBoost": {
            "auc": {
                "per_fold": [
                    0.7535798849926711,
                    0.7640443213296398,
                    0.7618859178020237,
                    0.7579851885352478,
                    0.8197184691050936
                ],
                "mean": 0.7714427563529351,
                "std": 0.0244000112721778,
                "min": 0.7535798849926711,
                "max": 0.8197184691050936
            },
            "brier": {
                "per_fold": [
                    0.10737423583655614,
                    0.10795939964992092,
                    0.11102054698897142,
                    0.10819756503930504,
                    0.09577285613122097
                ],
                "mean": 0.10606492072919489,
                "std": 0.005297855292480905,
                "min": 0.09577285613122097,
                "max": 0.11102054698897142
            },
            "f1": {
                "per_fold": [
                    0.391304347826087,
                    0.3917525773195876,
                    0.3958333333333333,
                    0.35294117647058826,
                    0.32941176470588235
                ],
                "mean": 0.3722486399310957,
                "std": 0.026485986348445942,
                "min": 0.32941176470588235,
                "max": 0.3958333333333333
            }
        },
        "LightGBM": {
            "auc": {
                "per_fold": [
                    0.7734806629834253,
                    0.7459279778393352,
                    0.7572502685284641,
                    0.7248007236135452,
                    0.8211883091186614
                ],
                "mean": 0.7645295884166863,
                "std": 0.03245835325501432,
                "min": 0.7248007236135452,
                "max": 0.8211883091186614
            },
            "brier": {
                "per_fold": [
                    0.1037250058054588,
                    0.10925277352782443,
                    0.10995562146552061,
                    0.10891962020871229,
                    0.1015599968413303
                ],
                "mean": 0.10668260356976929,
                "std": 0.0033855914529608636,
                "min": 0.1015599968413303,
                "max": 0.10995562146552061
            },
            "f1": {
                "per_fold": [
                    0.3,
                    0.32558139534883723,
                    0.3448275862068966,
                    0.2894736842105263,
                    0.17647058823529413
                ],
                "mean": 0.28727065080031083,
                "std": 0.05869251658078072,
                "min": 0.17647058823529413,
                "max": 0.3448275862068966
            }
        },
        "RandomForest": {
            "auc": {
                "per_fold": [
                    0.7516630961776976,
                    0.7941828254847645,
                    0.7755667363898469,
                    0.7655605178359433,
                    0.8123127367290407
                ],
                "mean": 0.7798571825234586,
                "std": 0.021336804348970315,
                "min": 0.7516630961776976,
                "max": 0.8123127367290407
            },
            "brier": {
                "per_fold": [
                    0.0991608321048843,
                    0.09480700376243001,
                    0.09981358274695536,
                    0.09663222039999718,
                    0.09171770913929264
                ],
                "mean": 0.09642626963071191,
                "std": 0.0029592803735210053,
                "min": 0.09171770913929264,
                "max": 0.09981358274695536
            },
            "f1": {
                "per_fold": [
                    0.2727272727272727,
                    0.30985915492957744,
                    0.2028985507246377,
                    0.2857142857142857,
                    0.24615384615384617
                ],
                "mean": 0.263470622049924,
                "std": 0.03660931217538223,
                "min": 0.2028985507246377,
                "max": 0.30985915492957744
            }
        }
    },
    "ensemble": {
        "auc": {
            "per_fold": [
                0.7734806629834253,
                0.7459279778393352,
                0.7572502685284641,
                0.7248007236135452,
                0.8197184691050936
            ],
            "mean": 0.7642356204139726,
            "std": 0.03194649687918297,
            "min": 0.7248007236135452,
            "max": 0.8197184691050936
        },
        "brier": {
            "per_fold": [
                0.10372500580545861,
                0.10925277352782413,
                0.10995562146552061,
                0.10891962020871228,
                0.09577285613122097
            ],
            "mean": 0.10552517542774731,
            "std": 0.00535526726486641,
            "min": 0.09577285613122097,
            "max": 0.10995562146552061
        },
        "f1": {
            "per_fold": [
                0.3,
                0.32558139534883723,
                0.3448275862068966,
                0.2894736842105263,
                0.32941176470588235
            ],
            "mean": 0.31785888609442847,
            "std": 0.02022412637260412,
            "min": 0.2894736842105263,
            "max": 0.3448275862068966
        }
    },
    "method_comparison": {
        "weighted_avg": {
            "auc": 0.7828151869558564,
            "brier": 0.09299131355458516,
            "score": 0.5171524944408017,
            "calibration": null
        },
        "weighted_avg+isotonic": {
            "auc": 0.7715631724423556,
            "brier": 0.09342522746236087,
            "score": 0.5087562875539774,
            "calibration": "isotonic"
        },
        "weighted_avg+platt": {
            "auc": 0.7823222501328002,
            "brier": 0.09391179787208215,
            "score": 0.5133671114828009,
            "calibration": "platt"
        },
        "logistic": {
            "auc": 0.7832870345181278,
            "brier": 0.18934432186962735,
            "score": 0.15215456369251196,
            "calibration": null
        },
        "logistic+isotonic": {
            "auc": 0.7698165104574632,
            "brier": 0.09308200269386259,
            "score": 0.509009479628827,
            "calibration": "isotonic"
        },