{
    "best_method": "lgbm_meta",
    "base_models": {
        "CatBoost": {
            "auc": {
                "per_fold": [
                    0.7556658022324951,
                    0.7552354570637119,
                    0.7661823732262988,
                    0.7346938775510203,
                    0.7960879642715812
                ],
                "mean": 0.7615730948690215,
                "std": 0.020050315407612925,
                "min": 0.7346938775510203,
                "max": 0.7960879642715812
            },
            "brier": {
                "per_fold": [
                    0.09237331285554844,
                    0.0963398825153638,
                    0.09749383771111284,
                    0.0947999528400248,
                    0.09441554861771818
                ],
                "mean": 0.09508450690795361,
                "std": 0.001746991255626604,
                "min": 0.09237331285554844,
                "max": 0.09749383771111284
            },
            "f1": {
                "per_fold": [
                    0.14035087719298245,
                    0.23529411764705882,
                    0.15625,
                    0.14285714285714285,
                    0.13559322033898305
                ],
                "mean": 0.16206907160723344,
                "std": 0.03724920895051849,
                "min": 0.13559322033898305,
                "max": 0.23529411764705882
            }
        },
        "XGBoost": {
            "auc": {
                "per_fold": [
                    0.7660953884316157,
                    0.7637119113573407,
                    0.7629034993498784,
                    0.7558369608231104,
                    0.812821527502968
                ],
                "mean": 0.7722738574929826,
                "std": 0.020560005489671757,
                "min": 0.7558369608231104,
                "max": 0.812821527502968
            },
            "brier": {
                "per_fold": [
                    0.10007194638846736,
                    0.10820155088013464,
                    0.1061538892861503,
                    0.10428244684072423,
                    0.09962317421860765
                ],
                "mean": 0.10366660152281684,
                "std": 0.003358645007915643,
                "min": 0.09962317421860765,
                "max": 0.10820155088013464
            },
            "f1": {
                "per_fold": [
                    0.2962962962962963,
                    0.37362637362637363,
                    0.35555555555555557,
                    0.3333333333333333,
                    0.3
                ],
                "mean": 0.33176231176231175,
                "std": 0.03029148044008839,
                "min": 0.2962962962962963,
                "max": 0.37362637362637363
            }
        },
        "LightGBM": {
            "auc": {
                "per_fold": [
                    0.7566805727815988,
                    0.7475346260387811,
                    0.7578721239188196,
                    0.7493357453784838,
                    0.8223754875911583
                ],
                "mean": 0.7667597111417683,
                "std": 0.02809587623454622,
                "min": 0.7475346260387811,
                "max": 0.8223754875911583
            },
            "brier": {
                "per_fold": [
                    0.10074744708201522,
                    0.10318414814675025,
                    0.10619668707160884,
                    0.1039028962849219,
                    0.09924565854918824
                ],
                "mean": 0.10265536742689689,
                "std": 0.0024348780996368263,
                "min": 0.09924565854918824,
                "max": 0.10619668707160884
            },
            "f1": {
                "per_fold": [
                    0.3116883116883117,
                    0.3291139240506329,
                    0.34146341463414637,
                    0.35443037974683544,
                    0.22857142857142856
                ],
                "mean": 0.313053491738271,
                "std": 0.04453356212965225,
                "min": 0.22857142857142856,
                "max": 0.35443037974683544
            }
        },
        "RandomForest": {
            "auc": {
                "per_fold": [
                    0.7525651144435674,
                    0.7921883656509695,
                    0.7705353609587879,
                    0.7638645485895188,
                    0.8149697552151055
                ],
                "mean": 0.7788246289715899,
                "std": 0.02221322885880839,
                "min": 0.7525651144435674,
                "max": 0.8149697552151055
            },
            "brier": {
                "per_fold": [
                    0.1027600956167461,
                    0.097220739623809,
                    0.10375128251097852,
                    0.09992643961131022,
                    0.09330315561706012
                ],
                "mean": 0.0993923425959808,
                "std": 0.0038058227690269657,
                "min": 0.09330315561706012,
                "max": 0.10375128251097852
            },
            "f1": {
                "per_fold": [
                    0.2571428571428571,
                    0.35443037974683544,
                    0.2702702702702703,
                    0.2894736842105263,
                    0.2608695652173913
                ],
                "mean": 0.2864373513175761,
                "std": 0.03579252664181864,
                "min": 0.2571428571428571,
                "max": 0.35443037974683544
            }
        }
    },
    "ensemble": {
        "auc": {
            "per_fold": [
                0.766433645281317,
                0.7795013850415513,
                0.7714116117361073,
                0.7676804793939735,
                0.8200576629543784
            ],
            "mean": 0.7810169568814656,
            "std": 0.020046301170222824,
            "min": 0.766433645281317,
            "max": 0.8200576629543784
        },
        "brier": {
            "per_fold": [
                0.09284755926587202,
                0.09203056656992309,
                0.09408092775248718,
                0.09230692233954983,
                0.08990556832716953
            ],
            "mean": 0.09223430885100033,
            "std": 0.0013605802807492404,
            "min": 0.08990556832716953,
            "max": 0.09408092775248718
        },
        "f1": {
            "per_fold": [
                0.04,
                0.0,
                0.037037037037037035,
                0.11320754716981132,
                0.07407407407407407
            ],
            "mean": 0.052863731656184486,
            "std": 0.03821462724019145,
            "min": 0.0,
            "max": 0.11320754716981132
        }
    },
    "method_comparison": {
        "weighted_avg": {
            "auc": 0.7815614617940199,
            "brier": 0.09320533156851742,
            "score": 0.515588901982657,
            "calibration": null
        },
        "weighted_avg+isotonic": {
            "auc": 0.7708113875158686,
            "brier": 0.09246857582511929,
            "score": 0.5119319503181509,
            "calibration": "isotonic"
        },
        "weighted_avg+platt": {
            "auc": 0.7817685402767648,
            "brier": 0.09368397872910973,
            "score": 0.5138985639822297,
            "calibration": "platt"
        },
        "logistic": {
            "auc": 0.7806250636769301,
            "brier": 0.19014648038295473,
            "score": 0.147516341779226,
            "calibration": null
        },
        "logistic+isotonic": {
            "auc": 0.7613904419775095,
            "brier": 0.09500072833219228,
            "score": 0.4966798145375619,
            "calibration": "isotonic"
        },
        "logistic+platt": {
            "auc": 0.7749236960808146,