{
    "CatBoost_Params": {
        "iterations": 2431,
        "depth": 6,
        "learning_rate": 0.08237757768607049,
        "l2_leaf_reg": 0.6582836426393862,
        "random_strength": 4.354722889886607,
        "bagging_temperature": 0.007929933797099222,
        "border_count": 199,
        "loss_function": "Focal:focal_alpha=0.17208579463727372;focal_gamma=1.2326230594815861",
        "eval_metric": "AUC",
        "random_state": 42,
        "verbose": false,
        "thread_count": -1
    },
    "XGBoost_Params": {
        "n_estimators": 631,
        "max_depth": 10,
        "learning_rate": 0.12018314421881349,
        "subsample": 0.9487688071411572,
        "colsample_bytree": 0.9178312026430743,
        "gamma": 0.7622071143246569,
        "min_child_weight": 2,
        "reg_alpha": 0.7498343220134108,
        "reg_lambda": 1.2279706306061908,
        "max_delta_step": 9.381524293472673,
        "scale_pos_weight": 10.37716165883363,
        "objective": "binary:logistic",
        "eval_metric": "auc",
        "random_state": 42,
        "n_jobs": -1,
        "use_label_encoder": false
    },
    "LightGBM_Params": {
        "boosting_type": "gbdt",
        "n_estimators": 879,
        "num_leaves": 91,
        "learning_rate": 0.006134351432708195,
        "max_depth": 11,
        "min_child_samples": 18,
        "colsample_bytree": 0.8222565024402946,
        "reg_alpha": 0.005401285138352109,
        "reg_lambda": 0.028940151076408883,
        "subsample": 0.9636295396710043,
        "subsample_freq": 9,
        "is_unbalance": true,
        "objective": "binary",
        "metric": "auc",
        "random_state": 42,
        "n_jobs": -1,
        "verbosity": -1
    },
    "RandomForest_Params": {
        "n_estimators": 302,
        "max_depth": 23,
        "min_samples_split": 6,
        "min_samples_leaf": 3,
        "max_features": 0.5,
        "class_weight": "balanced_subsample",
        "max_samples": 0.6443941547759761,
        "min_impurity_decrease": 0.0002778602477013612,
        "ccp_alpha": 0.0012201701599365337,
        "bootstrap": true,
        "random_state": 42,
        "n_jobs": -1
    },
    "Ensemble_Weights": {
        "Cat": 0.09529704600572586,
        "XGB": 0.11751554906368256,
        "LGBM": 0.22604107856750488,
        "RF": 0.5611463189125061
    }
}