{
    "best_method": "weighted_avg",
    "base_models": {
        "CatBoost": {
            "auc": {
                "per_fold": [
                    0.7731987822753411,
                    0.7758448753462605,
                    0.7489400192209847,
                    0.7681610040137938,
                    0.8183616937079541
                ],
                "mean": 0.7769012749128669,
                "std": 0.022768464654847824,
                "min": 0.7489400192209847,
                "max": 0.8183616937079541
            },
            "brier": {
                "per_fold": [
                    0.08941807381468309,
                    0.09404102185241721,
                    0.09607561991487569,
                    0.09429108808376523,
                    0.08978547902977924
                ],
                "mean": 0.09272225653910408,
                "std": 0.002645286597430475,
                "min": 0.08941807381468309,
                "max": 0.09607561991487569
            },
            "f1": {
                "per_fold": [
                    0.14285714285714285,
                    0.25806451612903225,
                    0.10714285714285714,
                    0.1111111111111111,
                    0.10909090909090909
                ],
                "mean": 0.1456533072662105,
                "std": 0.057718498694358654,
                "min": 0.10714285714285714,
                "max": 0.25806451612903225
            }
        },
        "XGBoost": {
            "auc": {
                "per_fold": [
                    0.7578080956139361,
                    0.7625484764542936,
                    0.7583243823845328,
                    0.7584939793091752,
                    0.8274068630222172
                ],
                "mean": 0.772916359356831,
                "std": 0.027297979621620973,
                "min": 0.7578080956139361,
                "max": 0.8274068630222172
            },
            "brier": {
                "per_fold": [
                    0.11849179894798577,
                    0.12435606324115875,
                    0.13286550395245517,
                    0.12375258397958326,
                    0.10573103728965441
                ],
                "mean": 0.12103939748216748,
                "std": 0.008933695730752065,
                "min": 0.10573103728965441,
                "max": 0.13286550395245517
            },
            "f1": {
                "per_fold": [
                    0.3925233644859813,
                    0.40336134453781514,
                    0.3492063492063492,
                    0.39316239316239315,
                    0.45045045045045046
                ],
                "mean": 0.39774078036859783,
                "std": 0.032291404825009425,
                "min": 0.3492063492063492,
                "max": 0.45045045045045046
            }
        },
        "LightGBM": {
            "auc": {
                "per_fold": [
                    0.758710113879806,
                    0.7741274238227147,
                    0.7696308440273616,
                    0.7655039855277291,
                    0.8386002600486178
                ],
                "mean": 0.7813145254612459,
                "std": 0.029088660419339853,
                "min": 0.758710113879806,
                "max": 0.8386002600486178
            },
            "brier": {
                "per_fold": [
                    0.11178484519145933,
                    0.1145639490224576,
                    0.11789742112177379,
                    0.11513260422877407,
                    0.09812963577838221
                ],
                "mean": 0.1115016910685694,
                "std": 0.006962159952309248,
                "min": 0.09812963577838221,
                "max": 0.11789742112177379
            },
            "f1": {
                "per_fold": [
                    0.41237113402061853,
                    0.40707964601769914,
                    0.4,
                    0.38095238095238093,
                    0.4375
                ],
                "mean": 0.4075806321981397,
                "std": 0.01835700527568637,
                "min": 0.38095238095238093,
                "max": 0.4375
            }
        },
        "RandomForest": {
            "auc": {
                "per_fold": [
                    0.7552147930995602,
                    0.7952908587257618,
                    0.7667476963084402,
                    0.7604160777884561,
                    0.8200576629543784
                ],
                "mean": 0.7795454177753194,
                "std": 0.024539166816995032,
                "min": 0.7552147930995602,
                "max": 0.8200576629543784
            },
            "brier": {
                "per_fold": [
                    0.10027954490217036,
                    0.09541583694874786,
                    0.10200734966226997,
                    0.0988145985927612,
                    0.09165092852720136
                ],
                "mean": 0.09763365172663016,
                "std": 0.003694219784993622,
                "min": 0.09165092852720136,
                "max": 0.10200734966226997
            },
            "f1": {
                "per_fold": [
                    0.2608695652173913,
                    0.3287671232876712,
                    0.2571428571428571,
                    0.2857142857142857,
                    0.24242424242424243
                ],
                "mean": 0.2749836147572896,
                "std": 0.030283410780222834,
                "min": 0.24242424242424243,
                "max": 0.3287671232876712
            }
        }
    },
    "ensemble": {
        "auc": {
            "per_fold": [
                0.7578080956139361,
                0.7625484764542936,
                0.7583243823845328,
                0.7584939793091752,
                0.8274068630222172
            ],
            "mean": 0.772916359356831,
            "std": 0.027297979621620973,
            "min": 0.7578080956139361,
            "max": 0.8274068630222172
        },
        "brier": {
            "per_fold": [
                0.11849179894798577,
                0.12435606324115815,
                0.13286550395245517,
                0.12375258397958326,
                0.10573103728965433
            ],
            "mean": 0.12103939748216734,
            "std": 0.008933695730752048,
            "min": 0.10573103728965433,
            "max": 0.13286550395245517
        },
        "f1": {
            "per_fold": [
                0.3925233644859813,
                0.40336134453781514,
                0.3492063492063492,
                0.39316239316239315,
                0.45045045045045046
            ],
            "mean": 0.39774078036859783,
            "std": 0.032291404825009425,
            "min": 0.3492063492063492,
            "max": 0.45045045045045046
        }
    },
    "method_comparison": {
        "weighted_avg": {
            "auc": 0.7885818725296888,
            "brier": 0.09204473803545934,
            "score": 0.5242010402318732,
            "calibration": null
        },
        "weighted_avg+isotonic": {
            "auc": 0.7801895668458346,
            "brier": 0.09172203072627658,
            "score": 0.5203890629543295,
            "calibration": "isotonic"
        },
        "weighted_avg+platt": {
            "auc": 0.7881879732418586,
            "brier": 0.0932113783608592,
            "score": 0.5195418850358036,
            "calibration": "platt"
        },
        "logistic": {
            "auc": 0.7886611731422187,
            "brier": 0.18635627778724978,
            "score": 0.16670693238843837,
            "calibration": null
        },