{
    "evaluation_type": "end_to_end_pipeline",
    "description": "Holdout test set (n=514) evaluated through the FULL production inference pipeline. fold_models predict \u2192 average \u2192 meta-features \u2192 meta-learner \u2192 calibrate \u2192 score. These are the metrics of the actual deployed model.",
    "pipeline": "fold_ensemble \u2192 13 meta-features \u2192 xgb_meta \u2192 threshold",
    "best_method": "xgb_meta",
    "holdout_n": 514,
    "cross_check_vs_trainMeta": true,
    "final_model": {
        "AUC": 0.7681033546846162,
        "AUC_95CI": [
            0.69681202586193,
            0.8366692392754271
        ],
        "Brier": 0.08783432937071074,
        "Brier_95CI": [
            0.06951319451938082,
            0.10612168755842574
        ],
        "optimal_threshold": 0.11186350136995316,
        "clinical_metrics": {
            "sensitivity": 0.7704918032786885,
            "specificity": 0.6622516556291391,
            "ppv": 0.235,
            "npv": 0.9554140127388535,
            "tp": 47,
            "tn": 300,
            "fp": 153,
            "fn": 14
        }
    },
    "decision_curve_analysis": {
        "thresholds": [
            0.01,
            0.02,
            0.03,
            0.04,
            0.05,
            0.060000000000000005,
            0.06999999999999999,
            0.08,
            0.09,
            0.09999999999999999,
            0.11,
            0.12,
            0.13,
            0.14,
            0.15000000000000002,
            0.16,
            0.17,
            0.18000000000000002,
            0.19,
            0.2,
            0.21000000000000002,
            0.22,
            0.23,
            0.24000000000000002,
            0.25,
            0.26,
            0.27,
            0.28,
            0.29000000000000004,
            0.3,
            0.31,
            0.32,
            0.33,
            0.34,
            0.35000000000000003,
            0.36000000000000004,
            0.37,
            0.38,
            0.39,
            0.4,
            0.41000000000000003,
            0.42000000000000004,
            0.43,
            0.44,
            0.45,
            0.46,
            0.47000000000000003,
            0.48000000000000004,
            0.49,
            0.5,
            0.51,
            0.52,
            0.53,
            0.54,
            0.55,
            0.56,
            0.5700000000000001,
            0.5800000000000001,
            0.59,
            0.6,
            0.61,
            0.62,
            0.63,
            0.64,
            0.65,
            0.66,
            0.67,
            0.68,
            0.6900000000000001,
            0.7000000000000001,
            0.7100000000000001,
            0.72,
            0.73,
            0.74,
            0.75,
            0.76,
            0.77,
            0.78,
            0.79,
            0.8,
            0.81,
            0.8200000000000001,
            0.8300000000000001,
            0.8400000000000001,
            0.85,
            0.86,
            0.87,
            0.88,
            0.89,
            0.9,
            0.91,
            0.92,
            0.93,
            0.9400000000000001,
            0.9500000000000001,
            0.9600000000000001,
            0.97,
            0.98,
            0.99
        ],
        "net_benefit_model": [
            0.10977479070864285,
            0.10069086000158818,
            0.09398692286092503,
            0.08487354085603113,
            0.075465902109359,
            0.0737229903137677,
            0.06769591230492449,
            0.060734224327524955,
            0.056997477230940265,
            0.05490704712494596,
            0.05392821230271499,
            0.045985143261407846,
            0.04177288787512858,
            0.03750791783549,
            0.038796063172350646,
            0.03474152306837132,
            0.03255824855843608,
            0.03226724874252633,
            0.030744103377047607,
            0.0311284046692607,
            0.028862729645865143,
            0.0286341414746084,
            0.02791955126585477,
            0.026622977677657176,
            0.024643320363164724,
            0.02208434115048901,
            0.022226960183359092,
            0.027777777777777776,
            0.025675453499205345,
            0.022512506948304613,
            0.02337449952066768,
            0.024376287479972534,
            0.02456588652070387,
            0.022874661006956724,
            0.02214905716851242,
            0.02140077821011673,
            0.020628744364152924,
            0.02102422492782729,
            0.02025259934936531,
            0.022049286640726327,
            0.018960627844094177,
            0.02072990741983094,
            0.016485766946549255,
            0.015703168426903835,
            0.016979129819596747,
            0.016717106211269636,
            0.014499669627780633,
            0.012271774917689314,
            0.009956511787594415,
            0.005836575875486381,
            0.005598348288731835,
            0.0,
            0.0,
            0.0,
            0.0,
            0.0,
            0.0,
            0.0,
            0.0,
            0.0,
            0.0,
            0.0,
            0.0,
            0.0,
            0.0,
            0.0,
            0.0,
            0.0,
            0.0,
            0.0,
            0.0,
            0.0,
            0.0,
            0.0,
            0.0,
            0.0,
            0.0,
            0.0,
            0.0,
            0.0,
            0.0,
            0.0,
            0.0,
            0.0,
            0.0,
            0.0,
            0.0,
            0.0,
            0.0,
            0.0,
            0.0,
            0.0,
            0.0,
            0.0,
            0.0,
            0.0,
            0.0,
            0.0,
            0.0
        ],