{
    "Final_Model": {
        "AUC": 0.7681033546846162,
        "AUC_95CI_lower": 0.69681202586193,
        "AUC_95CI_upper": 0.8366692392754271,
        "Brier": 0.08783432937071074,
        "Brier_95CI_lower": 0.06951319451938082,
        "Brier_95CI_upper": 0.10612168755842574,
        "Best_Method": "xgb_meta",
        "Optimal_Threshold": 0.28
    },
    "LR_Baseline": {
        "AUC": 0.8106611659971772,
        "Brier": 0.17485229610291242,
        "F1_Score": 0.3861003861003861,
        "Sensitivity": 0.819672131147541,
        "Specificity": 0.673289183222958,
        "PPV": 0.25252525252525254,
        "NPV": 0.9651898734177216,
        "Net_Benefit": -0.12066993337287217,
        "Calibration_Slope": 0.8821582035781299,
        "Threshold": 0.4308225271328506
    },
    "TearSense_vs_LR": {
        "AUC_Improvement": -0.04255781131256098,
        "AUC_Improvement_Pct": -5.249765635462692,
        "Brier_Improvement": 0.08701796673220168
    },
    "Individual_Assessment_Test": {
        "CatBoost": {
            "AUC": 0.7666196214670864,
            "Brier": 0.0894087685837702
        },
        "XGBoost": {
            "AUC": 0.7707451235841204,
            "Brier": 0.09234843609562152
        },
        "LightGBM": {
            "AUC": 0.7781276010567075,
            "Brier": 0.09948201457252699
        },
        "RandomForest": {
            "AUC": 0.7702746715883182,
            "Brier": 0.09003685183824663
        }
    },
    "Self_Assessment_CV": {
        "CatBoost": {
            "AUC": 0.8034484638047992,
            "Brier": 0.09311827823834619
        },
        "XGBoost": {
            "AUC": 0.7820642882910346,
            "Brier": 0.11191231929430262
        },
        "LightGBM": {
            "AUC": 0.7830258659984402,
            "Brier": 0.10673805405690576
        },
        "RandomForest": {
            "AUC": 0.7787237970721261,
            "Brier": 0.09495912866158752
        }
    },
    "Ensemble_Weights": {
        "CatBoost": 0.301497220993042,
        "XGBoost": 0.08171433210372925,
        "LightGBM": 0.5286489725112915,
        "RandomForest": 0.08813946694135666
    }
}