{
    "tearsense": {
        "AUC": 0.7681033546846162,
        "Brier": 0.08783432937071074
    },
    "logistic_regression": {
        "AUC": 0.8106611659971772,
        "Brier": 0.17485229610291242
    },
    "improvement": {
        "AUC_delta": -0.04255781131256098,
        "AUC_pct": -5.249765635462692,
        "Brier_delta": -0.08701796673220168
    }
}