{
    "Final_Model": {
        "AUC": 0.7865776426736149,
        "AUC_95CI_lower": 0.7227727974106818,
        "AUC_95CI_upper": 0.8466052748064943,
        "Brier": 0.0874472899228841,
        "Brier_95CI_lower": 0.0694801898662711,
        "Brier_95CI_upper": 0.10478876536665137,
        "Best_Method": "xgb_meta",
        "Optimal_Threshold": 0.17000000000000004
    },
    "Individual_Assessment_Test": {
        "CatBoost": {
            "AUC": 0.7755220207722651,
            "Brier": 0.08881768113789945
        },
        "XGBoost": {
            "AUC": 0.7810226902616438,
            "Brier": 0.09484861308155566
        },
        "LightGBM": {
            "AUC": 0.7589114464589439,
            "Brier": 0.09672199206259617
        },
        "RandomForest": {
            "AUC": 0.7746896826258459,
            "Brier": 0.09216657663516994
        }
    },
    "Self_Assessment_CV": {
        "CatBoost": {
            "AUC": 0.8006436387566765,
            "Brier": 0.09336620417853836
        },
        "XGBoost": {
            "AUC": 0.7829256906233514,
            "Brier": 0.10582921219062566
        },
        "LightGBM": {
            "AUC": 0.7624779191363112,
            "Brier": 0.10694562200266895
        },
        "RandomForest": {
            "AUC": 0.7736020050541759,
            "Brier": 0.0995286335639836
        }
    },
    "Ensemble_Weights": {
        "CatBoost": 0.28117644786834717,
        "XGBoost": 0.24534034729003906,
        "LightGBM": 0.19386276602745056,
        "RandomForest": 0.2796204686164856
    }
}