{
    "best_method": "weighted_avg",
    "base_models": {
        "CatBoost": {
            "auc": {
                "per_fold": [
                    0.7487315368136205,
                    0.7828808864265928,
                    0.776471253321273,
                    0.7305104867431738,
                    0.8153654813726045
                ],
                "mean": 0.7707919289354529,
                "std": 0.029238518024100983,
                "min": 0.7305104867431738,
                "max": 0.8153654813726045
            },
            "brier": {
                "per_fold": [
                    0.09426787255347512,
                    0.09456272579466206,
                    0.09530739118046756,
                    0.0973992382544457,
                    0.09318416257559278
                ],
                "mean": 0.09494427807172864,
                "std": 0.0014042644874424698,
                "min": 0.09318416257559278,
                "max": 0.0973992382544457
            },
            "f1": {
                "per_fold": [
                    0.2,
                    0.2153846153846154,
                    0.1694915254237288,
                    0.10526315789473684,
                    0.14035087719298245
                ],
                "mean": 0.1660980351792127,
                "std": 0.03988439399484028,
                "min": 0.10526315789473684,
                "max": 0.2153846153846154
            }
        },
        "XGBoost": {
            "auc": {
                "per_fold": [
                    0.7750028188070808,
                    0.7470914127423822,
                    0.7445870314884956,
                    0.7318672621403132,
                    0.8252586353100797
                ],
                "mean": 0.7647614320976703,
                "std": 0.03336483190245223,
                "min": 0.7318672621403132,
                "max": 0.8252586353100797
            },
            "brier": {
                "per_fold": [
                    0.10303668230378979,
                    0.10734027352899922,
                    0.11120811512742206,
                    0.11182382128945058,
                    0.09543405508516753
                ],
                "mean": 0.10576858946696584,
                "std": 0.006049634373454767,
                "min": 0.09543405508516753,
                "max": 0.11182382128945058
            },
            "f1": {
                "per_fold": [
                    0.3764705882352941,
                    0.3516483516483517,
                    0.32558139534883723,
                    0.3,
                    0.2631578947368421
                ],
                "mean": 0.32337164599386503,
                "std": 0.03948640884898518,
                "min": 0.2631578947368421,
                "max": 0.3764705882352941
            }
        },
        "LightGBM": {
            "auc": {
                "per_fold": [
                    0.7654188747322134,
                    0.7469252077562327,
                    0.7504663915427667,
                    0.7665215670755837,
                    0.8287071061111425
                ],
                "mean": 0.7716078294435877,
                "std": 0.029599637940788875,
                "min": 0.7469252077562327,
                "max": 0.8287071061111425
            },
            "brier": {
                "per_fold": [
                    0.10277415874412693,
                    0.1058789893041279,
                    0.10812528614726488,
                    0.10214870600646948,
                    0.09464324854723398
                ],
                "mean": 0.10271407774984462,
                "std": 0.0045773219335882645,
                "min": 0.09464324854723398,
                "max": 0.10812528614726488
            },
            "f1": {
                "per_fold": [
                    0.35294117647058826,
                    0.3409090909090909,
                    0.35294117647058826,
                    0.3902439024390244,
                    0.345679012345679
                ],
                "mean": 0.35654287172699417,
                "std": 0.017459338084890096,
                "min": 0.3409090909090909,
                "max": 0.3902439024390244
            }
        },
        "RandomForest": {
            "auc": {
                "per_fold": [
                    0.7598376367121433,
                    0.7942382271468145,
                    0.7757928656227033,
                    0.764712533212731,
                    0.823449601447227
                ],
                "mean": 0.7836061728283239,
                "std": 0.02316678691428936,
                "min": 0.7598376367121433,
                "max": 0.823449601447227
            },
            "brier": {
                "per_fold": [
                    0.10626928268980125,
                    0.10225808037176261,
                    0.10830689670080998,
                    0.10454901400252485,
                    0.09563527096243471
                ],
                "mean": 0.10340370894546669,
                "std": 0.004364071040833139,
                "min": 0.09563527096243471,
                "max": 0.10830689670080998
            },
            "f1": {
                "per_fold": [
                    0.35294117647058826,
                    0.37209302325581395,
                    0.3409090909090909,
                    0.3,
                    0.2702702702702703
                ],
                "mean": 0.32724271218115264,
                "std": 0.0370047453231034,
                "min": 0.2702702702702703,
                "max": 0.37209302325581395
            }
        }
    },
    "ensemble": {
        "auc": {
            "per_fold": [
                0.7750028188070808,
                0.7470914127423822,
                0.7445870314884956,
                0.7318672621403132,
                0.8252586353100797
            ],
            "mean": 0.7647614320976703,
            "std": 0.03336483190245223,
            "min": 0.7318672621403132,
            "max": 0.8252586353100797
        },
        "brier": {
            "per_fold": [
                0.1030366823037724,
                0.10734027352899289,
                0.11120811512742206,
                0.11182382128945052,
                0.09543405508516573
            ],
            "mean": 0.1057685894669607,
            "std": 0.006049634373456614,
            "min": 0.09543405508516573,
            "max": 0.11182382128945052
        },
        "f1": {
            "per_fold": [
                0.3764705882352941,
                0.3516483516483517,
                0.32558139534883723,
                0.3,
                0.2631578947368421
            ],
            "mean": 0.32337164599386503,
            "std": 0.03948640884898518,
            "min": 0.2631578947368421,
            "max": 0.3764705882352941
        }
    },
    "method_comparison": {
        "weighted_avg": {
            "auc": 0.787861599546228,
            "brier": 0.09187078817811778,
            "score": 0.5244283325997774,
            "calibration": null
        },
        "weighted_avg+isotonic": {
            "auc": 0.7765037949382816,
            "brier": 0.09278493000903448,
            "score": 0.5141480737840788,
            "calibration": "isotonic"
        },
        "weighted_avg+platt": {
            "auc": 0.7874474425807383,
            "brier": 0.09344441413242435,
            "score": 0.5182141116197538,
            "calibration": "platt"
        },
        "logistic": {
            "auc": 0.7835054878503949,
            "brier": 0.18582236507432245,
            "score": 0.16563762190388231,
            "calibration": null
        },
        "logistic+isotonic": {
            "auc": 0.7683950967416651,
            "brier": 0.09347742551043764,
            "score": 0.5066575556577426,
            "calibration": "isotonic"
        },
        "logistic+platt": {
            "auc": 0.778952723082048,