{
    "CatBoost_Params": {
        "iterations": 1168,
        "depth": 7,
        "learning_rate": 0.07283073885641432,
        "l2_leaf_reg": 2.2118455035904265,
        "random_strength": 4.913548347275167,
        "bagging_temperature": 0.4361770856026696,
        "border_count": 33,
        "loss_function": "Focal:focal_alpha=0.21036186380875896;focal_gamma=1.2346360973595858",
        "eval_metric": "AUC",
        "random_state": 42,
        "verbose": false,
        "thread_count": -1
    },
    "XGBoost_Params": {
        "n_estimators": 1500,
        "max_depth": 10,
        "learning_rate": 0.028232761073919012,
        "subsample": 0.6030125814748665,
        "colsample_bytree": 0.724307747950722,
        "gamma": 3.108377264272195,
        "min_child_weight": 1,
        "reg_alpha": 0.17198636498584352,
        "reg_lambda": 0.0020044438161870314,
        "max_delta_step": 9.275296027323323,
        "scale_pos_weight": 7.374962838059175,
        "objective": "binary:logistic",
        "eval_metric": "auc",
        "random_state": 42,
        "n_jobs": -1,
        "use_label_encoder": false
    },
    "LightGBM_Params": {
        "boosting_type": "dart",
        "n_estimators": 1903,
        "num_leaves": 22,
        "learning_rate": 0.06127118982518444,
        "max_depth": 6,
        "min_child_samples": 10,
        "colsample_bytree": 0.6759915034193179,
        "reg_alpha": 0.0013173220694664735,
        "reg_lambda": 7.9811139906510284,
        "subsample": 0.7952944749743047,
        "subsample_freq": 8,
        "drop_rate": 0.0547426323052103,
        "skip_drop": 0.44678314639305405,
        "scale_pos_weight": 8.27733545882771,
        "objective": "binary",
        "metric": "auc",
        "random_state": 42,
        "n_jobs": -1,
        "verbosity": -1
    },
    "RandomForest_Params": {
        "n_estimators": 215,
        "max_depth": 14,
        "min_samples_split": 9,
        "min_samples_leaf": 2,
        "max_features": 0.5,
        "class_weight": "balanced",
        "max_samples": 0.5152008754313914,
        "min_impurity_decrease": 0.000414550941957116,
        "ccp_alpha": 0.0024234844123801526,
        "bootstrap": true,
        "random_state": 42,
        "n_jobs": -1
    },
    "Ensemble_Weights": {
        "Cat": 0.28117644786834717,
        "XGB": 0.24534034729003906,
        "LGBM": 0.19386276602745056,
        "RF": 0.2796204686164856
    }
}