{
    "evaluation_type": "end_to_end_pipeline",
    "description": "Holdout test set (n=514) evaluated through the FULL production inference pipeline. fold_models predict \u2192 average \u2192 meta-features \u2192 meta-learner \u2192 calibrate \u2192 score. These are the metrics of the actual deployed model.",
    "pipeline": "fold_ensemble \u2192 weighted_avg \u2192 threshold",
    "best_method": "weighted_avg",
    "holdout_n": 514,
    "cross_check_vs_trainMeta": true,
    "final_model": {
        "AUC": 0.7736040241739949,
        "AUC_95CI": [
            0.7070792840388319,
            0.8370052442051339
        ],
        "Brier": 0.09350455100145724,
        "Brier_95CI": [
            0.0731557810622517,
            0.11222416888230387
        ],
        "optimal_threshold": 0.09704773963257374,
        "clinical_metrics": {
            "sensitivity": 0.7049180327868853,
            "specificity": 0.7328918322295805,
            "ppv": 0.2621951219512195,
            "npv": 0.9485714285714286,
            "tp": 43,
            "tn": 332,
            "fp": 121,
            "fn": 18
        }
    },
    "decision_curve_analysis": {
        "thresholds": [
            0.01,
            0.02,
            0.03,
            0.04,
            0.05,
            0.060000000000000005,
            0.06999999999999999,
            0.08,
            0.09,
            0.09999999999999999,
            0.11,
            0.12,
            0.13,
            0.14,
            0.15000000000000002,
            0.16,
            0.17,
            0.18000000000000002,
            0.19,
            0.2,
            0.21000000000000002,
            0.22,
            0.23,
            0.24000000000000002,
            0.25,
            0.26,
            0.27,
            0.28,
            0.29000000000000004,
            0.3,
            0.31,
            0.32,
            0.33,
            0.34,
            0.35000000000000003,
            0.36000000000000004,
            0.37,
            0.38,
            0.39,
            0.4,
            0.41000000000000003,
            0.42000000000000004,
            0.43,
            0.44,
            0.45,
            0.46,
            0.47000000000000003,
            0.48000000000000004,
            0.49,
            0.5,
            0.51,
            0.52,
            0.53,
            0.54,
            0.55,
            0.56,
            0.5700000000000001,
            0.5800000000000001,
            0.59,
            0.6,
            0.61,
            0.62,
            0.63,
            0.64,
            0.65,
            0.66,
            0.67,
            0.68,
            0.6900000000000001,
            0.7000000000000001,
            0.7100000000000001,
            0.72,
            0.73,
            0.74,
            0.75,
            0.76,
            0.77,
            0.78,
            0.79,
            0.8,
            0.81,
            0.8200000000000001,
            0.8300000000000001,
            0.8400000000000001,
            0.85,
            0.86,
            0.87,
            0.88,
            0.89,
            0.9,
            0.91,
            0.92,
            0.93,
            0.9400000000000001,
            0.9500000000000001,
            0.9600000000000001,
            0.97,
            0.98,
            0.99
        ],
        "net_benefit_model": [
            0.10804543489368391,
            0.09803065194949576,
            0.08702715712623851,
            0.07855058365758755,
            0.0716772475936924,
            0.0678864144382813,
            0.06411865612317476,
            0.06141092877685671,
            0.05883610552871253,
            0.053826199740596624,
            0.04846325361780265,
            0.04306685532366466,
            0.0356232389641755,
            0.033209664283775225,
            0.032501716639963374,
            0.02973874374652584,
            0.029534480333786493,
            0.027237354085603113,
            0.026660902147283477,
            0.02772373540856031,
            0.024626902428212576,
            0.022997106654694205,
            0.020592248218707365,
            0.019045668646323975,
            0.018158236057068747,
            0.014039331159953726,
            0.01324556260327274,
            0.013294422827496752,
            0.01271441880857127,
            0.012229016120066702,
            0.011842327863305697,
            0.012474250400549322,
            0.013299262442650554,
            0.011437330503478359,
            0.011673151750972763,
            0.01203793774319066,
            0.011734914458649867,
            0.014811095770051463,
            0.014511705045608211,
            0.012970168612191954,
            0.014080327112049068,
            0.012880719173487182,
            0.011468359614990792,
            0.008060033351862145,
            0.00902016271666077,
            0.0077100446750252224,
            0.002459437633066587,
            0.0010475905417539622,
            0.0014496070801861619,
            0.0019455252918287938,
            -0.0013499563249424265,
            -0.004701686121919589,
            -0.006167729116648736,
            -0.005413635594654041,
            -0.002161694768698666,
            -0.003537318712415992,
            -0.00239797303411457,
            -0.005743931813970732,
            -0.0072126791306823534,
            3.469446951953614e-18,
            -0.001247131597326149,
            -0.00133114888388286,
            -0.0025765064675570513,
            -0.005836575875486385,
            -3.469446951953614e-18,
            0.006408789196612495,
            0.005541799316118378,
            0.008754863813229569,
            0.007970377808459893,
            0.007133592736705573,
            0.006239098349657846,
            0.005280711506392442,
            0.004251333045107369,
            0.0031427716252619003,
            0.0,
            -0.0012970168612191982,
            -0.0027068177973270206,
            -0.00424478245489919,
            -0.005929219937002045,
            -0.01167315175097277,
            -0.01566659840262135,
            -0.00907911802853438,
            -0.010986495765621437,
            -0.015077821011673171,
            -0.017509727626459144,
            -0.020289049471928847,
            -0.023495959293624663,
            -0.027237354085603113,
            -0.031659002476123105,
            -0.03891050583657588,
            -0.04734111543450067,
            -0.01070038910505838,
            -0.014174541411895517,
            -0.01880674448767837,
            0.009727626459143969,
            0.005836575875486381,
            0.0,
            0.0,
            0.0
        ],