{
    "Final_Model": {
        "AUC": 0.7736040241739949,
        "AUC_95CI_lower": 0.7070792840388319,
        "AUC_95CI_upper": 0.8370052442051339,
        "Brier": 0.09350455100145724,
        "Brier_95CI_lower": 0.0731557810622517,
        "Brier_95CI_upper": 0.11222416888230387,
        "Best_Method": "weighted_avg",
        "Optimal_Threshold": 0.4100000000000001
    },
    "Individual_Assessment_Test": {
        "CatBoost": {
            "AUC": 0.7678862229942459,
            "Brier": 0.08818445186368103
        },
        "XGBoost": {
            "AUC": 0.7716136503456013,
            "Brier": 0.0932918552618738
        },
        "LightGBM": {
            "AUC": 0.7743639850902905,
            "Brier": 0.09950491000527234
        },
        "RandomForest": {
            "AUC": 0.7673072051532589,
            "Brier": 0.08869511335478496
        }
    },
    "Self_Assessment_CV": {
        "CatBoost": {
            "AUC": 0.7981545599553239,
            "Brier": 0.09241940199458257
        },
        "XGBoost": {
            "AUC": 0.7750773340113045,
            "Brier": 0.1108903337981696
        },
        "LightGBM": {
            "AUC": 0.7737402356054219,
            "Brier": 0.10858990904474815
        },
        "RandomForest": {
            "AUC": 0.7723981504877551,
            "Brier": 0.09560153542178994
        }
    },
    "Ensemble_Weights": {
        "CatBoost": 1.7662925904921e-15,
        "XGBoost": 0.799999999999998,
        "LightGBM": 0.19999999999999754,
        "RandomForest": 2.6655808297049937e-15
    }
}