{
    "Final_Model": {
        "AUC": 0.7698042195925162,
        "AUC_95CI_lower": 0.7044754548878928,
        "AUC_95CI_upper": 0.8324371335287847,
        "Brier": 0.09650512863165366,
        "Brier_95CI_lower": 0.0776181130091931,
        "Brier_95CI_upper": 0.11503577540952142,
        "Best_Method": "weighted_avg",
        "Optimal_Threshold": 0.31000000000000005
    },
    "Individual_Assessment_Test": {
        "CatBoost": {
            "AUC": 0.7750153801614013,
            "Brier": 0.09003854560417658
        },
        "XGBoost": {
            "AUC": 0.7698042195925162,
            "Brier": 0.09650512863165545
        },
        "LightGBM": {
            "AUC": 0.769225201751529,
            "Brier": 0.09248694496846042
        },
        "RandomForest": {
            "AUC": 0.7728802518727609,
            "Brier": 0.09103361504247648
        }
    },
    "Self_Assessment_CV": {
        "CatBoost": {
            "AUC": 0.8004107600034857,
            "Brier": 0.09492651903428273
        },
        "XGBoost": {
            "AUC": 0.7879749112114812,
            "Brier": 0.13120076726839452
        },
        "LightGBM": {
            "AUC": 0.7752505046523591,
            "Brier": 0.10065492871160482
        },
        "RandomForest": {
            "AUC": 0.7779812781236521,
            "Brier": 0.09759470307998015
        }
    },
    "Ensemble_Weights": {
        "CatBoost": 1.9027602039177267e-14,
        "XGBoost": 0.9999999999998403,
        "LightGBM": 7.958911307781591e-14,
        "RandomForest": 6.105202835135273e-14
    }
}