{
    "tearsense": {
        "model_serial": "06022026_094456_89992",
        "holdout_n": 514,
        "inference_verified": true,
        "stored_AUC": 0.7890746571128722,
        "stored_Brier": 0.08753367842155522,
        "stored_threshold": 0.17000000000000004,
        "AUC": 0.7890746571128722,
        "Brier_Score": 0.08753367513418198,
        "Calibration_Slope": 1.1174176237502145,
        "Calibration_Intercept": 0.22418386482081293,
        "Net_Benefit": 0.04560582871614609,
        "Optimal_Threshold_Used": 0.1710900366306305,
        "Youden_J_Threshold": 0.1710900366306305,
        "F1_Score": 0.4605263157894737,
        "Sensitivity_Recall": 0.5737704918032787,
        "Specificity": 0.8763796909492274,
        "PPV_Precision": 0.38461538461538464,
        "NPV": 0.9385342789598109,
        "Confusion_Matrix": {
            "TP": 35,
            "TN": 397,
            "FP": 56,
            "FN": 26
        },
        "AUC_95CI": [
            0.7237831917978673,
            0.8503104618397532
        ],
        "AUC_Text": "0.7891 (0.7238-0.8503)",
        "Brier_Score_95CI": [
            0.06940691247582435,
            0.10549714975059032
        ],
        "Brier_Score_Text": "0.0875 (0.0694-0.1055)",
        "F1_Score_95CI": [
            0.352920463960232,
            0.5574286369368335
        ],
        "F1_Score_Text": "0.4605 (0.3529-0.5574)",
        "Sensitivity_Recall_95CI": [
            0.44997448979591836,
            0.7037037037037037
        ],
        "Sensitivity_Recall_Text": "0.5738 (0.4500-0.7037)",
        "Specificity_95CI": [
            0.8454706459478567,
            0.9044472161966739
        ],
        "Specificity_Text": "0.8764 (0.8455-0.9044)",
        "PPV_Precision_95CI": [
            0.2825659501709819,
            0.48810215946843855
        ],
        "PPV_Precision_Text": "0.3846 (0.2826-0.4881)",
        "NPV_95CI": [
            0.9162633419212366,
            0.9604719641226703
        ],
        "NPV_Text": "0.9385 (0.9163-0.9605)",
        "Net_Benefit_95CI": [
            0.022936510420419477,
            0.06941598797960515
        ],
        "Net_Benefit_Text": "0.0456 (0.0229-0.0694)",
        "Calibration_Slope_95CI": [
            0.8388252063570465,
            1.4528284160971805
        ],
        "Calibration_Slope_Text": "1.1174 (0.8388-1.4528)"
    },
    "logistic_regression": {
        "AUC": 0.8106611659971772,
        "Brier_Score": 0.17485229610280642,
        "F1_Score": 0.3861003861003861,
        "Sensitivity_Recall": 0.819672131147541,
        "Specificity": 0.673289183222958,
        "PPV_Precision": 0.25252525252525254,
        "NPV": 0.9651898734177216,
        "Net_Benefit": -0.12066993337223451,
        "Calibration_Slope": 0.8821582035791161,
        "Calibration_Intercept": -1.9580869173522404,
        "Threshold_Used": 0.43082252713213315,
        "Confusion_Matrix": {
            "TP": 50,
            "TN": 305,
            "FP": 148,
            "FN": 11
        },
        "AUC_95CI": [
            0.7521794662966538,
            0.8631149614337568
        ],
        "Brier_Score_95CI": [
            0.15675797066713185,
            0.19277571042690916
        ],
        "F1_Score_95CI": [
            0.309478021978022,
            0.4545624151967435
        ],
        "Sensitivity_Recall_95CI": [
            0.7212933944069432,
            0.9111403508771929
        ],
        "Specificity_95CI": [
            0.6296276469188675,
            0.715232159296766
        ],
        "PPV_Precision_95CI": [
            0.19288327256261767,
            0.31156296186816435
        ],
        "NPV_95CI": [
            0.9438819353633476,
            0.984178463043565
        ],
        "Net_Benefit_95CI": [
            -0.16230365857180526,
            -0.07807198326155126
        ],
        "Calibration_Slope_95CI": [
            0.6671257244850478,
            1.1635364636314967
        ]
    },
    "lr_formula": "z = -0.7181 + 1.1932 \u00d7 tear_characteristics_Tear_MedLat + 0.7155 \u00d7 tear_characteristics_Full_3.0\n    - 0.7025 \u00d7 Tear_Area_cm2 + 0.4783 \u00d7 Tear_AP_ML_Ratio + 0.4497 \u00d7 InsuranceType_5.0\n    + 0.3984 \u00d7 Aged + 0.3697 \u00d7 tear_characteristics_Full_nan + 0.3136 \u00d7 Gender_M + 0.3018 \u00d7 Pre-Op_ROM_Pre-Op_IR + 0.2575 \u00d7 tear_characteristics_Tear_AntPost\n    + ... (30 more terms)\n\nP(retear) = 1 / (1 + exp(-z))",
    "comparison": {
        "AUC_difference": -0.021586508884305022,
        "Brier_difference": -0.08731862096862444,
        "TearSense_better_AUC": false,
        "TearSense_better_Brier": true
    }
}