{
    "CatBoost_Params": {
        "iterations": 1360,
        "depth": 4,
        "learning_rate": 0.06408956360010123,
        "l2_leaf_reg": 1.3059368688134096,
        "random_strength": 2.03168139683063,
        "bagging_temperature": 0.1794863669110228,
        "border_count": 74,
        "loss_function": "Focal:focal_alpha=0.19632562306246593;focal_gamma=1.3692211852961516",
        "eval_metric": "AUC",
        "random_state": 42,
        "verbose": false,
        "thread_count": -1
    },
    "XGBoost_Params": {
        "n_estimators": 1001,
        "max_depth": 10,
        "learning_rate": 0.06998405977571551,
        "subsample": 0.6156027630782551,
        "colsample_bytree": 0.6721628019391325,
        "gamma": 0.03719312362530269,
        "min_child_weight": 7,
        "reg_alpha": 0.5045683424253852,
        "reg_lambda": 0.1357457462079337,
        "max_delta_step": 2.3225135865534092,
        "scale_pos_weight": 7.890205530495902,
        "objective": "binary:logistic",
        "eval_metric": "auc",
        "random_state": 42,
        "n_jobs": -1,
        "use_label_encoder": false
    },
    "LightGBM_Params": {
        "boosting_type": "gbdt",
        "n_estimators": 1172,
        "num_leaves": 76,
        "learning_rate": 0.007868701938103673,
        "max_depth": 12,
        "min_child_samples": 14,
        "colsample_bytree": 0.9243080583227914,
        "reg_alpha": 0.009350750716499729,
        "reg_lambda": 0.28519280827233073,
        "subsample": 0.5929783058637756,
        "subsample_freq": 7,
        "scale_pos_weight": 23.572654780862127,
        "objective": "binary",
        "metric": "auc",
        "random_state": 42,
        "n_jobs": -1,
        "verbosity": -1
    },
    "RandomForest_Params": {
        "n_estimators": 719,
        "max_depth": 22,
        "min_samples_split": 18,
        "min_samples_leaf": 6,
        "max_features": 0.7,
        "class_weight": "balanced_subsample",
        "max_samples": 0.5842506579668179,
        "min_impurity_decrease": 0.0015672303606519666,
        "ccp_alpha": 0.001839608855554483,
        "bootstrap": true,
        "random_state": 42,
        "n_jobs": -1
    },
    "Ensemble_Weights": {
        "Cat": 0.32822075486183167,
        "XGB": 0.0,
        "LGBM": 0.0,
        "RF": 0.6717792749404907
    }
}