{
    "evaluation_type": "end_to_end_pipeline",
    "description": "Holdout test set (n=514) evaluated through the FULL production inference pipeline. fold_models predict \u2192 average \u2192 meta-features \u2192 meta-learner \u2192 calibrate \u2192 score. These are the metrics of the actual deployed model.",
    "pipeline": "fold_ensemble \u2192 13 meta-features \u2192 xgb_meta \u2192 threshold",
    "best_method": "xgb_meta",
    "holdout_n": 514,
    "cross_check_vs_trainMeta": true,
    "final_model": {
        "AUC": 0.7809322187239894,
        "AUC_95CI": [
            0.7138998592981824,
            0.844205118500027
        ],
        "Brier": 0.08911938684782024,
        "Brier_95CI": [
            0.07078959475008978,
            0.10702981759949318
        ],
        "optimal_threshold": 0.1439979374408722,
        "clinical_metrics": {
            "sensitivity": 0.6721311475409836,
            "specificity": 0.7593818984547461,
            "ppv": 0.2733333333333333,
            "npv": 0.945054945054945,
            "tp": 41,
            "tn": 344,
            "fp": 109,
            "fn": 20
        }
    },
    "decision_curve_analysis": {
        "thresholds": [
            0.01,
            0.02,
            0.03,
            0.04,
            0.05,
            0.060000000000000005,
            0.06999999999999999,
            0.08,
            0.09,
            0.09999999999999999,
            0.11,
            0.12,
            0.13,
            0.14,
            0.15000000000000002,
            0.16,
            0.17,
            0.18000000000000002,
            0.19,
            0.2,
            0.21000000000000002,
            0.22,
            0.23,
            0.24000000000000002,
            0.25,
            0.26,
            0.27,
            0.28,
            0.29000000000000004,
            0.3,
            0.31,
            0.32,
            0.33,
            0.34,
            0.35000000000000003,
            0.36000000000000004,
            0.37,
            0.38,
            0.39,
            0.4,
            0.41000000000000003,
            0.42000000000000004,
            0.43,
            0.44,
            0.45,
            0.46,
            0.47000000000000003,
            0.48000000000000004,
            0.49,
            0.5,
            0.51,
            0.52,
            0.53,
            0.54,
            0.55,
            0.56,
            0.5700000000000001,
            0.5800000000000001,
            0.59,
            0.6,
            0.61,
            0.62,
            0.63,
            0.64,
            0.65,
            0.66,
            0.67,
            0.68,
            0.6900000000000001,
            0.7000000000000001,
            0.7100000000000001,
            0.72,
            0.73,
            0.74,
            0.75,
            0.76,
            0.77,
            0.78,
            0.79,
            0.8,
            0.81,
            0.8200000000000001,
            0.8300000000000001,
            0.8400000000000001,
            0.85,
            0.86,
            0.87,
            0.88,
            0.89,
            0.9,
            0.91,
            0.92,
            0.93,
            0.9400000000000001,
            0.9500000000000001,
            0.9600000000000001,
            0.97,
            0.98,
            0.99
        ],
        "net_benefit_model": [
            0.10977479070864285,
            0.10069086000158818,
            0.09294396084881061,
            0.08503566796368353,
            0.07976653696498054,
            0.06821756767944366,
            0.06506003932889838,
            0.0622568093385214,
            0.05857955274297686,
            0.05555555555555555,
            0.0502994797359332,
            0.04748850371418464,
            0.04391967440404312,
            0.04492806080897656,
            0.04165712977798123,
            0.03650176023716879,
            0.03490225493413342,
            0.03141311568757711,
            0.030744103377047607,
            0.030642023346303504,
            0.03068512042555287,
            0.030330240446971964,
            0.028904947192884937,
            0.026725373745648165,
            0.025940337224383922,
            0.024503102324114,
            0.024465646820531955,
            0.023346303501945522,
            0.021619992327505888,
            0.018343524180100053,
            0.023092539333446117,
            0.02288853284504463,
            0.022736511992566346,
            0.021695554769484725,
            0.022448368751870694,
            0.019941634241245135,
            0.02152430362547094,
            0.018576628592945902,
            0.01837086177202271,
            0.01815823605706874,
            0.017938402690760403,
            0.009392191064001073,
            0.0,
            0.0,
            0.0,
            0.0,
            0.0,
            0.0,
            0.0,
            0.0,
            0.0,
            0.0,
            0.0,
            0.0,
            0.0,
            0.0,
            0.0,
            0.0,
            0.0,
            0.0,
            0.0,
            0.0,
            0.0,
            0.0,
            0.0,
            0.0,
            0.0,
            0.0,
            0.0,
            0.0,
            0.0,
            0.0,
            0.0,
            0.0,
            0.0,
            0.0,
            0.0,
            0.0,
            0.0,
            0.0,
            0.0,
            0.0,
            0.0,
            0.0,
            0.0,
            0.0,
            0.0,
            0.0,
            0.0,
            0.0,
            0.0,
            0.0,
            0.0,
            0.0,
            0.0,
            0.0,
            0.0,
            0.0,
            0.0
        ],