{
    "Final_Model": {
        "AUC": 0.7809322187239894,
        "AUC_95CI_lower": 0.7138998592981824,
        "AUC_95CI_upper": 0.844205118500027,
        "Brier": 0.08911938684782024,
        "Brier_95CI_lower": 0.07078959475008978,
        "Brier_95CI_upper": 0.10702981759949318,
        "Best_Method": "xgb_meta",
        "Optimal_Threshold": 0.15000000000000002
    },
    "Individual_Assessment_Test": {
        "CatBoost": {
            "AUC": 0.7675967140737524,
            "Brier": 0.08878677787362901
        },
        "XGBoost": {
            "AUC": 0.7800817862700394,
            "Brier": 0.09931482698760843
        },
        "LightGBM": {
            "AUC": 0.7772590742952267,
            "Brier": 0.10068743329288693
        },
        "RandomForest": {
            "AUC": 0.7711793869648608,
            "Brier": 0.09574906338610077
        }
    },
    "Self_Assessment_CV": {
        "CatBoost": {
            "AUC": 0.796382655013307,
            "Brier": 0.09381624729336135
        },
        "XGBoost": {
            "AUC": 0.7810690784203062,
            "Brier": 0.1210041032279094
        },
        "LightGBM": {
            "AUC": 0.7833858142635698,
            "Brier": 0.10741601818037542
        },
        "RandomForest": {
            "AUC": 0.776976108696949,
            "Brier": 0.10238016887329568
        }
    },
    "Ensemble_Weights": {
        "CatBoost": 0.0,
        "XGBoost": 0.30465415120124817,
        "LightGBM": 0.4493601322174072,
        "RandomForest": 0.2459857016801834
    }
}