{
    "evaluation_type": "end_to_end_pipeline",
    "description": "Holdout test set (n=514) evaluated through the FULL production inference pipeline. fold_models predict \u2192 average \u2192 meta-features \u2192 meta-learner \u2192 calibrate \u2192 score. These are the metrics of the actual deployed model.",
    "pipeline": "fold_ensemble \u2192 13 meta-features \u2192 xgb_meta \u2192 threshold",
    "best_method": "xgb_meta",
    "holdout_n": 514,
    "cross_check_vs_trainMeta": true,
    "final_model": {
        "AUC": 0.7846053631527521,
        "AUC_95CI": [
            0.7198535032993588,
            0.8479043574788395
        ],
        "Brier": 0.08829319121872292,
        "Brier_95CI": [
            0.07061270701884337,
            0.10538894957112087
        ],
        "optimal_threshold": 0.09186329692602158,
        "clinical_metrics": {
            "sensitivity": 0.8360655737704918,
            "specificity": 0.5960264900662252,
            "ppv": 0.21794871794871795,
            "npv": 0.9642857142857143,
            "tp": 51,
            "tn": 270,
            "fp": 183,
            "fn": 10
        }
    },
    "decision_curve_analysis": {
        "thresholds": [
            0.01,
            0.02,
            0.03,
            0.04,
            0.05,
            0.060000000000000005,
            0.06999999999999999,
            0.08,
            0.09,
            0.09999999999999999,
            0.11,
            0.12,
            0.13,
            0.14,
            0.15000000000000002,
            0.16,
            0.17,
            0.18000000000000002,
            0.19,
            0.2,
            0.21000000000000002,
            0.22,
            0.23,
            0.24000000000000002,
            0.25,
            0.26,
            0.27,
            0.28,
            0.29000000000000004,
            0.3,
            0.31,
            0.32,
            0.33,
            0.34,
            0.35000000000000003,
            0.36000000000000004,
            0.37,
            0.38,
            0.39,
            0.4,
            0.41000000000000003,
            0.42000000000000004,
            0.43,
            0.44,
            0.45,
            0.46,
            0.47000000000000003,
            0.48000000000000004,
            0.49,
            0.5,
            0.51,
            0.52,
            0.53,
            0.54,
            0.55,
            0.56,
            0.5700000000000001,
            0.5800000000000001,
            0.59,
            0.6,
            0.61,
            0.62,
            0.63,
            0.64,
            0.65,
            0.66,
            0.67,
            0.68,
            0.6900000000000001,
            0.7000000000000001,
            0.7100000000000001,
            0.72,
            0.73,
            0.74,
            0.75,
            0.76,
            0.77,
            0.78,
            0.79,
            0.8,
            0.81,
            0.8200000000000001,
            0.8300000000000001,
            0.8400000000000001,
            0.85,
            0.86,
            0.87,
            0.88,
            0.89,
            0.9,
            0.91,
            0.92,
            0.93,
            0.9400000000000001,
            0.9500000000000001,
            0.9600000000000001,
            0.97,
            0.98,
            0.99
        ],
        "net_benefit_model": [
            0.10977479070864285,
            0.1025172715000397,
            0.09009587227726744,
            0.08819714656290531,
            0.08130247798484537,
            0.07736567596655351,
            0.06947408058240243,
            0.06682456437151074,
            0.06400992004104844,
            0.049935149156939036,
            0.049075328990512826,
            0.045189246551114254,
            0.04159398899771904,
            0.03854854764274726,
            0.04200045777065689,
            0.03492681119140263,
            0.03330833059865923,
            0.033785707506880515,
            0.0326896286688764,
            0.0311284046692607,
            0.028616460621583014,
            0.027835977252319666,
            0.026378290969730663,
            0.02488224452181036,
            0.02334630350194553,
            0.021190451151540647,
            0.024172485475187886,
            0.022913964548205788,
            0.021619992327505888,
            0.021122846025569762,
            0.019793605142953814,
            0.020256351567864497,
            0.018932574481677213,
            0.019573163542035133,
            0.018258006584854828,
            0.019212062256809336,
            0.027021184608733248,
            0.013493159282038408,
            0.009887095745359443,
            0.009727626459143969,
            0.010914726637208995,
            0.012209848383201395,
            0.012151000068264046,
            0.010144524735964425,
            0.010081358330385568,
            0.01001585242830379,
            0.009947874605388738,
            0.009877282250823106,
            0.00980392156862745,
            0.009727626459143969,
            0.00964821726355912,
            0.00956549935149157,
            0.009479261528272208,
            0.009389274234478091,
            0.009295287505404237,
            0.0,
            0.0,
            0.0,
            0.0,
            0.0,
            0.0,
            0.0,
            0.0,
            0.0,
            0.0,
            0.0,
            0.0,
            0.0,
            0.0,
            0.0,
            0.0,
            0.0,
            0.0,
            0.0,
            0.0,
            0.0,
            0.0,
            0.0,
            0.0,
            0.0,
            0.0,
            0.0,
            0.0,
            0.0,
            0.0,
            0.0,
            0.0,
            0.0,
            0.0,
            0.0,
            0.0,
            0.0,
            0.0,
            0.0,
            0.0,
            0.0,
            0.0,
            0.0,
            0.0
        ],