{
    "Final_Model": {
        "AUC": 0.7846053631527521,
        "AUC_95CI_lower": 0.7198535032993588,
        "AUC_95CI_upper": 0.8479043574788395,
        "Brier": 0.08829319121872292,
        "Brier_95CI_lower": 0.07061270701884337,
        "Brier_95CI_upper": 0.10538894957112087,
        "Best_Method": "xgb_meta",
        "Optimal_Threshold": 0.15000000000000002
    },
    "Individual_Assessment_Test": {
        "CatBoost": {
            "AUC": 0.7829768754749756,
            "Brier": 0.08777743033621128
        },
        "XGBoost": {
            "AUC": 0.7681395432996779,
            "Brier": 0.09062379077021109
        },
        "LightGBM": {
            "AUC": 0.7710346325046142,
            "Brier": 0.1034552019546685
        },
        "RandomForest": {
            "AUC": 0.7753772663120183,
            "Brier": 0.10512415780671924
        }
    },
    "Self_Assessment_CV": {
        "CatBoost": {
            "AUC": 0.7977219984701921,
            "Brier": 0.09355196523170108
        },
        "XGBoost": {
            "AUC": 0.7799862011194647,
            "Brier": 0.10030497408346868
        },
        "LightGBM": {
            "AUC": 0.763941157675479,
            "Brier": 0.1136786491420448
        },
        "RandomForest": {
            "AUC": 0.7808823600146046,
            "Brier": 0.11050099870081691
        }
    },
    "Ensemble_Weights": {
        "CatBoost": 0.3388802111148834,
        "XGBoost": 0.4496292769908905,
        "LightGBM": 0.0,
        "RandomForest": 0.21149049699306488
    }
}