{
    "evaluation_type": "end_to_end_pipeline",
    "description": "Holdout test set (n=514) evaluated through the FULL production inference pipeline. fold_models predict \u2192 average \u2192 meta-features \u2192 meta-learner \u2192 calibrate \u2192 score. These are the metrics of the actual deployed model.",
    "pipeline": "fold_ensemble \u2192 13 meta-features \u2192 xgb_meta \u2192 threshold",
    "best_method": "xgb_meta",
    "holdout_n": 514,
    "cross_check_vs_trainMeta": true,
    "final_model": {
        "AUC": 0.7890746571128722,
        "AUC_95CI": [
            0.7237831917978673,
            0.8503104618397532
        ],
        "Brier": 0.08753367842155522,
        "Brier_95CI": [
            0.06940691416044287,
            0.10549715919876243
        ],
        "optimal_threshold": 0.1710900366306305,
        "clinical_metrics": {
            "sensitivity": 0.5737704918032787,
            "specificity": 0.8763796909492274,
            "ppv": 0.38461538461538464,
            "npv": 0.9385342789598109,
            "tp": 35,
            "tn": 397,
            "fp": 56,
            "fn": 26
        }
    },
    "decision_curve_analysis": {
        "thresholds": [
            0.01,
            0.02,
            0.03,
            0.04,
            0.05,
            0.060000000000000005,
            0.06999999999999999,
            0.08,
            0.09,
            0.09999999999999999,
            0.11,
            0.12,
            0.13,
            0.14,
            0.15000000000000002,
            0.16,
            0.17,
            0.18000000000000002,
            0.19,
            0.2,
            0.21000000000000002,
            0.22,
            0.23,
            0.24000000000000002,
            0.25,
            0.26,
            0.27,
            0.28,
            0.29000000000000004,
            0.3,
            0.31,
            0.32,
            0.33,
            0.34,
            0.35000000000000003,
            0.36000000000000004,
            0.37,
            0.38,
            0.39,
            0.4,
            0.41000000000000003,
            0.42000000000000004,
            0.43,
            0.44,
            0.45,
            0.46,
            0.47000000000000003,
            0.48000000000000004,
            0.49,
            0.5,
            0.51,
            0.52,
            0.53,
            0.54,
            0.55,
            0.56,
            0.5700000000000001,
            0.5800000000000001,
            0.59,
            0.6,
            0.61,
            0.62,
            0.63,
            0.64,
            0.65,
            0.66,
            0.67,
            0.68,
            0.6900000000000001,
            0.7000000000000001,
            0.7100000000000001,
            0.72,
            0.73,
            0.74,
            0.75,
            0.76,
            0.77,
            0.78,
            0.79,
            0.8,
            0.81,
            0.8200000000000001,
            0.8300000000000001,
            0.8400000000000001,
            0.85,
            0.86,
            0.87,
            0.88,
            0.89,
            0.9,
            0.91,
            0.92,
            0.93,
            0.9400000000000001,
            0.9500000000000001,
            0.9600000000000001,
            0.97,
            0.98,
            0.99
        ],
        "net_benefit_model": [
            0.10977479070864285,
            0.10069086000158818,
            0.09141963175418187,
            0.08495460440985732,
            0.08068810157689944,
            0.07529596820928884,
            0.07187983766369609,
            0.06910844188800541,
            0.06319750288621884,
            0.058581928231733686,
            0.05294451973943077,
            0.04165192783869826,
            0.04029697213649983,
            0.04126323409646185,
            0.04669260700389105,
            0.044005929219937,
            0.04577844451736908,
            0.03895795767296194,
            0.03600422731421435,
            0.0311284046692607,
            0.029650790523567942,
            0.02978150254414846,
            0.030067209055535907,
            0.027339750153594102,
            0.027237354085603113,
            0.022189504679777056,
            0.021720590586855708,
            0.022049286640726327,
            0.022496848797062527,
            0.023068371317398553,
            0.02289516720239102,
            0.021858548867017623,
            0.01881642371798594,
            0.019808984789529534,
            0.01990422029332535,
            0.018968871595330734,
            0.01800382928787598,
            0.019392494037906365,
            0.023441985073674808,
            0.02399481193255512,
            0.023280353492053023,
            0.02059573326177378,
            0.018397160215714387,
            0.011117287381878822,
            0.010435090201627167,
            0.008358553105634818,
            0.008222597459804713,
            0.00808141275067345,
            0.0,
            0.0,
            0.0,
            0.0,
            0.0,
            0.0,
            0.0,
            0.0,
            0.0,
            0.0,
            0.0,
            0.0,
            0.0,
            0.0,
            0.0,
            0.0,
            0.0,
            0.0,
            0.0,
            0.0,
            0.0,
            0.0,
            0.0,
            0.0,
            0.0,
            0.0,
            0.0,
            0.0,
            0.0,
            0.0,
            0.0,
            0.0,
            0.0,
            0.0,
            0.0,
            0.0,
            0.0,
            0.0,
            0.0,
            0.0,
            0.0,
            0.0,
            0.0,
            0.0,
            0.0,
            0.0,
            0.0,
            0.0,
            0.0,
            0.0,
            0.0
        ],