{
    "Final_Model": {
        "AUC": 0.7890746571128722,
        "AUC_95CI_lower": 0.7237831917978673,
        "AUC_95CI_upper": 0.8503104618397532,
        "Brier": 0.08753367842155522,
        "Brier_95CI_lower": 0.06940691416044287,
        "Brier_95CI_upper": 0.10549715919876243,
        "Best_Method": "xgb_meta",
        "Optimal_Threshold": 0.17000000000000004
    },
    "LR_Baseline": {
        "AUC": 0.8106611659971772,
        "Brier": 0.17485229610278893,
        "F1_Score": 0.3861003861003861,
        "Sensitivity": 0.819672131147541,
        "Specificity": 0.673289183222958,
        "PPV": 0.25252525252525254,
        "NPV": 0.9651898734177216,
        "Net_Benefit": -0.12066993337212771,
        "Calibration_Slope": 0.8821582035792785,
        "Threshold": 0.43082252713201297
    },
    "TearSense_vs_LR": {
        "AUC_Improvement": -0.021586508884305022,
        "AUC_Improvement_Pct": -2.6628275523414167,
        "Brier_Improvement": 0.08731861768123371
    },
    "Individual_Assessment_Test": {
        "CatBoost": {
            "AUC": 0.7936887055332392,
            "Brier": 0.09086669022689133
        },
        "XGBoost": {
            "AUC": 0.7906850504831181,
            "Brier": 0.1118399348240076
        },
        "LightGBM": {
            "AUC": 0.7704918032786885,
            "Brier": 0.09829887192389189
        },
        "RandomForest": {
            "AUC": 0.7776571490609054,
            "Brier": 0.10269778419162004
        }
    },
    "Self_Assessment_CV": {
        "CatBoost": {
            "AUC": 0.7990352989606487,
            "Brier": 0.09535469088229284
        },
        "XGBoost": {
            "AUC": 0.7898819630391144,
            "Brier": 0.14344979542027753
        },
        "LightGBM": {
            "AUC": 0.7692869420675021,
            "Brier": 0.10814395747671765
        },
        "RandomForest": {
            "AUC": 0.7825900779864753,
            "Brier": 0.10834868192749551
        }
    },
    "Ensemble_Weights": {
        "CatBoost": 0.29295337200164795,
        "XGBoost": 0.20631736516952515,
        "LightGBM": 0.3573932945728302,
        "RandomForest": 0.1433359533548355
    }
}