{
    "tearsense": {
        "AUC": 0.7890746571128722,
        "Brier": 0.08753367842155522
    },
    "logistic_regression": {
        "AUC": 0.8106611659971772,
        "Brier": 0.17485229610278893
    },
    "improvement": {
        "AUC_delta": -0.021586508884305022,
        "AUC_pct": -2.6628275523414167,
        "Brier_delta": -0.08731861768123371
    }
}