{
    "best_method": "xgb_meta",
    "base_models": {
        "CatBoost": {
            "auc": {
                "per_fold": [
                    0.7243206674935168,
                    0.7562880886426594,
                    0.732941375996382,
                    0.7242919328396178,
                    0.8043416812708463
                ],
                "mean": 0.7484367492486045,
                "std": 0.030304023183595784,
                "min": 0.7242919328396178,
                "max": 0.8043416812708463
            },
            "brier": {
                "per_fold": [
                    0.09418123266290394,
                    0.09850990576242186,
                    0.10158293429788624,
                    0.09561183996588805,
                    0.09503047942382092
                ],
                "mean": 0.09698327842258421,
                "std": 0.002721512557948556,
                "min": 0.09418123266290394,
                "max": 0.10158293429788624
            },
            "f1": {
                "per_fold": [
                    0.23333333333333334,
                    0.2153846153846154,
                    0.16666666666666666,
                    0.14285714285714285,
                    0.1694915254237288
                ],
                "mean": 0.1855466567330974,
                "std": 0.03349771961856551,
                "min": 0.14285714285714285,
                "max": 0.23333333333333334
            }
        },
        "XGBoost": {
            "auc": {
                "per_fold": [
                    0.749802683504341,
                    0.7696952908587258,
                    0.7509751823166939,
                    0.7492792130702698,
                    0.8095426536265475
                ],
                "mean": 0.7658590046753156,
                "std": 0.02313958247069611,
                "min": 0.7492792130702698,
                "max": 0.8095426536265475
            },
            "brier": {
                "per_fold": [
                    0.11311735296298242,
                    0.10895515815761359,
                    0.12079710458582692,
                    0.11145300685387273,
                    0.10186781741989553
                ],
                "mean": 0.11123808799603822,
                "std": 0.006131335326217073,
                "min": 0.10186781741989553,
                "max": 0.12079710458582692
            },
            "f1": {
                "per_fold": [
                    0.3146067415730337,
                    0.3877551020408163,
                    0.3333333333333333,
                    0.3111111111111111,
                    0.28205128205128205
                ],
                "mean": 0.3257715140219153,
                "std": 0.035071882002264396,
                "min": 0.28205128205128205,
                "max": 0.3877551020408163
            }
        },
        "LightGBM": {
            "auc": {
                "per_fold": [
                    0.7556658022324952,
                    0.7709695290858726,
                    0.7671999547741535,
                    0.7645994685963028,
                    0.8369042908021934
                ],
                "mean": 0.7790678090982035,
                "std": 0.029354636851892917,
                "min": 0.7556658022324952,
                "max": 0.8369042908021934
            },
            "brier": {
                "per_fold": [
                    0.0997663949318632,
                    0.10611267073379635,
                    0.10721533059695967,
                    0.10623523891431921,
                    0.09090748323866844
                ],
                "mean": 0.10204742368312139,
                "std": 0.006165592544659377,
                "min": 0.09090748323866844,
                "max": 0.10721533059695967
            },
            "f1": {
                "per_fold": [
                    0.3764705882352941,
                    0.391304347826087,
                    0.3595505617977528,
                    0.2823529411764706,
                    0.34210526315789475
                ],
                "mean": 0.3503567404386998,
                "std": 0.03777769061255779,
                "min": 0.2823529411764706,
                "max": 0.391304347826087
            }
        },
        "RandomForest": {
            "auc": {
                "per_fold": [
                    0.750648325628594,
                    0.7914681440443213,
                    0.7844988410876816,
                    0.7656735824523715,
                    0.8254847645429362
                ],
                "mean": 0.7835547315511808,
                "std": 0.02539373210313563,
                "min": 0.750648325628594,
                "max": 0.8254847645429362
            },
            "brier": {
                "per_fold": [
                    0.09844094959158299,
                    0.09537882504673378,
                    0.09954624786114147,
                    0.0966833564785258,
                    0.09067185267511584
                ],
                "mean": 0.09614424633061999,
                "std": 0.003087784386798784,
                "min": 0.09067185267511584,
                "max": 0.09954624786114147
            },
            "f1": {
                "per_fold": [
                    0.2647058823529412,
                    0.3013698630136986,
                    0.20588235294117646,
                    0.28169014084507044,
                    0.21875
                ],
                "mean": 0.25447964783057736,
                "std": 0.03655676103590703,
                "min": 0.20588235294117646,
                "max": 0.3013698630136986
            }
        }
    },
    "ensemble": {
        "auc": {
            "per_fold": [
                0.7491543578757469,
                0.780387811634349,
                0.7758211317768107,
                0.758465713155068,
                0.8395613092882581
            ],
            "mean": 0.7806780647460465,
            "std": 0.0315532666790626,
            "min": 0.7491543578757469,
            "max": 0.8395613092882581
        },
        "brier": {
            "per_fold": [
                0.09508191929776547,
                0.09234752374181196,
                0.09372064228860814,
                0.09427278415367389,
                0.08854074821626504
            ],
            "mean": 0.09279272353962491,
            "std": 0.0023051909619593936,
            "min": 0.08854074821626504,
            "max": 0.09508191929776547
        },
        "f1": {
            "per_fold": [
                0.0,
                0.0,
                0.04,
                0.0,
                0.0784313725490196
            ],
            "mean": 0.02368627450980392,
            "std": 0.031452447278881725,
            "min": 0.0,
            "max": 0.0784313725490196
        }
    },
    "method_comparison": {
        "weighted_avg": {
            "auc": 0.7813273730743951,
            "brier": 0.09301943556404368,
            "score": 0.516153193593837,
            "calibration": null
        },
        "weighted_avg+isotonic": {
            "auc": 0.7707382347909858,
            "brier": 0.09315051143466116,
            "score": 0.5093027927684831,
            "calibration": "isotonic"
        },
        "weighted_avg+platt": {
            "auc": 0.7810190062033512,
            "brier": 0.09394528934883492,
            "score": 0.5124581965784364,
            "calibration": "platt"
        },
        "logistic": {
            "auc": 0.780746991060087,
            "brier": 0.18757219370208952,
            "score": 0.15734880028644682,
            "calibration": null
        },
        "logistic+isotonic": {
            "auc": 0.7638348684151293,