{
    "evaluation_type": "end_to_end_pipeline",
    "description": "Holdout test set (n=514) evaluated through the FULL production inference pipeline. fold_models predict \u2192 average \u2192 meta-features \u2192 meta-learner \u2192 calibrate \u2192 score. These are the metrics of the actual deployed model.",
    "pipeline": "fold_ensemble \u2192 weighted_avg \u2192 threshold",
    "best_method": "weighted_avg",
    "holdout_n": 514,
    "cross_check_vs_trainMeta": true,
    "final_model": {
        "AUC": 0.7711793869648609,
        "AUC_95CI": [
            0.7057495511103167,
            0.8316165869631792
        ],
        "Brier": 0.11118194261126367,
        "Brier_95CI": [
            0.0940004310478438,
            0.1287416162496119
        ],
        "optimal_threshold": 0.2641395591199401,
        "clinical_metrics": {
            "sensitivity": 0.639344262295082,
            "specificity": 0.7615894039735099,
            "ppv": 0.2653061224489796,
            "npv": 0.9400544959128065,
            "tp": 39,
            "tn": 345,
            "fp": 108,
            "fn": 22
        }
    },
    "decision_curve_analysis": {
        "thresholds": [
            0.01,
            0.02,
            0.03,
            0.04,
            0.05,
            0.060000000000000005,
            0.06999999999999999,
            0.08,
            0.09,
            0.09999999999999999,
            0.11,
            0.12,
            0.13,
            0.14,
            0.15000000000000002,
            0.16,
            0.17,
            0.18000000000000002,
            0.19,
            0.2,
            0.21000000000000002,
            0.22,
            0.23,
            0.24000000000000002,
            0.25,
            0.26,
            0.27,
            0.28,
            0.29000000000000004,
            0.3,
            0.31,
            0.32,
            0.33,
            0.34,
            0.35000000000000003,
            0.36000000000000004,
            0.37,
            0.38,
            0.39,
            0.4,
            0.41000000000000003,
            0.42000000000000004,
            0.43,
            0.44,
            0.45,
            0.46,
            0.47000000000000003,
            0.48000000000000004,
            0.49,
            0.5,
            0.51,
            0.52,
            0.53,
            0.54,
            0.55,
            0.56,
            0.5700000000000001,
            0.5800000000000001,
            0.59,
            0.6,
            0.61,
            0.62,
            0.63,
            0.64,
            0.65,
            0.66,
            0.67,
            0.68,
            0.6900000000000001,
            0.7000000000000001,
            0.7100000000000001,
            0.72,
            0.73,
            0.74,
            0.75,
            0.76,
            0.77,
            0.78,
            0.79,
            0.8,
            0.81,
            0.8200000000000001,
            0.8300000000000001,
            0.8400000000000001,
            0.85,
            0.86,
            0.87,
            0.88,
            0.89,
            0.9,
            0.91,
            0.92,
            0.93,
            0.9400000000000001,
            0.9500000000000001,
            0.9600000000000001,
            0.97,
            0.98,
            0.99
        ],
        "net_benefit_model": [
            0.11028573674488071,
            0.09898356229651392,
            0.0930041317341249,
            0.08625162127107652,
            0.07966414089698955,
            0.07500620912327179,
            0.0709175348311786,
            0.06394857046185079,
            0.05733954761192116,
            0.05339386078685689,
            0.04365408997507979,
            0.040944464096215064,
            0.03611521087705174,
            0.03158085241154645,
            0.025291828793774312,
            0.020844913841022786,
            0.01940837279077398,
            0.015137135807155727,
            0.014411298457991079,
            0.01361867704280155,
            0.010343299019849275,
            0.009278659084106564,
            0.004598514326140793,
            0.004095842719639559,
            0.0012970168612191912,
            0.0013671258807445436,
            -0.007462288790576213,
            -0.009835711197578922,
            -0.011371732339562693,
            -0.012784880489160655,
            -0.013195736761969223,
            -0.015335317006179905,
            -0.015331900807247834,
            -0.015976889517745577,
            -0.018557318168213127,
            -0.02200875486381325,
            -0.023438947563461196,
            -0.022404920296221917,
            -0.02356956050264719,
            -0.027885862516212716,
            -0.026215128932269342,
            -0.01999194955051658,
            -0.021878626527407997,
            -0.023763201778765973,
            -0.020870180403254328,
            -0.026444732670413605,
            -0.03200939725423977,
            -0.033672553127806044,
            -0.03719386587319753,
            -0.03696498054474708,
            -0.032518065591995556,
            -0.0359922178988327,
            -0.034978061097773,
            -0.036203688039248866,
            -0.027885862516212723,
            -0.02759108595684473,
            -0.024884625825717148,
            -0.02510654067074302,
            -0.028044035304166264,
            -0.03307392996108949,
            -0.03631647211413748,
            -0.03655539627278312,
            -0.04196024818592912,
            -0.04950281020319932,
            -0.0425236242356865,
            -0.03479056992446785,
            -0.0341351255748143,
            -0.0352626459143969,
            -0.03859671143466803,
            -0.02853437094682232,
            -0.02690191869046025,
            -0.020011117287381877,
            -0.01758178411874909,
            -0.02424423825202035,
            -0.029182879377431907,
            -0.02010376134889754,
            -0.01835560818812384,
            -0.01414927484966396,
            -0.018621456364647036,
            -0.025291828793774326,
            -0.023960679909891473,
            -0.026805015131863397,
            -0.029983978027008487,
            -0.03550583657587552,
            -0.028534370946822304,
            -0.03224013340744858,
            -0.03651601316970966,
            -0.027237354085603113,
            -0.031659002476123105,
            -0.04085603112840468,
            -0.02961521833117165,
            -0.03696498054474711,
            0.005836575875486381,
            0.005836575875486381,
            0.0038910505836575876,
            0.0019455252918287938,
            0.0,
            0.0,
            0.0
        ],