{
    "tearsense": {
        "AUC": 0.7711793869648609,
        "Brier": 0.11118194261126367
    },
    "logistic_regression": {
        "AUC": 0.8106611659971772,
        "Brier": 0.17485229610278893
    },
    "improvement": {
        "AUC_delta": -0.03948177903231631,
        "AUC_pct": -4.870318289362068,
        "Brier_delta": -0.06367035349152526
    }
}