{
    "best_method": "xgb_meta",
    "base_models": {
        "CatBoost": {
            "auc": {
                "per_fold": [
                    0.7691397000789265,
                    0.7804432132963989,
                    0.7877211826558879,
                    0.7779410933348408,
                    0.8362824354118379
                ],
                "mean": 0.7903055249555784,
                "std": 0.023743174275992047,
                "min": 0.7691397000789265,
                "max": 0.8362824354118379
            },
            "brier": {
                "per_fold": [
                    0.09265361540423432,
                    0.09272815981538032,
                    0.0931040475989455,
                    0.09120822193924148,
                    0.09047175673842857
                ],
                "mean": 0.09203316029924605,
                "std": 0.001013241614910382,
                "min": 0.09047175673842857,
                "max": 0.0931040475989455
            },
            "f1": {
                "per_fold": [
                    0.0,
                    0.14285714285714285,
                    0.0392156862745098,
                    0.11538461538461539,
                    0.04
                ],
                "mean": 0.0674914889032536,
                "std": 0.053073792799935626,
                "min": 0.0,
                "max": 0.14285714285714285
            }
        },
        "XGBoost": {
            "auc": {
                "per_fold": [
                    0.7542000225504566,
                    0.752409972299169,
                    0.7261574990106847,
                    0.7370117021878003,
                    0.8177398383175984
                ],
                "mean": 0.7575038068731417,
                "std": 0.03183632829563838,
                "min": 0.7261574990106847,
                "max": 0.8177398383175984
            },
            "brier": {
                "per_fold": [
                    0.10481483617138117,
                    0.11032684687488103,
                    0.11958826452194786,
                    0.11342280535109267,
                    0.10080267048442186
                ],
                "mean": 0.10979108468074492,
                "std": 0.0065576795894367506,
                "min": 0.10080267048442186,
                "max": 0.11958826452194786
            },
            "f1": {
                "per_fold": [
                    0.3373493975903614,
                    0.35051546391752575,
                    0.32608695652173914,
                    0.2988505747126437,
                    0.2191780821917808
                ],
                "mean": 0.3063960949868102,
                "std": 0.046810837029519374,
                "min": 0.2191780821917808,
                "max": 0.35051546391752575
            }
        },
        "LightGBM": {
            "auc": {
                "per_fold": [
                    0.7615852971022663,
                    0.7643213296398892,
                    0.7560065577477528,
                    0.7664085024591554,
                    0.8327774323025608
                ],
                "mean": 0.7762198238503248,
                "std": 0.028493314182193887,
                "min": 0.7560065577477528,
                "max": 0.8327774323025608
            },
            "brier": {
                "per_fold": [
                    0.09867522145033136,
                    0.10706320542148001,
                    0.10786407572952507,
                    0.1050779569589257,
                    0.09607417427057148
                ],
                "mean": 0.10295092676616673,
                "std": 0.004714774793127259,
                "min": 0.09607417427057148,
                "max": 0.10786407572952507
            },
            "f1": {
                "per_fold": [
                    0.3076923076923077,
                    0.3448275862068966,
                    0.3023255813953488,
                    0.3291139240506329,
                    0.208955223880597
                ],
                "mean": 0.2985829246451566,
                "std": 0.0473303786822966,
                "min": 0.208955223880597,
                "max": 0.3448275862068966
            }
        },
        "RandomForest": {
            "auc": {
                "per_fold": [
                    0.7580336001804037,
                    0.7997783933518006,
                    0.7706484255752162,
                    0.7627904347334501,
                    0.8168353213861722
                ],
                "mean": 0.7816172350454085,
                "std": 0.02280829805645713,
                "min": 0.7580336001804037,
                "max": 0.8168353213861722
            },
            "brier": {
                "per_fold": [
                    0.10912225514463093,
                    0.10341116244036516,
                    0.11068994133352551,
                    0.10771875276700953,
                    0.09820087271381142
                ],
                "mean": 0.10582859687986852,
                "std": 0.00451840036213219,
                "min": 0.09820087271381142,
                "max": 0.11068994133352551
            },
            "f1": {
                "per_fold": [
                    0.4175824175824176,
                    0.4,
                    0.37362637362637363,
                    0.32941176470588235,
                    0.32098765432098764
                ],
                "mean": 0.36832164204713225,
                "std": 0.037980962322788796,
                "min": 0.32098765432098764,
                "max": 0.4175824175824176
            }
        }
    },
    "ensemble": {
        "auc": {
            "per_fold": [
                0.7694779569286279,
                0.7901108033240998,
                0.7993103058397875,
                0.7855164226355362,
                0.8141783029001073
            ],
            "mean": 0.7917187583256318,
            "std": 0.014817357863216314,
            "min": 0.7694779569286279,
            "max": 0.8141783029001073
        },
        "brier": {
            "per_fold": [
                0.095897088868752,
                0.08936240341607099,
                0.09074994501343937,
                0.09102869854130871,
                0.08799096629489564
            ],
            "mean": 0.09100582042689336,
            "std": 0.002675095045576356,
            "min": 0.08799096629489564,
            "max": 0.095897088868752
        },
        "f1": {
            "per_fold": [
                0.19672131147540983,
                0.22580645161290322,
                0.037037037037037035,
                0.14814814814814814,
                0.10714285714285714
            ],
            "mean": 0.14297116108327107,
            "std": 0.06675817735688354,
            "min": 0.037037037037037035,
            "max": 0.22580645161290322
        }
    },
    "method_comparison": {
        "weighted_avg": {
            "auc": 0.7894664577875014,
            "brier": 0.09138030352936216,
            "score": 0.5272507093857877,
            "calibration": null
        },
        "weighted_avg+isotonic": {
            "auc": 0.779853064311374,
            "brier": 0.09163780845290392,
            "score": 0.5205064540025782,
            "calibration": "isotonic"
        },
        "weighted_avg+platt": {
            "auc": 0.7888722325761464,
            "brier": 0.09258059158928583,
            "score": 0.522343797704695,
            "calibration": "platt"
        },
        "logistic": {
            "auc": 0.791495849248011,
            "brier": 0.18618137345363897,
            "score": 0.16907081269664126,
            "calibration": null
        },
        "logistic+isotonic": {
            "auc": 0.7742777012487734,
            "brier": 0.09269377154052483,
            "score": 0.5131580057434801,
            "calibration": "isotonic"
        },
        "logistic+platt": {
            "auc": 0.7863265177502274,