{
    "evaluation_type": "end_to_end_pipeline",
    "description": "Holdout test set (n=514) evaluated through the FULL production inference pipeline. fold_models predict \u2192 average \u2192 meta-features \u2192 meta-learner \u2192 calibrate \u2192 score. These are the metrics of the actual deployed model.",
    "pipeline": "fold_ensemble \u2192 13 meta-features \u2192 xgb_meta \u2192 threshold",
    "best_method": "xgb_meta",
    "holdout_n": 514,
    "cross_check_vs_trainMeta": true,
    "final_model": {
        "AUC": 0.7848044005355915,
        "AUC_95CI": [
            0.7155860521604254,
            0.8480974670320401
        ],
        "Brier": 0.08768871033554576,
        "Brier_95CI": [
            0.0694831137373617,
            0.10584442738447662
        ],
        "optimal_threshold": 0.08313499391078949,
        "clinical_metrics": {
            "sensitivity": 0.819672131147541,
            "specificity": 0.6313465783664459,
            "ppv": 0.2304147465437788,
            "npv": 0.9629629629629629,
            "tp": 50,
            "tn": 286,
            "fp": 167,
            "fn": 11
        }
    },
    "decision_curve_analysis": {
        "thresholds": [
            0.01,
            0.02,
            0.03,
            0.04,
            0.05,
            0.060000000000000005,
            0.06999999999999999,
            0.08,
            0.09,
            0.09999999999999999,
            0.11,
            0.12,
            0.13,
            0.14,
            0.15000000000000002,
            0.16,
            0.17,
            0.18000000000000002,
            0.19,
            0.2,
            0.21000000000000002,
            0.22,
            0.23,
            0.24000000000000002,
            0.25,
            0.26,
            0.27,
            0.28,
            0.29000000000000004,
            0.3,
            0.31,
            0.32,
            0.33,
            0.34,
            0.35000000000000003,
            0.36000000000000004,
            0.37,
            0.38,
            0.39,
            0.4,
            0.41000000000000003,
            0.42000000000000004,
            0.43,
            0.44,
            0.45,
            0.46,
            0.47000000000000003,
            0.48000000000000004,
            0.49,
            0.5,
            0.51,
            0.52,
            0.53,
            0.54,
            0.55,
            0.56,
            0.5700000000000001,
            0.5800000000000001,
            0.59,
            0.6,
            0.61,
            0.62,
            0.63,
            0.64,
            0.65,
            0.66,
            0.67,
            0.68,
            0.6900000000000001,
            0.7000000000000001,
            0.7100000000000001,
            0.72,
            0.73,
            0.74,
            0.75,
            0.76,
            0.77,
            0.78,
            0.79,
            0.8,
            0.81,
            0.8200000000000001,
            0.8300000000000001,
            0.8400000000000001,
            0.85,
            0.86,
            0.87,
            0.88,
            0.89,
            0.9,
            0.91,
            0.92,
            0.93,
            0.9400000000000001,
            0.9500000000000001,
            0.9600000000000001,
            0.97,
            0.98,
            0.99
        ],
        "net_benefit_model": [
            0.10977479070864285,
            0.10069086000158818,
            0.09280356211641061,
            0.08390077821011672,
            0.08283841900471021,
            0.07355741369318651,
            0.07158696288858207,
            0.06783962104550838,
            0.06298370889810578,
            0.055123216601815815,
            0.052441743540418834,
            0.04589671029359745,
            0.045261415984614695,
            0.03958917745000452,
            0.038681620508125424,
            0.04020752269779507,
            0.04069195068210585,
            0.037249691563063486,
            0.03612432146803094,
            0.033073929961089495,
            0.028616460621583014,
            0.025641025641025644,
            0.02443276567790187,
            0.02477984845381937,
            0.024643320363164724,
            0.021400778210116732,
            0.020068226640370983,
            0.020968439256376994,
            0.022058420562284208,
            0.022512506948304613,
            0.01939886088084362,
            0.0217441062027924,
            0.0236366804111737,
            0.02375899068506072,
            0.02499251721041604,
            0.022495136186770424,
            0.021771354456179358,
            0.02102422492782729,
            0.02274032021432672,
            0.022049286640726327,
            0.02268680340302051,
            0.020059036629545147,
            0.015018089972011744,
            0.01264591439688716,
            0.009904492394764769,
            0.012826055627612049,
            0.012554144335951839,
            0.01032624962586052,
            0.00015259021896696454,
            0.0,
            0.0,
            0.0,
            0.0,
            0.0,
            0.0,
            0.0,
            0.0,
            0.0,
            0.0,
            0.0,
            0.0,
            0.0,
            0.0,
            0.0,
            0.0,
            0.0,
            0.0,
            0.0,
            0.0,
            0.0,
            0.0,
            0.0,
            0.0,
            0.0,
            0.0,
            0.0,
            0.0,
            0.0,
            0.0,
            0.0,
            0.0,
            0.0,
            0.0,
            0.0,
            0.0,
            0.0,
            0.0,
            0.0,
            0.0,
            0.0,
            0.0,
            0.0,
            0.0,
            0.0,
            0.0,
            0.0,
            0.0,
            0.0,
            0.0
        ],