{
    "Final_Model": {
        "AUC": 0.7848044005355915,
        "AUC_95CI_lower": 0.7155860521604254,
        "AUC_95CI_upper": 0.8480974670320401,
        "Brier": 0.08768871033554576,
        "Brier_95CI_lower": 0.0694831137373617,
        "Brier_95CI_upper": 0.10584442738447662,
        "Best_Method": "xgb_meta",
        "Optimal_Threshold": 0.17000000000000004
    },
    "Individual_Assessment_Test": {
        "CatBoost": {
            "AUC": 0.7890565628053414,
            "Brier": 0.08972093536576552
        },
        "XGBoost": {
            "AUC": 0.7776209604458438,
            "Brier": 0.0943705720032206
        },
        "LightGBM": {
            "AUC": 0.7654615857851121,
            "Brier": 0.09261846452896387
        },
        "RandomForest": {
            "AUC": 0.7770419426048565,
            "Brier": 0.1075411871975541
        }
    },
    "Self_Assessment_CV": {
        "CatBoost": {
            "AUC": 0.8018872720787554,
            "Brier": 0.09567046519845622
        },
        "XGBoost": {
            "AUC": 0.7674793224493544,
            "Brier": 0.11805174184410669
        },
        "LightGBM": {
            "AUC": 0.762159915844944,
            "Brier": 0.10522920514003853
        },
        "RandomForest": {
            "AUC": 0.7823255798700007,
            "Brier": 0.11320044996035653
        }
    },
    "Ensemble_Weights": {
        "CatBoost": 0.44024285674095154,
        "XGBoost": 0.04400341212749481,
        "LightGBM": 0.395562082529068,
        "RandomForest": 0.12019166350364685
    }
}