{
    "tearsense": {
        "AUC": 0.7804798610357181,
        "Brier": 0.08825208897898089
    }
}