{
    "CatBoost_Params": {
        "iterations": 655,
        "depth": 5,
        "learning_rate": 0.12742869337338456,
        "l2_leaf_reg": 7.8616129815860365,
        "random_strength": 7.199687367476021,
        "bagging_temperature": 0.6274436240118495,
        "border_count": 190,
        "loss_function": "Focal:focal_alpha=0.2433108629877953;focal_gamma=1.160560479434029",
        "eval_metric": "AUC",
        "random_state": 42,
        "verbose": false,
        "thread_count": -1
    },
    "XGBoost_Params": {
        "n_estimators": 1260,
        "max_depth": 10,
        "learning_rate": 0.14659514806136442,
        "subsample": 0.774691769783113,
        "colsample_bytree": 0.8912569119222278,
        "gamma": 1.739912698090095,
        "min_child_weight": 4,
        "reg_alpha": 0.48760971569137895,
        "reg_lambda": 0.45995918902178706,
        "max_delta_step": 1.7660883030056818,
        "scale_pos_weight": 7.848324138236189,
        "objective": "binary:logistic",
        "eval_metric": "auc",
        "random_state": 42,
        "n_jobs": -1,
        "use_label_encoder": false
    },
    "LightGBM_Params": {
        "boosting_type": "dart",
        "n_estimators": 1891,
        "num_leaves": 86,
        "learning_rate": 0.0873405153908647,
        "max_depth": 8,
        "min_child_samples": 12,
        "colsample_bytree": 0.6864345239584122,
        "reg_alpha": 0.07579521768663627,
        "reg_lambda": 4.964540015199623,
        "subsample": 0.8261223763970974,
        "subsample_freq": 4,
        "drop_rate": 0.24138267782109035,
        "skip_drop": 0.4352021584491108,
        "is_unbalance": true,
        "objective": "binary",
        "metric": "auc",
        "random_state": 42,
        "n_jobs": -1,
        "verbosity": -1
    },
    "RandomForest_Params": {
        "n_estimators": 264,
        "max_depth": 23,
        "min_samples_split": 19,
        "min_samples_leaf": 4,
        "max_features": 0.7,
        "class_weight": "balanced_subsample",
        "max_samples": 0.8543052925990566,
        "min_impurity_decrease": 0.0007082353450515609,
        "ccp_alpha": 0.0004653587511146266,
        "bootstrap": true,
        "random_state": 42,
        "n_jobs": -1
    },
    "Ensemble_Weights": {
        "Cat": 0.56,
        "XGB": 0.0,
        "LGBM": 0.16,
        "RF": 0.28
    }
}