{
    "evaluation_type": "end_to_end_pipeline",
    "description": "Holdout test set (n=514) evaluated through the FULL production inference pipeline. fold_models predict \u2192 average \u2192 meta-features \u2192 meta-learner \u2192 calibrate \u2192 score. These are the metrics of the actual deployed model.",
    "pipeline": "fold_ensemble \u2192 weighted_avg \u2192 threshold",
    "best_method": "weighted_avg",
    "holdout_n": 514,
    "cross_check_vs_trainMeta": true,
    "final_model": {
        "AUC": 0.7683928636051098,
        "AUC_95CI": [
            0.7010710114466547,
            0.8337174246380955
        ],
        "Brier": 0.08995497483739054,
        "Brier_95CI": [
            0.0702246518742972,
            0.1085378514604532
        ],
        "optimal_threshold": 0.08182405820116403,
        "clinical_metrics": {
            "sensitivity": 0.6721311475409836,
            "specificity": 0.7637969094922737,
            "ppv": 0.27702702702702703,
            "npv": 0.9453551912568307,
            "tp": 41,
            "tn": 346,
            "fp": 107,
            "fn": 20
        }
    },
    "decision_curve_analysis": {
        "thresholds": [
            0.01,
            0.02,
            0.03,
            0.04,
            0.05,
            0.060000000000000005,
            0.06999999999999999,
            0.08,
            0.09,
            0.09999999999999999,
            0.11,
            0.12,
            0.13,
            0.14,
            0.15000000000000002,
            0.16,
            0.17,
            0.18000000000000002,
            0.19,
            0.2,
            0.21000000000000002,
            0.22,
            0.23,
            0.24000000000000002,
            0.25,
            0.26,
            0.27,
            0.28,
            0.29000000000000004,
            0.3,
            0.31,
            0.32,
            0.33,
            0.34,
            0.35000000000000003,
            0.36000000000000004,
            0.37,
            0.38,
            0.39,
            0.4,
            0.41000000000000003,
            0.42000000000000004,
            0.43,
            0.44,
            0.45,
            0.46,
            0.47000000000000003,
            0.48000000000000004,
            0.49,
            0.5,
            0.51,
            0.52,
            0.53,
            0.54,
            0.55,
            0.56,
            0.5700000000000001,
            0.5800000000000001,
            0.59,
            0.6,
            0.61,
            0.62,
            0.63,
            0.64,
            0.65,
            0.66,
            0.67,
            0.68,
            0.6900000000000001,
            0.7000000000000001,
            0.7100000000000001,
            0.72,
            0.73,
            0.74,
            0.75,
            0.76,
            0.77,
            0.78,
            0.79,
            0.8,
            0.81,
            0.8200000000000001,
            0.8300000000000001,
            0.8400000000000001,
            0.85,
            0.86,
            0.87,
            0.88,
            0.89,
            0.9,
            0.91,
            0.92,
            0.93,
            0.9400000000000001,
            0.9500000000000001,
            0.9600000000000001,
            0.97,
            0.98,
            0.99
        ],
        "net_benefit_model": [
            0.1028377156781826,
            0.09151909791153816,
            0.08275502426892374,
            0.07109273670557717,
            0.06727421667007986,
            0.06602367745674309,
            0.06296807664951258,
            0.061157164608357295,
            0.05800230897507162,
            0.046908776480760916,
            0.045971232457482615,
            0.04333215422709587,
            0.038127823247909115,
            0.03755316260971858,
            0.03582055390249485,
            0.03288864183805818,
            0.03201912709202569,
            0.03169782670589351,
            0.03156074362300043,
            0.030642023346303504,
            0.029281386987144754,
            0.028484485682929266,
            0.026984688463287686,
            0.027032561949621135,
            0.027237354085603113,
            0.0230308129140814,
            0.02281328287404722,
            0.02075226977950713,
            0.020386912917191864,
            0.02056698165647582,
            0.018919528562566963,
            0.017395284962233918,
            0.014083280097566635,
            0.013677632354675149,
            0.013319365459443275,
            0.012159533073929956,
            0.013433388919770244,
            0.013430400401656835,
            0.013491101613829173,
            0.013618677042801553,
            0.015168502275275341,
            0.014088286596001608,
            0.013959997269438189,
            0.01292384658143413,
            0.016625397948355148,
            0.01570831531921026,
            0.012811100506570736,
            0.0118228075426519,
            0.01071946288242924,
            0.009727626459143969,
            0.006829190820296989,
            0.00794422827496757,
            0.009189502442255151,
            0.008627981728979866,
            0.007782101167315168,
            0.009373894587902366,
            0.01113021446022984,
            0.010376134889753561,
            0.012384929296763787,
            0.011673151750972766,
            0.010924872792577072,
            0.010137210731107925,
            0.007361447050163006,
            0.006485084306095977,
            0.009171762090050026,
            0.006408789196612495,
            0.009491805211649565,
            0.008754863813229569,
            0.007970377808459893,
            0.005188067444876779,
            0.0023480477660002587,
            0.0013896609227348547,
            0.00036028246144978113,
            -0.0007482789583956873,
            -0.0019455252918287938,
            -0.003242542153047992,
            -0.004652343089155814,
            -0.006190307746727984,
            -0.009820270520659632,
            -0.01167315175097277,
            -0.013721073110792556,
            -0.015996541288370095,
            -0.020485236896314964,
            -0.015077821011673171,
            -0.017509727626459144,
            -0.008337965536409114,
            -0.01242143070936845,
            -0.0006485084306095991,
            -0.002122391227449595,
            -0.003891050583657591,
            -0.0060527453523562535,
            -0.008754863813229586,
            -0.014174541411895517,
            -0.022697795071335958,
            0.007782101167315175,
            0.005836575875486381,
            0.0038910505836575876,
            0.0,
            0.0
        ],