{
    "Final_Model": {
        "AUC": 0.7683928636051098,
        "AUC_95CI_lower": 0.7010710114466547,
        "AUC_95CI_upper": 0.8337174246380955,
        "Brier": 0.08995497483739054,
        "Brier_95CI_lower": 0.0702246518742972,
        "Brier_95CI_upper": 0.1085378514604532,
        "Best_Method": "weighted_avg",
        "Optimal_Threshold": 0.25000000000000006
    },
    "LR_Baseline": {
        "AUC": 0.8106611659971772,
        "Brier": 0.17485229610287223,
        "F1_Score": 0.3861003861003861,
        "Sensitivity": 0.819672131147541,
        "Specificity": 0.673289183222958,
        "PPV": 0.25252525252525254,
        "NPV": 0.9651898734177216,
        "Net_Benefit": -0.12066993337262545,
        "Calibration_Slope": 0.8821582035785047,
        "Threshold": 0.43082252713257296
    },
    "TearSense_vs_LR": {
        "AUC_Improvement": -0.04226830239206736,
        "AUC_Improvement_Pct": -5.214052944064986,
        "Brier_Improvement": 0.08489732126548169
    },
    "Individual_Assessment_Test": {
        "CatBoost": {
            "AUC": 0.7726631201823905,
            "Brier": 0.08886636805127567
        },
        "XGBoost": {
            "AUC": 0.7683928636051098,
            "Brier": 0.08995497483739057
        },
        "LightGBM": {
            "AUC": 0.7732421380233778,
            "Brier": 0.08862325883738079
        },
        "RandomForest": {
            "AUC": 0.7718307820359714,
            "Brier": 0.08981170307258692
        }
    },
    "Self_Assessment_CV": {
        "CatBoost": {
            "AUC": 0.8025000273291545,
            "Brier": 0.09348480460544123
        },
        "XGBoost": {
            "AUC": 0.7702735001838081,
            "Brier": 0.10158847048878669
        },
        "LightGBM": {
            "AUC": 0.7632198510233128,
            "Brier": 0.1008517019700476
        },
        "RandomForest": {
            "AUC": 0.7763494639893882,
            "Brier": 0.09446229014271729
        }
    },
    "Ensemble_Weights": {
        "CatBoost": 4.999966711172858e-16,
        "XGBoost": 0.9999999999999964,
        "LightGBM": 2.3703261575747042e-15,
        "RandomForest": 7.226858001746556e-16
    }
}