{
    "tearsense": {
        "AUC": 0.7683928636051098,
        "Brier": 0.08995497483739054
    },
    "logistic_regression": {
        "AUC": 0.8106611659971772,
        "Brier": 0.17485229610287223
    },
    "improvement": {
        "AUC_delta": -0.04226830239206736,
        "AUC_pct": -5.214052944064986,
        "Brier_delta": -0.08489732126548169
    }
}