{
    "CatBoost_Params": {
        "iterations": 2048,
        "depth": 6,
        "learning_rate": 0.14926082893155965,
        "l2_leaf_reg": 1.3035629897352206,
        "random_strength": 3.848481986443973,
        "bagging_temperature": 0.8213920004552292,
        "border_count": 34,
        "loss_function": "Focal:focal_alpha=0.2483915910068605;focal_gamma=1.0471601146033085",
        "eval_metric": "AUC",
        "random_state": 42,
        "verbose": false,
        "thread_count": -1
    },
    "XGBoost_Params": {
        "n_estimators": 813,
        "max_depth": 8,
        "learning_rate": 0.09633630923868859,
        "subsample": 0.7395543160276054,
        "colsample_bytree": 0.9433766590651886,
        "gamma": 4.006511307521921,
        "min_child_weight": 2,
        "reg_alpha": 0.011130914092105336,
        "reg_lambda": 0.015988473354079942,
        "max_delta_step": 2.2982070633521126,
        "scale_pos_weight": 9.27262414334437,
        "objective": "binary:logistic",
        "eval_metric": "auc",
        "random_state": 42,
        "n_jobs": -1,
        "use_label_encoder": false
    },
    "LightGBM_Params": {
        "boosting_type": "dart",
        "n_estimators": 860,
        "num_leaves": 149,
        "learning_rate": 0.05033655408456745,
        "max_depth": 11,
        "min_child_samples": 45,
        "colsample_bytree": 0.7891448841385984,
        "reg_alpha": 0.003464278647549305,
        "reg_lambda": 2.6649576839742894,
        "subsample": 0.950579113345301,
        "subsample_freq": 5,
        "drop_rate": 0.0540151467532648,
        "skip_drop": 0.6085612514079812,
        "is_unbalance": true,
        "objective": "binary",
        "metric": "auc",
        "random_state": 42,
        "n_jobs": -1,
        "verbosity": -1
    },
    "RandomForest_Params": {
        "n_estimators": 396,
        "max_depth": 18,
        "min_samples_split": 8,
        "min_samples_leaf": 2,
        "max_features": 0.5,
        "class_weight": "balanced",
        "max_samples": 0.5437131782004972,
        "min_impurity_decrease": 0.0016585324107392624,
        "ccp_alpha": 0.0015851143301521778,
        "bootstrap": true,
        "random_state": 42,
        "n_jobs": -1
    },
    "Ensemble_Weights": {
        "Cat": 0.17821931838989258,
        "XGB": 0.10794911533594131,
        "LGBM": 0.40390366315841675,
        "RF": 0.30992788076400757
    }
}