{
    "CatBoost_Params": {
        "iterations": 500,
        "depth": 5,
        "learning_rate": 0.049699486566507356,
        "l2_leaf_reg": 2.014931961154786,
        "random_strength": 3.4273256582441816,
        "bagging_temperature": 0.5877407697385717,
        "border_count": 191,
        "loss_function": "Focal:focal_alpha=0.1518195988124653;focal_gamma=1.2701777885520127",
        "eval_metric": "AUC",
        "random_state": 42,
        "verbose": false,
        "thread_count": -1
    },
    "XGBoost_Params": {
        "n_estimators": 1486,
        "max_depth": 9,
        "learning_rate": 0.05431223659182016,
        "subsample": 0.9237559909922629,
        "colsample_bytree": 0.6854284743311505,
        "gamma": 0.44823702714861813,
        "min_child_weight": 2,
        "reg_alpha": 0.024761185976848156,
        "reg_lambda": 0.004843601140890217,
        "max_delta_step": 6.162611596867475,
        "scale_pos_weight": 24.386634231925083,
        "objective": "binary:logistic",
        "eval_metric": "auc",
        "random_state": 42,
        "n_jobs": -1,
        "use_label_encoder": false
    },
    "LightGBM_Params": {
        "boosting_type": "goss",
        "n_estimators": 1259,
        "num_leaves": 137,
        "learning_rate": 0.012445731870703578,
        "max_depth": 7,
        "min_child_samples": 12,
        "colsample_bytree": 0.7932727065851004,
        "reg_alpha": 0.0016949931506861089,
        "reg_lambda": 1.5350634850588414,
        "top_rate": 0.2431557188279392,
        "other_rate": 0.14826904592534482,
        "is_unbalance": true,
        "objective": "binary",
        "metric": "auc",
        "random_state": 42,
        "n_jobs": -1,
        "verbosity": -1
    },
    "RandomForest_Params": {
        "n_estimators": 550,
        "max_depth": 14,
        "min_samples_split": 11,
        "min_samples_leaf": 3,
        "max_features": 0.5,
        "class_weight": "balanced",
        "max_samples": 0.8119381408242843,
        "min_impurity_decrease": 0.0012388770659665991,
        "ccp_alpha": 0.0015063727968557198,
        "bootstrap": true,
        "random_state": 42,
        "n_jobs": -1
    },
    "Ensemble_Weights": {
        "Cat": 0.658195972442627,
        "XGB": 0.11355876922607422,
        "LGBM": 0.0,
        "RF": 0.22824521362781525
    }
}