{
    "best_method": "xgb_meta",
    "base_models": {
        "CatBoost": {
            "auc": {
                "per_fold": [
                    0.7580336001804037,
                    0.7760664819944598,
                    0.760020351630957,
                    0.738820736050653,
                    0.8291028322686415
                ],
                "mean": 0.7724088004250229,
                "std": 0.030711138028935173,
                "min": 0.738820736050653,
                "max": 0.8291028322686415
            },
            "brier": {
                "per_fold": [
                    0.09189515040944587,
                    0.09489053668150037,
                    0.09644528685666887,
                    0.0950275569406632,
                    0.09008118091588521
                ],
                "mean": 0.09366794236083271,
                "std": 0.00232656743263683,
                "min": 0.09008118091588521,
                "max": 0.09644528685666887
            },
            "f1": {
                "per_fold": [
                    0.21052631578947367,
                    0.24242424242424243,
                    0.2153846153846154,
                    0.1694915254237288,
                    0.19672131147540983
                ],
                "mean": 0.206909602099494,
                "std": 0.02387513297742554,
                "min": 0.1694915254237288,
                "max": 0.24242424242424243
            }
        },
        "XGBoost": {
            "auc": {
                "per_fold": [
                    0.7682940579546735,
                    0.7732963988919668,
                    0.7590593023913166,
                    0.7452654191870655,
                    0.846175589349313
                ],
                "mean": 0.7784181535548671,
                "std": 0.03519564945393615,
                "min": 0.7452654191870655,
                "max": 0.846175589349313
            },
            "brier": {
                "per_fold": [
                    0.10078491973417067,
                    0.10451330281844787,
                    0.11032162175979926,
                    0.11100139171046683,
                    0.09521505501386913
                ],
                "mean": 0.10436725820735075,
                "std": 0.0059343655753842164,
                "min": 0.09521505501386913,
                "max": 0.11100139171046683
            },
            "f1": {
                "per_fold": [
                    0.32098765432098764,
                    0.3333333333333333,
                    0.275,
                    0.225,
                    0.2535211267605634
                ],
                "mean": 0.28156842288297684,
                "std": 0.04065283071942751,
                "min": 0.225,
                "max": 0.3333333333333333
            }
        },
        "LightGBM": {
            "auc": {
                "per_fold": [
                    0.7703235990528807,
                    0.7547368421052632,
                    0.7562326869806094,
                    0.7655039855277291,
                    0.8260500876250778
                ],
                "mean": 0.774569440258312,
                "std": 0.026381945192054848,
                "min": 0.7547368421052632,
                "max": 0.8260500876250778
            },
            "brier": {
                "per_fold": [
                    0.1012733672996208,
                    0.1083322311354219,
                    0.1101332655951269,
                    0.10625408716557284,
                    0.09623341869435093
                ],
                "mean": 0.10444527397801866,
                "std": 0.005064169209329767,
                "min": 0.09623341869435093,
                "max": 0.1101332655951269
            },
            "f1": {
                "per_fold": [
                    0.39080459770114945,
                    0.3516483516483517,
                    0.32558139534883723,
                    0.33707865168539325,
                    0.3076923076923077
                ],
                "mean": 0.3425610608152078,
                "std": 0.02808634365492824,
                "min": 0.3076923076923077,
                "max": 0.39080459770114945
            }
        },
        "RandomForest": {
            "auc": {
                "per_fold": [
                    0.7577517194723192,
                    0.7985595567867037,
                    0.7675391486234384,
                    0.765843179377014,
                    0.8235626660636552
                ],
                "mean": 0.782651254064626,
                "std": 0.024729301064668103,
                "min": 0.7577517194723192,
                "max": 0.8235626660636552
            },
            "brier": {
                "per_fold": [
                    0.11337489548016731,
                    0.10710023105380345,
                    0.11486412269373926,
                    0.11040786987434904,
                    0.09960340762553421
                ],
                "mean": 0.10907010534551867,
                "std": 0.005429369015201778,
                "min": 0.09960340762553421,
                "max": 0.11486412269373926
            },
            "f1": {
                "per_fold": [
                    0.3917525773195876,
                    0.375,
                    0.36,
                    0.3076923076923077,
                    0.36363636363636365
                ],
                "mean": 0.3596162497296517,
                "std": 0.028219878313481467,
                "min": 0.3076923076923077,
                "max": 0.3917525773195876
            }
        }
    },
    "ensemble": {
        "auc": {
            "per_fold": [
                0.7712819934603674,
                0.7817174515235457,
                0.769319916332184,
                0.7668607609248685,
                0.8355757815591611
            ],
            "mean": 0.7849511807600253,
            "std": 0.025813770006355853,
            "min": 0.7668607609248685,
            "max": 0.8355757815591611
        },
        "brier": {
            "per_fold": [
                0.09199674538489767,
                0.09192611779885052,
                0.09393895650338288,
                0.09318602218779262,
                0.08975748635427205
            ],
            "mean": 0.09216106564583915,
            "std": 0.0014192129413193395,
            "min": 0.08975748635427205,
            "max": 0.09393895650338288
        },
        "f1": {
            "per_fold": [
                0.11538461538461539,
                0.2033898305084746,
                0.14035087719298245,
                0.10909090909090909,
                0.10526315789473684
            ],
            "mean": 0.13469587801434368,
            "std": 0.03645726933422146,
            "min": 0.10526315789473684,
            "max": 0.2033898305084746
        }
    },
    "method_comparison": {
        "weighted_avg": {
            "auc": 0.7828084343966363,
            "brier": 0.09315084400581254,
            "score": 0.5165436517312203,
            "calibration": null
        },
        "weighted_avg+isotonic": {
            "auc": 0.7716858439348514,
            "brier": 0.09316473835724148,
            "score": 0.509817422989502,
            "calibration": "isotonic"
        },
        "weighted_avg+platt": {
            "auc": 0.7822659788059675,
            "brier": 0.09368250242851271,
            "score": 0.5142026238592693,
            "calibration": "platt"
        },
        "logistic": {
            "auc": 0.7861134200516037,
            "brier": 0.18805857102053297,
            "score": 0.15872476701854438,
            "calibration": null
        },