{
    "evaluation_type": "end_to_end_pipeline",
    "description": "Holdout test set (n=514) evaluated through the FULL production inference pipeline. fold_models predict \u2192 average \u2192 meta-features \u2192 meta-learner \u2192 calibrate \u2192 score. These are the metrics of the actual deployed model.",
    "pipeline": "fold_ensemble \u2192 13 meta-features \u2192 logistic \u2192 platt \u2192 threshold",
    "best_method": "logistic+platt",
    "holdout_n": 514,
    "cross_check_vs_trainMeta": true,
    "final_model": {
        "AUC": 0.7908659935584265,
        "AUC_95CI": [
            0.7279948241641951,
            0.8502219672693564
        ],
        "Brier": 0.08907377129172046,
        "Brier_95CI": [
            0.07136089103013243,
            0.10686057310820317
        ],
        "optimal_threshold": 0.12242495674562687,
        "clinical_metrics": {
            "sensitivity": 0.7213114754098361,
            "specificity": 0.7306843267108167,
            "ppv": 0.26506024096385544,
            "npv": 0.9511494252873564,
            "tp": 44,
            "tn": 331,
            "fp": 122,
            "fn": 17
        }
    },
    "decision_curve_analysis": {
        "thresholds": [
            0.01,
            0.02,
            0.03,
            0.04,
            0.05,
            0.06,
            0.07,
            0.08,
            0.09,
            0.1,
            0.11,
            0.12,
            0.13,
            0.14,
            0.15,
            0.16,
            0.17,
            0.18,
            0.19,
            0.2,
            0.21,
            0.22,
            0.23,
            0.24,
            0.25,
            0.26,
            0.27,
            0.28,
            0.29,
            0.3,
            0.31,
            0.32,
            0.33,
            0.34,
            0.35000000000000003,
            0.36,
            0.37,
            0.38,
            0.39,
            0.4,
            0.41000000000000003,
            0.42,
            0.43,
            0.44,
            0.45,
            0.46,
            0.47000000000000003,
            0.48,
            0.49,
            0.5,
            0.51,
            0.52,
            0.53,
            0.54,
            0.55,
            0.56,
            0.5700000000000001,
            0.58,
            0.59,
            0.6,
            0.61,
            0.62,
            0.63,
            0.64,
            0.65,
            0.66,
            0.67,
            0.68,
            0.6900000000000001,
            0.7000000000000001,
            0.71,
            0.72,
            0.73,
            0.74,
            0.75,
            0.76,
            0.77,
            0.78,
            0.79,
            0.8,
            0.81,
            0.8200000000000001,
            0.8300000000000001,
            0.84,
            0.85,
            0.86,
            0.87,
            0.88,
            0.89,
            0.9,
            0.91,
            0.92,
            0.93,
            0.9400000000000001,
            0.9500000000000001,
            0.96,
            0.97,
            0.98,
            0.99
        ],
        "net_benefit_model": [
            0.10977479070864285,
            0.10069086000158818,
            0.09147980263949616,
            0.08479247730220492,
            0.08079049764489044,
            0.07450947926152827,
            0.07162880214216977,
            0.06673997631534427,
            0.0614657715825031,
            0.054258538694336354,
            0.05169850915927075,
            0.051910152104704635,
            0.048280334540900756,
            0.04361596235634784,
            0.040627145799954224,
            0.03631647211413748,
            0.03422249308518118,
            0.03155547119673532,
            0.030888216361627516,
            0.02772373540856031,
            0.027212727183174905,
            0.02818517409957099,
            0.02872808125726414,
            0.024984640589801353,
            0.021400778210116735,
            0.02061205174045641,
            0.024172485475187886,
            0.02399481193255512,
            0.027620978791034142,
            0.025013896609227346,
            0.025122652681441378,
            0.02529182879377432,
            0.025466054939311224,
            0.025940337224383915,
            0.023495959293624663,
            0.020184824902723737,
            0.018899388549194,
            0.015438684573867201,
            0.00934490017222683,
            0.010376134889753566,
            0.004319725647958847,
            0.0035556151885146924,
            0.002423373609120077,
            0.0019455252918287938,
            0.0,
            0.0,
            0.0,
            0.0,
            0.0,
            0.0,
            0.0,
            0.0,
            0.0,
            0.0,
            0.0,
            0.0,
            0.0,
            0.0,
            0.0,
            0.0,
            0.0,
            0.0,
            0.0,
            0.0,
            0.0,
            0.0,
            0.0,
            0.0,
            0.0,
            0.0,
            0.0,
            0.0,
            0.0,
            0.0,
            0.0,
            0.0,
            0.0,
            0.0,
            0.0,
            0.0,
            0.0,
            0.0,
            0.0,
            0.0,
            0.0,
            0.0,
            0.0,
            0.0,
            0.0,
            0.0,
            0.0,
            0.0,
            0.0,
            0.0,
            0.0,
            0.0,
            0.0,
            0.0,
            0.0
        ],