{
    "Final_Model": {
        "AUC": 0.7908659935584265,
        "AUC_95CI_lower": 0.7279948241641951,
        "AUC_95CI_upper": 0.8502219672693564,
        "Brier": 0.08907377129172046,
        "Brier_95CI_lower": 0.07136089103013243,
        "Brier_95CI_upper": 0.10686057310820317,
        "Best_Method": "logistic+platt",
        "Optimal_Threshold": 0.23000000000000004
    },
    "LR_Baseline": {
        "AUC": 0.8106611659971772,
        "Brier": 0.17485229610278588,
        "F1_Score": 0.3861003861003861,
        "Sensitivity": 0.819672131147541,
        "Specificity": 0.673289183222958,
        "PPV": 0.25252525252525254,
        "NPV": 0.9651898734177216,
        "Net_Benefit": -0.12066993337211158,
        "Calibration_Slope": 0.8821582035793077,
        "Threshold": 0.4308225271319948
    },
    "TearSense_vs_LR": {
        "AUC_Improvement": -0.01979517243875073,
        "AUC_Improvement_Pct": -2.4418552743181063,
        "Brier_Improvement": 0.08577852481106542
    },
    "Individual_Assessment_Test": {
        "CatBoost": {
            "AUC": 0.7910107480186733,
            "Brier": 0.10557799949370798
        },
        "XGBoost": {
            "AUC": 0.7818550284080629,
            "Brier": 0.1008813198814896
        },
        "LightGBM": {
            "AUC": 0.7841349111569499,
            "Brier": 0.13476182381493323
        },
        "RandomForest": {
            "AUC": 0.782325480403865,
            "Brier": 0.12020031039364262
        }
    },
    "Self_Assessment_CV": {
        "CatBoost": {
            "AUC": 0.7970855954406719,
            "Brier": 0.11193200239479296
        },
        "XGBoost": {
            "AUC": 0.7837965588958216,
            "Brier": 0.20723982199778868
        },
        "LightGBM": {
            "AUC": 0.7736136995921454,
            "Brier": 0.1494503655019993
        },
        "RandomForest": {
            "AUC": 0.7821219242092753,
            "Brier": 0.12457279642238703
        }
    },
    "Ensemble_Weights": {
        "CatBoost": 0.5290194106602888,
        "XGBoost": 0.061782483002741376,
        "LightGBM": 0.18068380149669286,
        "RandomForest": 0.22851430484027713
    }
}