{
    "tearsense": {
        "model_serial": "05022026_102151_85882",
        "holdout_n": 514,
        "inference_verified": true,
        "stored_AUC": 0.7626388738102993,
        "stored_Brier": 0.08998956732672424,
        "stored_threshold": 0.18000000000000005,
        "AUC": 0.7626388738102993,
        "Brier_Score": 0.089989572763443,
        "Calibration_Slope": 1.2416233318785077,
        "Calibration_Intercept": 0.361189737443992,
        "Net_Benefit": 0.04181229648814544,
        "Optimal_Threshold_Used": 0.14560793340206146,
        "Youden_J_Threshold": 0.14560793340206146,
        "F1_Score": 0.3915343915343915,
        "Sensitivity_Recall": 0.6065573770491803,
        "Specificity": 0.7991169977924945,
        "PPV_Precision": 0.2890625,
        "NPV": 0.9378238341968912,
        "Confusion_Matrix": {
            "TP": 37,
            "TN": 362,
            "FP": 91,
            "FN": 24
        },
        "AUC_95CI": [
            0.6911964549034223,
            0.8280809731090026
        ],
        "AUC_Text": "0.7626 (0.6912-0.8281)",
        "Brier_Score_95CI": [
            0.07203124109655619,
            0.10787843521684408
        ],
        "Brier_Score_Text": "0.0900 (0.0720-0.1079)",
        "F1_Score_95CI": [
            0.2953914141414142,
            0.48077830188679244
        ],
        "F1_Score_Text": "0.3915 (0.2954-0.4808)",
        "Sensitivity_Recall_95CI": [
            0.47368421052631576,
            0.72731124807396
        ],
        "Sensitivity_Recall_Text": "0.6066 (0.4737-0.7273)",
        "Specificity_95CI": [
            0.7613858372402211,
            0.8363228699551569
        ],
        "Specificity_Text": "0.7991 (0.7614-0.8363)",
        "PPV_Precision_95CI": [
            0.2079851851851852,
            0.3697478991596639
        ],
        "PPV_Precision_Text": "0.2891 (0.2080-0.3697)",
        "NPV_95CI": [
            0.9141910375266903,
            0.961340206185567
        ],
        "NPV_Text": "0.9378 (0.9142-0.9613)",
        "Net_Benefit_95CI": [
            0.017557903973181483,
            0.06715845318849638
        ],
        "Net_Benefit_Text": "0.0418 (0.0176-0.0672)",
        "Calibration_Slope_95CI": [
            0.902018675350632,
            1.6298486306803903
        ],
        "Calibration_Slope_Text": "1.2416 (0.9020-1.6298)"
    },
    "logistic_regression": "Not available (no training data)",
    "lr_formula": null
}