{
    "CatBoost_Params": {
        "iterations": 891,
        "depth": 6,
        "learning_rate": 0.07121502819302317,
        "l2_leaf_reg": 0.6671085768503315,
        "random_strength": 6.22860133089008,
        "bagging_temperature": 0.4198368202258914,
        "border_count": 232,
        "loss_function": "Focal:focal_alpha=0.14442501030706245;focal_gamma=1.291255328376708",
        "eval_metric": "AUC",
        "random_state": 42,
        "verbose": false,
        "thread_count": -1
    },
    "XGBoost_Params": {
        "n_estimators": 609,
        "max_depth": 10,
        "learning_rate": 0.13439730361454758,
        "subsample": 0.9197020948632035,
        "colsample_bytree": 0.5274650876714442,
        "gamma": 0.21752284435020852,
        "min_child_weight": 1,
        "reg_alpha": 0.20968092032674568,
        "reg_lambda": 0.009207338713625222,
        "max_delta_step": 2.4751053635034586,
        "scale_pos_weight": 8.316400138330449,
        "objective": "binary:logistic",
        "eval_metric": "auc",
        "random_state": 42,
        "n_jobs": -1,
        "use_label_encoder": false
    },
    "LightGBM_Params": {
        "boosting_type": "dart",
        "n_estimators": 1241,
        "num_leaves": 70,
        "learning_rate": 0.0711673177847593,
        "max_depth": 7,
        "min_child_samples": 22,
        "colsample_bytree": 0.9949462665267949,
        "reg_alpha": 0.0017449384421133883,
        "reg_lambda": 0.6857709305002406,
        "subsample": 0.9131590592066933,
        "subsample_freq": 9,
        "drop_rate": 0.09549381306334331,
        "skip_drop": 0.6900914826393137,
        "is_unbalance": true,
        "objective": "binary",
        "metric": "auc",
        "random_state": 42,
        "n_jobs": -1,
        "verbosity": -1
    },
    "RandomForest_Params": {
        "n_estimators": 443,
        "max_depth": 12,
        "min_samples_split": 5,
        "min_samples_leaf": 3,
        "max_features": 0.5,
        "class_weight": "balanced",
        "max_samples": 0.5745906932853728,
        "min_impurity_decrease": 0.0005859045779979086,
        "ccp_alpha": 0.0028453539052539483,
        "bootstrap": true,
        "random_state": 42,
        "n_jobs": -1
    },
    "Ensemble_Weights": {
        "Cat": 1.2111408743169826e-14,
        "XGB": 0.10948655946008021,
        "LGBM": 0.8905134405398947,
        "RF": 1.296379913944848e-14
    }
}