{
    "CatBoost_Params": {
        "iterations": 1490,
        "depth": 6,
        "learning_rate": 0.09872213743440368,
        "l2_leaf_reg": 0.7499873427478714,
        "random_strength": 5.1554972750328565,
        "bagging_temperature": 0.3710557499089933,
        "border_count": 232,
        "loss_function": "Focal:focal_alpha=0.20060580226951213;focal_gamma=1.0831614920827162",
        "eval_metric": "AUC",
        "random_state": 42,
        "verbose": false,
        "thread_count": -1
    },
    "XGBoost_Params": {
        "n_estimators": 867,
        "max_depth": 10,
        "learning_rate": 0.0918385719998907,
        "subsample": 0.6865669205168966,
        "colsample_bytree": 0.8278472510026496,
        "gamma": 0.7120161660679707,
        "min_child_weight": 1,
        "reg_alpha": 0.9430993648262446,
        "reg_lambda": 0.0012005832927491462,
        "max_delta_step": 6.985700886945073,
        "scale_pos_weight": 7.848389078346139,
        "objective": "binary:logistic",
        "eval_metric": "auc",
        "random_state": 42,
        "n_jobs": -1,
        "use_label_encoder": false
    },
    "LightGBM_Params": {
        "boosting_type": "goss",
        "n_estimators": 1563,
        "num_leaves": 139,
        "learning_rate": 0.005429331701233048,
        "max_depth": 12,
        "min_child_samples": 13,
        "colsample_bytree": 0.5272378332616902,
        "reg_alpha": 0.029377677116120823,
        "reg_lambda": 0.14821126456819333,
        "top_rate": 0.2966852324173368,
        "other_rate": 0.18294710002453946,
        "is_unbalance": true,
        "objective": "binary",
        "metric": "auc",
        "random_state": 42,
        "n_jobs": -1,
        "verbosity": -1
    },
    "RandomForest_Params": {
        "n_estimators": 997,
        "max_depth": 25,
        "min_samples_split": 5,
        "min_samples_leaf": 2,
        "max_features": "sqrt",
        "class_weight": "balanced_subsample",
        "max_samples": 0.6636426336925549,
        "min_impurity_decrease": 8.102523377781349e-05,
        "ccp_alpha": 0.00019125191252756428,
        "bootstrap": true,
        "random_state": 42,
        "n_jobs": -1
    },
    "Ensemble_Weights": {
        "Cat": 0.16445483267307281,
        "XGB": 0.17893579602241516,
        "LGBM": 0.3450258672237396,
        "RF": 0.3115834891796112
    }
}