{
    "CatBoost_Params": {
        "iterations": 2398,
        "depth": 6,
        "learning_rate": 0.14484922046369483,
        "l2_leaf_reg": 0.5199634339568051,
        "random_strength": 7.6348942698197355,
        "bagging_temperature": 0.2796383513584008,
        "border_count": 95,
        "loss_function": "Focal:focal_alpha=0.22886150065274574;focal_gamma=1.073742963146655",
        "eval_metric": "AUC",
        "random_state": 42,
        "verbose": false,
        "thread_count": -1
    },
    "XGBoost_Params": {
        "n_estimators": 1372,
        "max_depth": 8,
        "learning_rate": 0.11656413986703934,
        "subsample": 0.7474510243394025,
        "colsample_bytree": 0.7148314766027505,
        "gamma": 1.807656002695262,
        "min_child_weight": 13,
        "reg_alpha": 1.4436598404200094,
        "reg_lambda": 0.005005294049843382,
        "max_delta_step": 3.2868766788507315,
        "scale_pos_weight": 7.353880772085194,
        "objective": "binary:logistic",
        "eval_metric": "auc",
        "random_state": 42,
        "n_jobs": -1,
        "use_label_encoder": false
    },
    "LightGBM_Params": {
        "boosting_type": "dart",
        "n_estimators": 1690,
        "num_leaves": 53,
        "learning_rate": 0.04450407400967409,
        "max_depth": 10,
        "min_child_samples": 18,
        "colsample_bytree": 0.638498006178067,
        "reg_alpha": 0.008089021422290465,
        "reg_lambda": 5.697687389326466,
        "subsample": 0.98154997426727,
        "subsample_freq": 8,
        "drop_rate": 0.08700181358966268,
        "skip_drop": 0.5344723761713279,
        "scale_pos_weight": 8.497652017314277,
        "objective": "binary",
        "metric": "auc",
        "random_state": 42,
        "n_jobs": -1,
        "verbosity": -1
    },
    "RandomForest_Params": {
        "n_estimators": 288,
        "max_depth": 23,
        "min_samples_split": 6,
        "min_samples_leaf": 2,
        "max_features": "sqrt",
        "class_weight": "balanced",
        "max_samples": 0.767053093179412,
        "min_impurity_decrease": 0.0008987734573455359,
        "ccp_alpha": 9.475455785038292e-06,
        "bootstrap": true,
        "random_state": 42,
        "n_jobs": -1
    },
    "Ensemble_Weights": {
        "Cat": 0.13856741786003113,
        "XGB": 0.0,
        "LGBM": 0.4722341001033783,
        "RF": 0.3891984224319458
    }
}