{
    "evaluation_type": "end_to_end_pipeline",
    "description": "Holdout test set (n=514) evaluated through the FULL production inference pipeline. fold_models predict \u2192 average \u2192 meta-features \u2192 meta-learner \u2192 calibrate \u2192 score. These are the metrics of the actual deployed model.",
    "pipeline": "fold_ensemble \u2192 13 meta-features \u2192 xgb_meta \u2192 threshold",
    "best_method": "xgb_meta",
    "holdout_n": 514,
    "cross_check_vs_trainMeta": true,
    "final_model": {
        "AUC": 0.780136069192632,
        "AUC_95CI": [
            0.7118998864121898,
            0.8432333695171353
        ],
        "Brier": 0.08874916827880222,
        "Brier_95CI": [
            0.07052536799099977,
            0.10639883846597509
        ],
        "optimal_threshold": 0.15283381938934326,
        "clinical_metrics": {
            "sensitivity": 0.5901639344262295,
            "specificity": 0.8300220750551877,
            "ppv": 0.3185840707964602,
            "npv": 0.9376558603491272,
            "tp": 36,
            "tn": 376,
            "fp": 77,
            "fn": 25
        }
    },
    "decision_curve_analysis": {
        "thresholds": [
            0.01,
            0.02,
            0.03,
            0.04,
            0.05,
            0.06,
            0.07,
            0.08,
            0.09,
            0.1,
            0.11,
            0.12,
            0.13,
            0.14,
            0.15,
            0.16,
            0.17,
            0.18,
            0.19,
            0.2,
            0.21,
            0.22,
            0.23,
            0.24,
            0.25,
            0.26,
            0.27,
            0.28,
            0.29,
            0.3,
            0.31,
            0.32,
            0.33,
            0.34,
            0.35000000000000003,
            0.36,
            0.37,
            0.38,
            0.39,
            0.4,
            0.41000000000000003,
            0.42,
            0.43,
            0.44,
            0.45,
            0.46,
            0.47000000000000003,
            0.48,
            0.49,
            0.5,
            0.51,
            0.52,
            0.53,
            0.54,
            0.55,
            0.56,
            0.5700000000000001,
            0.58,
            0.59,
            0.6,
            0.61,
            0.62,
            0.63,
            0.64,
            0.65,
            0.66,
            0.67,
            0.68,
            0.6900000000000001,
            0.7000000000000001,
            0.71,
            0.72,
            0.73,
            0.74,
            0.75,
            0.76,
            0.77,
            0.78,
            0.79,
            0.8,
            0.81,
            0.8200000000000001,
            0.8300000000000001,
            0.84,
            0.85,
            0.86,
            0.87,
            0.88,
            0.89,
            0.9,
            0.91,
            0.92,
            0.93,
            0.9400000000000001,
            0.9500000000000001,
            0.96,
            0.97,
            0.98,
            0.99
        ],
        "net_benefit_model": [
            0.10977479070864285,
            0.10069086000158818,
            0.09141963175418187,
            0.08544098573281453,
            0.07976653696498054,
            0.0762894279327759,
            0.06631521693652984,
            0.06267974961935374,
            0.060140248856202165,
            0.0527453523562473,
            0.04444104402570717,
            0.04324372125928546,
            0.04195178675253813,
            0.042530087774861995,
            0.04188601510643168,
            0.0414118954974986,
            0.040645070554591906,
            0.0385783429818734,
            0.031776913099870296,
            0.030642023346303504,
            0.02679406984189529,
            0.025890451960490873,
            0.026757289403203804,
            0.026008601269711246,
            0.02269779507133593,
            0.023346303501945526,
            0.02273332977986248,
            0.02215737137916126,
            0.021263769386748507,
            0.02084491384102279,
            0.020470309592285567,
            0.023804074158846417,
            0.02465299959347232,
            0.02375899068506072,
            0.02499251721041604,
            0.020549610894941634,
            0.020165524056574638,
            0.01964352955943266,
            0.02171971678254768,
            0.017509727626459144,
            0.01599287739893161,
            0.01328324164765866,
            0.011161171411017818,
            0.008615897720956087,
            0.00654403961796958,
            0.006124801844646203,
            -0.0017252771455840248,
            0.0,
            0.0,
            0.0,
            0.0,
            0.0,
            0.0,
            0.0,
            0.0,
            0.0,
            0.0,
            0.0,
            0.0,
            0.0,
            0.0,
            0.0,
            0.0,
            0.0,
            0.0,
            0.0,
            0.0,
            0.0,
            0.0,
            0.0,
            0.0,
            0.0,
            0.0,
            0.0,
            0.0,
            0.0,
            0.0,
            0.0,
            0.0,
            0.0,
            0.0,
            0.0,
            0.0,
            0.0,
            0.0,
            0.0,
            0.0,
            0.0,
            0.0,
            0.0,
            0.0,
            0.0,
            0.0,
            0.0,
            0.0,
            0.0,
            0.0,
            0.0,
            0.0
        ],