{
    "Final_Model": {
        "AUC": 0.7754134549270799,
        "AUC_95CI_lower": 0.708512651596501,
        "AUC_95CI_upper": 0.8376472762315867,
        "Brier": 0.10654991549129134,
        "Brier_95CI_lower": 0.09003756580915336,
        "Brier_95CI_upper": 0.1225550509433078,
        "Best_Method": "weighted_avg",
        "Optimal_Threshold": 0.34
    },
    "LR_Baseline": {
        "AUC": 0.8106611659971772,
        "Brier": 0.17485229610278893,
        "F1_Score": 0.3861003861003861,
        "Sensitivity": 0.819672131147541,
        "Specificity": 0.673289183222958,
        "PPV": 0.25252525252525254,
        "NPV": 0.9651898734177216,
        "Net_Benefit": -0.12066993337212771,
        "Calibration_Slope": 0.8821582035792785,
        "Threshold": 0.43082252713201297
    },
    "TearSense_vs_LR": {
        "AUC_Improvement": -0.035247711070097276,
        "AUC_Improvement_Pct": -4.348020177670631,
        "Brier_Improvement": 0.0683023806114976
    },
    "Individual_Assessment_Test": {
        "CatBoost": {
            "AUC": 0.7879347157384288,
            "Brier": 0.08924063293760422
        },
        "XGBoost": {
            "AUC": 0.7754134549270799,
            "Brier": 0.10654991549129209
        },
        "LightGBM": {
            "AUC": 0.7642673614880758,
            "Brier": 0.097525191796148
        },
        "RandomForest": {
            "AUC": 0.7771866970651033,
            "Brier": 0.09664517628853334
        }
    },
    "Self_Assessment_CV": {
        "CatBoost": {
            "AUC": 0.8007601446602424,
            "Brier": 0.09417664311999266
        },
        "XGBoost": {
            "AUC": 0.779691844574257,
            "Brier": 0.11862438656412495
        },
        "LightGBM": {
            "AUC": 0.763477369742222,
            "Brier": 0.1103427493041906
        },
        "RandomForest": {
            "AUC": 0.7801201939339272,
            "Brier": 0.10252061104365455
        }
    },
    "Ensemble_Weights": {
        "CatBoost": 3.509221666683759e-15,
        "XGBoost": 0.9999999999999656,
        "LightGBM": 1.84519066692701e-14,
        "RandomForest": 1.263049689456425e-14
    }
}