{
    "tearsense": {
        "AUC": 0.7754134549270799,
        "Brier": 0.10654991549129134
    },
    "logistic_regression": {
        "AUC": 0.8106611659971772,
        "Brier": 0.17485229610278893
    },
    "improvement": {
        "AUC_delta": -0.035247711070097276,
        "AUC_pct": -4.348020177670631,
        "Brier_delta": -0.0683023806114976
    }
}