{
    "Final_Model": {
        "AUC": 0.7789961278181885,
        "AUC_95CI_lower": 0.7136554129198781,
        "AUC_95CI_upper": 0.840651440493757,
        "Brier": 0.09089499245409047,
        "Brier_95CI_lower": 0.07157576428985037,
        "Brier_95CI_upper": 0.10959572436505607,
        "Best_Method": "weighted_avg",
        "Optimal_Threshold": 0.42000000000000004
    },
    "Individual_Assessment_Test": {
        "CatBoost": {
            "AUC": 0.7643035501031376,
            "Brier": 0.08916487736938991
        },
        "XGBoost": {
            "AUC": 0.7789961278181885,
            "Brier": 0.09089499245409047
        },
        "LightGBM": {
            "AUC": 0.7591647667643759,
            "Brier": 0.09310441204697767
        },
        "RandomForest": {
            "AUC": 0.7772590742952268,
            "Brier": 0.10158318231518422
        }
    },
    "Self_Assessment_CV": {
        "CatBoost": {
            "AUC": 0.7989439315065796,
            "Brier": 0.0941080200582007
        },
        "XGBoost": {
            "AUC": 0.7795709047886612,
            "Brier": 0.10688183371089106
        },
        "LightGBM": {
            "AUC": 0.7625641031086836,
            "Brier": 0.10545359139371288
        },
        "RandomForest": {
            "AUC": 0.7822512689316861,
            "Brier": 0.10682389067195389
        }
    },
    "Ensemble_Weights": {
        "CatBoost": 5.143721775934346e-16,
        "XGBoost": 0.9999999999999947,
        "LightGBM": 4.342012860369944e-15,
        "RandomForest": 4.847970314673555e-16
    }
}