{
    "tearsense": {
        "model_serial": "03022026_164932_80499",
        "holdout_n": 514,
        "inference_verified": true,
        "stored_AUC": 0.7755220207722651,
        "stored_Brier": 0.08792979815064493,
        "stored_threshold": 0.17000000000000004,
        "AUC": 0.7755220207722651,
        "Brier_Score": 0.08792979270219803,
        "Calibration_Slope": 1.0800425734466694,
        "Calibration_Intercept": 0.1535245552280926,
        "Net_Benefit": 0.03880981786028774,
        "Optimal_Threshold_Used": 0.17775385081768036,
        "Youden_J_Threshold": 0.17775385081768036,
        "F1_Score": 0.425,
        "Sensitivity_Recall": 0.5573770491803278,
        "Specificity": 0.8565121412803532,
        "PPV_Precision": 0.3434343434343434,
        "NPV": 0.9349397590361446,
        "Confusion_Matrix": {
            "TP": 34,
            "TN": 388,
            "FP": 65,
            "FN": 27
        },
        "AUC_95CI": [
            0.7055104622381503,
            0.8387727972702018
        ],
        "AUC_Text": "0.7755 (0.7055-0.8388)",
        "Brier_Score_95CI": [
            0.06960350684821606,
            0.10519498102366924
        ],
        "Brier_Score_Text": "0.0879 (0.0696-0.1052)",
        "F1_Score_95CI": [
            0.32335329341317365,
            0.51615097651964
        ],
        "F1_Score_Text": "0.4250 (0.3234-0.5162)",
        "Sensitivity_Recall_95CI": [
            0.43333333333333335,
            0.6901600512163892
        ],
        "Sensitivity_Recall_Text": "0.5574 (0.4333-0.6902)",
        "Specificity_95CI": [
            0.8251079373178558,
            0.8896308019955071
        ],
        "Specificity_Text": "0.8565 (0.8251-0.8896)",
        "PPV_Precision_95CI": [
            0.25,
            0.43690837378640773
        ],
        "PPV_Precision_Text": "0.3434 (0.2500-0.4369)",
        "NPV_95CI": [
            0.9117592860239919,
            0.9573658106469746
        ],
        "NPV_Text": "0.9349 (0.9118-0.9574)",
        "Net_Benefit_95CI": [
            0.016247777922878882,
            0.06206349735308468
        ],
        "Net_Benefit_Text": "0.0388 (0.0162-0.0621)",
        "Calibration_Slope_95CI": [
            0.782247191100112,
            1.4551314891643428
        ],
        "Calibration_Slope_Text": "1.0800 (0.7822-1.4551)"
    },
    "logistic_regression": "Not available (no training data)",
    "lr_formula": null
}