{
    "evaluation_type": "end_to_end_pipeline",
    "description": "Holdout test set (n=514) evaluated through the FULL production inference pipeline. fold_models predict \u2192 average \u2192 meta-features \u2192 meta-learner \u2192 calibrate \u2192 score. These are the metrics of the actual deployed model.",
    "pipeline": "fold_ensemble \u2192 13 meta-features \u2192 xgb_meta \u2192 threshold",
    "best_method": "xgb_meta",
    "holdout_n": 514,
    "cross_check_vs_trainMeta": true,
    "final_model": {
        "AUC": 0.7767886222994245,
        "AUC_95CI": [
            0.7141248873648377,
            0.8397219189431322
        ],
        "Brier": 0.0895256915767723,
        "Brier_95CI": [
            0.07172098715002699,
            0.10729640356643838
        ],
        "optimal_threshold": 0.14459609985351562,
        "clinical_metrics": {
            "sensitivity": 0.6885245901639344,
            "specificity": 0.7483443708609272,
            "ppv": 0.2692307692307692,
            "npv": 0.946927374301676,
            "tp": 42,
            "tn": 339,
            "fp": 114,
            "fn": 19
        }
    },
    "decision_curve_analysis": {
        "thresholds": [
            0.01,
            0.02,
            0.03,
            0.04,
            0.05,
            0.060000000000000005,
            0.06999999999999999,
            0.08,
            0.09,
            0.09999999999999999,
            0.11,
            0.12,
            0.13,
            0.14,
            0.15000000000000002,
            0.16,
            0.17,
            0.18000000000000002,
            0.19,
            0.2,
            0.21000000000000002,
            0.22,
            0.23,
            0.24000000000000002,
            0.25,
            0.26,
            0.27,
            0.28,
            0.29000000000000004,
            0.3,
            0.31,
            0.32,
            0.33,
            0.34,
            0.35000000000000003,
            0.36000000000000004,
            0.37,
            0.38,
            0.39,
            0.4,
            0.41000000000000003,
            0.42000000000000004,
            0.43,
            0.44,
            0.45,
            0.46,
            0.47000000000000003,
            0.48000000000000004,
            0.49,
            0.5,
            0.51,
            0.52,
            0.53,
            0.54,
            0.55,
            0.56,
            0.5700000000000001,
            0.5800000000000001,
            0.59,
            0.6,
            0.61,
            0.62,
            0.63,
            0.64,
            0.65,
            0.66,
            0.67,
            0.68,
            0.6900000000000001,
            0.7000000000000001,
            0.7100000000000001,
            0.72,
            0.73,
            0.74,
            0.75,
            0.76,
            0.77,
            0.78,
            0.79,
            0.8,
            0.81,
            0.8200000000000001,
            0.8300000000000001,
            0.8400000000000001,
            0.85,
            0.86,
            0.87,
            0.88,
            0.89,
            0.9,
            0.91,
            0.92,
            0.93,
            0.9400000000000001,
            0.9500000000000001,
            0.9600000000000001,
            0.97,
            0.98,
            0.99
        ],
        "net_benefit_model": [
            0.11008921903863537,
            0.09961883586119272,
            0.0939066950138393,
            0.08730544747081712,
            0.0800737251689535,
            0.06941799817865717,
            0.06608510104179742,
            0.06377939434951785,
            0.06167956557061616,
            0.056636402939904885,
            0.054190530319590785,
            0.04412805093738945,
            0.043539514289547825,
            0.04275631164600488,
            0.039482719157701976,
            0.03557531962201223,
            0.03391777225634053,
            0.035114358925690425,
            0.0336023442378825,
            0.034046692607003895,
            0.0317194503275378,
            0.029731617280255414,
            0.030244074991156708,
            0.027749334425558058,
            0.025291828793774323,
            0.02413502997160585,
            0.022946538031021802,
            0.022481625594466058,
            0.022058420562284208,
            0.0216787103946637,
            0.022218462753059266,
            0.01705195696955825,
            0.014925373134328353,
            0.007133592736705573,
            0.005537264292128103,
            0.00522859922178988,
            0.006083626706194799,
            0.006024852516631103,
            0.005613318874784716,
            0.007782101167315174,
            0.007452351117852668,
            0.007111230377029383,
            0.008225817461942796,
            0.009449694274597,
            0.012380615493455961,
            0.010304078397463612,
            0.010168122751633507,
            0.00808141275067345,
            0.007934691386282139,
            0.007782101167315175,
            0.005757166679901532,
            0.003728923476005188,
            0.0016971603609570326,
            0.0016071730671629162,
            -0.0004323389537397326,
            -0.0005305978068623988,
            -0.002578952131028867,
            -0.0026866777839540494,
            0.0,
            0.0,
            0.0,
            0.0,
            0.0,
            0.0,
            0.0,
            0.0,
            0.0,
            0.0,
            0.0,
            0.0,
            0.0,
            0.0,
            0.0,
            0.0,
            0.0,
            0.0,
            0.0,
            0.0,
            0.0,
            0.0,
            0.0,
            0.0,
            0.0,
            0.0,
            0.0,
            0.0,
            0.0,
            0.0,
            0.0,
            0.0,
            0.0,
            0.0,
            0.0,
            0.0,
            0.0,
            0.0,
            0.0,
            0.0,
            0.0
        ],