{
    "Final_Model": {
        "AUC": 0.7767886222994245,
        "AUC_95CI_lower": 0.7141248873648377,
        "AUC_95CI_upper": 0.8397219189431322,
        "Brier": 0.0895256915767723,
        "Brier_95CI_lower": 0.07172098715002699,
        "Brier_95CI_upper": 0.10729640356643838,
        "Best_Method": "xgb_meta",
        "Optimal_Threshold": 0.2
    },
    "LR_Baseline": {
        "AUC": 0.8106611659971772,
        "Brier": 0.17485229610291242,
        "F1_Score": 0.3861003861003861,
        "Sensitivity": 0.819672131147541,
        "Specificity": 0.673289183222958,
        "PPV": 0.25252525252525254,
        "NPV": 0.9651898734177216,
        "Net_Benefit": -0.12066993337287217,
        "Calibration_Slope": 0.8821582035781299,
        "Threshold": 0.4308225271328506
    },
    "TearSense_vs_LR": {
        "AUC_Improvement": -0.03387254369775272,
        "AUC_Improvement_Pct": -4.178384893531543,
        "Brier_Improvement": 0.08532660452614012
    },
    "Individual_Assessment_Test": {
        "CatBoost": {
            "AUC": 0.7614808381283248,
            "Brier": 0.08868521986101871
        },
        "XGBoost": {
            "AUC": 0.7765714906090544,
            "Brier": 0.09119941330987852
        },
        "LightGBM": {
            "AUC": 0.7708898780443673,
            "Brier": 0.09512487880046482
        },
        "RandomForest": {
            "AUC": 0.7760648499981906,
            "Brier": 0.09719448923663944
        }
    },
    "Self_Assessment_CV": {
        "CatBoost": {
            "AUC": 0.802401825774922,
            "Brier": 0.09446236877668106
        },
        "XGBoost": {
            "AUC": 0.779912071709203,
            "Brier": 0.1264938724933301
        },
        "LightGBM": {
            "AUC": 0.7764354352003882,
            "Brier": 0.10370673604036482
        },
        "RandomForest": {
            "AUC": 0.7828786228854652,
            "Brier": 0.10248341006006319
        }
    },
    "Ensemble_Weights": {
        "CatBoost": 0.1543654352426529,
        "XGBoost": 0.13334378600120544,
        "LightGBM": 0.3457430601119995,
        "RandomForest": 0.36654767394065857
    }
}