{
    "tearsense": {
        "AUC": 0.7767886222994245,
        "Brier": 0.0895256915767723
    },
    "logistic_regression": {
        "AUC": 0.8106611659971772,
        "Brier": 0.17485229610291242
    },
    "improvement": {
        "AUC_delta": -0.03387254369775272,
        "AUC_pct": -4.178384893531543,
        "Brier_delta": -0.08532660452614012
    }
}