{
    "Final_Model": {
        "AUC": 0.7827416494770745,
        "AUC_95CI_lower": 0.7119033502729155,
        "AUC_95CI_upper": 0.8456977181910602,
        "Brier": 0.08740124779432579,
        "Brier_95CI_lower": 0.06951373034822443,
        "Brier_95CI_upper": 0.10508451422776656,
        "Best_Method": "xgb_meta",
        "Optimal_Threshold": 0.16000000000000003
    },
    "LR_Baseline": {
        "AUC": 0.8106611659971772,
        "Brier": 0.17485229610278588,
        "F1_Score": 0.3861003861003861,
        "Sensitivity": 0.819672131147541,
        "Specificity": 0.673289183222958,
        "PPV": 0.25252525252525254,
        "NPV": 0.9651898734177216,
        "Net_Benefit": -0.12066993337211158,
        "Calibration_Slope": 0.8821582035793077,
        "Threshold": 0.4308225271319948
    },
    "TearSense_vs_LR": {
        "AUC_Improvement": -0.027919516520102716,
        "AUC_Improvement_Pct": -3.4440426766662133,
        "Brier_Improvement": 0.0874510483084601
    },
    "Individual_Assessment_Test": {
        "CatBoost": {
            "AUC": 0.7923497267759562,
            "Brier": 0.08896333870219068
        },
        "XGBoost": {
            "AUC": 0.7681757319147396,
            "Brier": 0.10163346908880073
        },
        "LightGBM": {
            "AUC": 0.7758115296927586,
            "Brier": 0.09875375134481754
        },
        "RandomForest": {
            "AUC": 0.7762457930734991,
            "Brier": 0.10823862909781438
        }
    },
    "Self_Assessment_CV": {
        "CatBoost": {
            "AUC": 0.8002445412746756,
            "Brier": 0.09499702592186329
        },
        "XGBoost": {
            "AUC": 0.7898909676051133,
            "Brier": 0.14427687851770482
        },
        "LightGBM": {
            "AUC": 0.7728377625824209,
            "Brier": 0.10793647184539068
        },
        "RandomForest": {
            "AUC": 0.7835572583267248,
            "Brier": 0.11367499308914746
        }
    },
    "Ensemble_Weights": {
        "CatBoost": 0.48110225796699524,
        "XGBoost": 0.13389278948307037,
        "LightGBM": 0.12457815557718277,
        "RandomForest": 0.260426789522171
    }
}