{
    "tearsense": {
        "AUC": 0.7827416494770745,
        "Brier": 0.08740124779432579
    },
    "logistic_regression": {
        "AUC": 0.8106611659971772,
        "Brier": 0.17485229610278588
    },
    "improvement": {
        "AUC_delta": -0.027919516520102716,
        "AUC_pct": -3.4440426766662133,
        "Brier_delta": -0.0874510483084601
    }
}