{
    "best_method": "xgb_meta",
    "base_models": {
        "CatBoost": {
            "auc": {
                "per_fold": [
                    0.7522832337354831,
                    0.7609972299168976,
                    0.7561196223641812,
                    0.7441913053309966,
                    0.8216405675843744
                ],
                "mean": 0.7670463917863867,
                "std": 0.027845346084795674,
                "min": 0.7441913053309966,
                "max": 0.8216405675843744
            },
            "brier": {
                "per_fold": [
                    0.09306108572437646,
                    0.09621995242972921,
                    0.09735922446781292,
                    0.0968574023044322,
                    0.09232127947157964
                ],
                "mean": 0.09516378887958608,
                "std": 0.0020642173138047484,
                "min": 0.09232127947157964,
                "max": 0.09735922446781292
            },
            "f1": {
                "per_fold": [
                    0.14545454545454545,
                    0.26865671641791045,
                    0.07272727272727272,
                    0.10526315789473684,
                    0.14035087719298245
                ],
                "mean": 0.14649051393748957,
                "std": 0.06648918714896714,
                "min": 0.07272727272727272,
                "max": 0.26865671641791045
            }
        },
        "XGBoost": {
            "auc": {
                "per_fold": [
                    0.7601195174202278,
                    0.7436011080332411,
                    0.7429475945502855,
                    0.7463960653513483,
                    0.8331166261518458
                ],
                "mean": 0.7652361823013897,
                "std": 0.034507223898943985,
                "min": 0.7429475945502855,
                "max": 0.8331166261518458
            },
            "brier": {
                "per_fold": [
                    0.10251418716232033,
                    0.10818479257221314,
                    0.10852545973994243,
                    0.10715045304194547,
                    0.09631402119770961
                ],
                "mean": 0.10453778274282619,
                "std": 0.004642272883949329,
                "min": 0.09631402119770961,
                "max": 0.10852545973994243
            },
            "f1": {
                "per_fold": [
                    0.27848101265822783,
                    0.32558139534883723,
                    0.32558139534883723,
                    0.3076923076923077,
                    0.28169014084507044
                ],
                "mean": 0.30380525037865613,
                "std": 0.02046414073391578,
                "min": 0.27848101265822783,
                "max": 0.32558139534883723
            }
        },
        "LightGBM": {
            "auc": {
                "per_fold": [
                    0.7584282331717216,
                    0.772409972299169,
                    0.7821244841426875,
                    0.7665215670755837,
                    0.8424444570071795
                ],
                "mean": 0.7843857427392684,
                "std": 0.0300408646533677,
                "min": 0.7584282331717216,
                "max": 0.8424444570071795
            },
            "brier": {
                "per_fold": [
                    0.11137609926517093,
                    0.11172478273463966,
                    0.11157171095726054,
                    0.10805741916131517,
                    0.09304363150486043
                ],
                "mean": 0.10715472872464935,
                "std": 0.007185443753987605,
                "min": 0.09304363150486043,
                "max": 0.11172478273463966
            },
            "f1": {
                "per_fold": [
                    0.36538461538461536,
                    0.36363636363636365,
                    0.42,
                    0.375,
                    0.4835164835164835
                ],
                "mean": 0.40150749250749246,
                "std": 0.045845783344416996,
                "min": 0.36363636363636365,
                "max": 0.4835164835164835
            }
        },
        "RandomForest": {
            "auc": {
                "per_fold": [
                    0.7472093809899649,
                    0.7980609418282548,
                    0.7726270563627113,
                    0.7517101023234779,
                    0.8179659675504551
                ],
                "mean": 0.7775146898109728,
                "std": 0.027079999193409903,
                "min": 0.7472093809899649,
                "max": 0.8179659675504551
            },
            "brier": {
                "per_fold": [
                    0.09900766114453584,
                    0.09244039029034283,
                    0.0983008620535484,
                    0.0964440268654039,
                    0.0904131752625035
                ],
                "mean": 0.0953212231232669,
                "std": 0.0033501311406469057,
                "min": 0.0904131752625035,
                "max": 0.09900766114453584
            },
            "f1": {
                "per_fold": [
                    0.27692307692307694,
                    0.29411764705882354,
                    0.208955223880597,
                    0.2898550724637681,
                    0.21875
                ],
                "mean": 0.2577202040652531,
                "std": 0.03639470853503626,
                "min": 0.208955223880597,
                "max": 0.29411764705882354
            }
        }
    },
    "ensemble": {
        "auc": {
            "per_fold": [
                0.7650242417408952,
                0.7841274238227145,
                0.7793826671943016,
                0.7586918423879246,
                0.83481259539827
            ],
            "mean": 0.7844077541088212,
            "std": 0.026844018985005928,
            "min": 0.7586918423879246,
            "max": 0.83481259539827
        },
        "brier": {
            "per_fold": [
                0.09347228765313786,
                0.09212617059210768,
                0.09183031494610397,
                0.09345848614155641,
                0.0877830502476289
            ],
            "mean": 0.09173406191610696,
            "std": 0.002086555759438121,
            "min": 0.0877830502476289,
            "max": 0.09347228765313786
        },
        "f1": {
            "per_fold": [
                0.0,
                0.10909090909090909,
                0.07272727272727272,
                0.07692307692307693,
                0.07692307692307693
            ],
            "mean": 0.06713286713286713,
            "std": 0.03602858011040501,
            "min": 0.0,
            "max": 0.10909090909090909
        }
    },
    "method_comparison": {
        "weighted_avg": {
            "auc": 0.7821624395645951,
            "brier": 0.09224979152449951,
            "score": 0.5195720082368832,
            "calibration": null
        },
        "weighted_avg+isotonic": {
            "auc": 0.7661431182418135,
            "brier": 0.09350312409663565,
            "score": 0.5052089434079714,
            "calibration": "isotonic"
        },
        "weighted_avg+platt": {
            "auc": 0.7817662894236914,
            "brier": 0.09354494090473459,
            "score": 0.5144243156530357,
            "calibration": "platt"
        },
        "logistic": {
            "auc": 0.7848371179267072,
            "brier": 0.1877281169505391,
            "score": 0.15921176039210383,
            "calibration": null
        },
        "logistic+isotonic": {
            "auc": 0.7695554115009589,
            "brier": 0.09278448985515345,
            "score": 0.5099807123760418,
            "calibration": "isotonic"
        },
        "logistic+platt": {
            "auc": 0.7783607487237663,