{
    "evaluation_type": "end_to_end_pipeline",
    "description": "Holdout test set (n=514) evaluated through the FULL production inference pipeline. fold_models predict \u2192 average \u2192 meta-features \u2192 meta-learner \u2192 calibrate \u2192 score. These are the metrics of the actual deployed model.",
    "pipeline": "fold_ensemble \u2192 weighted_avg \u2192 threshold",
    "best_method": "weighted_avg",
    "holdout_n": 514,
    "cross_check_vs_trainMeta": true,
    "final_model": {
        "AUC": 0.7760648499981906,
        "AUC_95CI": [
            0.7104963390700483,
            0.8375219657795914
        ],
        "Brier": 0.1044495460724572,
        "Brier_95CI": [
            0.0863197216657023,
            0.12215702308097456
        ],
        "optimal_threshold": 0.4462490305304507,
        "clinical_metrics": {
            "sensitivity": 0.5081967213114754,
            "specificity": 0.8962472406181016,
            "ppv": 0.3974358974358974,
            "npv": 0.9311926605504587,
            "tp": 31,
            "tn": 406,
            "fp": 47,
            "fn": 30
        }
    },
    "decision_curve_analysis": {
        "thresholds": [
            0.01,
            0.02,
            0.03,
            0.04,
            0.05,
            0.06,
            0.07,
            0.08,
            0.09,
            0.1,
            0.11,
            0.12,
            0.13,
            0.14,
            0.15,
            0.16,
            0.17,
            0.18,
            0.19,
            0.2,
            0.21,
            0.22,
            0.23,
            0.24,
            0.25,
            0.26,
            0.27,
            0.28,
            0.29,
            0.3,
            0.31,
            0.32,
            0.33,
            0.34,
            0.35000000000000003,
            0.36,
            0.37,
            0.38,
            0.39,
            0.4,
            0.41000000000000003,
            0.42,
            0.43,
            0.44,
            0.45,
            0.46,
            0.47000000000000003,
            0.48,
            0.49,
            0.5,
            0.51,
            0.52,
            0.53,
            0.54,
            0.55,
            0.56,
            0.5700000000000001,
            0.58,
            0.59,
            0.6,
            0.61,
            0.62,
            0.63,
            0.64,
            0.65,
            0.66,
            0.67,
            0.68,
            0.6900000000000001,
            0.7000000000000001,
            0.71,
            0.72,
            0.73,
            0.74,
            0.75,
            0.76,
            0.77,
            0.78,
            0.79,
            0.8,
            0.81,
            0.8200000000000001,
            0.8300000000000001,
            0.84,
            0.85,
            0.86,
            0.87,
            0.88,
            0.89,
            0.9,
            0.91,
            0.92,
            0.93,
            0.9400000000000001,
            0.9500000000000001,
            0.96,
            0.97,
            0.98,
            0.99
        ],
        "net_benefit_model": [
            0.1105215579923751,
            0.10212022552211546,
            0.09274339123109632,
            0.08641374837872892,
            0.08273602293671922,
            0.07194304164252008,
            0.06602234216141584,
            0.060142107934359666,
            0.058237482361995975,
            0.055555555555555546,
            0.045993092292222267,
            0.04474708171206225,
            0.037546401896328095,
            0.03139987331463215,
            0.031128404669260694,
            0.02834908282379099,
            0.02477614739112089,
            0.021448230046502814,
            0.017918047749435555,
            0.016536964980544744,
            0.014332857213219717,
            0.009178888556320472,
            0.009424427712365457,
            0.00624616014745033,
            0.0038910505836576015,
            0.004522031759385842,
            0.0057033207185118034,
            0.002161694768698645,
            -0.0009590617635775733,
            -0.0027793218454697094,
            -0.005921163931652859,
            -0.00274662394140536,
            -0.004820256693187766,
            -0.005836575875486381,
            -0.00673451062556122,
            -0.008633268482490263,
            -0.009387931566919895,
            -0.00884900213380193,
            -0.011832621037188247,
            -0.013618677042801557,
            -0.014047352107102819,
            -0.01435663491211591,
            -0.014540241654720447,
            -0.013062812673707618,
            -0.016448532012734343,
            -0.016500936734399764,
            -0.017986931943322806,
            -0.015564202334630337,
            -0.014686808575570295,
            -0.01556420233463035,
            -0.018343524180100053,
            -0.021238651102464333,
            -0.013287523801639216,
            -0.014633733716799192,
            -0.012321660181582372,
            -0.012203749557835167,
            -0.009410913039543944,
            -0.011673151750972756,
            -0.015991268862104953,
            -0.020428015564202325,
            -0.020003990821111442,
            -0.0226295310260086,
            -0.027920917025975392,
            -0.03069606571552097,
            -0.03362979433018344,
            -0.031128404669260708,
            -0.03207168965923832,
            -0.03283073929961091,
            -0.022781473578511374,
            -0.020752269779507143,
            -0.018448946732859246,
            -0.020844913841022786,
            -0.018158236057068733,
            -0.015115234959592931,
            -0.019455252918287938,
            -0.015888456549935155,
            -0.011842327863305704,
            -0.01414927484966396,
            -0.016675931072818242,
            -0.02140077821011674,
            -0.026418185541675215,
            -0.029831387808041523,
            -0.024147402151522106,
            -0.03161478599221789,
            -0.035667963683527884,
            -0.040300166759310724,
            -0.032624962586052075,
            -0.037613488975356685,
            -0.02971347718429431,
            -0.019455252918287945,
            -0.027669693039342858,
            -0.03307392996108952,
            -0.014174541411895517,
            0.011673151750972763,
            0.007782101167315175,
            0.005836575875486381,
            0.005836575875486381,
            0.0,
            0.0
        ],