{
    "best_method": "xgb_meta",
    "base_models": {
        "CatBoost": {
            "auc": {
                "per_fold": [
                    0.75143759161123,
                    0.7449307479224377,
                    0.7397817852902934,
                    0.7336762960031658,
                    0.8047939397365594
                ],
                "mean": 0.7549240721127373,
                "std": 0.02561164817536349,
                "min": 0.7336762960031658,
                "max": 0.8047939397365594
            },
            "brier": {
                "per_fold": [
                    0.09384257090834262,
                    0.09902371710122501,
                    0.10060019516694904,
                    0.0990682518424393,
                    0.09277668359971933
                ],
                "mean": 0.09706228372373507,
                "std": 0.0031343536942782897,
                "min": 0.09277668359971933,
                "max": 0.10060019516694904
            },
            "f1": {
                "per_fold": [
                    0.22580645161290322,
                    0.24615384615384617,
                    0.208955223880597,
                    0.18461538461538463,
                    0.13114754098360656
                ],
                "mean": 0.19933568944926752,
                "std": 0.03962697933224595,
                "min": 0.13114754098360656,
                "max": 0.24615384615384617
            }
        },
        "XGBoost": {
            "auc": {
                "per_fold": [
                    0.7526778667268013,
                    0.765650969529086,
                    0.7565718808298942,
                    0.7461134038102776,
                    0.8338515461586297
                ],
                "mean": 0.7709731334109378,
                "std": 0.03206911047353518,
                "min": 0.7461134038102776,
                "max": 0.8338515461586297
            },
            "brier": {
                "per_fold": [
                    0.11526726573913583,
                    0.1187991608222002,
                    0.12389149511039742,
                    0.11786014671991747,
                    0.09791505571769744
                ],
                "mean": 0.11474662482186967,
                "std": 0.00886925594072978,
                "min": 0.09791505571769744,
                "max": 0.12389149511039742
            },
            "f1": {
                "per_fold": [
                    0.36538461538461536,
                    0.4107142857142857,
                    0.36036036036036034,
                    0.36,
                    0.42105263157894735
                ],
                "mean": 0.3835023786076417,
                "std": 0.02670834154180957,
                "min": 0.36,
                "max": 0.42105263157894735
            }
        },
        "LightGBM": {
            "auc": {
                "per_fold": [
                    0.7652497463073626,
                    0.7739058171745152,
                    0.7833116626151846,
                    0.7685001978630788,
                    0.8327208999943468
                ],
                "mean": 0.7847376647908976,
                "std": 0.024759594361104184,
                "min": 0.7652497463073626,
                "max": 0.8327208999943468
            },
            "brier": {
                "per_fold": [
                    0.09604144989324556,
                    0.09763626515663106,
                    0.09853536141851306,
                    0.09918860606516722,
                    0.0912242975479097
                ],
                "mean": 0.09652519601629332,
                "std": 0.0028531571127791084,
                "min": 0.0912242975479097,
                "max": 0.09918860606516722
            },
            "f1": {
                "per_fold": [
                    0.34146341463414637,
                    0.35714285714285715,
                    0.3170731707317073,
                    0.375,
                    0.3157894736842105
                ],
                "mean": 0.3412937832385842,
                "std": 0.022910429253309994,
                "min": 0.3157894736842105,
                "max": 0.375
            }
        },
        "RandomForest": {
            "auc": {
                "per_fold": [
                    0.7616416732438832,
                    0.7995013850415511,
                    0.7753971394652044,
                    0.7675391486234383,
                    0.8202272598790208
                ],
                "mean": 0.7848613212506195,
                "std": 0.02188086624345743,
                "min": 0.7616416732438832,
                "max": 0.8202272598790208
            },
            "brier": {
                "per_fold": [
                    0.10739945449800956,
                    0.10167036879840759,
                    0.10890936161636929,
                    0.10475868955525927,
                    0.09726597046426745
                ],
                "mean": 0.10400076898646263,
                "std": 0.004171524051768785,
                "min": 0.09726597046426745,
                "max": 0.10890936161636929
            },
            "f1": {
                "per_fold": [
                    0.4090909090909091,
                    0.3614457831325301,
                    0.26506024096385544,
                    0.32558139534883723,
                    0.2597402597402597
                ],
                "mean": 0.3241837176552783,
                "std": 0.05700559787982041,
                "min": 0.2597402597402597,
                "max": 0.4090909090909091
            }
        }
    },
    "ensemble": {
        "auc": {
            "per_fold": [
                0.7720712594430037,
                0.7832409972299168,
                0.7840183164678615,
                0.7701961671095032,
                0.8248911753066878
            ],
            "mean": 0.7868835831113945,
            "std": 0.019818829605219114,
            "min": 0.7701961671095032,
            "max": 0.8248911753066878
        },
        "brier": {
            "per_fold": [
                0.09202747703034804,
                0.09135983366829953,
                0.09254465949684826,
                0.09249070875654596,
                0.0902114412240518
            ],
            "mean": 0.09172682403521872,
            "std": 0.0008687731495675816,
            "min": 0.0902114412240518,
            "max": 0.09254465949684826
        },
        "f1": {
            "per_fold": [
                0.11538461538461539,
                0.14285714285714285,
                0.13559322033898305,
                0.10909090909090909,
                0.10714285714285714
            ],
            "mean": 0.12201374896290149,
            "std": 0.014497846307391284,
            "min": 0.10714285714285714,
            "max": 0.14285714285714285
        }
    },
    "method_comparison": {
        "weighted_avg": {
            "auc": 0.786774437511817,
            "brier": 0.09394952179608614,
            "score": 0.5158954098579558,
            "calibration": null
        },
        "weighted_avg+isotonic": {
            "auc": 0.7751971747292223,
            "brier": 0.09175202170253677,
            "score": 0.5172799297815246,
            "calibration": "isotonic"
        },
        "weighted_avg+platt": {
            "auc": 0.7862679955703211,
            "brier": 0.09264330513811309,
            "score": 0.5205435040215781,
            "calibration": "platt"
        },
        "logistic": {
            "auc": 0.7878054014277999,
            "brier": 0.1863937862951487,
            "score": 0.16605127196515496,
            "calibration": null
        },