{
    "evaluation_type": "end_to_end_pipeline",
    "description": "Holdout test set (n=514) evaluated through the FULL production inference pipeline. fold_models predict \u2192 average \u2192 meta-features \u2192 meta-learner \u2192 calibrate \u2192 score. These are the metrics of the actual deployed model.",
    "pipeline": "fold_ensemble \u2192 13 meta-features \u2192 xgb_meta \u2192 threshold",
    "best_method": "xgb_meta",
    "holdout_n": 514,
    "cross_check_vs_trainMeta": true,
    "final_model": {
        "AUC": 0.7793037310462128,
        "AUC_95CI": [
            0.7109649280055141,
            0.8441289176630222
        ],
        "Brier": 0.0885833261175671,
        "Brier_95CI": [
            0.07035516584947306,
            0.10666748446666471
        ],
        "optimal_threshold": 0.10783819109201431,
        "clinical_metrics": {
            "sensitivity": 0.7540983606557377,
            "specificity": 0.6799116997792495,
            "ppv": 0.24083769633507854,
            "npv": 0.9535603715170279,
            "tp": 46,
            "tn": 308,
            "fp": 145,
            "fn": 15
        }
    },
    "decision_curve_analysis": {
        "thresholds": [
            0.01,
            0.02,
            0.03,
            0.04,
            0.05,
            0.06,
            0.07,
            0.08,
            0.09,
            0.1,
            0.11,
            0.12,
            0.13,
            0.14,
            0.15,
            0.16,
            0.17,
            0.18,
            0.19,
            0.2,
            0.21,
            0.22,
            0.23,
            0.24,
            0.25,
            0.26,
            0.27,
            0.28,
            0.29,
            0.3,
            0.31,
            0.32,
            0.33,
            0.34,
            0.35000000000000003,
            0.36,
            0.37,
            0.38,
            0.39,
            0.4,
            0.41000000000000003,
            0.42,
            0.43,
            0.44,
            0.45,
            0.46,
            0.47000000000000003,
            0.48,
            0.49,
            0.5,
            0.51,
            0.52,
            0.53,
            0.54,
            0.55,
            0.56,
            0.5700000000000001,
            0.58,
            0.59,
            0.6,
            0.61,
            0.62,
            0.63,
            0.64,
            0.65,
            0.66,
            0.67,
            0.68,
            0.6900000000000001,
            0.7000000000000001,
            0.71,
            0.72,
            0.73,
            0.74,
            0.75,
            0.76,
            0.77,
            0.78,
            0.79,
            0.8,
            0.81,
            0.8200000000000001,
            0.8300000000000001,
            0.84,
            0.85,
            0.86,
            0.87,
            0.88,
            0.89,
            0.9,
            0.91,
            0.92,
            0.93,
            0.9400000000000001,
            0.9500000000000001,
            0.96,
            0.97,
            0.98,
            0.99
        ],
        "net_benefit_model": [
            0.10977479070864285,
            0.10069086000158818,
            0.09428777728749649,
            0.08503566796368352,
            0.08027851730493549,
            0.07215001241824655,
            0.06690096648675786,
            0.062341397394687866,
            0.061893359558729204,
            0.05361003026372676,
            0.051458050977134615,
            0.04297842235585426,
            0.043315890692785894,
            0.04090127590263325,
            0.0430304417486839,
            0.03705762460626273,
            0.03326145047114528,
            0.03274176710638702,
            0.031776913099870296,
            0.02821011673151751,
            0.024725410037925433,
            0.025341714057667365,
            0.02617615847187832,
            0.02283432316199058,
            0.022049286640726334,
            0.022662740561573247,
            0.023452907627525187,
            0.022481625594466058,
            0.02205842056228421,
            0.0216787103946637,
            0.021147014041617323,
            0.023689631494621194,
            0.024623961902549507,
            0.025763471288763114,
            0.027237354085603113,
            0.024683852140077824,
            0.018096473349391635,
            0.018576628592945902,
            0.015723671620845824,
            0.009727626459143969,
            0.008969201345380201,
            0.008855494431772441,
            0.008737797801897741,
            0.008615897720956087,
            0.008489564909798374,
            0.008358553105634818,
            0.008222597459804713,
            0.008081412750673452,
            0.007934691386282139,
            0.007782101167315175,
            0.007623282776145477,
            0.007457846952010376,
            0.009479261528272208,
            0.0,
            0.0,
            0.0,
            0.0,
            0.0,
            0.0,
            0.0,
            0.0,
            0.0,
            0.0,
            0.0,
            0.0,
            0.0,
            0.0,
            0.0,
            0.0,
            0.0,
            0.0,
            0.0,
            0.0,
            0.0,
            0.0,
            0.0,
            0.0,
            0.0,
            0.0,
            0.0,
            0.0,
            0.0,
            0.0,
            0.0,
            0.0,
            0.0,
            0.0,
            0.0,
            0.0,
            0.0,
            0.0,
            0.0,
            0.0,
            0.0,
            0.0,
            0.0,
            0.0,
            0.0,
            0.0
        ],