{
    "Final_Model": {
        "AUC": 0.7793037310462128,
        "AUC_95CI_lower": 0.7109649280055141,
        "AUC_95CI_upper": 0.8441289176630222,
        "Brier": 0.0885833261175671,
        "Brier_95CI_lower": 0.07035516584947306,
        "Brier_95CI_upper": 0.10666748446666471,
        "Best_Method": "xgb_meta",
        "Optimal_Threshold": 0.15000000000000002
    },
    "LR_Baseline": {
        "AUC": 0.8106611659971772,
        "Brier": 0.17485229610278588,
        "F1_Score": 0.3861003861003861,
        "Sensitivity": 0.819672131147541,
        "Specificity": 0.673289183222958,
        "PPV": 0.25252525252525254,
        "NPV": 0.9651898734177216,
        "Net_Benefit": -0.12066993337211158,
        "Calibration_Slope": 0.8821582035793077,
        "Threshold": 0.4308225271319948
    },
    "TearSense_vs_LR": {
        "AUC_Improvement": -0.031357434950964436,
        "AUC_Improvement_Pct": -3.868130887013974,
        "Brier_Improvement": 0.08626896998521878
    },
    "Individual_Assessment_Test": {
        "CatBoost": {
            "AUC": 0.7661129808562227,
            "Brier": 0.08857970591763328
        },
        "XGBoost": {
            "AUC": 0.771649838960663,
            "Brier": 0.09217371119746263
        },
        "LightGBM": {
            "AUC": 0.7760286613831288,
            "Brier": 0.0907236721002038
        },
        "RandomForest": {
            "AUC": 0.7735316469438714,
            "Brier": 0.08904969919905922
        }
    },
    "Self_Assessment_CV": {
        "CatBoost": {
            "AUC": 0.8013461460738626,
            "Brier": 0.09361086700037706
        },
        "XGBoost": {
            "AUC": 0.7721487074559243,
            "Brier": 0.10553821175739846
        },
        "LightGBM": {
            "AUC": 0.7718117255503232,
            "Brier": 0.1016004599568869
        },
        "RandomForest": {
            "AUC": 0.7754646708991979,
            "Brier": 0.09439839027464503
        }
    },
    "Ensemble_Weights": {
        "CatBoost": 0.16445483267307281,
        "XGBoost": 0.17893579602241516,
        "LightGBM": 0.3450258672237396,
        "RandomForest": 0.3115834891796112
    }
}