{
    "best_method": "logistic+platt",
    "base_models": {
        "CatBoost": {
            "auc": {
                "per_fold": [
                    0.7814296989514038,
                    0.7617174515235458,
                    0.7581547854598902,
                    0.7530668777206173,
                    0.8129345921193962
                ],
                "mean": 0.7734606811549707,
                "std": 0.021953478062445436,
                "min": 0.7530668777206173,
                "max": 0.8129345921193962
            },
            "brier": {
                "per_fold": [
                    0.11468984276554828,
                    0.11832890274711601,
                    0.1203294671373984,
                    0.11850445292804819,
                    0.11423445897973963
                ],
                "mean": 0.1172174249115701,
                "std": 0.002360651950830412,
                "min": 0.11423445897973963,
                "max": 0.1203294671373984
            },
            "f1": {
                "per_fold": [
                    0.14545454545454545,
                    0.037037037037037035,
                    0.0392156862745098,
                    0.03773584905660377,
                    0.04
                ],
                "mean": 0.05988862356453921,
                "std": 0.04279578273054352,
                "min": 0.037037037037037035,
                "max": 0.14545454545454545
            }
        },
        "XGBoost": {
            "auc": {
                "per_fold": [
                    0.7866163039801557,
                    0.7467036011080331,
                    0.7266097574763978,
                    0.7128724065803607,
                    0.8014585335519249
                ],
                "mean": 0.7548521205393743,
                "std": 0.034080630592583185,
                "min": 0.7128724065803607,
                "max": 0.8014585335519249
            },
            "brier": {
                "per_fold": [
                    0.12655877194251972,
                    0.14635742837417312,
                    0.1428919937449487,
                    0.13262904784936833,
                    0.1213225161451401
                ],
                "mean": 0.13395195161123,
                "std": 0.009484007878926459,
                "min": 0.1213225161451401,
                "max": 0.14635742837417312
            },
            "f1": {
                "per_fold": [
                    0.42735042735042733,
                    0.36923076923076925,
                    0.352,
                    0.3793103448275862,
                    0.3793103448275862
                ],
                "mean": 0.38144037724727387,
                "std": 0.02503044992432377,
                "min": 0.352,
                "max": 0.42735042735042733
            }
        },
        "LightGBM": {
            "auc": {
                "per_fold": [
                    0.7879693313789604,
                    0.7643213296398892,
                    0.7520492961727627,
                    0.7381988806602975,
                    0.8299508168918537
                ],
                "mean": 0.7744979309487527,
                "std": 0.03219200726366319,
                "min": 0.7381988806602975,
                "max": 0.8299508168918537
            },
            "brier": {
                "per_fold": [
                    0.10075139079857805,
                    0.11036576483086383,
                    0.10997223197570424,
                    0.10441355368560545,
                    0.09353714565886916
                ],
                "mean": 0.10380801738992415,
                "std": 0.006264216461757864,
                "min": 0.09353714565886916,
                "max": 0.11036576483086383
            },
            "f1": {
                "per_fold": [
                    0.38636363636363635,
                    0.37623762376237624,
                    0.3333333333333333,
                    0.2857142857142857,
                    0.26666666666666666
                ],
                "mean": 0.32966310916805963,
                "std": 0.04753452764081748,
                "min": 0.26666666666666666,
                "max": 0.38636363636363635
            }
        },
        "RandomForest": {
            "auc": {
                "per_fold": [
                    0.7671665351223362,
                    0.816398891966759,
                    0.7711006840409294,
                    0.7433433207077845,
                    0.8151393521397479
                ],
                "mean": 0.7826297567955114,
                "std": 0.02867989917426224,
                "min": 0.7433433207077845,
                "max": 0.816398891966759
            },
            "brier": {
                "per_fold": [
                    0.12303586698703123,
                    0.1188004106962212,
                    0.12384035057053547,
                    0.12047175512220348,
                    0.11068978932975926
                ],
                "mean": 0.11936763454115011,
                "std": 0.0046969551970857965,
                "min": 0.11068978932975926,
                "max": 0.12384035057053547
            },
            "f1": {
                "per_fold": [
                    0.3783783783783784,
                    0.4262295081967213,
                    0.3963963963963964,
                    0.32323232323232326,
                    0.4077669902912621
                ],
                "mean": 0.3864007192990163,
                "std": 0.03520615780596532,
                "min": 0.32323232323232326,
                "max": 0.4262295081967213
            }
        }
    },
    "ensemble": {
        "auc": {
            "per_fold": [
                0.7796820385612809,
                0.7968421052631579,
                0.7747187517666346,
                0.7479224376731302,
                0.8183616937079541
            ],
            "mean": 0.7835054053944315,
            "std": 0.023455487230730394,
            "min": 0.7479224376731302,
            "max": 0.8183616937079541
        },
        "brier": {
            "per_fold": [
                0.19298021397233656,
                0.19177952416403202,
                0.20096732411179552,
                0.18845225483367842,
                0.17535476455538238
            ],
            "mean": 0.18990681632744497,
            "std": 0.008356621327886735,
            "min": 0.17535476455538238,
            "max": 0.20096732411179552
        },
        "f1": {
            "per_fold": [
                0.3434343434343434,
                0.38095238095238093,
                0.36548223350253806,
                0.3333333333333333,
                0.43529411764705883
            ],
            "mean": 0.3716992817739309,
            "std": 0.035887121429371886,
            "min": 0.3333333333333333,
            "max": 0.43529411764705883
        }
    },
    "method_comparison": {
        "weighted_avg": {
            "auc": 0.7789369671105351,
            "brier": 0.10168596952220359,
            "score": 0.4818635095201896,
            "calibration": null
        },
        "weighted_avg+isotonic": {
            "auc": 0.7661397419622037,
            "brier": 0.09489118516845334,
            "score": 0.4999446803756699,
            "calibration": "isotonic"
        },
        "weighted_avg+platt": {
            "auc": 0.7784260234628926,
            "brier": 0.09382801352088617,
            "score": 0.511347007855973,
            "calibration": "platt"
        },
        "logistic": {
            "auc": 0.7835054053944315,
            "brier": 0.18990681632744497,
            "score": 0.15015313012027365,
            "calibration": null
        },
        "logistic+isotonic": {
            "auc": 0.7683962221682016,
            "brier": 0.09472203507562374,
            "score": 0.5019398284120057,
            "calibration": "isotonic"
        },