{
    "CatBoost_Params": {
        "iterations": 2485,
        "depth": 7,
        "learning_rate": 0.12397506393915171,
        "l2_leaf_reg": 0.9471482266361204,
        "random_strength": 9.035462506433337,
        "bagging_temperature": 0.9921138391062526,
        "border_count": 209,
        "loss_function": "Focal:focal_alpha=0.14463760007088394;focal_gamma=1.369859299374673",
        "eval_metric": "AUC",
        "random_state": 42,
        "verbose": false,
        "thread_count": -1
    },
    "XGBoost_Params": {
        "n_estimators": 639,
        "max_depth": 10,
        "learning_rate": 0.14479533416984403,
        "subsample": 0.9387807921179396,
        "colsample_bytree": 0.8976389886621172,
        "gamma": 0.698625760835708,
        "min_child_weight": 3,
        "reg_alpha": 0.0031009497678172486,
        "reg_lambda": 0.0025203356708324264,
        "max_delta_step": 2.820830434494467,
        "scale_pos_weight": 8.595591032599906,
        "objective": "binary:logistic",
        "eval_metric": "auc",
        "random_state": 42,
        "n_jobs": -1,
        "use_label_encoder": false
    },
    "LightGBM_Params": {
        "boosting_type": "gbdt",
        "n_estimators": 828,
        "num_leaves": 135,
        "learning_rate": 0.01805469078905604,
        "max_depth": 12,
        "min_child_samples": 18,
        "colsample_bytree": 0.6702661281074991,
        "reg_alpha": 0.0012994956313328331,
        "reg_lambda": 0.002622995415618093,
        "subsample": 0.7966988514395903,
        "subsample_freq": 7,
        "scale_pos_weight": 16.59649894724579,
        "objective": "binary",
        "metric": "auc",
        "random_state": 42,
        "n_jobs": -1,
        "verbosity": -1
    },
    "RandomForest_Params": {
        "n_estimators": 378,
        "max_depth": 15,
        "min_samples_split": 20,
        "min_samples_leaf": 5,
        "max_features": 0.5,
        "class_weight": "balanced",
        "max_samples": 0.7114672665453292,
        "min_impurity_decrease": 0.0012723242246663726,
        "ccp_alpha": 0.002341492174649215,
        "bootstrap": true,
        "random_state": 42,
        "n_jobs": -1
    },
    "Ensemble_Weights": {
        "Cat": 0.09203839302062988,
        "XGB": 0.08221334218978882,
        "LGBM": 0.36574527621269226,
        "RF": 0.46000295877456665
    }
}