{
    "best_method": "logistic+platt",
    "base_models": {
        "CatBoost": {
            "auc": {
                "per_fold": [
                    0.8108580448754088,
                    0.7934072022160665,
                    0.7827463395330431,
                    0.768161004013794,
                    0.821075244502233
                ],
                "mean": 0.7952495670281091,
                "std": 0.018995291257475722,
                "min": 0.768161004013794,
                "max": 0.821075244502233
            },
            "brier": {
                "per_fold": [
                    0.10422909927051972,
                    0.10779834246306809,
                    0.10878890553645015,
                    0.10796822056628917,
                    0.10541438500105409
                ],
                "mean": 0.10683979056747624,
                "std": 0.0017227138611988712,
                "min": 0.10422909927051972,
                "max": 0.10878890553645015
            },
            "f1": {
                "per_fold": [
                    0.0,
                    0.0,
                    0.0,
                    0.0,
                    0.0
                ],
                "mean": 0.0,
                "std": 0.0,
                "min": 0.0,
                "max": 0.0
            }
        },
        "XGBoost": {
            "auc": {
                "per_fold": [
                    0.7843048821738641,
                    0.7660387811634348,
                    0.7541409915766861,
                    0.7208434620385551,
                    0.8300073492000678
                ],
                "mean": 0.7710670932305216,
                "std": 0.03600939543899831,
                "min": 0.7208434620385551,
                "max": 0.8300073492000678
            },
            "brier": {
                "per_fold": [
                    0.11066570425771917,
                    0.11975201710405861,
                    0.11535030126109075,
                    0.1154621336777262,
                    0.09939449964417879
                ],
                "mean": 0.1121249311889547,
                "std": 0.006984348253956681,
                "min": 0.09939449964417879,
                "max": 0.11975201710405861
            },
            "f1": {
                "per_fold": [
                    0.41904761904761906,
                    0.39285714285714285,
                    0.39622641509433965,
                    0.36,
                    0.3404255319148936
                ],
                "mean": 0.381711341782799,
                "std": 0.027945712706181288,
                "min": 0.3404255319148936,
                "max": 0.41904761904761906
            }
        },
        "LightGBM": {
            "auc": {
                "per_fold": [
                    0.7858834141391363,
                    0.7762880886426593,
                    0.7403471083724348,
                    0.7409124314545763,
                    0.8224885522075867
                ],
                "mean": 0.7731839189632786,
                "std": 0.030729676022630076,
                "min": 0.7403471083724348,
                "max": 0.8224885522075867
            },
            "brier": {
                "per_fold": [
                    0.146803338304766,
                    0.15304354884172133,
                    0.1608134893986072,
                    0.15282979226330634,
                    0.13375935100368713
                ],
                "mean": 0.1494499039624176,
                "std": 0.009018500588696519,
                "min": 0.13375935100368713,
                "max": 0.1608134893986072
            },
            "f1": {
                "per_fold": [
                    0.38926174496644295,
                    0.37583892617449666,
                    0.36363636363636365,
                    0.3404255319148936,
                    0.48951048951048953
                ],
                "mean": 0.3917346112405373,
                "std": 0.05146074889167367,
                "min": 0.3404255319148936,
                "max": 0.48951048951048953
            }
        },
        "RandomForest": {
            "auc": {
                "per_fold": [
                    0.7679558011049723,
                    0.8185041551246538,
                    0.7635818870484481,
                    0.7509186500084799,
                    0.8086381366951212
                ],
                "mean": 0.7819197259963351,
                "std": 0.026625657449043456,
                "min": 0.7509186500084799,
                "max": 0.8185041551246538
            },
            "brier": {
                "per_fold": [
                    0.1292418581479801,
                    0.1252687857496871,
                    0.13004357694944496,
                    0.12380616910917626,
                    0.11449050666527374
                ],
                "mean": 0.12457017932431243,
                "std": 0.005557953365297166,
                "min": 0.11449050666527374,
                "max": 0.13004357694944496
            },
            "f1": {
                "per_fold": [
                    0.3511450381679389,
                    0.4264705882352941,
                    0.34710743801652894,
                    0.33962264150943394,
                    0.41904761904761906
                ],
                "mean": 0.37667866499536296,
                "std": 0.037878585844772446,
                "min": 0.33962264150943394,
                "max": 0.4264705882352941
            }
        }
    },
    "ensemble": {
        "auc": {
            "per_fold": [
                0.7990754312774834,
                0.7967313019390582,
                0.7734750409859236,
                0.763525354740234,
                0.8289332353439992
            ],
            "mean": 0.7923480728573397,
            "std": 0.02275910619663612,
            "min": 0.763525354740234,
            "max": 0.8289332353439992
        },
        "brier": {
            "per_fold": [
                0.19384163545545333,
                0.1975685803485754,
                0.19912110005992403,
                0.18434998689277257,
                0.17455904309425316
            ],
            "mean": 0.1898880691701957,
            "std": 0.00922517418255345,
            "min": 0.17455904309425316,
            "max": 0.19912110005992403
        },
        "f1": {
            "per_fold": [
                0.3434343434343434,
                0.40625,
                0.3404255319148936,
                0.35802469135802467,
                0.4550898203592814
            ],
            "mean": 0.38064487741330866,
            "std": 0.044071678528063575,
            "min": 0.3404255319148936,
            "max": 0.4550898203592814
        }
    },
    "method_comparison": {
        "weighted_avg": {
            "auc": 0.7865425996452656,
            "brier": 0.10047985219823834,
            "score": 0.4909993647457608,
            "calibration": null
        },
        "weighted_avg+isotonic": {
            "auc": 0.773335719237591,
            "brier": 0.09337280649668775,
            "score": 0.5100185472032438,
            "calibration": "isotonic"
        },
        "weighted_avg+platt": {
            "auc": 0.7854194239616814,
            "brier": 0.0926438453382041,
            "score": 0.5200323131198107,
            "calibration": "platt"
        },
        "logistic": {
            "auc": 0.7923480728573397,
            "brier": 0.1898880691701957,
            "score": 0.15552980239124448,
            "calibration": null
        },
        "logistic+isotonic": {
            "auc": 0.77628208591056,
            "brier": 0.09230205021826102,
            "score": 0.5158456796565805,
            "calibration": "isotonic"
        },
        "logistic+platt": {
            "auc": 0.7884220619614835,
            "brier": 0.09184158093810925,
            "score": 0.5248753367524509,