{
    "CatBoost_Params": {
        "iterations": 1959,
        "depth": 8,
        "learning_rate": 0.13444168863700665,
        "l2_leaf_reg": 0.895056031609432,
        "random_strength": 5.0401811684852955,
        "bagging_temperature": 0.5894637388066554,
        "border_count": 46,
        "loss_function": "Focal:focal_alpha=0.18656575196047148;focal_gamma=1.3425479537709768",
        "eval_metric": "AUC",
        "random_state": 42,
        "verbose": false,
        "thread_count": -1
    },
    "XGBoost_Params": {
        "n_estimators": 605,
        "max_depth": 9,
        "learning_rate": 0.06640487883339184,
        "subsample": 0.6455873200659382,
        "colsample_bytree": 0.607791268162777,
        "gamma": 0.9810330176522264,
        "min_child_weight": 2,
        "reg_alpha": 0.015214444182181536,
        "reg_lambda": 0.001707813726033321,
        "max_delta_step": 9.22894129539867,
        "scale_pos_weight": 8.67359466159318,
        "objective": "binary:logistic",
        "eval_metric": "auc",
        "random_state": 42,
        "n_jobs": -1,
        "use_label_encoder": false
    },
    "LightGBM_Params": {
        "boosting_type": "gbdt",
        "n_estimators": 1354,
        "num_leaves": 34,
        "learning_rate": 0.00992197943689745,
        "max_depth": 9,
        "min_child_samples": 36,
        "colsample_bytree": 0.9346790522745292,
        "reg_alpha": 0.06487398563111077,
        "reg_lambda": 0.12467630734355939,
        "subsample": 0.747137428101313,
        "subsample_freq": 3,
        "is_unbalance": true,
        "objective": "binary",
        "metric": "auc",
        "random_state": 42,
        "n_jobs": -1,
        "verbosity": -1
    },
    "RandomForest_Params": {
        "n_estimators": 654,
        "max_depth": 18,
        "min_samples_split": 12,
        "min_samples_leaf": 5,
        "max_features": 0.7,
        "class_weight": "balanced_subsample",
        "max_samples": 0.6707502604826083,
        "min_impurity_decrease": 0.00034361115546242306,
        "ccp_alpha": 0.0008466565453838411,
        "bootstrap": true,
        "random_state": 42,
        "n_jobs": -1
    },
    "Ensemble_Weights": {
        "Cat": 3.6422968626073026e-14,
        "XGB": 0.9999999999996415,
        "LGBM": 1.9209911439332928e-13,
        "RF": 1.2991244946468787e-13
    }
}