{
    "Final_Model": {
        "AUC": 0.7817464625628777,
        "AUC_95CI_lower": 0.7129654047420247,
        "AUC_95CI_upper": 0.8475560869310871,
        "Brier": 0.08789682044810665,
        "Brier_95CI_lower": 0.06963185540609755,
        "Brier_95CI_upper": 0.10579843669700113,
        "Best_Method": "xgb_meta",
        "Optimal_Threshold": 0.32000000000000006
    },
    "Individual_Assessment_Test": {
        "CatBoost": {
            "AUC": 0.7614084608982014,
            "Brier": 0.08892282060650372
        },
        "XGBoost": {
            "AUC": 0.7779466579813991,
            "Brier": 0.09630722074305424
        },
        "LightGBM": {
            "AUC": 0.768863315600912,
            "Brier": 0.09170542082079199
        },
        "RandomForest": {
            "AUC": 0.7748344370860927,
            "Brier": 0.09975889158667475
        }
    },
    "Self_Assessment_CV": {
        "CatBoost": {
            "AUC": 0.8020608150209778,
            "Brier": 0.09324183392090876
        },
        "XGBoost": {
            "AUC": 0.7836461058765803,
            "Brier": 0.12077892544006116
        },
        "LightGBM": {
            "AUC": 0.7635685098177255,
            "Brier": 0.10346169732351891
        },
        "RandomForest": {
            "AUC": 0.7798412660238642,
            "Brier": 0.10586877268193136
        }
    },
    "Ensemble_Weights": {
        "CatBoost": 0.0,
        "XGBoost": 0.49019670486450195,
        "LightGBM": 0.025747908279299736,
        "RandomForest": 0.48405537009239197
    }
}