{
    "tearsense": {
        "model_serial": "05022026_162251_15784",
        "holdout_n": 514,
        "inference_verified": true,
        "stored_AUC": 0.7937248941483009,
        "stored_Brier": 0.0880376324057579,
        "stored_threshold": 0.14,
        "AUC": 0.7937248941483009,
        "Brier_Score": 0.0880376324057579,
        "Calibration_Slope": 1.1154290827774669,
        "Calibration_Intercept": 0.26186934094087994,
        "Net_Benefit": 0.05837440403769338,
        "Optimal_Threshold_Used": 0.10648538172245026,
        "Youden_J_Threshold": 0.10648538172245026,
        "F1_Score": 0.36923076923076925,
        "Sensitivity_Recall": 0.7868852459016393,
        "Specificity": 0.6666666666666666,
        "PPV_Precision": 0.24120603015075376,
        "NPV": 0.9587301587301588,
        "Confusion_Matrix": {
            "TP": 48,
            "TN": 302,
            "FP": 151,
            "FN": 13
        },
        "AUC_95CI": [
            0.731761268445514,
            0.8542469871500228
        ],
        "AUC_Text": "0.7937 (0.7318-0.8542)",
        "Brier_Score_95CI": [
            0.06968717109411955,
            0.10543842259794473
        ],
        "Brier_Score_Text": "0.0880 (0.0697-0.1054)",
        "F1_Score_95CI": [
            0.29116945676539324,
            0.4436370038412292
        ],
        "F1_Score_Text": "0.3692 (0.2912-0.4436)",
        "Sensitivity_Recall_95CI": [
            0.6774069478908188,
            0.8889743589743588
        ],
        "Sensitivity_Recall_Text": "0.7869 (0.6774-0.8890)",
        "Specificity_95CI": [
            0.6228008334284736,
            0.7110696592785614
        ],
        "Specificity_Text": "0.6667 (0.6228-0.7111)",
        "PPV_Precision_95CI": [
            0.1830896546793451,
            0.3043533436327522
        ],
        "PPV_Precision_Text": "0.2412 (0.1831-0.3044)",
        "NPV_95CI": [
            0.9354813895781637,
            0.9810725552050473
        ],
        "NPV_Text": "0.9587 (0.9355-0.9811)",
        "Net_Benefit_95CI": [
            0.03269438057239682,
            0.08552464047403276
        ],
        "Net_Benefit_Text": "0.0584 (0.0327-0.0855)",
        "Calibration_Slope_95CI": [
            0.8237129911427978,
            1.4749484166095197
        ],
        "Calibration_Slope_Text": "1.1154 (0.8237-1.4749)"
    },
    "logistic_regression": {
        "AUC": 0.8106611659971772,
        "Brier_Score": 0.17485229610276382,
        "F1_Score": 0.3861003861003861,
        "Sensitivity_Recall": 0.819672131147541,
        "Specificity": 0.673289183222958,
        "PPV_Precision": 0.25252525252525254,
        "NPV": 0.9651898734177216,
        "Net_Benefit": -0.12066993337198444,
        "Calibration_Slope": 0.8821582035795066,
        "Calibration_Intercept": -1.9580869173520672,
        "Threshold_Used": 0.43082252713185176,
        "Confusion_Matrix": {
            "TP": 50,
            "TN": 305,
            "FP": 148,
            "FN": 11
        },
        "AUC_95CI": [
            0.7521794662966538,
            0.8631149614337568
        ],
        "Brier_Score_95CI": [
            0.15675797066710226,
            0.1927757104268557
        ],
        "F1_Score_95CI": [
            0.309478021978022,
            0.4545624151967435
        ],
        "Sensitivity_Recall_95CI": [
            0.7212933944069432,
            0.9111403508771929
        ],
        "Specificity_95CI": [
            0.6296276469188675,
            0.715232159296766
        ],
        "PPV_Precision_95CI": [
            0.19288327256261767,
            0.31156296186816435
        ],
        "NPV_95CI": [
            0.9438819353633476,
            0.984178463043565
        ],
        "Net_Benefit_95CI": [
            -0.1623036585715232,
            -0.07807198326133666
        ],
        "Calibration_Slope_95CI": [
            0.6671257244854701,
            1.1635364636319632
        ]
    },
    "lr_formula": "z = -0.7181 + 1.1932 \u00d7 tear_characteristics_Tear_MedLat + 0.7155 \u00d7 tear_characteristics_Full_3.0\n    - 0.7025 \u00d7 Tear_Area_cm2 + 0.4783 \u00d7 Tear_AP_ML_Ratio + 0.4497 \u00d7 InsuranceType_5.0\n    + 0.3984 \u00d7 Aged + 0.3697 \u00d7 tear_characteristics_Full_Missing + 0.3136 \u00d7 Gender_M + 0.3018 \u00d7 Pre-Op_ROM_Pre-Op_IR + 0.2575 \u00d7 tear_characteristics_Tear_AntPost\n    + ... (30 more terms)\n\nP(retear) = 1 / (1 + exp(-z))",
    "comparison": {
        "AUC_difference": -0.01693627184887625,
        "Brier_difference": -0.08681466369700591,
        "TearSense_better_AUC": false,
        "TearSense_better_Brier": true
    }
}