{
    "best_method": "xgb_meta",
    "base_models": {
        "CatBoost": {
            "auc": {
                "per_fold": [
                    0.753185252001353,
                    0.7625484764542936,
                    0.7770365764034146,
                    0.751370908474193,
                    0.8161569336876024
                ],
                "mean": 0.7720596294041713,
                "std": 0.023849820011888144,
                "min": 0.751370908474193,
                "max": 0.8161569336876024
            },
            "brier": {
                "per_fold": [
                    0.09288241964103863,
                    0.09395059674978092,
                    0.09378706334899989,
                    0.09434667822971139,
                    0.09219837605796825
                ],
                "mean": 0.09343302680549982,
                "std": 0.0007817301534745465,
                "min": 0.09219837605796825,
                "max": 0.09434667822971139
            },
            "f1": {
                "per_fold": [
                    0.18518518518518517,
                    0.25396825396825395,
                    0.14035087719298245,
                    0.1111111111111111,
                    0.07407407407407407
                ],
                "mean": 0.15293790030632134,
                "std": 0.06224859239587697,
                "min": 0.07407407407407407,
                "max": 0.25396825396825395
            }
        },
        "XGBoost": {
            "auc": {
                "per_fold": [
                    0.753579884992671,
                    0.7544598337950138,
                    0.7492226807620556,
                    0.7577590593023914,
                    0.8120866074961841
                ],
                "mean": 0.7654216132696632,
                "std": 0.023490972613689588,
                "min": 0.7492226807620556,
                "max": 0.8120866074961841
            },
            "brier": {
                "per_fold": [
                    0.11446328875663873,
                    0.11379853581486943,
                    0.11865935197960228,
                    0.10662320010031576,
                    0.09767899666827635
                ],
                "mean": 0.11024467466394053,
                "std": 0.007378953445788991,
                "min": 0.09767899666827635,
                "max": 0.11865935197960228
            },
            "f1": {
                "per_fold": [
                    0.3516483516483517,
                    0.3225806451612903,
                    0.3191489361702128,
                    0.2962962962962963,
                    0.25
                ],
                "mean": 0.30793484585523023,
                "std": 0.0338910845141795,
                "min": 0.25,
                "max": 0.3516483516483517
            }
        },
        "LightGBM": {
            "auc": {
                "per_fold": [
                    0.7725222685759388,
                    0.7827146814404432,
                    0.7733054440612809,
                    0.7618859178020239,
                    0.8404658262196846
                ],
                "mean": 0.7861788276198742,
                "std": 0.02793367001420918,
                "min": 0.7618859178020239,
                "max": 0.8404658262196846
            },
            "brier": {
                "per_fold": [
                    0.10572903423911538,
                    0.10555527118991012,
                    0.10948380665955641,
                    0.10628668609377387,
                    0.09091206937355126
                ],
                "mean": 0.1035933735111814,
                "std": 0.0064988721978623655,
                "min": 0.09091206937355126,
                "max": 0.10948380665955641
            },
            "f1": {
                "per_fold": [
                    0.3829787234042553,
                    0.37623762376237624,
                    0.37894736842105264,
                    0.37209302325581395,
                    0.375
                ],
                "mean": 0.37705134776869964,
                "std": 0.0036927992807848976,
                "min": 0.37209302325581395,
                "max": 0.3829787234042553
            }
        },
        "RandomForest": {
            "auc": {
                "per_fold": [
                    0.750648325628594,
                    0.7981717451523546,
                    0.7707614901916445,
                    0.7555542992820398,
                    0.817965967550455
                ],
                "mean": 0.7786203655610175,
                "std": 0.0257160385498016,
                "min": 0.750648325628594,
                "max": 0.817965967550455
            },
            "brier": {
                "per_fold": [
                    0.10440862389784698,
                    0.09880831734336523,
                    0.1057228572164341,
                    0.10363559323641171,
                    0.09602415181212944
                ],
                "mean": 0.10171990870123748,
                "std": 0.003683521256546716,
                "min": 0.09602415181212944,
                "max": 0.1057228572164341
            },
            "f1": {
                "per_fold": [
                    0.2535211267605634,
                    0.38461538461538464,
                    0.27848101265822783,
                    0.3116883116883117,
                    0.2191780821917808
                ],
                "mean": 0.28949678358285363,
                "std": 0.0563920686625824,
                "min": 0.2191780821917808,
                "max": 0.38461538461538464
            }
        }
    },
    "ensemble": {
        "auc": {
            "per_fold": [
                0.7721276355846205,
                0.7931578947368421,
                0.7840748487760756,
                0.7512295777036576,
                0.8384023969698683
            ],
            "mean": 0.7877984707542128,
            "std": 0.028935117585234132,
            "min": 0.7512295777036576,
            "max": 0.8384023969698683
        },
        "brier": {
            "per_fold": [
                0.09154082537437142,
                0.08922815534038452,
                0.0937814419952651,
                0.09388965418610237,
                0.08734325959806623
            ],
            "mean": 0.09115666729883794,
            "std": 0.0025599794384394596,
            "min": 0.08734325959806623,
            "max": 0.09388965418610237
        },
        "f1": {
            "per_fold": [
                0.11538461538461539,
                0.26229508196721313,
                0.10526315789473684,
                0.17857142857142858,
                0.14035087719298245
            ],
            "mean": 0.1603730322021953,
            "std": 0.05688801006163534,
            "min": 0.10526315789473684,
            "max": 0.26229508196721313
        }
    },
    "method_comparison": {
        "weighted_avg": {
            "auc": 0.7836952705075223,
            "brier": 0.09299071443335202,
            "score": 0.5176828158825837,
            "calibration": null
        },
        "weighted_avg+isotonic": {
            "auc": 0.7737577541888377,
            "brier": 0.09230302365717247,
            "score": 0.5143273902480885,
            "calibration": "isotonic"
        },
        "weighted_avg+platt": {
            "auc": 0.783049275675481,
            "brier": 0.0933225915734407,
            "score": 0.5160370493759258,
            "calibration": "platt"
        },
        "logistic": {
            "auc": 0.7891456031763037,
            "brier": 0.18590464133668194,
            "score": 0.1687097759952832,
            "calibration": null
        },
        "logistic+isotonic": {
            "auc": 0.7735247908957495,
            "brier": 0.09304643925673099,
            "score": 0.5113692713861886,
            "calibration": "isotonic"
        },