{
    "best_method": "xgb_meta",
    "base_models": {
        "CatBoost": {
            "auc": {
                "per_fold": [
                    0.765080617882512,
                    0.761606648199446,
                    0.7610379331788116,
                    0.7557238962066821,
                    0.8279721861043586
                ],
                "mean": 0.774284256314362,
                "std": 0.02701027418214554,
                "min": 0.7557238962066821,
                "max": 0.8279721861043586
            },
            "brier": {
                "per_fold": [
                    0.09336599143658765,
                    0.09514665390210411,
                    0.09522559355062118,
                    0.09360091552702005,
                    0.08969435418490083
                ],
                "mean": 0.09340670172024676,
                "std": 0.0020078197946468666,
                "min": 0.08969435418490083,
                "max": 0.09522559355062118
            },
            "f1": {
                "per_fold": [
                    0.14285714285714285,
                    0.24615384615384617,
                    0.1694915254237288,
                    0.17543859649122806,
                    0.10714285714285714
                ],
                "mean": 0.16821679361376057,
                "std": 0.0458281597692379,
                "min": 0.10714285714285714,
                "max": 0.24615384615384617
            }
        },
        "XGBoost": {
            "auc": {
                "per_fold": [
                    0.7503664449205096,
                    0.752797783933518,
                    0.7539148623438295,
                    0.7504098592345526,
                    0.811690881338685
                ],
                "mean": 0.763835966354219,
                "std": 0.02396685638188715,
                "min": 0.7503664449205096,
                "max": 0.811690881338685
            },
            "brier": {
                "per_fold": [
                    0.12071017932164925,
                    0.1213211629243444,
                    0.1246642805933787,
                    0.12142143571621773,
                    0.10609967883870945
                ],
                "mean": 0.1188433474788599,
                "std": 0.006520054021315959,
                "min": 0.10609967883870945,
                "max": 0.1246642805933787
            },
            "f1": {
                "per_fold": [
                    0.34615384615384615,
                    0.3652173913043478,
                    0.3893805309734513,
                    0.3434343434343434,
                    0.39603960396039606
                ],
                "mean": 0.3680451431652769,
                "std": 0.02159539366142901,
                "min": 0.3434343434343434,
                "max": 0.39603960396039606
            }
        },
        "LightGBM": {
            "auc": {
                "per_fold": [
                    0.7627691960762205,
                    0.7625484764542937,
                    0.7530668777206173,
                    0.7473571145909889,
                    0.8276895245632878
                ],
                "mean": 0.7706862378810817,
                "std": 0.029096278973441015,
                "min": 0.7473571145909889,
                "max": 0.8276895245632878
            },
            "brier": {
                "per_fold": [
                    0.11346340480167157,
                    0.11598833069229443,
                    0.12234938758122077,
                    0.11850501975829007,
                    0.0999138918231101
                ],
                "mean": 0.11404400693131737,
                "std": 0.007650589910246679,
                "min": 0.0999138918231101,
                "max": 0.12234938758122077
            },
            "f1": {
                "per_fold": [
                    0.3564356435643564,
                    0.3925233644859813,
                    0.3584905660377358,
                    0.3838383838383838,
                    0.3958333333333333
                ],
                "mean": 0.37742425825195813,
                "std": 0.016775128666117464,
                "min": 0.3564356435643564,
                "max": 0.3958333333333333
            }
        },
        "RandomForest": {
            "auc": {
                "per_fold": [
                    0.7512120870447627,
                    0.7971191135734071,
                    0.7782237548759116,
                    0.7640341455141613,
                    0.8188704844818814
                ],
                "mean": 0.7818919170980247,
                "std": 0.02397035398315404,
                "min": 0.7512120870447627,
                "max": 0.8188704844818814
            },
            "brier": {
                "per_fold": [
                    0.10412882036360815,
                    0.0972557487627983,
                    0.10296733535225165,
                    0.10048083920316808,
                    0.09383135239863184
                ],
                "mean": 0.0997328192160916,
                "std": 0.003776496875499033,
                "min": 0.09383135239863184,
                "max": 0.10412882036360815
            },
            "f1": {
                "per_fold": [
                    0.24,
                    0.375,
                    0.2857142857142857,
                    0.2894736842105263,
                    0.2571428571428571
                ],
                "mean": 0.2894661654135338,
                "std": 0.04652270691856866,
                "min": 0.24,
                "max": 0.375
            }
        }
    },
    "ensemble": {
        "auc": {
            "per_fold": [
                0.7686605028751833,
                0.785567867036011,
                0.7737859686811013,
                0.7647973316750523,
                0.8254564983888293
            ],
            "mean": 0.7836536337312354,
            "std": 0.022040275390151465,
            "min": 0.7647973316750523,
            "max": 0.8254564983888293
        },
        "brier": {
            "per_fold": [
                0.09311274645273934,
                0.0911641095451948,
                0.09354889198670044,
                0.09280479532065061,
                0.08798702874336886
            ],
            "mean": 0.09172351440973081,
            "std": 0.002034964191996487,
            "min": 0.08798702874336886,
            "max": 0.09354889198670044
        },
        "f1": {
            "per_fold": [
                0.0,
                0.0,
                0.10526315789473684,
                0.10909090909090909,
                0.07547169811320754
            ],
            "mean": 0.05796515301977069,
            "std": 0.048738775629507285,
            "min": 0.0,
            "max": 0.10909090909090909
        }
    },
    "method_comparison": {
        "weighted_avg": {
            "auc": 0.7842939974250241,
            "brier": 0.09319149480411071,
            "score": 0.5172808795094508,
            "calibration": null
        },
        "weighted_avg+isotonic": {
            "auc": 0.775218557833419,
            "brier": 0.09170630709747295,
            "score": 0.5174660669308648,
            "calibration": "isotonic"
        },
        "weighted_avg+platt": {
            "auc": 0.7836254940622496,
            "brier": 0.09332395362488899,
            "score": 0.5163776167750366,
            "calibration": "platt"
        },
        "logistic": {
            "auc": 0.783542440615309,
            "brier": 0.1877413492495253,
            "score": 0.1583847894280468,
            "calibration": null
        },
        "logistic+isotonic": {
            "auc": 0.7735990690471688,