{
    "best_method": "weighted_avg",
    "base_models": {
        "CatBoost": {
            "auc": {
                "per_fold": [
                    0.7728605254256398,
                    0.7822160664819945,
                    0.7565153485216801,
                    0.7435129176324269,
                    0.8110690259483294
                ],
                "mean": 0.7732347768020141,
                "std": 0.02313076838927712,
                "min": 0.7435129176324269,
                "max": 0.8110690259483294
            },
            "brier": {
                "per_fold": [
                    0.09102622567873934,
                    0.09234107270477983,
                    0.09583242519506008,
                    0.09565614421765943,
                    0.09284368518456343
                ],
                "mean": 0.09353991059616043,
                "std": 0.00189602858124894,
                "min": 0.09102622567873934,
                "max": 0.09583242519506008
            },
            "f1": {
                "per_fold": [
                    0.14545454545454545,
                    0.21875,
                    0.2033898305084746,
                    0.14035087719298245,
                    0.07142857142857142
                ],
                "mean": 0.15587476491691477,
                "std": 0.05232916644339633,
                "min": 0.07142857142857142,
                "max": 0.21875
            }
        },
        "XGBoost": {
            "auc": {
                "per_fold": [
                    0.7571879580561506,
                    0.769972299168975,
                    0.7517666346316919,
                    0.7687263270959354,
                    0.832042512295777
                ],
                "mean": 0.775939146249706,
                "std": 0.028882981433786974,
                "min": 0.7517666346316919,
                "max": 0.832042512295777
            },
            "brier": {
                "per_fold": [
                    0.11193269667217033,
                    0.11090041639414706,
                    0.11719252593307589,
                    0.1151493180307323,
                    0.09625897862448812
                ],
                "mean": 0.11028678713092274,
                "std": 0.0073647594086843175,
                "min": 0.09625897862448812,
                "max": 0.11719252593307589
            },
            "f1": {
                "per_fold": [
                    0.32,
                    0.35051546391752575,
                    0.2828282828282828,
                    0.3,
                    0.38202247191011235
                ],
                "mean": 0.3270732437311842,
                "std": 0.035523409839239656,
                "min": 0.2828282828282828,
                "max": 0.38202247191011235
            }
        },
        "LightGBM": {
            "auc": {
                "per_fold": [
                    0.755778554515729,
                    0.7425484764542936,
                    0.7441347730227825,
                    0.7588331731584601,
                    0.8233365368307988
                ],
                "mean": 0.7649263027964128,
                "std": 0.02988517287709473,
                "min": 0.7425484764542936,
                "max": 0.8233365368307988
            },
            "brier": {
                "per_fold": [
                    0.10627863115754578,
                    0.10849648556446069,
                    0.11022338557759852,
                    0.10654070299956422,
                    0.09982919544372151
                ],
                "mean": 0.10627368014857815,
                "std": 0.0035254431131271817,
                "min": 0.09982919544372151,
                "max": 0.11022338557759852
            },
            "f1": {
                "per_fold": [
                    0.2823529411764706,
                    0.3170731707317073,
                    0.35294117647058826,
                    0.36585365853658536,
                    0.29333333333333333
                ],
                "mean": 0.322310856049737,
                "std": 0.032551366511353416,
                "min": 0.2823529411764706,
                "max": 0.36585365853658536
            }
        },
        "RandomForest": {
            "auc": {
                "per_fold": [
                    0.7489570413800879,
                    0.7850415512465375,
                    0.7681044717055798,
                    0.7626773701170219,
                    0.8196054044886653
                ],
                "mean": 0.7768771677875785,
                "std": 0.024291921611478726,
                "min": 0.7489570413800879,
                "max": 0.8196054044886653
            },
            "brier": {
                "per_fold": [
                    0.10420213127297918,
                    0.09981056873210133,
                    0.10510059236082536,
                    0.10194847205489897,
                    0.09500750897067306
                ],
                "mean": 0.1012138546782956,
                "std": 0.0036073294276638846,
                "min": 0.09500750897067306,
                "max": 0.10510059236082536
            },
            "f1": {
                "per_fold": [
                    0.2857142857142857,
                    0.37037037037037035,
                    0.2597402597402597,
                    0.2857142857142857,
                    0.24
                ],
                "mean": 0.2883078403078403,
                "std": 0.04449149578473655,
                "min": 0.24,
                "max": 0.37037037037037035
            }
        }
    },
    "ensemble": {
        "auc": {
            "per_fold": [
                0.7571879580561506,
                0.769972299168975,
                0.7517666346316919,
                0.7687263270959354,
                0.832042512295777
            ],
            "mean": 0.775939146249706,
            "std": 0.028882981433786974,
            "min": 0.7517666346316919,
            "max": 0.832042512295777
        },
        "brier": {
            "per_fold": [
                0.11193269667217019,
                0.11090041639414706,
                0.1171925259330745,
                0.11514931803073084,
                0.09625897862448791
            ],
            "mean": 0.1102867871309221,
            "std": 0.007364759408683936,
            "min": 0.09625897862448791,
            "max": 0.1171925259330745
        },
        "f1": {
            "per_fold": [
                0.32,
                0.35051546391752575,
                0.2828282828282828,
                0.3,
                0.38202247191011235
            ],
            "mean": 0.3270732437311842,
            "std": 0.035523409839239656,
            "min": 0.2828282828282828,
            "max": 0.38202247191011235
        }
    },
    "method_comparison": {
        "weighted_avg": {
            "auc": 0.7851403181805906,
            "brier": 0.09225588896585761,
            "score": 0.5213356195769365,
            "calibration": null
        },
        "weighted_avg+isotonic": {
            "auc": 0.7758791832104368,
            "brier": 0.09234217412150572,
            "score": 0.5154518254939536,
            "calibration": "isotonic"
        },
        "weighted_avg+platt": {
            "auc": 0.7848364530156929,
            "brier": 0.09385264120642052,
            "score": 0.515099900297617,
            "calibration": "platt"
        },
        "logistic": {
            "auc": 0.7846125128798402,
            "brier": 0.19074176819876984,
            "score": 0.1476520332736162,
            "calibration": null
        },
        "logistic+isotonic": {
            "auc": 0.77021491145144,
            "brier": 0.09398788202650454,
            "score": 0.5058142678870514,
            "calibration": "isotonic"
        },
        "logistic+platt": {
            "auc": 0.778608342561831,
            "brier": 0.09296708953257402,