{
    "CatBoost_Params": {
        "iterations": 1922,
        "depth": 8,
        "learning_rate": 0.08003560824793605,
        "l2_leaf_reg": 1.2696514778560393,
        "random_strength": 5.004831139374058,
        "bagging_temperature": 0.00033923503092138374,
        "border_count": 119,
        "loss_function": "Focal:focal_alpha=0.22398974148091846;focal_gamma=1.004882978344712",
        "eval_metric": "AUC",
        "random_state": 42,
        "verbose": false,
        "thread_count": -1
    },
    "XGBoost_Params": {
        "n_estimators": 435,
        "max_depth": 7,
        "learning_rate": 0.03468364875333358,
        "subsample": 0.8902184967401463,
        "colsample_bytree": 0.8048786872181023,
        "gamma": 1.1119979802505453,
        "min_child_weight": 8,
        "reg_alpha": 0.011011914024541124,
        "reg_lambda": 0.04509530491732779,
        "max_delta_step": 2.8938700019678585,
        "scale_pos_weight": 10.161024009986132,
        "objective": "binary:logistic",
        "eval_metric": "auc",
        "random_state": 42,
        "n_jobs": -1,
        "use_label_encoder": false
    },
    "LightGBM_Params": {
        "boosting_type": "gbdt",
        "n_estimators": 938,
        "num_leaves": 74,
        "learning_rate": 0.020295137820581986,
        "max_depth": 8,
        "min_child_samples": 33,
        "colsample_bytree": 0.7027691870899202,
        "reg_alpha": 3.715239140794339,
        "reg_lambda": 0.10315508797900878,
        "subsample": 0.7136569615488307,
        "subsample_freq": 2,
        "is_unbalance": true,
        "objective": "binary",
        "metric": "auc",
        "random_state": 42,
        "n_jobs": -1,
        "verbosity": -1
    },
    "RandomForest_Params": {
        "n_estimators": 258,
        "max_depth": 24,
        "min_samples_split": 20,
        "min_samples_leaf": 8,
        "max_features": 0.7,
        "class_weight": "balanced_subsample",
        "max_samples": 0.9985885209932096,
        "min_impurity_decrease": 0.0009767047929473954,
        "ccp_alpha": 0.0030704888091676835,
        "bootstrap": true,
        "random_state": 42,
        "n_jobs": -1
    },
    "Ensemble_Weights": {
        "Cat": 4.419381527398514e-15,
        "XGB": 1.5515366769136563e-14,
        "LGBM": 1.7515849881633005e-14,
        "RF": 0.9999999999999625
    }
}