{
    "tearsense": {
        "model_serial": "05022026_154913_61897",
        "holdout_n": 514,
        "inference_verified": true,
        "stored_AUC": 0.7742916078601673,
        "stored_Brier": 0.09820334104262851,
        "stored_threshold": 0.4100000000000001,
        "AUC": 0.7742916078601673,
        "Brier_Score": 0.09820334094323621,
        "Calibration_Slope": 0.5829754374539742,
        "Calibration_Intercept": -0.9474587265406639,
        "Net_Benefit": 0.05838502636771317,
        "Optimal_Threshold_Used": 0.09439461827278244,
        "Youden_J_Threshold": 0.09439461827278244,
        "F1_Score": 0.34686346863468637,
        "Sensitivity_Recall": 0.7704918032786885,
        "Specificity": 0.6401766004415012,
        "PPV_Precision": 0.22380952380952382,
        "NPV": 0.9539473684210527,
        "Confusion_Matrix": {
            "TP": 47,
            "TN": 290,
            "FP": 163,
            "FN": 14
        },
        "AUC_95CI": [
            0.7086146940005305,
            0.8370906711147058
        ],
        "AUC_Text": "0.7743 (0.7086-0.8371)",
        "Brier_Score_95CI": [
            0.07915976862461584,
            0.11672101823614493
        ],
        "Brier_Score_Text": "0.0982 (0.0792-0.1167)",
        "F1_Score_95CI": [
            0.27091034358805377,
            0.4222300469483568
        ],
        "F1_Score_Text": "0.3469 (0.2709-0.4222)",
        "Sensitivity_Recall_95CI": [
            0.6666666666666666,
            0.8730654761904761
        ],
        "Sensitivity_Recall_Text": "0.7705 (0.6667-0.8731)",
        "Specificity_95CI": [
            0.596442766680545,
            0.6843356601634748
        ],
        "Specificity_Text": "0.6402 (0.5964-0.6843)",
        "PPV_Precision_95CI": [
            0.16899327784891166,
            0.28500060386473425
        ],
        "PPV_Precision_Text": "0.2238 (0.1690-0.2850)",
        "NPV_95CI": [
            0.9296614549683422,
            0.9768250043569188
        ],
        "NPV_Text": "0.9539 (0.9297-0.9768)",
        "Net_Benefit_95CI": [
            0.03353286752588528,
            0.08538248931003485
        ],
        "Net_Benefit_Text": "0.0584 (0.0335-0.0854)",
        "Calibration_Slope_95CI": [
            0.4388838219957419,
            0.7540152890940636
        ],
        "Calibration_Slope_Text": "0.5830 (0.4389-0.7540)"
    },
    "logistic_regression": {
        "AUC": 0.8106611659971772,
        "Brier_Score": 0.17485229610280642,
        "F1_Score": 0.3861003861003861,
        "Sensitivity_Recall": 0.819672131147541,
        "Specificity": 0.673289183222958,
        "PPV_Precision": 0.25252525252525254,
        "NPV": 0.9651898734177216,
        "Net_Benefit": -0.12066993337223451,
        "Calibration_Slope": 0.8821582035791161,
        "Calibration_Intercept": -1.9580869173522404,
        "Threshold_Used": 0.43082252713213315,
        "Confusion_Matrix": {
            "TP": 50,
            "TN": 305,
            "FP": 148,
            "FN": 11
        },
        "AUC_95CI": [
            0.7521794662966538,
            0.8631149614337568
        ],
        "Brier_Score_95CI": [
            0.15675797066713185,
            0.19277571042690916
        ],
        "F1_Score_95CI": [
            0.309478021978022,
            0.4545624151967435
        ],
        "Sensitivity_Recall_95CI": [
            0.7212933944069432,
            0.9111403508771929
        ],
        "Specificity_95CI": [
            0.6296276469188675,
            0.715232159296766
        ],
        "PPV_Precision_95CI": [
            0.19288327256261767,
            0.31156296186816435
        ],
        "NPV_95CI": [
            0.9438819353633476,
            0.984178463043565
        ],
        "Net_Benefit_95CI": [
            -0.16230365857180526,
            -0.07807198326155126
        ],
        "Calibration_Slope_95CI": [
            0.6671257244850478,
            1.1635364636314967
        ]
    },
    "lr_formula": "z = -0.7181 + 1.1932 \u00d7 tear_characteristics_Tear_MedLat + 0.7155 \u00d7 tear_characteristics_Full_3.0\n    - 0.7025 \u00d7 Tear_Area_cm2 + 0.4783 \u00d7 Tear_AP_ML_Ratio + 0.4497 \u00d7 InsuranceType_5.0\n    + 0.3984 \u00d7 Aged + 0.3697 \u00d7 tear_characteristics_Full_nan + 0.3136 \u00d7 Gender_M + 0.3018 \u00d7 Pre-Op_ROM_Pre-Op_IR + 0.2575 \u00d7 tear_characteristics_Tear_AntPost\n    + ... (30 more terms)\n\nP(retear) = 1 / (1 + exp(-z))",
    "comparison": {
        "AUC_difference": -0.03636955813700993,
        "Brier_difference": -0.07664895515957021,
        "TearSense_better_AUC": false,
        "TearSense_better_Brier": true
    }
}