{
    "CatBoost_Params": {
        "iterations": 507,
        "depth": 6,
        "learning_rate": 0.14850233452231903,
        "l2_leaf_reg": 5.463273275139088,
        "random_strength": 5.639123889387801,
        "bagging_temperature": 0.7363543020928575,
        "border_count": 34,
        "loss_function": "Focal:focal_alpha=0.1911770827469026;focal_gamma=1.1320430755450155",
        "eval_metric": "AUC",
        "random_state": 42,
        "verbose": false,
        "thread_count": -1
    },
    "XGBoost_Params": {
        "n_estimators": 816,
        "max_depth": 10,
        "learning_rate": 0.02120185184911753,
        "subsample": 0.6924797460775638,
        "colsample_bytree": 0.9023976340030615,
        "gamma": 4.979477860185448,
        "min_child_weight": 5,
        "reg_alpha": 0.013482480669361224,
        "reg_lambda": 0.013177976046272038,
        "max_delta_step": 3.865626427763758,
        "scale_pos_weight": 7.610877122483641,
        "objective": "binary:logistic",
        "eval_metric": "auc",
        "random_state": 42,
        "n_jobs": -1,
        "use_label_encoder": false
    },
    "LightGBM_Params": {
        "boosting_type": "dart",
        "n_estimators": 922,
        "num_leaves": 72,
        "learning_rate": 0.08500330569198822,
        "max_depth": 11,
        "min_child_samples": 48,
        "colsample_bytree": 0.7303042430304663,
        "reg_alpha": 0.018900938828952954,
        "reg_lambda": 0.008363877572174891,
        "subsample": 0.7037294334782336,
        "subsample_freq": 3,
        "drop_rate": 0.0722741462122715,
        "skip_drop": 0.4670047984093222,
        "scale_pos_weight": 15.589767213359185,
        "objective": "binary",
        "metric": "auc",
        "random_state": 42,
        "n_jobs": -1,
        "verbosity": -1
    },
    "RandomForest_Params": {
        "n_estimators": 464,
        "max_depth": 14,
        "min_samples_split": 11,
        "min_samples_leaf": 3,
        "max_features": 0.5,
        "class_weight": "balanced",
        "max_samples": 0.6099079595222254,
        "min_impurity_decrease": 0.0015118201784404795,
        "ccp_alpha": 0.001688325201113556,
        "bootstrap": true,
        "random_state": 42,
        "n_jobs": -1
    },
    "Ensemble_Weights": {
        "Cat": 0.25251591205596924,
        "XGB": 0.37629255652427673,
        "LGBM": 0.20752380788326263,
        "RF": 0.16366778314113617
    }
}