{
    "best_method": "weighted_avg",
    "base_models": {
        "CatBoost": {
            "auc": {
                "per_fold": [
                    0.7278159882737625,
                    0.7352354570637119,
                    0.7238962066821188,
                    0.7345808129345921,
                    0.7876646503476736
                ],
                "mean": 0.7418386230603717,
                "std": 0.02330178953551454,
                "min": 0.7238962066821188,
                "max": 0.7876646503476736
            },
            "brier": {
                "per_fold": [
                    0.09855807874851702,
                    0.10112783633032536,
                    0.10160376510029998,
                    0.0981392480245248,
                    0.09764396772611901
                ],
                "mean": 0.09941457918595722,
                "std": 0.0016262172378038202,
                "min": 0.09764396772611901,
                "max": 0.10160376510029998
            },
            "f1": {
                "per_fold": [
                    0.25,
                    0.24242424242424243,
                    0.2153846153846154,
                    0.24615384615384617,
                    0.16129032258064516
                ],
                "mean": 0.22305060530866982,
                "std": 0.03319176810905517,
                "min": 0.16129032258064516,
                "max": 0.25
            }
        },
        "XGBoost": {
            "auc": {
                "per_fold": [
                    0.7181756680572782,
                    0.7801662049861496,
                    0.7375770252699417,
                    0.7603030131720279,
                    0.8033240997229917
                ],
                "mean": 0.7599092022416778,
                "std": 0.030118992593939086,
                "min": 0.7181756680572782,
                "max": 0.8033240997229917
            },
            "brier": {
                "per_fold": [
                    0.13014393900502533,
                    0.12040542522780429,
                    0.12032418885733265,
                    0.12376082380709548,
                    0.10980804084012967
                ],
                "mean": 0.12088848354747747,
                "std": 0.006591536675495677,
                "min": 0.10980804084012967,
                "max": 0.13014393900502533
            },
            "f1": {
                "per_fold": [
                    0.3148148148148148,
                    0.3652173913043478,
                    0.34951456310679613,
                    0.35714285714285715,
                    0.4
                ],
                "mean": 0.3573379252737632,
                "std": 0.027391957123029026,
                "min": 0.3148148148148148,
                "max": 0.4
            }
        },
        "LightGBM": {
            "auc": {
                "per_fold": [
                    0.739936858721389,
                    0.7455401662049862,
                    0.7378031545027983,
                    0.7409689637627905,
                    0.8239583922211543
                ],
                "mean": 0.7576415070826237,
                "std": 0.03325465444999237,
                "min": 0.7378031545027983,
                "max": 0.8239583922211543
            },
            "brier": {
                "per_fold": [
                    0.10892914077096763,
                    0.10645052464844663,
                    0.11202384562771728,
                    0.10802969036627368,
                    0.09828469718453081
                ],
                "mean": 0.10674357971958721,
                "std": 0.004603271462384016,
                "min": 0.09828469718453081,
                "max": 0.11202384562771728
            },
            "f1": {
                "per_fold": [
                    0.24096385542168675,
                    0.3,
                    0.2926829268292683,
                    0.3,
                    0.26666666666666666
                ],
                "mean": 0.28006268978352433,
                "std": 0.02307568133004325,
                "min": 0.24096385542168675,
                "max": 0.3
            }
        },
        "RandomForest": {
            "auc": {
                "per_fold": [
                    0.7554966738076445,
                    0.7930193905817174,
                    0.7751144779241337,
                    0.7616597885691673,
                    0.8201707275708068
                ],
                "mean": 0.781092211690694,
                "std": 0.02340030738503768,
                "min": 0.7554966738076445,
                "max": 0.8201707275708068
            },
            "brier": {
                "per_fold": [
                    0.09848179257560404,
                    0.09423840932098917,
                    0.09957292221588808,
                    0.09681434919498069,
                    0.09109578842790507
                ],
                "mean": 0.0960406523470734,
                "std": 0.0030572687797480406,
                "min": 0.09109578842790507,
                "max": 0.09957292221588808
            },
            "f1": {
                "per_fold": [
                    0.2727272727272727,
                    0.30985915492957744,
                    0.1791044776119403,
                    0.29411764705882354,
                    0.24615384615384617
                ],
                "mean": 0.26039247969629203,
                "std": 0.04592812637024258,
                "min": 0.1791044776119403,
                "max": 0.30985915492957744
            }
        }
    },
    "ensemble": {
        "auc": {
            "per_fold": [
                0.7181756680572782,
                0.7801662049861496,
                0.7375770252699417,
                0.7603030131720279,
                0.8033240997229917
            ],
            "mean": 0.7599092022416778,
            "std": 0.030118992593939086,
            "min": 0.7181756680572782,
            "max": 0.8033240997229917
        },
        "brier": {
            "per_fold": [
                0.13014393900502533,
                0.12040542522780429,
                0.12032418885733143,
                0.12376082380708886,
                0.10980804084012946
            ],
            "mean": 0.12088848354747586,
            "std": 0.006591536675495191,
            "min": 0.10980804084012946,
            "max": 0.13014393900502533
        },
        "f1": {
            "per_fold": [
                0.3148148148148148,
                0.3652173913043478,
                0.34951456310679613,
                0.35714285714285715,
                0.4
            ],
            "mean": 0.3573379252737632,
            "std": 0.027391957123029026,
            "min": 0.3148148148148148,
            "max": 0.4
        }
    },
    "method_comparison": {
        "weighted_avg": {
            "auc": 0.7812215829799495,
            "brier": 0.09362686959078846,
            "score": 0.5137868943688956,
            "calibration": null
        },
        "weighted_avg+isotonic": {
            "auc": 0.7743643590920959,
            "brier": 0.09287983711373837,
            "score": 0.5125046127594858,
            "calibration": "isotonic"
        },
        "weighted_avg+platt": {
            "auc": 0.7809424771988585,
            "brier": 0.09399110487605845,
            "score": 0.5122385892859044,
            "calibration": "platt"
        },
        "logistic": {
            "auc": 0.7807125232180688,
            "brier": 0.19176146620711282,
            "score": 0.14144629252418878,
            "calibration": null
        },
        "logistic+isotonic": {
            "auc": 0.7621219692263368,