{
    "serial_number": "06022026_102618_70073",
    "n_test": 514,
    "prevalence": 0.11867704280155641,
    "tearsense": {
        "model": "TearSense",
        "AUC": 0.7827416494770745,
        "Brier": 0.08740124851465225,
        "F1_Score": 0.43902439024390244,
        "Sensitivity": 0.5901639344262295,
        "Specificity": 0.8520971302428256,
        "PPV": 0.34951456310679613,
        "NPV": 0.9391727493917275,
        "Net_Benefit_at_Youden": 0.04557786352957814,
        "Calibration_Slope": 1.0002078130821581,
        "Calibration_Intercept": 0.02923815438387257,
        "Youden_Threshold": 0.15800562500953674,
        "Confusion_Matrix": {
            "TP": 36,
            "TN": 386,
            "FP": 67,
            "FN": 25
        }
    },
    "logistic_regression": {
        "model": "Logistic Regression",
        "AUC": 0.8106611659971772,
        "Brier": 0.17485229610280642,
        "F1_Score": 0.3861003861003861,
        "Sensitivity": 0.819672131147541,
        "Specificity": 0.673289183222958,
        "PPV": 0.25252525252525254,
        "NPV": 0.9651898734177216,
        "Net_Benefit_at_Youden": -0.12066993337223451,
        "Calibration_Slope": 0.8821582035791161,
        "Calibration_Intercept": -1.9580869173522404,
        "Youden_Threshold": 0.43082252713213315,
        "Confusion_Matrix": {
            "TP": 50,
            "TN": 305,
            "FP": 148,
            "FN": 11
        }
    },
    "comparison": {
        "AUC_difference": -0.027919516520102716,
        "Brier_difference": -0.08745104758815417,
        "TearSense_better_AUC": false,
        "TearSense_better_Brier": true,
        "AUC_relative_improvement_pct": -3.4440426766662133
    }
}