{
    "evaluation_type": "end_to_end_pipeline",
    "description": "Holdout test set (n=514) evaluated through the FULL production inference pipeline. fold_models predict \u2192 average \u2192 meta-features \u2192 meta-learner \u2192 calibrate \u2192 score. These are the metrics of the actual deployed model.",
    "pipeline": "fold_ensemble \u2192 13 meta-features \u2192 xgb_meta \u2192 threshold",
    "best_method": "xgb_meta",
    "holdout_n": 514,
    "cross_check_vs_trainMeta": true,
    "final_model": {
        "AUC": 0.7927297072341042,
        "AUC_95CI": [
            0.7292324132824323,
            0.8535251260848467
        ],
        "Brier": 0.08652937325083636,
        "Brier_95CI": [
            0.06831613546342152,
            0.1045946347326417
        ],
        "optimal_threshold": 0.14418953657150269,
        "clinical_metrics": {
            "sensitivity": 0.639344262295082,
            "specificity": 0.7947019867549668,
            "ppv": 0.29545454545454547,
            "npv": 0.9424083769633508,
            "tp": 39,
            "tn": 360,
            "fp": 93,
            "fn": 22
        }
    },
    "decision_curve_analysis": {
        "thresholds": [
            0.01,
            0.02,
            0.03,
            0.04,
            0.05,
            0.060000000000000005,
            0.06999999999999999,
            0.08,
            0.09,
            0.09999999999999999,
            0.11,
            0.12,
            0.13,
            0.14,
            0.15000000000000002,
            0.16,
            0.17,
            0.18000000000000002,
            0.19,
            0.2,
            0.21000000000000002,
            0.22,
            0.23,
            0.24000000000000002,
            0.25,
            0.26,
            0.27,
            0.28,
            0.29000000000000004,
            0.3,
            0.31,
            0.32,
            0.33,
            0.34,
            0.35000000000000003,
            0.36000000000000004,
            0.37,
            0.38,
            0.39,
            0.4,
            0.41000000000000003,
            0.42000000000000004,
            0.43,
            0.44,
            0.45,
            0.46,
            0.47000000000000003,
            0.48000000000000004,
            0.49,
            0.5,
            0.51,
            0.52,
            0.53,
            0.54,
            0.55,
            0.56,
            0.5700000000000001,
            0.5800000000000001,
            0.59,
            0.6,
            0.61,
            0.62,
            0.63,
            0.64,
            0.65,
            0.66,
            0.67,
            0.68,
            0.6900000000000001,
            0.7000000000000001,
            0.7100000000000001,
            0.72,
            0.73,
            0.74,
            0.75,
            0.76,
            0.77,
            0.78,
            0.79,
            0.8,
            0.81,
            0.8200000000000001,
            0.8300000000000001,
            0.8400000000000001,
            0.85,
            0.86,
            0.87,
            0.88,
            0.89,
            0.9,
            0.91,
            0.92,
            0.93,
            0.9400000000000001,
            0.9500000000000001,
            0.9600000000000001,
            0.97,
            0.98,
            0.99
        ],
        "net_benefit_model": [
            0.10977479070864285,
            0.10180258873977607,
            0.09531068233783946,
            0.08260376134889753,
            0.07904976448904362,
            0.07347462538289593,
            0.07056190117568303,
            0.06800879715784132,
            0.063838884850558,
            0.05944660613921314,
            0.05462772701438377,
            0.04925716307039265,
            0.044210385079833624,
            0.046104424938919544,
            0.04074158846417943,
            0.03974430239021678,
            0.03984810838685481,
            0.03468729239821581,
            0.031776913099870296,
            0.030642023346303504,
            0.02952765601142688,
            0.027835977252319666,
            0.027338420334529285,
            0.02764693835756707,
            0.02529182879377432,
            0.02424019350089389,
            0.023159746282181117,
            0.022805879809770856,
            0.024086151148133936,
            0.024735964424680377,
            0.022697795071335927,
            0.0217441062027924,
            0.01977466751843893,
            0.021813465393231927,
            0.01706076025142173,
            0.019455252918287935,
            0.01868321907232413,
            0.017886280908748588,
            0.017063213625055813,
            0.015564202334630347,
            0.018960627844094177,
            0.01328324164765866,
            0.009215646119189024,
            0.009032795997776542,
            0.006897771489211178,
            0.006413027813806024,
            0.008002349313559944,
            0.007931756958994313,
            0.007858396276798657,
            0.007782101167315175,
            0.007782101167315175,
            0.007782101167315175,
            0.007782101167315175,
            0.007782101167315175,
            0.007782101167315175,
            0.007782101167315175,
            0.007782101167315175,
            0.007782101167315175,
            0.007782101167315175,
            0.007782101167315175,
            0.007782101167315175,
            0.007782101167315175,
            0.007782101167315175,
            0.007782101167315175,
            0.007782101167315175,
            0.007782101167315175,
            0.005836575875486381,
            0.005836575875486381,
            0.005836575875486381,
            0.005836575875486381,
            0.005836575875486381,
            0.005836575875486381,
            0.005836575875486381,
            0.0,
            0.0,
            0.0,
            0.0,
            0.0,
            0.0,
            0.0,
            0.0,
            0.0,
            0.0,
            0.0,
            0.0,
            0.0,
            0.0,
            0.0,
            0.0,
            0.0,
            0.0,
            0.0,
            0.0,
            0.0,
            0.0,
            0.0,
            0.0,
            0.0,
            0.0
        ],