{
    "Final_Model": {
        "AUC": 0.7927297072341042,
        "AUC_95CI_lower": 0.7292324132824323,
        "AUC_95CI_upper": 0.8535251260848467,
        "Brier": 0.08652937325083636,
        "Brier_95CI_lower": 0.06831613546342152,
        "Brier_95CI_upper": 0.1045946347326417,
        "Best_Method": "xgb_meta",
        "Optimal_Threshold": 0.17000000000000004
    },
    "Individual_Assessment_Test": {
        "CatBoost": {
            "AUC": 0.7963666630478052,
            "Brier": 0.09106260369604967
        },
        "XGBoost": {
            "AUC": 0.7798284659646075,
            "Brier": 0.09260078342656777
        },
        "LightGBM": {
            "AUC": 0.7659682263959757,
            "Brier": 0.09460303764172213
        },
        "RandomForest": {
            "AUC": 0.7732421380233779,
            "Brier": 0.09753394097021816
        }
    },
    "Self_Assessment_CV": {
        "CatBoost": {
            "AUC": 0.801591472554189,
            "Brier": 0.0942086682766005
        },
        "XGBoost": {
            "AUC": 0.7622591147415333,
            "Brier": 0.12530867811937837
        },
        "LightGBM": {
            "AUC": 0.7655271906347516,
            "Brier": 0.10612100037158508
        },
        "RandomForest": {
            "AUC": 0.7770371660884858,
            "Brier": 0.1045039450941313
        }
    },
    "Ensemble_Weights": {
        "CatBoost": 0.658195972442627,
        "XGBoost": 0.11355876922607422,
        "LightGBM": 0.0,
        "RandomForest": 0.22824521362781525
    }
}