{
    "evaluation_type": "end_to_end_pipeline",
    "description": "Holdout test set (n=514) evaluated through the FULL production inference pipeline. fold_models predict \u2192 average \u2192 meta-features \u2192 meta-learner \u2192 calibrate \u2192 score. These are the metrics of the actual deployed model.",
    "pipeline": "fold_ensemble \u2192 weighted_avg \u2192 threshold",
    "best_method": "weighted_avg",
    "holdout_n": 514,
    "cross_check_vs_trainMeta": true,
    "final_model": {
        "AUC": 0.7666196214670863,
        "AUC_95CI": [
            0.7000902615363993,
            0.8297094414066041
        ],
        "Brier": 0.0897239212302186,
        "Brier_95CI": [
            0.06884785357375448,
            0.10952920753222893
        ],
        "optimal_threshold": 0.07718213368208846,
        "clinical_metrics": {
            "sensitivity": 0.6065573770491803,
            "specificity": 0.7792494481236203,
            "ppv": 0.27007299270072993,
            "npv": 0.9363395225464191,
            "tp": 37,
            "tn": 353,
            "fp": 100,
            "fn": 24
        }
    },
    "decision_curve_analysis": {
        "thresholds": [
            0.01,
            0.02,
            0.03,
            0.04,
            0.05,
            0.060000000000000005,
            0.06999999999999999,
            0.08,
            0.09,
            0.09999999999999999,
            0.11,
            0.12,
            0.13,
            0.14,
            0.15000000000000002,
            0.16,
            0.17,
            0.18000000000000002,
            0.19,
            0.2,
            0.21000000000000002,
            0.22,
            0.23,
            0.24000000000000002,
            0.25,
            0.26,
            0.27,
            0.28,
            0.29000000000000004,
            0.3,
            0.31,
            0.32,
            0.33,
            0.34,
            0.35000000000000003,
            0.36000000000000004,
            0.37,
            0.38,
            0.39,
            0.4,
            0.41000000000000003,
            0.42000000000000004,
            0.43,
            0.44,
            0.45,
            0.46,
            0.47000000000000003,
            0.48000000000000004,
            0.49,
            0.5,
            0.51,
            0.52,
            0.53,
            0.54,
            0.55,
            0.56,
            0.5700000000000001,
            0.5800000000000001,
            0.59,
            0.6,
            0.61,
            0.62,
            0.63,
            0.64,
            0.65,
            0.66,
            0.67,
            0.68,
            0.6900000000000001,
            0.7000000000000001,
            0.7100000000000001,
            0.72,
            0.73,
            0.74,
            0.75,
            0.76,
            0.77,
            0.78,
            0.79,
            0.8,
            0.81,
            0.8200000000000001,
            0.8300000000000001,
            0.8400000000000001,
            0.85,
            0.86,
            0.87,
            0.88,
            0.89,
            0.9,
            0.91,
            0.92,
            0.93,
            0.9400000000000001,
            0.9500000000000001,
            0.9600000000000001,
            0.97,
            0.98,
            0.99
        ],
        "net_benefit_model": [
            0.10158000235821246,
            0.08838243468593664,
            0.08018773316218059,
            0.06906614785992218,
            0.06369035429039525,
            0.058158787979137344,
            0.055583448391280696,
            0.05362882760954153,
            0.0488305468850216,
            0.0438824038045828,
            0.03912910418397237,
            0.03767244428723028,
            0.0362717473947851,
            0.034928965704461135,
            0.0336461432822156,
            0.03242542153047989,
            0.031269045051802544,
            0.03188763405143778,
            0.03052793390017774,
            0.02529182879377432,
            0.024996305964635767,
            0.02594033722438392,
            0.024837030673606552,
            0.024370264181855415,
            0.023994811932555128,
            0.024397938794825953,
            0.021587335429881137,
            0.024535235624729788,
            0.023565517619334682,
            0.024735964424680377,
            0.026109513336716853,
            0.02677958342870222,
            0.027585806376676923,
            0.025586605353142312,
            0.024693205627057763,
            0.019820038910505832,
            0.01800382928787598,
            0.019392494037906365,
            0.0209542642087134,
            0.02140077821011673,
            0.021928378289256742,
            0.022541258553602575,
            0.02177623045941703,
            0.020983879933296277,
            0.02175451008135833,
            0.022625738579045974,
            0.02165773438073563,
            0.019006285543250522,
            0.020141908903639278,
            0.017509727626459144,
            0.016874454061780352,
            0.016212710765239946,
            0.015522808179485054,
            0.01285738453730333,
            0.01210549070471249,
            0.009373894587902366,
            0.008551262329200972,
            0.007689457105799512,
            0.0067856126032077475,
            0.005836575875486385,
            0.007881871695101267,
            0.0069629326233872635,
            0.005994321169418448,
            0.006485084306095977,
            0.005558643690939408,
            0.0006866559853513365,
            -0.00035373187124160266,
            -0.0014591439688716006,
            -0.002635872976026115,
            -0.0038910505836575945,
            -0.005232792164229182,
            -0.0016675931072818208,
            -0.006845366767545751,
            -0.002693804250224481,
            -0.0038910505836575876,
            -0.005188067444876786,
            -8.45880561664708e-05,
            -0.0031835868411743927,
            -0.004446914952751534,
            -0.005836575875486385,
            -0.007372516895351226,
            -0.00907911802853438,
            -0.01293202105745023,
            -0.015077821011673171,
            -0.017509727626459144,
            -0.02223457476375764,
            -0.01242143070936845,
            -0.014915693904020755,
            -0.002122391227449595,
            -0.003891050583657591,
            -0.007998270644185047,
            -0.01070038910505838,
            0.009727626459143969,
            0.009727626459143969,
            0.005836575875486381,
            0.005836575875486381,
            0.0038910505836575876,
            0.0038910505836575876,
            0.0
        ],