{
    "tearsense": {
        "AUC": 0.7666196214670863,
        "Brier": 0.0897239212302186
    },
    "logistic_regression": {
        "AUC": 0.8106611659971772,
        "Brier": 0.17485229610291242
    },
    "improvement": {
        "AUC_delta": -0.044041544530090904,
        "AUC_pct": -5.4327931788759525,
        "Brier_delta": -0.08512837487269381
    }
}