{
    "CatBoost_Params": {
        "iterations": 2042,
        "depth": 5,
        "learning_rate": 0.13563989971523563,
        "l2_leaf_reg": 2.463838130848532,
        "random_strength": 9.042124699744075,
        "bagging_temperature": 0.7960512664668766,
        "border_count": 101,
        "loss_function": "Focal:focal_alpha=0.14663738844552426;focal_gamma=1.1897538806327217",
        "eval_metric": "AUC",
        "random_state": 42,
        "verbose": false,
        "thread_count": -1
    },
    "XGBoost_Params": {
        "n_estimators": 892,
        "max_depth": 7,
        "learning_rate": 0.08751258034016574,
        "subsample": 0.7853925286406072,
        "colsample_bytree": 0.8406606856752229,
        "gamma": 2.284640207889268,
        "min_child_weight": 9,
        "reg_alpha": 0.19858469506142723,
        "reg_lambda": 0.4391740665384333,
        "max_delta_step": 2.9820638411298357,
        "scale_pos_weight": 9.49307321346113,
        "objective": "binary:logistic",
        "eval_metric": "auc",
        "random_state": 42,
        "n_jobs": -1,
        "use_label_encoder": false
    },
    "LightGBM_Params": {
        "boosting_type": "dart",
        "n_estimators": 1804,
        "num_leaves": 132,
        "learning_rate": 0.010667741399083407,
        "max_depth": 11,
        "min_child_samples": 12,
        "colsample_bytree": 0.9908011577292342,
        "reg_alpha": 0.0016468861928804128,
        "reg_lambda": 0.6152766275819382,
        "subsample": 0.5224841670166935,
        "subsample_freq": 2,
        "drop_rate": 0.18480567536991244,
        "skip_drop": 0.4860862545992502,
        "is_unbalance": true,
        "objective": "binary",
        "metric": "auc",
        "random_state": 42,
        "n_jobs": -1,
        "verbosity": -1
    },
    "RandomForest_Params": {
        "n_estimators": 296,
        "max_depth": 23,
        "min_samples_split": 11,
        "min_samples_leaf": 3,
        "max_features": "log2",
        "class_weight": "balanced_subsample",
        "max_samples": 0.5471974333300653,
        "min_impurity_decrease": 1.3588103030158977e-05,
        "ccp_alpha": 0.0001669812783578308,
        "bootstrap": true,
        "random_state": 42,
        "n_jobs": -1
    },
    "Ensemble_Weights": {
        "Cat": 0.32723706181327994,
        "XGB": 0.14623299059054737,
        "LGBM": 0.19941043914908377,
        "RF": 0.32711950844708887
    }
}