{
    "best_method": "weighted_avg",
    "base_models": {
        "CatBoost": {
            "auc": {
                "per_fold": [
                    0.7418536475363627,
                    0.7673684210526316,
                    0.747865905364916,
                    0.7354853298660184,
                    0.8107298320990446
                ],
                "mean": 0.7606606271837946,
                "std": 0.027214418106407977,
                "min": 0.7354853298660184,
                "max": 0.8107298320990446
            },
            "brier": {
                "per_fold": [
                    0.09281758733085337,
                    0.09648453810167296,
                    0.09940771309089644,
                    0.0965430293753812,
                    0.09143392760654638
                ],
                "mean": 0.09533735910107008,
                "std": 0.0028608903956180358,
                "min": 0.09143392760654638,
                "max": 0.09940771309089644
            },
            "f1": {
                "per_fold": [
                    0.23333333333333334,
                    0.24242424242424243,
                    0.16393442622950818,
                    0.16666666666666666,
                    0.13793103448275862
                ],
                "mean": 0.18885794062730182,
                "std": 0.04136325234781411,
                "min": 0.13793103448275862,
                "max": 0.24242424242424243
            }
        },
        "XGBoost": {
            "auc": {
                "per_fold": [
                    0.743826812492953,
                    0.7689750692520776,
                    0.7612640624116682,
                    0.7645994685963028,
                    0.829328961501498
                ],
                "mean": 0.7735988748509,
                "std": 0.029143557587194675,
                "min": 0.743826812492953,
                "max": 0.829328961501498
            },
            "brier": {
                "per_fold": [
                    0.10136512275730442,
                    0.10686646643052758,
                    0.1070018414027031,
                    0.10359962895802144,
                    0.09347613591882314
                ],
                "mean": 0.10246183909347595,
                "std": 0.004964928539001217,
                "min": 0.09347613591882314,
                "max": 0.1070018414027031
            },
            "f1": {
                "per_fold": [
                    0.3333333333333333,
                    0.3617021276595745,
                    0.33707865168539325,
                    0.32941176470588235,
                    0.22857142857142856
                ],
                "mean": 0.3180194611911224,
                "std": 0.04612304823184422,
                "min": 0.22857142857142856,
                "max": 0.3617021276595745
            }
        },
        "LightGBM": {
            "auc": {
                "per_fold": [
                    0.7562295636486639,
                    0.7476454293628809,
                    0.7541975238849001,
                    0.7522188930974052,
                    0.8311379953643507
                ],
                "mean": 0.7682858810716402,
                "std": 0.03155440133608786,
                "min": 0.7476454293628809,
                "max": 0.8311379953643507
            },
            "brier": {
                "per_fold": [
                    0.1004735642905738,
                    0.1081738710602075,
                    0.10740715477612871,
                    0.10461145010700074,
                    0.098434497540666
                ],
                "mean": 0.10382010755491536,
                "std": 0.0038118902006133906,
                "min": 0.098434497540666,
                "max": 0.1081738710602075
            },
            "f1": {
                "per_fold": [
                    0.358974358974359,
                    0.2716049382716049,
                    0.3333333333333333,
                    0.28205128205128205,
                    0.2535211267605634
                ],
                "mean": 0.29989700787822854,
                "std": 0.039693210388759295,
                "min": 0.2535211267605634,
                "max": 0.358974358974359
            }
        },
        "RandomForest": {
            "auc": {
                "per_fold": [
                    0.7494644266546397,
                    0.7850969529085873,
                    0.7663519701509413,
                    0.7627904347334501,
                    0.8217536322008028
                ],
                "mean": 0.7770914833296843,
                "std": 0.025067534700321296,
                "min": 0.7494644266546397,
                "max": 0.8217536322008028
            },
            "brier": {
                "per_fold": [
                    0.09632671547419101,
                    0.0927743610736751,
                    0.09754719038800841,
                    0.0944446889945451,
                    0.09022757678388396
                ],
                "mean": 0.09426410654286073,
                "std": 0.002591467507718113,
                "min": 0.09022757678388396,
                "max": 0.09754719038800841
            },
            "f1": {
                "per_fold": [
                    0.22950819672131148,
                    0.21875,
                    0.1875,
                    0.1694915254237288,
                    0.10344827586206896
                ],
                "mean": 0.18173959960142186,
                "std": 0.044641544586046245,
                "min": 0.10344827586206896,
                "max": 0.22950819672131148
            }
        }
    },
    "ensemble": {
        "auc": {
            "per_fold": [
                0.7562295636486639,
                0.7476454293628809,
                0.7541975238849001,
                0.7522188930974052,
                0.8339646107750579
            ],
            "mean": 0.7688512041537816,
            "std": 0.03268060749695196,
            "min": 0.7476454293628809,
            "max": 0.8339646107750579
        },
        "brier": {
            "per_fold": [
                0.1004735642905738,
                0.10817387106020747,
                0.10740715477612843,
                0.10461145010700074,
                0.09426814852054666
            ],
            "mean": 0.10298683775089143,
            "std": 0.005126713720207987,
            "min": 0.09426814852054666,
            "max": 0.10817387106020747
        },
        "f1": {
            "per_fold": [
                0.358974358974359,
                0.2716049382716049,
                0.3333333333333333,
                0.28205128205128205,
                0.17647058823529413
            ],
            "mean": 0.2844869001731747,
            "std": 0.06288681320254458,
            "min": 0.17647058823529413,
            "max": 0.358974358974359
        }
    },
    "method_comparison": {
        "weighted_avg": {
            "auc": 0.7809942468195445,
            "brier": 0.09277129136151269,
            "score": 0.5168940499859663,
            "calibration": null
        },
        "weighted_avg+isotonic": {
            "auc": 0.7704568781568214,
            "brier": 0.09286538120440566,
            "score": 0.5102149275685243,
            "calibration": "isotonic"
        },
        "weighted_avg+platt": {
            "auc": 0.780539574498735,
            "brier": 0.09408129535105782,
            "score": 0.5116549292242835,
            "calibration": "platt"
        },
        "logistic": {
            "auc": 0.7830800000874534,
            "brier": 0.1877356386179752,
            "score": 0.15812897451765784,
            "calibration": null
        },