{
    "CatBoost_Params": {
        "iterations": 885,
        "depth": 6,
        "learning_rate": 0.12587527071631496,
        "l2_leaf_reg": 0.5606835190177204,
        "random_strength": 3.9945712790530474,
        "bagging_temperature": 0.14549221248384958,
        "border_count": 175,
        "loss_function": "Focal:focal_alpha=0.2540345406992453;focal_gamma=1.123617106504888",
        "eval_metric": "AUC",
        "random_state": 42,
        "verbose": false,
        "thread_count": -1
    },
    "XGBoost_Params": {
        "n_estimators": 1399,
        "max_depth": 9,
        "learning_rate": 0.0559705401929052,
        "subsample": 0.824770516284946,
        "colsample_bytree": 0.5582010650385714,
        "gamma": 1.1043062867559807,
        "min_child_weight": 2,
        "reg_alpha": 0.15066458557124413,
        "reg_lambda": 0.006052494938756452,
        "max_delta_step": 6.652828938872075,
        "scale_pos_weight": 7.348752017905854,
        "objective": "binary:logistic",
        "eval_metric": "auc",
        "random_state": 42,
        "n_jobs": -1,
        "use_label_encoder": false
    },
    "LightGBM_Params": {
        "boosting_type": "gbdt",
        "n_estimators": 693,
        "num_leaves": 60,
        "learning_rate": 0.02106834377411435,
        "max_depth": 11,
        "min_child_samples": 19,
        "colsample_bytree": 0.8848326162575133,
        "reg_alpha": 0.04119817429574592,
        "reg_lambda": 1.2442863429361328,
        "subsample": 0.9868226102252916,
        "subsample_freq": 5,
        "is_unbalance": true,
        "objective": "binary",
        "metric": "auc",
        "random_state": 42,
        "n_jobs": -1,
        "verbosity": -1
    },
    "RandomForest_Params": {
        "n_estimators": 527,
        "max_depth": 19,
        "min_samples_split": 5,
        "min_samples_leaf": 2,
        "max_features": 0.7,
        "class_weight": "balanced_subsample",
        "max_samples": 0.5909936316237872,
        "min_impurity_decrease": 4.375879999206369e-06,
        "ccp_alpha": 0.00015497078046354247,
        "bootstrap": true,
        "random_state": 42,
        "n_jobs": -1
    },
    "Ensemble_Weights": {
        "Cat": 1.3889378211311372e-15,
        "XGB": 0.10159706611598014,
        "LGBM": 0.8984029338840174,
        "RF": 1.1107964504736385e-15
    }
}