{
    "CatBoost_Params": {
        "iterations": 1412,
        "depth": 8,
        "learning_rate": 0.04429135331039668,
        "l2_leaf_reg": 1.3763467329822352,
        "random_strength": 1.4987010226122464,
        "bagging_temperature": 0.30295464370553016,
        "border_count": 120,
        "loss_function": "Focal:focal_alpha=0.11356870512768769;focal_gamma=1.8672230459640038",
        "eval_metric": "AUC",
        "random_state": 42,
        "verbose": false,
        "thread_count": -1
    },
    "XGBoost_Params": {
        "n_estimators": 452,
        "max_depth": 10,
        "learning_rate": 0.0523060948083336,
        "subsample": 0.6778527474025026,
        "colsample_bytree": 0.6990971207835762,
        "gamma": 0.36674020853388944,
        "min_child_weight": 10,
        "reg_alpha": 0.006411273373517206,
        "reg_lambda": 0.010788509141923551,
        "max_delta_step": 5.363958081596927,
        "scale_pos_weight": 11.575710960785743,
        "objective": "binary:logistic",
        "eval_metric": "auc",
        "random_state": 42,
        "n_jobs": -1,
        "use_label_encoder": false
    },
    "LightGBM_Params": {
        "boosting_type": "dart",
        "n_estimators": 1251,
        "num_leaves": 89,
        "learning_rate": 0.00674431753890931,
        "max_depth": 7,
        "min_child_samples": 10,
        "colsample_bytree": 0.5581847452482629,
        "reg_alpha": 0.015271110458714935,
        "reg_lambda": 0.33678900227928227,
        "subsample": 0.9111810603729664,
        "subsample_freq": 5,
        "drop_rate": 0.23792347083704818,
        "skip_drop": 0.649526652363946,
        "is_unbalance": true,
        "objective": "binary",
        "metric": "auc",
        "random_state": 42,
        "n_jobs": -1,
        "verbosity": -1
    },
    "RandomForest_Params": {
        "n_estimators": 689,
        "max_depth": 25,
        "min_samples_split": 23,
        "min_samples_leaf": 4,
        "max_features": 0.7,
        "class_weight": "balanced_subsample",
        "max_samples": 0.7978608012232293,
        "min_impurity_decrease": 0.0034013842702492166,
        "ccp_alpha": 0.003538470301879067,
        "bootstrap": true,
        "random_state": 42,
        "n_jobs": -1
    },
    "Ensemble_Weights": {
        "Cat": 0.36691684412467657,
        "XGB": 0.004968617628878821,
        "LGBM": 0.19975723409888926,
        "RF": 0.4283573041475554
    }
}