{
    "CatBoost_Params": {
        "iterations": 711,
        "depth": 7,
        "learning_rate": 0.11147222046447942,
        "l2_leaf_reg": 0.8079170569003341,
        "random_strength": 0.9474455582570246,
        "bagging_temperature": 0.4016553458962342,
        "border_count": 166,
        "loss_function": "Focal:focal_alpha=0.27020902710998285;focal_gamma=1.0094137056160144",
        "eval_metric": "AUC",
        "random_state": 42,
        "verbose": false,
        "thread_count": -1
    },
    "XGBoost_Params": {
        "n_estimators": 1184,
        "max_depth": 9,
        "learning_rate": 0.1321427554572236,
        "subsample": 0.6980609867245602,
        "colsample_bytree": 0.8645471041002458,
        "gamma": 0.3146266697187282,
        "min_child_weight": 1,
        "reg_alpha": 0.014123024088864653,
        "reg_lambda": 0.00787523403286734,
        "max_delta_step": 2.676537815976759,
        "scale_pos_weight": 7.587308361256227,
        "objective": "binary:logistic",
        "eval_metric": "auc",
        "random_state": 42,
        "n_jobs": -1,
        "use_label_encoder": false
    },
    "LightGBM_Params": {
        "boosting_type": "dart",
        "n_estimators": 950,
        "num_leaves": 47,
        "learning_rate": 0.03390636324259577,
        "max_depth": 12,
        "min_child_samples": 50,
        "colsample_bytree": 0.6697981341216821,
        "reg_alpha": 0.03216574287021362,
        "reg_lambda": 0.009581943829732579,
        "subsample": 0.8940966909817696,
        "subsample_freq": 8,
        "drop_rate": 0.24742392340042418,
        "skip_drop": 0.6260523967904746,
        "is_unbalance": true,
        "objective": "binary",
        "metric": "auc",
        "random_state": 42,
        "n_jobs": -1,
        "verbosity": -1
    },
    "RandomForest_Params": {
        "n_estimators": 445,
        "max_depth": 23,
        "min_samples_split": 13,
        "min_samples_leaf": 4,
        "max_features": 0.7,
        "class_weight": "balanced",
        "max_samples": 0.6563411305952688,
        "min_impurity_decrease": 0.002288713604483608,
        "ccp_alpha": 0.0012570016145128263,
        "bootstrap": true,
        "random_state": 42,
        "n_jobs": -1
    },
    "Ensemble_Weights": {
        "Cat": 0.15789473684210525,
        "XGB": 0.0,
        "LGBM": 0.18421052631578946,
        "RF": 0.6578947368421053
    }
}