{
    "CatBoost_Params": {
        "iterations": 1764,
        "depth": 5,
        "learning_rate": 0.0986725597167368,
        "l2_leaf_reg": 0.5024848918708581,
        "random_strength": 7.901791097661545,
        "bagging_temperature": 0.7183796845415453,
        "border_count": 188,
        "loss_function": "Focal:focal_alpha=0.20161875369871657;focal_gamma=1.030388960151647",
        "eval_metric": "AUC",
        "random_state": 42,
        "verbose": false,
        "thread_count": -1
    },
    "XGBoost_Params": {
        "n_estimators": 486,
        "max_depth": 10,
        "learning_rate": 0.10199345712042579,
        "subsample": 0.6191635564026238,
        "colsample_bytree": 0.7150263159783993,
        "gamma": 1.9691082470462338,
        "min_child_weight": 1,
        "reg_alpha": 0.014686820249510225,
        "reg_lambda": 0.00130245272476142,
        "max_delta_step": 9.85518182209668,
        "scale_pos_weight": 9.533901243235203,
        "objective": "binary:logistic",
        "eval_metric": "auc",
        "random_state": 42,
        "n_jobs": -1,
        "use_label_encoder": false
    },
    "LightGBM_Params": {
        "boosting_type": "dart",
        "n_estimators": 1037,
        "num_leaves": 48,
        "learning_rate": 0.02868720365851124,
        "max_depth": 10,
        "min_child_samples": 17,
        "colsample_bytree": 0.6782206481372909,
        "reg_alpha": 0.3740470919420912,
        "reg_lambda": 0.10107696272415193,
        "subsample": 0.7928636716409333,
        "subsample_freq": 1,
        "drop_rate": 0.09775215738699765,
        "skip_drop": 0.3565338230004733,
        "is_unbalance": true,
        "objective": "binary",
        "metric": "auc",
        "random_state": 42,
        "n_jobs": -1,
        "verbosity": -1
    },
    "RandomForest_Params": {
        "n_estimators": 334,
        "max_depth": 17,
        "min_samples_split": 5,
        "min_samples_leaf": 3,
        "max_features": 0.5,
        "class_weight": "balanced_subsample",
        "max_samples": 0.8293164974937205,
        "min_impurity_decrease": 0.00020916765224357166,
        "ccp_alpha": 0.0007358388590331599,
        "bootstrap": true,
        "random_state": 42,
        "n_jobs": -1
    },
    "Ensemble_Weights": {
        "Cat": 0.11520428210496902,
        "XGB": 0.09626699239015579,
        "LGBM": 0.7885288000106812,
        "RF": 0.0
    }
}