{
    "tearsense": {
        "model_serial": "03022026_115404_58666",
        "holdout_n": 514,
        "inference_verified": true,
        "stored_AUC": 0.7864871711359606,
        "stored_Brier": 0.08642855749209169,
        "stored_threshold": 0.16000000000000003,
        "AUC": 0.7864871711359606,
        "Brier_Score": 0.08642855749209169,
        "Calibration_Slope": 1.0489312986219284,
        "Calibration_Intercept": 0.05955740609566016,
        "Net_Benefit": 0.05685806355337772,
        "Optimal_Threshold_Used": 0.1105873083381228,
        "Youden_J_Threshold": 0.1105873083381228,
        "F1_Score": 0.36923076923076925,
        "Sensitivity_Recall": 0.7868852459016393,
        "Specificity": 0.6666666666666666,
        "PPV_Precision": 0.24120603015075376,
        "NPV": 0.9587301587301588,
        "Confusion_Matrix": {
            "TP": 48,
            "TN": 302,
            "FP": 151,
            "FN": 13
        },
        "AUC_95CI": [
            0.7163416581272154,
            0.8523286398119062
        ],
        "AUC_Text": "0.7865 (0.7163-0.8523)",
        "Brier_Score_95CI": [
            0.06866541394317216,
            0.10376598660636151
        ],
        "Brier_Score_Text": "0.0864 (0.0687-0.1038)",
        "F1_Score_95CI": [
            0.29267354596622885,
            0.44365656565656564
        ],
        "F1_Score_Text": "0.3692 (0.2927-0.4437)",
        "Sensitivity_Recall_95CI": [
            0.676923076923077,
            0.8846428571428571
        ],
        "Sensitivity_Recall_Text": "0.7869 (0.6769-0.8846)",
        "Specificity_95CI": [
            0.6249790268456376,
            0.7110707679915673
        ],
        "Specificity_Text": "0.6667 (0.6250-0.7111)",
        "PPV_Precision_95CI": [
            0.18419709989258862,
            0.3010978920472692
        ],
        "PPV_Precision_Text": "0.2412 (0.1842-0.3011)",
        "NPV_95CI": [
            0.9360971164086179,
            0.9807089413801632
        ],
        "NPV_Text": "0.9587 (0.9361-0.9807)",
        "Net_Benefit_95CI": [
            0.03180260447791194,
            0.08481106839274291
        ],
        "Net_Benefit_Text": "0.0569 (0.0318-0.0848)",
        "Calibration_Slope_95CI": [
            0.7769128164945425,
            1.3925580058956917
        ],
        "Calibration_Slope_Text": "1.0489 (0.7769-1.3926)"
    },
    "logistic_regression": "Not available (no training data)",
    "lr_formula": null
}