{
    "best_method": "xgb_meta",
    "base_models": {
        "CatBoost": {
            "auc": {
                "per_fold": [
                    0.7731424061337242,
                    0.7936842105263158,
                    0.7948442534908701,
                    0.7626773701170219,
                    0.8134999152015377
                ],
                "mean": 0.787569631093894,
                "std": 0.01783511885662196,
                "min": 0.7626773701170219,
                "max": 0.8134999152015377
            },
            "brier": {
                "per_fold": [
                    0.09398399250957962,
                    0.09282958812263467,
                    0.09389943775149613,
                    0.09527869598734716,
                    0.09269539852732134
                ],
                "mean": 0.0937374225796758,
                "std": 0.0009351520614856179,
                "min": 0.09269539852732134,
                "max": 0.09527869598734716
            },
            "f1": {
                "per_fold": [
                    0.0,
                    0.0392156862745098,
                    0.0392156862745098,
                    0.0784313725490196,
                    0.04
                ],
                "mean": 0.03937254901960784,
                "std": 0.024804161821668343,
                "min": 0.0,
                "max": 0.0784313725490196
            }
        },
        "XGBoost": {
            "auc": {
                "per_fold": [
                    0.7367234186492276,
                    0.783213296398892,
                    0.7447000961049239,
                    0.7351461360167336,
                    0.8117474136468992
                ],
                "mean": 0.7623060721633352,
                "std": 0.030277592236536723,
                "min": 0.7351461360167336,
                "max": 0.8117474136468992
            },
            "brier": {
                "per_fold": [
                    0.1104711065131017,
                    0.10765344240045058,
                    0.11725161638454212,
                    0.11444747788142924,
                    0.10411237265905005
                ],
                "mean": 0.11078720316771473,
                "std": 0.0046831610089479725,
                "min": 0.10411237265905005,
                "max": 0.11725161638454212
            },
            "f1": {
                "per_fold": [
                    0.3409090909090909,
                    0.4,
                    0.3434343434343434,
                    0.3333333333333333,
                    0.33707865168539325
                ],
                "mean": 0.3509510838724322,
                "std": 0.02476274900579696,
                "min": 0.3333333333333333,
                "max": 0.4
            }
        },
        "LightGBM": {
            "auc": {
                "per_fold": [
                    0.7628255722178374,
                    0.7653185595567866,
                    0.7555542992820397,
                    0.7653343886030867,
                    0.8285940414947142
                ],
                "mean": 0.7755253722308929,
                "std": 0.02677479226735244,
                "min": 0.7555542992820397,
                "max": 0.8285940414947142
            },
            "brier": {
                "per_fold": [
                    0.10564037641608909,
                    0.10619898596576219,
                    0.11058393174949285,
                    0.10580582605735707,
                    0.09284514575241896
                ],
                "mean": 0.10421485318822403,
                "std": 0.005972193950598333,
                "min": 0.09284514575241896,
                "max": 0.11058393174949285
            },
            "f1": {
                "per_fold": [
                    0.35555555555555557,
                    0.32608695652173914,
                    0.3695652173913043,
                    0.38202247191011235,
                    0.4
                ],
                "mean": 0.36664604027574227,
                "std": 0.025001923927645334,
                "min": 0.32608695652173914,
                "max": 0.4
            }
        },
        "RandomForest": {
            "auc": {
                "per_fold": [
                    0.7601195174202278,
                    0.7836565096952909,
                    0.7674826163152242,
                    0.772909717903782,
                    0.8262762168579343
                ],
                "mean": 0.7820889156384918,
                "std": 0.02338901900136518,
                "min": 0.7601195174202278,
                "max": 0.8262762168579343
            },
            "brier": {
                "per_fold": [
                    0.11036762007176623,
                    0.10522821659897803,
                    0.11167994796353115,
                    0.10620623992500046,
                    0.09750640900580657
                ],
                "mean": 0.10619768671301648,
                "std": 0.0049783890221356064,
                "min": 0.09750640900580657,
                "max": 0.11167994796353115
            },
            "f1": {
                "per_fold": [
                    0.391304347826087,
                    0.38202247191011235,
                    0.3146067415730337,
                    0.3023255813953488,
                    0.3291139240506329
                ],
                "mean": 0.34387461335104297,
                "std": 0.03607117172620947,
                "min": 0.3023255813953488,
                "max": 0.391304347826087
            }
        }
    },
    "ensemble": {
        "auc": {
            "per_fold": [
                0.7643477280414929,
                0.797894736842105,
                0.7779976256430552,
                0.7735315732941377,
                0.8194358075640229
            ],
            "mean": 0.7866414942769626,
            "std": 0.019726636602815612,
            "min": 0.7643477280414929,
            "max": 0.8194358075640229
        },
        "brier": {
            "per_fold": [
                0.09394017551190556,
                0.091116550725386,
                0.09270988407581905,
                0.09410371637587889,
                0.08923552519444501
            ],
            "mean": 0.0922211703766869,
            "std": 0.0018369573158887292,
            "min": 0.08923552519444501,
            "max": 0.09410371637587889
        },
        "f1": {
            "per_fold": [
                0.0,
                0.0,
                0.0,
                0.0,
                0.0
            ],
            "mean": 0.0,
            "std": 0.0,
            "min": 0.0,
            "max": 0.0
        }
    },
    "method_comparison": {
        "weighted_avg": {
            "auc": 0.7860046457607434,
            "brier": 0.09245626726047598,
            "score": 0.5210945679003545,
            "calibration": null
        },
        "weighted_avg+isotonic": {
            "auc": 0.7767243785394664,
            "brier": 0.09156350278394232,
            "score": 0.5189109405627519,
            "calibration": "isotonic"
        },
        "weighted_avg+platt": {
            "auc": 0.7856422584159396,
            "brier": 0.09269074233346923,
            "score": 0.5199882239810314,
            "calibration": "platt"
        },
        "logistic": {
            "auc": 0.7878318173200624,
            "brier": 0.1885698171758731,
            "score": 0.1578176352049756,
            "calibration": null
        },
        "logistic+isotonic": {
            "auc": 0.7706853397437629,
            "brier": 0.09243251694687413,
            "score": 0.5119930234014255,
            "calibration": "isotonic"
        },
        "logistic+platt": {
            "auc": 0.7829074719318622,
            "brier": 0.0924442228468263,
            "score": 0.5192819248232874,
            "calibration": "platt"
        },
        "xgb_meta": {
            "auc": 0.7866414942769626,