{
    "CatBoost_Params": {
        "iterations": 1098,
        "depth": 8,
        "learning_rate": 0.09540682537551783,
        "l2_leaf_reg": 1.2477114969780019,
        "random_strength": 7.238521798469052,
        "bagging_temperature": 0.9820904273610453,
        "border_count": 181,
        "loss_function": "Focal:focal_alpha=0.23490234021273892;focal_gamma=1.1596715938373707",
        "eval_metric": "AUC",
        "random_state": 42,
        "verbose": false,
        "thread_count": -1
    },
    "XGBoost_Params": {
        "n_estimators": 1182,
        "max_depth": 9,
        "learning_rate": 0.12517204977455254,
        "subsample": 0.8415294048185011,
        "colsample_bytree": 0.6310595660642259,
        "gamma": 2.316131878727653,
        "min_child_weight": 8,
        "reg_alpha": 0.9546250978524611,
        "reg_lambda": 0.4407529069075185,
        "max_delta_step": 9.80663174975678,
        "scale_pos_weight": 7.481766800740038,
        "objective": "binary:logistic",
        "eval_metric": "auc",
        "random_state": 42,
        "n_jobs": -1,
        "use_label_encoder": false
    },
    "LightGBM_Params": {
        "boosting_type": "dart",
        "n_estimators": 1997,
        "num_leaves": 138,
        "learning_rate": 0.005610965868756385,
        "max_depth": 8,
        "min_child_samples": 11,
        "colsample_bytree": 0.7710307159764068,
        "reg_alpha": 0.0032567535368364926,
        "reg_lambda": 0.002740147515625292,
        "subsample": 0.7257692507517375,
        "subsample_freq": 5,
        "drop_rate": 0.2326629591262706,
        "skip_drop": 0.4326493971790293,
        "is_unbalance": true,
        "objective": "binary",
        "metric": "auc",
        "random_state": 42,
        "n_jobs": -1,
        "verbosity": -1
    },
    "RandomForest_Params": {
        "n_estimators": 743,
        "max_depth": 11,
        "min_samples_split": 13,
        "min_samples_leaf": 2,
        "max_features": 0.7,
        "class_weight": "balanced_subsample",
        "max_samples": 0.6272095019528761,
        "min_impurity_decrease": 0.0006979066305902474,
        "ccp_alpha": 0.0005552153258096288,
        "bootstrap": true,
        "random_state": 42,
        "n_jobs": -1
    },
    "Ensemble_Weights": {
        "Cat": 0.0,
        "XGB": 0.30465415120124817,
        "LGBM": 0.4493601322174072,
        "RF": 0.2459857016801834
    }
}