{
    "evaluation_type": "end_to_end_pipeline",
    "description": "Holdout test set (n=514) evaluated through the FULL production inference pipeline. fold_models predict \u2192 average \u2192 meta-features \u2192 meta-learner \u2192 calibrate \u2192 score. These are the metrics of the actual deployed model.",
    "pipeline": "fold_ensemble \u2192 13 meta-features \u2192 lgbm_meta \u2192 threshold",
    "best_method": "lgbm_meta",
    "holdout_n": 514,
    "cross_check_vs_trainMeta": true,
    "final_model": {
        "AUC": 0.7845691745376905,
        "AUC_95CI": [
            0.7206365214646464,
            0.8450173294137432
        ],
        "Brier": 0.0883027610249969,
        "Brier_95CI": [
            0.06988716156985028,
            0.10599372963500764
        ],
        "optimal_threshold": 0.11054284360854136,
        "clinical_metrics": {
            "sensitivity": 0.8032786885245902,
            "specificity": 0.6423841059602649,
            "ppv": 0.23222748815165878,
            "npv": 0.9603960396039604,
            "tp": 49,
            "tn": 291,
            "fp": 162,
            "fn": 12
        }
    },
    "decision_curve_analysis": {
        "thresholds": [
            0.01,
            0.02,
            0.03,
            0.04,
            0.05,
            0.060000000000000005,
            0.06999999999999999,
            0.08,
            0.09,
            0.09999999999999999,
            0.11,
            0.12,
            0.13,
            0.14,
            0.15000000000000002,
            0.16,
            0.17,
            0.18000000000000002,
            0.19,
            0.2,
            0.21000000000000002,
            0.22,
            0.23,
            0.24000000000000002,
            0.25,
            0.26,
            0.27,
            0.28,
            0.29000000000000004,
            0.3,
            0.31,
            0.32,
            0.33,
            0.34,
            0.35000000000000003,
            0.36000000000000004,
            0.37,
            0.38,
            0.39,
            0.4,
            0.41000000000000003,
            0.42000000000000004,
            0.43,
            0.44,
            0.45,
            0.46,
            0.47000000000000003,
            0.48000000000000004,
            0.49,
            0.5,
            0.51,
            0.52,
            0.53,
            0.54,
            0.55,
            0.56,
            0.5700000000000001,
            0.5800000000000001,
            0.59,
            0.6,
            0.61,
            0.62,
            0.63,
            0.64,
            0.65,
            0.66,
            0.67,
            0.68,
            0.6900000000000001,
            0.7000000000000001,
            0.7100000000000001,
            0.72,
            0.73,
            0.74,
            0.75,
            0.76,
            0.77,
            0.78,
            0.79,
            0.8,
            0.81,
            0.8200000000000001,
            0.8300000000000001,
            0.8400000000000001,
            0.85,
            0.86,
            0.87,
            0.88,
            0.89,
            0.9,
            0.91,
            0.92,
            0.93,
            0.9400000000000001,
            0.9500000000000001,
            0.9600000000000001,
            0.97,
            0.98,
            0.99
        ],
        "net_benefit_model": [
            0.10977479070864285,
            0.10069086000158818,
            0.09350555577841069,
            0.08544098573281453,
            0.08089289371288141,
            0.07359880784833181,
            0.069683276850341,
            0.06733209270850957,
            0.06283405310642665,
            0.058365758754863814,
            0.05637651379355572,
            0.05191015210470463,
            0.042376671586385785,
            0.03900099538503303,
            0.038681620508125424,
            0.039188438021122846,
            0.03799634335005391,
            0.03639555850811426,
            0.03509151174520825,
            0.0335603112840467,
            0.03263064571738167,
            0.028933453057966678,
            0.02364950224872404,
            0.022219946754044644,
            0.021400778210116732,
            0.02676411820380692,
            0.026331219018176002,
            0.025183744055339383,
            0.026387899380720115,
            0.02529182879377432,
            0.02416398804488806,
            0.02391851682307164,
            0.02177826819211336,
            0.021754510081358328,
            0.02214905716851242,
            0.02140077821011673,
            0.020628744364152924,
            0.008849002133801933,
            0.00864323531287874,
            0.007782101167315175,
            0.007617226142583922,
            0.007446665772172279,
            0.00727012082736023,
            0.007087270705947749,
            0.006897771489211178,
            0.008358553105634818,
            0.008222597459804713,
            0.00808141275067345,
            0.007934691386282139,
            0.007782101167315175,
            0.007623282776145477,
            0.0,
            0.0,
            0.0,
            0.0,
            0.0,
            0.0,
            0.0,
            0.0,
            0.0,
            0.0,
            0.0,
            0.0,
            0.0,
            0.0,
            0.0,
            0.0,
            0.0,
            0.0,
            0.0,
            0.0,
            0.0,
            0.0,
            0.0,
            0.0,
            0.0,
            0.0,
            0.0,
            0.0,
            0.0,
            0.0,
            0.0,
            0.0,
            0.0,
            0.0,
            0.0,
            0.0,
            0.0,
            0.0,
            0.0,
            0.0,
            0.0,
            0.0,
            0.0,
            0.0,
            0.0,
            0.0,
            0.0,
            0.0
        ],