{
    "evaluation_type": "end_to_end_pipeline",
    "description": "Holdout test set (n=514) evaluated through the FULL production inference pipeline. fold_models predict \u2192 average \u2192 meta-features \u2192 meta-learner \u2192 calibrate \u2192 score. These are the metrics of the actual deployed model.",
    "pipeline": "fold_ensemble \u2192 13 meta-features \u2192 xgb_meta \u2192 threshold",
    "best_method": "xgb_meta",
    "holdout_n": 514,
    "cross_check_vs_trainMeta": true,
    "final_model": {
        "AUC": 0.7664386783917778,
        "AUC_95CI": [
            0.6978439455562305,
            0.833214067689902
        ],
        "Brier": 0.08800238167637575,
        "Brier_95CI": [
            0.0695742064205696,
            0.10611602350067166
        ],
        "optimal_threshold": 0.16290165483951569,
        "clinical_metrics": {
            "sensitivity": 0.5573770491803278,
            "specificity": 0.8432671081677704,
            "ppv": 0.3238095238095238,
            "npv": 0.9339853300733496,
            "tp": 34,
            "tn": 382,
            "fp": 71,
            "fn": 27
        }
    },
    "decision_curve_analysis": {
        "thresholds": [
            0.01,
            0.02,
            0.03,
            0.04,
            0.05,
            0.060000000000000005,
            0.06999999999999999,
            0.08,
            0.09,
            0.09999999999999999,
            0.11,
            0.12,
            0.13,
            0.14,
            0.15000000000000002,
            0.16,
            0.17,
            0.18000000000000002,
            0.19,
            0.2,
            0.21000000000000002,
            0.22,
            0.23,
            0.24000000000000002,
            0.25,
            0.26,
            0.27,
            0.28,
            0.29000000000000004,
            0.3,
            0.31,
            0.32,
            0.33,
            0.34,
            0.35000000000000003,
            0.36000000000000004,
            0.37,
            0.38,
            0.39,
            0.4,
            0.41000000000000003,
            0.42000000000000004,
            0.43,
            0.44,
            0.45,
            0.46,
            0.47000000000000003,
            0.48000000000000004,
            0.49,
            0.5,
            0.51,
            0.52,
            0.53,
            0.54,
            0.55,
            0.56,
            0.5700000000000001,
            0.5800000000000001,
            0.59,
            0.6,
            0.61,
            0.62,
            0.63,
            0.64,
            0.65,
            0.66,
            0.67,
            0.68,
            0.6900000000000001,
            0.7000000000000001,
            0.7100000000000001,
            0.72,
            0.73,
            0.74,
            0.75,
            0.76,
            0.77,
            0.78,
            0.79,
            0.8,
            0.81,
            0.8200000000000001,
            0.8300000000000001,
            0.8400000000000001,
            0.85,
            0.86,
            0.87,
            0.88,
            0.89,
            0.9,
            0.91,
            0.92,
            0.93,
            0.9400000000000001,
            0.9500000000000001,
            0.9600000000000001,
            0.97,
            0.98,
            0.99
        ],
        "net_benefit_model": [
            0.10977479070864285,
            0.09783212896053363,
            0.08969473304183882,
            0.08519779507133592,
            0.07751382346917877,
            0.07380577862405828,
            0.0652483159700431,
            0.06174928100152259,
            0.05759610039765682,
            0.05296152183311717,
            0.0466270274996721,
            0.042005659709939865,
            0.0368978934657185,
            0.037417428287032845,
            0.03788052185854886,
            0.03835464146748193,
            0.03710562092728892,
            0.036205751162569993,
            0.03384253254551568,
            0.027237354085603113,
            0.026547800817613158,
            0.019555023446074033,
            0.022487240386073075,
            0.020991193938152772,
            0.02269779507133593,
            0.023346303501945526,
            0.023452907627525187,
            0.023670557717250323,
            0.02559324820518441,
            0.023346303501945526,
            0.02202109062200417,
            0.023689631494621194,
            0.022678436610720713,
            0.019808984789529534,
            0.02199940137683328,
            0.02115758754863813,
            0.021431659563955284,
            0.021777331492406175,
            0.02133699049563054,
            0.020103761348897534,
            0.017608652641297896,
            0.01932107876023078,
            0.01890914055566933,
            0.014591439688715954,
            0.013441811107180757,
            0.01311428159677187,
            0.014499669627780633,
            0.014217300209518108,
            0.013923857480735486,
            0.013618677042801557,
            0.01330104026046216,
            0.012970168612191958,
            0.008734166735656924,
            0.008374217560480459,
            0.004107220060527451,
            0.00282985496993279,
            0.0026241969052574416,
            0.003149898091532332,
            0.0019455252918287938,
            0.0019455252918287938,
            0.0019455252918287938,
            0.0019455252918287938,
            0.0,
            0.0,
            0.0,
            0.0,
            0.0,
            0.0,
            0.0,
            0.0,
            0.0,
            0.0,
            0.0,
            0.0,
            0.0,
            0.0,
            0.0,
            0.0,
            0.0,
            0.0,
            0.0,
            0.0,
            0.0,
            0.0,
            0.0,
            0.0,
            0.0,
            0.0,
            0.0,
            0.0,
            0.0,
            0.0,
            0.0,
            0.0,
            0.0,
            0.0,
            0.0,
            0.0,
            0.0
        ],