{
    "Final_Model": {
        "AUC": 0.7664386783917778,
        "AUC_95CI_lower": 0.6978439455562305,
        "AUC_95CI_upper": 0.833214067689902,
        "Brier": 0.08800238167637575,
        "Brier_95CI_lower": 0.0695742064205696,
        "Brier_95CI_upper": 0.10611602350067166,
        "Best_Method": "xgb_meta",
        "Optimal_Threshold": 0.18000000000000005
    },
    "Individual_Assessment_Test": {
        "CatBoost": {
            "AUC": 0.7716860275757246,
            "Brier": 0.08906638194302406
        },
        "XGBoost": {
            "AUC": 0.769587087902146,
            "Brier": 0.09653934350097729
        },
        "LightGBM": {
            "AUC": 0.7739297217095501,
            "Brier": 0.09735862581470045
        },
        "RandomForest": {
            "AUC": 0.7776209604458437,
            "Brier": 0.11986210871274006
        }
    },
    "Self_Assessment_CV": {
        "CatBoost": {
            "AUC": 0.7982673509678737,
            "Brier": 0.0935588305034349
        },
        "XGBoost": {
            "AUC": 0.7844558915254322,
            "Brier": 0.11948321549818515
        },
        "LightGBM": {
            "AUC": 0.7711831887282699,
            "Brier": 0.10766234281586824
        },
        "RandomForest": {
            "AUC": 0.7810281078011774,
            "Brier": 0.12326241610344624
        }
    },
    "Ensemble_Weights": {
        "CatBoost": 0.14642825722694397,
        "XGBoost": 0.17967620491981506,
        "LightGBM": 0.24849118292331696,
        "RandomForest": 0.4254043400287628
    }
}