{
    "best_method": "weighted_avg",
    "base_models": {
        "CatBoost": {
            "auc": {
                "per_fold": [
                    0.7521141053106326,
                    0.758836565096953,
                    0.7658431793770141,
                    0.7444739668720675,
                    0.8131607213522528
                ],
                "mean": 0.766885707601784,
                "std": 0.02419809419996782,
                "min": 0.7444739668720675,
                "max": 0.8131607213522528
            },
            "brier": {
                "per_fold": [
                    0.091937433926826,
                    0.09602061986148043,
                    0.09402555398301998,
                    0.09410119480480199,
                    0.09115069182027105
                ],
                "mean": 0.09344709887927989,
                "std": 0.0017284695937150427,
                "min": 0.09115069182027105,
                "max": 0.09602061986148043
            },
            "f1": {
                "per_fold": [
                    0.14814814814814814,
                    0.22580645161290322,
                    0.16666666666666666,
                    0.10909090909090909,
                    0.14035087719298245
                ],
                "mean": 0.1580126105423219,
                "std": 0.03866128526222829,
                "min": 0.10909090909090909,
                "max": 0.22580645161290322
            }
        },
        "XGBoost": {
            "auc": {
                "per_fold": [
                    0.7526214905851843,
                    0.7634903047091414,
                    0.7612075301034542,
                    0.7726270563627112,
                    0.8254847645429363
                ],
                "mean": 0.7750862292606856,
                "std": 0.02599156836437156,
                "min": 0.7526214905851843,
                "max": 0.8254847645429363
            },
            "brier": {
                "per_fold": [
                    0.10899274144254595,
                    0.1122241886909839,
                    0.11368978605676788,
                    0.1104373733094211,
                    0.09475153238268483
                ],
                "mean": 0.10801912437648073,
                "std": 0.006821492874557929,
                "min": 0.09475153238268483,
                "max": 0.11368978605676788
            },
            "f1": {
                "per_fold": [
                    0.39603960396039606,
                    0.41904761904761906,
                    0.3711340206185567,
                    0.3404255319148936,
                    0.38095238095238093
                ],
                "mean": 0.38151983129876926,
                "std": 0.02613842824922907,
                "min": 0.3404255319148936,
                "max": 0.41904761904761906
            }
        },
        "LightGBM": {
            "auc": {
                "per_fold": [
                    0.7612470402525651,
                    0.74797783933518,
                    0.7514839730906213,
                    0.7400644468313642,
                    0.8156481429136752
                ],
                "mean": 0.7632842884846811,
                "std": 0.02705113493512166,
                "min": 0.7400644468313642,
                "max": 0.8156481429136752
            },
            "brier": {
                "per_fold": [
                    0.11022914820324074,
                    0.11147293254986387,
                    0.11391958265899182,
                    0.11194923681536333,
                    0.09901620958635104
                ],
                "mean": 0.10931742196276217,
                "std": 0.005285807025325527,
                "min": 0.09901620958635104,
                "max": 0.11391958265899182
            },
            "f1": {
                "per_fold": [
                    0.33707865168539325,
                    0.3829787234042553,
                    0.3673469387755102,
                    0.3146067415730337,
                    0.3170731707317073
                ],
                "mean": 0.34381684523398,
                "std": 0.02720726203777809,
                "min": 0.3146067415730337,
                "max": 0.3829787234042553
            }
        },
        "RandomForest": {
            "auc": {
                "per_fold": [
                    0.7560040590821964,
                    0.7905263157894736,
                    0.7696873763355758,
                    0.7659562439934423,
                    0.8233365368307989
                ],
                "mean": 0.7811021064062974,
                "std": 0.023925584741357486,
                "min": 0.7560040590821964,
                "max": 0.8233365368307989
            },
            "brier": {
                "per_fold": [
                    0.09961244317135894,
                    0.09522551273723137,
                    0.10176270975422848,
                    0.09704861926325045,
                    0.09047929291059523
                ],
                "mean": 0.09682571556733288,
                "std": 0.003873685016455348,
                "min": 0.09047929291059523,
                "max": 0.10176270975422848
            },
            "f1": {
                "per_fold": [
                    0.2608695652173913,
                    0.34210526315789475,
                    0.2,
                    0.3055555555555556,
                    0.25
                ],
                "mean": 0.2717060767861683,
                "std": 0.048646023178162086,
                "min": 0.2,
                "max": 0.34210526315789475
            }
        }
    },
    "ensemble": {
        "auc": {
            "per_fold": [
                0.7612470402525651,
                0.74797783933518,
                0.7514839730906213,
                0.7400644468313642,
                0.8156481429136752
            ],
            "mean": 0.7632842884846811,
            "std": 0.02705113493512166,
            "min": 0.7400644468313642,
            "max": 0.8156481429136752
        },
        "brier": {
            "per_fold": [
                0.11022914820324055,
                0.11147293254986353,
                0.11391958265899182,
                0.1119492368153633,
                0.09901620958635104
            ],
            "mean": 0.10931742196276203,
            "std": 0.00528580702532549,
            "min": 0.09901620958635104,
            "max": 0.11391958265899182
        },
        "f1": {
            "per_fold": [
                0.33707865168539325,
                0.3829787234042553,
                0.3673469387755102,
                0.3146067415730337,
                0.3170731707317073
            ],
            "mean": 0.34381684523398,
            "std": 0.02720726203777809,
            "min": 0.3146067415730337,
            "max": 0.3829787234042553
        }
    },
    "method_comparison": {
        "weighted_avg": {
            "auc": 0.7814691768180141,
            "brier": 0.09247072427420253,
            "score": 0.518318478977679,
            "calibration": null
        },
        "weighted_avg+isotonic": {
            "auc": 0.773371732886764,
            "brier": 0.09241925358788662,
            "score": 0.5136551416150963,
            "calibration": "isotonic"
        },
        "weighted_avg+platt": {
            "auc": 0.7807939208960197,
            "brier": 0.09336627885601496,
            "score": 0.5145182149437398,
            "calibration": "platt"
        },
        "logistic": {
            "auc": 0.781822404222245,
            "brier": 0.19041934058225946,
            "score": 0.14720031387721233,
            "calibration": null
        },