{
    "evaluation_type": "end_to_end_pipeline",
    "description": "Holdout test set (n=514) evaluated through the FULL production inference pipeline. fold_models predict \u2192 average \u2192 meta-features \u2192 meta-learner \u2192 calibrate \u2192 score. These are the metrics of the actual deployed model.",
    "pipeline": "fold_ensemble \u2192 13 meta-features \u2192 xgb_meta \u2192 threshold",
    "best_method": "xgb_meta",
    "holdout_n": 514,
    "cross_check_vs_trainMeta": true,
    "final_model": {
        "AUC": 0.7769876596822639,
        "AUC_95CI": [
            0.7071579688517142,
            0.8428371195731311
        ],
        "Brier": 0.08744932846032515,
        "Brier_95CI": [
            0.06937539929577312,
            0.10501265838883923
        ],
        "optimal_threshold": 0.16697365045547485,
        "clinical_metrics": {
            "sensitivity": 0.6065573770491803,
            "specificity": 0.8344370860927153,
            "ppv": 0.33035714285714285,
            "npv": 0.9402985074626866,
            "tp": 37,
            "tn": 378,
            "fp": 75,
            "fn": 24
        }
    },
    "decision_curve_analysis": {
        "thresholds": [
            0.01,
            0.02,
            0.03,
            0.04,
            0.05,
            0.060000000000000005,
            0.06999999999999999,
            0.08,
            0.09,
            0.09999999999999999,
            0.11,
            0.12,
            0.13,
            0.14,
            0.15000000000000002,
            0.16,
            0.17,
            0.18000000000000002,
            0.19,
            0.2,
            0.21000000000000002,
            0.22,
            0.23,
            0.24000000000000002,
            0.25,
            0.26,
            0.27,
            0.28,
            0.29000000000000004,
            0.3,
            0.31,
            0.32,
            0.33,
            0.34,
            0.35000000000000003,
            0.36000000000000004,
            0.37,
            0.38,
            0.39,
            0.4,
            0.41000000000000003,
            0.42000000000000004,
            0.43,
            0.44,
            0.45,
            0.46,
            0.47000000000000003,
            0.48000000000000004,
            0.49,
            0.5,
            0.51,
            0.52,
            0.53,
            0.54,
            0.55,
            0.56,
            0.5700000000000001,
            0.5800000000000001,
            0.59,
            0.6,
            0.61,
            0.62,
            0.63,
            0.64,
            0.65,
            0.66,
            0.67,
            0.68,
            0.6900000000000001,
            0.7000000000000001,
            0.7100000000000001,
            0.72,
            0.73,
            0.74,
            0.75,
            0.76,
            0.77,
            0.78,
            0.79,
            0.8,
            0.81,
            0.8200000000000001,
            0.8300000000000001,
            0.8400000000000001,
            0.85,
            0.86,
            0.87,
            0.88,
            0.89,
            0.9,
            0.91,
            0.92,
            0.93,
            0.9400000000000001,
            0.9500000000000001,
            0.9600000000000001,
            0.97,
            0.98,
            0.99
        ],
        "net_benefit_model": [
            0.10977479070864285,
            0.10084967839275788,
            0.09172048618075335,
            0.08690012970168612,
            0.07894736842105263,
            0.07326765460716947,
            0.06480900380737208,
            0.06098798849602436,
            0.05661264805233676,
            0.051664504971897965,
            0.044178726008831375,
            0.04094446409621508,
            0.04177288787512858,
            0.04167043706451904,
            0.03936827649347675,
            0.04048545488234204,
            0.039801228259340855,
            0.03729714339944955,
            0.03475524811452178,
            0.030642023346303504,
            0.031079150864404274,
            0.03172702783597725,
            0.028702814695032598,
            0.029694859717386852,
            0.02853437094682231,
            0.027342517614891156,
            0.0289963221576675,
            0.02788586251621271,
            0.027538773497013204,
            0.0264035575319622,
            0.026109513336716853,
            0.02574959945067521,
            0.024623961902549507,
            0.02476123098691192,
            0.025441484585453457,
            0.02407587548638132,
            0.019702303748996355,
            0.018451110832182753,
            0.015340945333928685,
            0.014915693904020751,
            0.015234452285167843,
            0.014893331544344558,
            0.01454024165472046,
            0.013757643135075041,
            0.013441811107180757,
            0.010880530335783255,
            0.010608619044123045,
            0.012122119126010177,
            0.009956511787594415,
            0.011673151750972763,
            0.007623282776145477,
            0.007457846952010376,
            0.0,
            0.0,
            0.0,
            0.0,
            0.0,
            0.0,
            0.0,
            0.0,
            0.0,
            0.0,
            0.0,
            0.0,
            0.0,
            0.0,
            0.0,
            0.0,
            0.0,
            0.0,
            0.0,
            0.0,
            0.0,
            0.0,
            0.0,
            0.0,
            0.0,
            0.0,
            0.0,
            0.0,
            0.0,
            0.0,
            0.0,
            0.0,
            0.0,
            0.0,
            0.0,
            0.0,
            0.0,
            0.0,
            0.0,
            0.0,
            0.0,
            0.0,
            0.0,
            0.0,
            0.0,
            0.0,
            0.0
        ],