{
    "Final_Model": {
        "AUC": 0.7769876596822639,
        "AUC_95CI_lower": 0.7071579688517142,
        "AUC_95CI_upper": 0.8428371195731311,
        "Brier": 0.08744932846032515,
        "Brier_95CI_lower": 0.06937539929577312,
        "Brier_95CI_upper": 0.10501265838883923,
        "Best_Method": "xgb_meta",
        "Optimal_Threshold": 0.17000000000000004
    },
    "Individual_Assessment_Test": {
        "CatBoost": {
            "AUC": 0.777584771830782,
            "Brier": 0.08676697280133422
        },
        "XGBoost": {
            "AUC": 0.7766800564542394,
            "Brier": 0.1026126285216695
        },
        "LightGBM": {
            "AUC": 0.7698765968226396,
            "Brier": 0.09036816965462968
        },
        "RandomForest": {
            "AUC": 0.7766076792241161,
            "Brier": 0.09818837857035781
        }
    },
    "Self_Assessment_CV": {
        "CatBoost": {
            "AUC": 0.8014717596133816,
            "Brier": 0.09311485970530634
        },
        "XGBoost": {
            "AUC": 0.7854131990134019,
            "Brier": 0.14787607541586625
        },
        "LightGBM": {
            "AUC": 0.7764174458078482,
            "Brier": 0.09803241498344609
        },
        "RandomForest": {
            "AUC": 0.7809635891331785,
            "Brier": 0.10420301489579212
        }
    },
    "Ensemble_Weights": {
        "CatBoost": 0.16036036610603333,
        "XGBoost": 0.12030445784330368,
        "LightGBM": 0.36366555094718933,
        "RandomForest": 0.3556695878505707
    }
}