{
    "evaluation_type": "end_to_end_pipeline",
    "description": "Holdout test set (n=514) evaluated through the FULL production inference pipeline. fold_models predict \u2192 average \u2192 meta-features \u2192 meta-learner \u2192 calibrate \u2192 score. These are the metrics of the actual deployed model.",
    "pipeline": "fold_ensemble \u2192 13 meta-features \u2192 xgb_meta \u2192 threshold",
    "best_method": "xgb_meta",
    "holdout_n": 514,
    "cross_check_vs_trainMeta": true,
    "final_model": {
        "AUC": 0.7697499366699236,
        "AUC_95CI": [
            0.7016650708922127,
            0.8327604117929922
        ],
        "Brier": 0.08860947191953673,
        "Brier_95CI": [
            0.07006495037064486,
            0.10625071120602496
        ],
        "optimal_threshold": 0.09801904857158661,
        "clinical_metrics": {
            "sensitivity": 0.7377049180327869,
            "specificity": 0.673289183222958,
            "ppv": 0.23316062176165803,
            "npv": 0.9501557632398754,
            "tp": 45,
            "tn": 305,
            "fp": 148,
            "fn": 16
        }
    },
    "decision_curve_analysis": {
        "thresholds": [
            0.01,
            0.02,
            0.03,
            0.04,
            0.05,
            0.060000000000000005,
            0.06999999999999999,
            0.08,
            0.09,
            0.09999999999999999,
            0.11,
            0.12,
            0.13,
            0.14,
            0.15000000000000002,
            0.16,
            0.17,
            0.18000000000000002,
            0.19,
            0.2,
            0.21000000000000002,
            0.22,
            0.23,
            0.24000000000000002,
            0.25,
            0.26,
            0.27,
            0.28,
            0.29000000000000004,
            0.3,
            0.31,
            0.32,
            0.33,
            0.34,
            0.35000000000000003,
            0.36000000000000004,
            0.37,
            0.38,
            0.39,
            0.4,
            0.41000000000000003,
            0.42000000000000004,
            0.43,
            0.44,
            0.45,
            0.46,
            0.47000000000000003,
            0.48000000000000004,
            0.49,
            0.5,
            0.51,
            0.52,
            0.53,
            0.54,
            0.55,
            0.56,
            0.5700000000000001,
            0.5800000000000001,
            0.59,
            0.6,
            0.61,
            0.62,
            0.63,
            0.64,
            0.65,
            0.66,
            0.67,
            0.68,
            0.6900000000000001,
            0.7000000000000001,
            0.7100000000000001,
            0.72,
            0.73,
            0.74,
            0.75,
            0.76,
            0.77,
            0.78,
            0.79,
            0.8,
            0.81,
            0.8200000000000001,
            0.8300000000000001,
            0.8400000000000001,
            0.85,
            0.86,
            0.87,
            0.88,
            0.89,
            0.9,
            0.91,
            0.92,
            0.93,
            0.9400000000000001,
            0.9500000000000001,
            0.9600000000000001,
            0.97,
            0.98,
            0.99
        ],
        "net_benefit_model": [
            0.10977479070864285,
            0.10255697609783213,
            0.09238236591921056,
            0.08390077821011674,
            0.07782101167315174,
            0.07314347214173358,
            0.06612694029538513,
            0.059549991541194384,
            0.05580023089750716,
            0.05317769130998702,
            0.04946880601582652,
            0.04342058719490626,
            0.04145981483966187,
            0.03999638041806171,
            0.03776607919432364,
            0.038076709282934953,
            0.034761614551591574,
            0.029704849577678653,
            0.02937503002353846,
            0.02869649805447471,
            0.030167955474560408,
            0.02728723934949616,
            0.026378290969730663,
            0.02477984845381937,
            0.025291828793774323,
            0.025975391734146598,
            0.02539843291935398,
            0.024859489840034582,
            0.021619992327505888,
            0.020289049471928847,
            0.018919528562566963,
            0.015449759670405124,
            0.015970730007549797,
            0.018747789175804736,
            0.018706973959892244,
            0.018968871595330734,
            0.018899388549194,
            0.02008284172210368,
            0.017127001339542005,
            0.01815823605706874,
            0.017938402690760403,
            0.013819938279887294,
            0.011639019728309101,
            0.01292384658143413,
            0.010788822072868767,
            0.010592304366623433,
            0.010388370897878276,
            0.010176593834181383,
            0.009956511787594415,
            0.009727626459143969,
            0.007543873580560629,
            0.007457846952010376,
            0.007285371305571653,
            0.00710539671798342,
            0.00691742325983571,
            0.006720905553590378,
            0.009094199619943896,
            0.0,
            0.0,
            0.0,
            0.0,
            0.0,
            0.0,
            0.0,
            0.0,
            0.0,
            0.0,
            0.0,
            0.0,
            0.0,
            0.0,
            0.0,
            0.0,
            0.0,
            0.0,
            0.0,
            0.0,
            0.0,
            0.0,
            0.0,
            0.0,
            0.0,
            0.0,
            0.0,
            0.0,
            0.0,
            0.0,
            0.0,
            0.0,
            0.0,
            0.0,
            0.0,
            0.0,
            0.0,
            0.0,
            0.0,
            0.0,
            0.0,
            0.0
        ],