{
    "Final_Model": {
        "AUC": 0.7697499366699236,
        "AUC_95CI_lower": 0.7016650708922127,
        "AUC_95CI_upper": 0.8327604117929922,
        "Brier": 0.08860947191953673,
        "Brier_95CI_lower": 0.07006495037064486,
        "Brier_95CI_upper": 0.10625071120602496,
        "Best_Method": "xgb_meta",
        "Optimal_Threshold": 0.28
    },
    "LR_Baseline": {
        "AUC": 0.8106611659971772,
        "Brier": 0.17485229610278893,
        "F1_Score": 0.3861003861003861,
        "Sensitivity": 0.819672131147541,
        "Specificity": 0.673289183222958,
        "PPV": 0.25252525252525254,
        "NPV": 0.9651898734177216,
        "Net_Benefit": -0.12066993337212771,
        "Calibration_Slope": 0.8821582035792785,
        "Threshold": 0.43082252713201297
    },
    "TearSense_vs_LR": {
        "AUC_Improvement": -0.04091122932725355,
        "AUC_Improvement_Pct": -5.046649703138241,
        "Brier_Improvement": 0.0862428241832522
    },
    "Individual_Assessment_Test": {
        "CatBoost": {
            "AUC": 0.7663663011616544,
            "Brier": 0.08877155379690511
        },
        "XGBoost": {
            "AUC": 0.7746896826258459,
            "Brier": 0.09299166946867361
        },
        "LightGBM": {
            "AUC": 0.7772952629102884,
            "Brier": 0.10218574780799887
        },
        "RandomForest": {
            "AUC": 0.7688995042159735,
            "Brier": 0.0902340588600401
        }
    },
    "Self_Assessment_CV": {
        "CatBoost": {
            "AUC": 0.7999201957454597,
            "Brier": 0.09356753661499755
        },
        "XGBoost": {
            "AUC": 0.7729923375297381,
            "Brier": 0.10492236997196028
        },
        "LightGBM": {
            "AUC": 0.774375337671225,
            "Brier": 0.11089694734420905
        },
        "RandomForest": {
            "AUC": 0.7749271192353833,
            "Brier": 0.0971093669286811
        }
    },
    "Ensemble_Weights": {
        "CatBoost": 0.10152465850114822,
        "XGBoost": 0.0879080593585968,
        "LightGBM": 0.5420142412185669,
        "RandomForest": 0.2685530483722687
    }
}