{
    "tearsense": {
        "AUC": 0.7697499366699236,
        "Brier": 0.08860947191953673
    },
    "logistic_regression": {
        "AUC": 0.8106611659971772,
        "Brier": 0.17485229610278893
    },
    "improvement": {
        "AUC_delta": -0.04091122932725355,
        "AUC_pct": -5.046649703138241,
        "Brier_delta": -0.0862428241832522
    }
}