{
    "best_method": "xgb_meta",
    "base_models": {
        "CatBoost": {
            "auc": {
                "per_fold": [
                    0.7389220881722854,
                    0.7478116343490304,
                    0.7604726100966703,
                    0.7411385606874329,
                    0.8166091921533156
                ],
                "mean": 0.7609908170917469,
                "std": 0.028804527148378233,
                "min": 0.7389220881722854,
                "max": 0.8166091921533156
            },
            "brier": {
                "per_fold": [
                    0.09419284384142433,
                    0.09745744128584112,
                    0.09612890770165033,
                    0.09562578877650113,
                    0.08988661289244348
                ],
                "mean": 0.09465831889957207,
                "std": 0.0026045944317340587,
                "min": 0.08988661289244348,
                "max": 0.09745744128584112
            },
            "f1": {
                "per_fold": [
                    0.21428571428571427,
                    0.2222222222222222,
                    0.16666666666666666,
                    0.14285714285714285,
                    0.1724137931034483
                ],
                "mean": 0.18368910782703887,
                "std": 0.030016991255808805,
                "min": 0.14285714285714285,
                "max": 0.2222222222222222
            }
        },
        "XGBoost": {
            "auc": {
                "per_fold": [
                    0.7551020408163265,
                    0.7812742382271468,
                    0.7842727118548249,
                    0.7816722256769744,
                    0.8240714568375826
                ],
                "mean": 0.785278534682571,
                "std": 0.02211589078328916,
                "min": 0.7551020408163265,
                "max": 0.8240714568375826
            },
            "brier": {
                "per_fold": [
                    0.11510388029360666,
                    0.11608976034348809,
                    0.11522954143010301,
                    0.11047579743181811,
                    0.10086927519964979
                ],
                "mean": 0.11155365093973313,
                "std": 0.00569227970192852,
                "min": 0.10086927519964979,
                "max": 0.11608976034348809
            },
            "f1": {
                "per_fold": [
                    0.39622641509433965,
                    0.3853211009174312,
                    0.4107142857142857,
                    0.3673469387755102,
                    0.42
                ],
                "mean": 0.39592174810031333,
                "std": 0.01858799426634085,
                "min": 0.3673469387755102,
                "max": 0.42
            }
        },
        "LightGBM": {
            "auc": {
                "per_fold": [
                    0.7602886458450784,
                    0.7782271468144044,
                    0.7677087455480808,
                    0.7703092317259314,
                    0.8364520323364802
                ],
                "mean": 0.7825971604539951,
                "std": 0.02753097222977051,
                "min": 0.7602886458450784,
                "max": 0.8364520323364802
            },
            "brier": {
                "per_fold": [
                    0.11091043640605355,
                    0.11132193191888622,
                    0.11566480971147783,
                    0.11240281404248806,
                    0.0966693539902974
                ],
                "mean": 0.10939386921384062,
                "std": 0.006577372320676672,
                "min": 0.0966693539902974,
                "max": 0.11566480971147783
            },
            "f1": {
                "per_fold": [
                    0.42,
                    0.38095238095238093,
                    0.3883495145631068,
                    0.3917525773195876,
                    0.43478260869565216
                ],
                "mean": 0.4031674163061455,
                "std": 0.02062150731911,
                "min": 0.38095238095238093,
                "max": 0.43478260869565216
            }
        },
        "RandomForest": {
            "auc": {
                "per_fold": [
                    0.7529597474348855,
                    0.7991135734072022,
                    0.7736446379105659,
                    0.7651647916784443,
                    0.8242975860704393
                ],
                "mean": 0.7830360673003074,
                "std": 0.02558579914256134,
                "min": 0.7529597474348855,
                "max": 0.8242975860704393
            },
            "brier": {
                "per_fold": [
                    0.10795450386913252,
                    0.10129997175299604,
                    0.10873356827817499,
                    0.10507032626863112,
                    0.0958468279048384
                ],
                "mean": 0.10378103961475463,
                "std": 0.0047479472893632154,
                "min": 0.0958468279048384,
                "max": 0.10873356827817499
            },
            "f1": {
                "per_fold": [
                    0.39080459770114945,
                    0.38636363636363635,
                    0.3218390804597701,
                    0.30952380952380953,
                    0.3037974683544304
                ],
                "mean": 0.3424657184805592,
                "std": 0.03813013393195598,
                "min": 0.3037974683544304,
                "max": 0.39080459770114945
            }
        }
    },
    "ensemble": {
        "auc": {
            "per_fold": [
                0.7545664674709662,
                0.7865096952908587,
                0.776810447170558,
                0.7733902425236022,
                0.8308270676691729
            ],
            "mean": 0.7844207840250317,
            "std": 0.025411717776256896,
            "min": 0.7545664674709662,
            "max": 0.8308270676691729
        },
        "brier": {
            "per_fold": [
                0.09442501370867162,
                0.09170296390789526,
                0.09236170277076526,
                0.09341091562303257,
                0.09044650318789679
            ],
            "mean": 0.09246941983965229,
            "std": 0.0013712775891754135,
            "min": 0.09044650318789679,
            "max": 0.09442501370867162
        },
        "f1": {
            "per_fold": [
                0.038461538461538464,
                0.2033898305084746,
                0.10909090909090909,
                0.14035087719298245,
                0.07407407407407407
            ],
            "mean": 0.11307344586559573,
            "std": 0.056577125979581935,
            "min": 0.038461538461538464,
            "max": 0.2033898305084746
        }
    },
    "method_comparison": {
        "weighted_avg": {
            "auc": 0.7802627195707174,
            "brier": 0.0936579971508075,
            "score": 0.5130935695514557,
            "calibration": null
        },
        "weighted_avg+isotonic": {
            "auc": 0.7673203143991573,
            "brier": 0.0933631731077218,
            "score": 0.5064458251560952,
            "calibration": "isotonic"
        },
        "weighted_avg+platt": {
            "auc": 0.779087774266447,
            "brier": 0.09357018236113707,
            "score": 0.5127215144200729,
            "calibration": "platt"
        },
        "logistic": {
            "auc": 0.784872776382863,
            "brier": 0.18992796453831118,
            "score": 0.15089337835677297,
            "calibration": null
        },
        "logistic+isotonic": {
            "auc": 0.7705986819004403,
            "brier": 0.0937327094205635,
            "score": 0.5070119074737286,
            "calibration": "isotonic"
        },