{
    "best_method": "xgb_meta",
    "base_models": {
        "CatBoost": {
            "auc": {
                "per_fold": [
                    0.7590483707295073,
                    0.7716343490304709,
                    0.7803719825880491,
                    0.7555542992820397,
                    0.8134433828933235
                ],
                "mean": 0.7760104769046781,
                "std": 0.020715037661462068,
                "min": 0.7555542992820397,
                "max": 0.8134433828933235
            },
            "brier": {
                "per_fold": [
                    0.09242391388330613,
                    0.09461930858168048,
                    0.0925050118350893,
                    0.09389834224788582,
                    0.09022463416801509
                ],
                "mean": 0.09273424214319537,
                "std": 0.0015070226861843869,
                "min": 0.09022463416801509,
                "max": 0.09461930858168048
            },
            "f1": {
                "per_fold": [
                    0.18181818181818182,
                    0.25806451612903225,
                    0.1724137931034483,
                    0.07547169811320754,
                    0.1111111111111111
                ],
                "mean": 0.1597758600549962,
                "std": 0.06289942881102785,
                "min": 0.07547169811320754,
                "max": 0.25806451612903225
            }
        },
        "XGBoost": {
            "auc": {
                "per_fold": [
                    0.737005299357312,
                    0.7722437673130194,
                    0.7609814008705976,
                    0.7630165639663067,
                    0.8266154107072192
                ],
                "mean": 0.7719724884428909,
                "std": 0.029697270741970674,
                "min": 0.737005299357312,
                "max": 0.8266154107072192
            },
            "brier": {
                "per_fold": [
                    0.10124666169806797,
                    0.10294917812325916,
                    0.10526991638601585,
                    0.10140625595260284,
                    0.09391169433614704
                ],
                "mean": 0.10095674129921857,
                "std": 0.0038076787627193856,
                "min": 0.09391169433614704,
                "max": 0.10526991638601585
            },
            "f1": {
                "per_fold": [
                    0.3037974683544304,
                    0.3132530120481928,
                    0.3373493975903614,
                    0.325,
                    0.2777777777777778
                ],
                "mean": 0.31143553115415246,
                "std": 0.020248510519152794,
                "min": 0.2777777777777778,
                "max": 0.3373493975903614
            }
        },
        "LightGBM": {
            "auc": {
                "per_fold": [
                    0.7588792423046568,
                    0.7559002770083102,
                    0.7499576007688394,
                    0.7418169483860027,
                    0.8266719430154333
                ],
                "mean": 0.7666452022966486,
                "std": 0.030574143953255167,
                "min": 0.7418169483860027,
                "max": 0.8266719430154333
            },
            "brier": {
                "per_fold": [
                    0.11296541230045291,
                    0.1151798722618248,
                    0.11981683014849905,
                    0.11551182474058577,
                    0.10004235969386552
                ],
                "mean": 0.11270325982904561,
                "std": 0.006708079380055191,
                "min": 0.10004235969386552,
                "max": 0.11981683014849905
            },
            "f1": {
                "per_fold": [
                    0.3564356435643564,
                    0.4107142857142857,
                    0.37254901960784315,
                    0.40404040404040403,
                    0.40425531914893614
                ],
                "mean": 0.3895989344151651,
                "std": 0.021259008320608733,
                "min": 0.3564356435643564,
                "max": 0.4107142857142857
            }
        },
        "RandomForest": {
            "auc": {
                "per_fold": [
                    0.7620926823768182,
                    0.7986149584487534,
                    0.7793544010401945,
                    0.7597376900898863,
                    0.8249194414607949
                ],
                "mean": 0.7849438346832895,
                "std": 0.024387354992651527,
                "min": 0.7597376900898863,
                "max": 0.8249194414607949
            },
            "brier": {
                "per_fold": [
                    0.11446954390001748,
                    0.10829633750332121,
                    0.11527008444938706,
                    0.11261717077875734,
                    0.10046788952790159
                ],
                "mean": 0.11022420523187693,
                "std": 0.005442654714161265,
                "min": 0.10046788952790159,
                "max": 0.11527008444938706
            },
            "f1": {
                "per_fold": [
                    0.40816326530612246,
                    0.3958333333333333,
                    0.3673469387755102,
                    0.3333333333333333,
                    0.3614457831325301
                ],
                "mean": 0.37322453077616585,
                "std": 0.02644415149262853,
                "min": 0.3333333333333333,
                "max": 0.40816326530612246
            }
        }
    },
    "ensemble": {
        "auc": {
            "per_fold": [
                0.773057841921299,
                0.7929916897506925,
                0.7818135564475097,
                0.764712533212731,
                0.8313923907513143
            ],
            "mean": 0.7887936024167093,
            "std": 0.023274508798030846,
            "min": 0.764712533212731,
            "max": 0.8313923907513143
        },
        "brier": {
            "per_fold": [
                0.09163279197389672,
                0.09011937562112764,
                0.09156433324354821,
                0.09232833189899216,
                0.0867938613056226
            ],
            "mean": 0.09048773880863746,
            "std": 0.00198183791960918,
            "min": 0.0867938613056226,
            "max": 0.09232833189899216
        },
        "f1": {
            "per_fold": [
                0.11538461538461539,
                0.10909090909090909,
                0.07407407407407407,
                0.07692307692307693,
                0.1111111111111111
            ],
            "mean": 0.09731675731675732,
            "std": 0.01795264251348041,
            "min": 0.07407407407407407,
            "max": 0.11538461538461539
        }
    },
    "method_comparison": {
        "weighted_avg": {
            "auc": 0.7868509665163097,
            "brier": 0.09220828762162452,
            "score": 0.522542468626237,
            "calibration": null
        },
        "weighted_avg+isotonic": {
            "auc": 0.777392881902241,
            "brier": 0.09041297495680674,
            "score": 0.5236737745882956,
            "calibration": "isotonic"
        },
        "weighted_avg+platt": {
            "auc": 0.78642330443238,
            "brier": 0.09307219168269198,
            "score": 0.5190107502479739,
            "calibration": "platt"
        },
        "logistic": {
            "auc": 0.7896227908282732,
            "brier": 0.1861329101070551,
            "score": 0.1681307056042779,