{
    "evaluation_type": "end_to_end_pipeline",
    "description": "Holdout test set (n=514) evaluated through the FULL production inference pipeline. fold_models predict \u2192 average \u2192 meta-features \u2192 meta-learner \u2192 calibrate \u2192 score. These are the metrics of the actual deployed model.",
    "pipeline": "fold_ensemble \u2192 13 meta-features \u2192 xgb_meta \u2192 threshold",
    "best_method": "xgb_meta",
    "holdout_n": 514,
    "cross_check_vs_trainMeta": true,
    "final_model": {
        "AUC": 0.7691166359063439,
        "AUC_95CI": [
            0.7031749131944445,
            0.8317306626672931
        ],
        "Brier": 0.0888332494321732,
        "Brier_95CI": [
            0.0701881409119376,
            0.10673063371878447
        ],
        "optimal_threshold": 0.10159282386302948,
        "clinical_metrics": {
            "sensitivity": 0.7704918032786885,
            "specificity": 0.6379690949227373,
            "ppv": 0.22274881516587677,
            "npv": 0.9537953795379538,
            "tp": 47,
            "tn": 289,
            "fp": 164,
            "fn": 14
        }
    },
    "decision_curve_analysis": {
        "thresholds": [
            0.01,
            0.02,
            0.03,
            0.04,
            0.05,
            0.060000000000000005,
            0.06999999999999999,
            0.08,
            0.09,
            0.09999999999999999,
            0.11,
            0.12,
            0.13,
            0.14,
            0.15000000000000002,
            0.16,
            0.17,
            0.18000000000000002,
            0.19,
            0.2,
            0.21000000000000002,
            0.22,
            0.23,
            0.24000000000000002,
            0.25,
            0.26,
            0.27,
            0.28,
            0.29000000000000004,
            0.3,
            0.31,
            0.32,
            0.33,
            0.34,
            0.35000000000000003,
            0.36000000000000004,
            0.37,
            0.38,
            0.39,
            0.4,
            0.41000000000000003,
            0.42000000000000004,
            0.43,
            0.44,
            0.45,
            0.46,
            0.47000000000000003,
            0.48000000000000004,
            0.49,
            0.5,
            0.51,
            0.52,
            0.53,
            0.54,
            0.55,
            0.56,
            0.5700000000000001,
            0.5800000000000001,
            0.59,
            0.6,
            0.61,
            0.62,
            0.63,
            0.64,
            0.65,
            0.66,
            0.67,
            0.68,
            0.6900000000000001,
            0.7000000000000001,
            0.7100000000000001,
            0.72,
            0.73,
            0.74,
            0.75,
            0.76,
            0.77,
            0.78,
            0.79,
            0.8,
            0.81,
            0.8200000000000001,
            0.8300000000000001,
            0.8400000000000001,
            0.85,
            0.86,
            0.87,
            0.88,
            0.89,
            0.9,
            0.91,
            0.92,
            0.93,
            0.9400000000000001,
            0.9500000000000001,
            0.9600000000000001,
            0.97,
            0.98,
            0.99
        ],
        "net_benefit_model": [
            0.10977479070864285,
            0.09973794965456999,
            0.09093826467166753,
            0.08163099870298313,
            0.0782305959451157,
            0.07165328255650302,
            0.06771683193171835,
            0.06470986296734901,
            0.05896438192158036,
            0.05598789450929529,
            0.050277619901193546,
            0.04457021577644146,
            0.04011807325909029,
            0.03465749705908967,
            0.03936827649347677,
            0.03576060774504354,
            0.034058412638882374,
            0.03250450792445667,
            0.029254935869721867,
            0.027723735408560313,
            0.026153770378761758,
            0.026987927766137884,
            0.025595027540552834,
            0.024165472045873437,
            0.02269779507133593,
            0.021505941739404774,
            0.02257342359149299,
            0.02215737137916126,
            0.02151038526881131,
            0.02084491384102279,
            0.020160153386341848,
            0.019455252918287938,
            0.01872931064521749,
            0.01798137012144794,
            0.017210416043100866,
            0.016415369649805445,
            0.015348032857760483,
            0.017384209865695995,
            0.016425336480193915,
            0.016212710765239946,
            0.01599287739893161,
            0.015765463571716088,
            0.015530070311966689,
            0.012090050027793219,
            0.010081358330385568,
            0.01001585242830379,
            0.008002349313559944,
            0.007931756958994313,
            0.007858396276798657,
            0.007782101167315175,
            0.007702691971730326,
            0.007619974059662775,
            0.007533736236443414,
            0.007443748942649297,
            0.007349762213575443,
            0.007251503360452776,
            0.007148674328115102,
            0.00704094867518992,
            0.0069279681123659495,
            0.006809338521400778,
            0.0,
            0.0,
            0.0,
            0.0,
            0.0,
            0.0,
            0.0,
            0.0,
            0.0,
            0.0,
            0.0,
            0.0,
            0.0,
            0.0,
            0.0,
            0.0,
            0.0,
            0.0,
            0.0,
            0.0,
            0.0,
            0.0,
            0.0,
            0.0,
            0.0,
            0.0,
            0.0,
            0.0,
            0.0,
            0.0,
            0.0,
            0.0,
            0.0,
            0.0,
            0.0,
            0.0,
            0.0,
            0.0,
            0.0
        ],