{
    "Final_Model": {
        "AUC": 0.7691166359063439,
        "AUC_95CI_lower": 0.7031749131944445,
        "AUC_95CI_upper": 0.8317306626672931,
        "Brier": 0.0888332494321732,
        "Brier_95CI_lower": 0.0701881409119376,
        "Brier_95CI_upper": 0.10673063371878447,
        "Best_Method": "xgb_meta",
        "Optimal_Threshold": 0.15000000000000002
    },
    "Individual_Assessment_Test": {
        "CatBoost": {
            "AUC": 0.7633264574964715,
            "Brier": 0.08842689200185155
        },
        "XGBoost": {
            "AUC": 0.7755220207722651,
            "Brier": 0.09480085923672507
        },
        "LightGBM": {
            "AUC": 0.7766438678391778,
            "Brier": 0.09511875339314653
        },
        "RandomForest": {
            "AUC": 0.7723374226468354,
            "Brier": 0.09084922867326196
        }
    },
    "Self_Assessment_CV": {
        "CatBoost": {
            "AUC": 0.8005658190672543,
            "Brier": 0.09264818563002075
        },
        "XGBoost": {
            "AUC": 0.7720082687089926,
            "Brier": 0.10512383817592359
        },
        "LightGBM": {
            "AUC": 0.7803468472618842,
            "Brier": 0.10257364042596229
        },
        "RandomForest": {
            "AUC": 0.7725084197220922,
            "Brier": 0.09784571407294537
        }
    },
    "Ensemble_Weights": {
        "CatBoost": 0.11520428210496902,
        "XGBoost": 0.09626699239015579,
        "LightGBM": 0.7885288000106812,
        "RandomForest": 0.0
    }
}