{
    "best_method": "xgb_meta",
    "base_models": {
        "CatBoost": {
            "auc": {
                "per_fold": [
                    0.7461382342992445,
                    0.7551246537396121,
                    0.7669172932330827,
                    0.754140991576686,
                    0.8101645090169032
                ],
                "mean": 0.7664971363731057,
                "std": 0.02281888925662916,
                "min": 0.7461382342992445,
                "max": 0.8101645090169032
            },
            "brier": {
                "per_fold": [
                    0.0936111025386247,
                    0.0957884607875822,
                    0.09446195534273553,
                    0.09461797819479241,
                    0.09222115114479607
                ],
                "mean": 0.09414012960170617,
                "std": 0.0011841667733383475,
                "min": 0.09222115114479607,
                "max": 0.0957884607875822
            },
            "f1": {
                "per_fold": [
                    0.17543859649122806,
                    0.25396825396825395,
                    0.10526315789473684,
                    0.10909090909090909,
                    0.037037037037037035
                ],
                "mean": 0.13615959089643298,
                "std": 0.07339523849107873,
                "min": 0.037037037037037035,
                "max": 0.25396825396825395
            }
        },
        "XGBoost": {
            "auc": {
                "per_fold": [
                    0.7631074529259217,
                    0.773185595567867,
                    0.7570806716038216,
                    0.7646560009045169,
                    0.8280852507207869
                ],
                "mean": 0.7772229943445829,
                "std": 0.025946717370868,
                "min": 0.7570806716038216,
                "max": 0.8280852507207869
            },
            "brier": {
                "per_fold": [
                    0.10450127778187633,
                    0.10491015745054245,
                    0.11152586706541759,
                    0.10561801570474001,
                    0.09544036802607278
                ],
                "mean": 0.10439913720572983,
                "std": 0.005153776535524049,
                "min": 0.09544036802607278,
                "max": 0.11152586706541759
            },
            "f1": {
                "per_fold": [
                    0.3058823529411765,
                    0.40425531914893614,
                    0.3333333333333333,
                    0.2926829268292683,
                    0.2465753424657534
                ],
                "mean": 0.3165458549436935,
                "std": 0.0520649436212714,
                "min": 0.2465753424657534,
                "max": 0.40425531914893614
            }
        },
        "LightGBM": {
            "auc": {
                "per_fold": [
                    0.7732551584169579,
                    0.7505817174515236,
                    0.7597942223981005,
                    0.7646560009045169,
                    0.8325513030697043
                ],
                "mean": 0.7761676804481606,
                "std": 0.02913021140125418,
                "min": 0.7505817174515236,
                "max": 0.8325513030697043
            },
            "brier": {
                "per_fold": [
                    0.10283331007781164,
                    0.10738762579667825,
                    0.11016568764425146,
                    0.1034242484325186,
                    0.09178705489132727
                ],
                "mean": 0.10311958536851744,
                "std": 0.006268408833469601,
                "min": 0.09178705489132727,
                "max": 0.11016568764425146
            },
            "f1": {
                "per_fold": [
                    0.37777777777777777,
                    0.37894736842105264,
                    0.34782608695652173,
                    0.3218390804597701,
                    0.325
                ],
                "mean": 0.3502780627230245,
                "std": 0.024624913277646227,
                "min": 0.3218390804597701,
                "max": 0.37894736842105264
            }
        },
        "RandomForest": {
            "auc": {
                "per_fold": [
                    0.7667719021310182,
                    0.7953462603878116,
                    0.77370117021878,
                    0.7657301147605856,
                    0.8240149245293685
                ],
                "mean": 0.7851128744055128,
                "std": 0.022182882231008602,
                "min": 0.7657301147605856,
                "max": 0.8240149245293685
            },
            "brier": {
                "per_fold": [
                    0.10468517362531485,
                    0.10116340473875565,
                    0.1072146860244015,
                    0.10332803286774274,
                    0.09514812557661584
                ],
                "mean": 0.1023078845665661,
                "std": 0.004082667981658423,
                "min": 0.09514812557661584,
                "max": 0.1072146860244015
            },
            "f1": {
                "per_fold": [
                    0.3132530120481928,
                    0.3764705882352941,
                    0.32941176470588235,
                    0.275,
                    0.273972602739726
                ],
                "mean": 0.31362159354581903,
                "std": 0.038113334808232806,
                "min": 0.273972602739726,
                "max": 0.3764705882352941
            }
        }
    },
    "ensemble": {
        "auc": {
            "per_fold": [
                0.7685759386627579,
                0.7993074792243767,
                0.7782520210300186,
                0.7706766917293233,
                0.8240431906834755
            ],
            "mean": 0.7881710642659904,
            "std": 0.020972546952683815,
            "min": 0.7685759386627579,
            "max": 0.8240431906834755
        },
        "brier": {
            "per_fold": [
                0.09118145628026823,
                0.09121245020518666,
                0.09307720088766462,
                0.09077772519101548,
                0.08849675248017935
            ],
            "mean": 0.09094911700886286,
            "std": 0.0014625685516453132,
            "min": 0.08849675248017935,
            "max": 0.09307720088766462
        },
        "f1": {
            "per_fold": [
                0.11538461538461539,
                0.1724137931034483,
                0.13559322033898305,
                0.14285714285714285,
                0.13793103448275862
            ],
            "mean": 0.14083596123338965,
            "std": 0.01835723605446213,
            "min": 0.11538461538461539,
            "max": 0.1724137931034483
        }
    },
    "method_comparison": {
        "weighted_avg": {
            "auc": 0.7840261459092996,
            "brier": 0.0926819763454576,
            "score": 0.5190517889548625,
            "calibration": null
        },
        "weighted_avg+isotonic": {
            "auc": 0.7765927036346776,
            "brier": 0.0924289462918002,
            "score": 0.5155509783407897,
            "calibration": "isotonic"
        },
        "weighted_avg+platt": {
            "auc": 0.7837763012181618,
            "brier": 0.09365971088866483,
            "score": 0.5151952216390311,
            "calibration": "platt"
        },
        "logistic": {
            "auc": 0.7883827218526106,
            "brier": 0.18708625141231897,
            "score": 0.16377248020044155,
            "calibration": null
        },
        "logistic+isotonic": {
            "auc": 0.771407863580297,
            "brier": 0.09365643288757798,
            "score": 0.5077865861892552,
            "calibration": "isotonic"
        },