{
    "CatBoost_Params": {
        "iterations": 715,
        "depth": 7,
        "learning_rate": 0.11192415764531251,
        "l2_leaf_reg": 5.284619239605735,
        "random_strength": 3.145622124522271,
        "bagging_temperature": 0.38421370143388645,
        "border_count": 135,
        "loss_function": "Focal:focal_alpha=0.13497517850219187;focal_gamma=1.6808791027839787",
        "eval_metric": "AUC",
        "random_state": 42,
        "verbose": false,
        "thread_count": -1
    },
    "XGBoost_Params": {
        "n_estimators": 1323,
        "max_depth": 9,
        "learning_rate": 0.13159206909825677,
        "subsample": 0.6825874029436847,
        "colsample_bytree": 0.9975354860155434,
        "gamma": 3.623405368882819,
        "min_child_weight": 2,
        "reg_alpha": 0.0035383974883443125,
        "reg_lambda": 0.0027473962507046723,
        "max_delta_step": 1.8529577486817208,
        "scale_pos_weight": 7.401891931698991,
        "objective": "binary:logistic",
        "eval_metric": "auc",
        "random_state": 42,
        "n_jobs": -1,
        "use_label_encoder": false
    },
    "LightGBM_Params": {
        "boosting_type": "gbdt",
        "n_estimators": 1839,
        "num_leaves": 90,
        "learning_rate": 0.005643741545710503,
        "max_depth": 7,
        "min_child_samples": 18,
        "colsample_bytree": 0.7005967635837596,
        "reg_alpha": 0.11022329359964182,
        "reg_lambda": 1.5430366311595851,
        "subsample": 0.6239321916250833,
        "subsample_freq": 8,
        "is_unbalance": true,
        "objective": "binary",
        "metric": "auc",
        "random_state": 42,
        "n_jobs": -1,
        "verbosity": -1
    },
    "RandomForest_Params": {
        "n_estimators": 308,
        "max_depth": 16,
        "min_samples_split": 12,
        "min_samples_leaf": 3,
        "max_features": 0.7,
        "class_weight": "balanced_subsample",
        "max_samples": 0.9208851643631915,
        "min_impurity_decrease": 0.0007400235907084737,
        "ccp_alpha": 0.002537127175917907,
        "bootstrap": true,
        "random_state": 42,
        "n_jobs": -1
    },
    "Ensemble_Weights": {
        "Cat": 0.3979550302028656,
        "XGB": 0.0,
        "LGBM": 0.32621392607688904,
        "RF": 0.275831013917923
    }
}