{
    "best_method": "weighted_avg",
    "base_models": {
        "CatBoost": {
            "auc": {
                "per_fold": [
                    0.7712256173187507,
                    0.7715789473684211,
                    0.7651082593702302,
                    0.7600768839391712,
                    0.8128215275029679
                ],
                "mean": 0.7761622470999082,
                "std": 0.018816000331822295,
                "min": 0.7600768839391712,
                "max": 0.8128215275029679
            },
            "brier": {
                "per_fold": [
                    0.09100504543746772,
                    0.0924705028911656,
                    0.09391508049677477,
                    0.09515079007634933,
                    0.09209154759750658
                ],
                "mean": 0.0929265932998528,
                "std": 0.0014506429066035668,
                "min": 0.09100504543746772,
                "max": 0.09515079007634933
            },
            "f1": {
                "per_fold": [
                    0.14814814814814814,
                    0.25806451612903225,
                    0.17543859649122806,
                    0.07547169811320754,
                    0.07272727272727272
                ],
                "mean": 0.14597004632177774,
                "std": 0.06895336209638755,
                "min": 0.07272727272727272,
                "max": 0.25806451612903225
            }
        },
        "XGBoost": {
            "auc": {
                "per_fold": [
                    0.7516630961776976,
                    0.7505817174515236,
                    0.7307931482842444,
                    0.7486008253716999,
                    0.8166657244615297
                ],
                "mean": 0.759660902349339,
                "std": 0.029501250053258647,
                "min": 0.7307931482842444,
                "max": 0.8166657244615297
            },
            "brier": {
                "per_fold": [
                    0.1039629331998554,
                    0.10474478425413161,
                    0.10959622828571437,
                    0.10822507188533423,
                    0.10031310799599284
                ],
                "mean": 0.10536842512420568,
                "std": 0.0032849754045158937,
                "min": 0.10031310799599284,
                "max": 0.10959622828571437
            },
            "f1": {
                "per_fold": [
                    0.2465753424657534,
                    0.3333333333333333,
                    0.27848101265822783,
                    0.2894736842105263,
                    0.2318840579710145
                ],
                "mean": 0.27594948612777104,
                "std": 0.03545933094400527,
                "min": 0.2318840579710145,
                "max": 0.3333333333333333
            }
        },
        "LightGBM": {
            "auc": {
                "per_fold": [
                    0.7558913067989627,
                    0.7522437673130193,
                    0.7564588162134659,
                    0.7606987393295269,
                    0.8364520323364804
                ],
                "mean": 0.772348932398291,
                "std": 0.03216364816393161,
                "min": 0.7522437673130193,
                "max": 0.8364520323364804
            },
            "brier": {
                "per_fold": [
                    0.09859880574312489,
                    0.10422083949322421,
                    0.10645898748331163,
                    0.1028051353409451,
                    0.09645792491238095
                ],
                "mean": 0.10170833859459735,
                "std": 0.0036693412793315813,
                "min": 0.09645792491238095,
                "max": 0.10645898748331163
            },
            "f1": {
                "per_fold": [
                    0.3380281690140845,
                    0.3132530120481928,
                    0.27848101265822783,
                    0.28205128205128205,
                    0.208955223880597
                ],
                "mean": 0.2841537399304768,
                "std": 0.043452591929155834,
                "min": 0.208955223880597,
                "max": 0.3380281690140845
            }
        },
        "RandomForest": {
            "auc": {
                "per_fold": [
                    0.7596121321456759,
                    0.7943490304709142,
                    0.7711006840409294,
                    0.7648821301373734,
                    0.8297812199672112
                ],
                "mean": 0.7839450393524208,
                "std": 0.025805661505903753,
                "min": 0.7596121321456759,
                "max": 0.8297812199672112
            },
            "brier": {
                "per_fold": [
                    0.1032433073144837,
                    0.09831872870013653,
                    0.10446503488765312,
                    0.10056811943815314,
                    0.09188213207196971
                ],
                "mean": 0.09969546448247923,
                "std": 0.00445064224699491,
                "min": 0.09188213207196971,
                "max": 0.10446503488765312
            },
            "f1": {
                "per_fold": [
                    0.2631578947368421,
                    0.36585365853658536,
                    0.3076923076923077,
                    0.2894736842105263,
                    0.23529411764705882
                ],
                "mean": 0.2922943325646641,
                "std": 0.044167826848420626,
                "min": 0.23529411764705882,
                "max": 0.36585365853658536
            }
        }
    },
    "ensemble": {
        "auc": {
            "per_fold": [
                0.7516630961776976,
                0.7505817174515236,
                0.7307931482842444,
                0.7486008253716999,
                0.8166657244615297
            ],
            "mean": 0.759660902349339,
            "std": 0.029501250053258647,
            "min": 0.7307931482842444,
            "max": 0.8166657244615297
        },
        "brier": {
            "per_fold": [
                0.1039629331998551,
                0.10474478425411872,
                0.10959622828571385,
                0.10822507188533076,
                0.10031310799599284
            ],
            "mean": 0.10536842512420226,
            "std": 0.00328497540451567,
            "min": 0.10031310799599284,
            "max": 0.10959622828571385
        },
        "f1": {
            "per_fold": [
                0.2465753424657534,
                0.3333333333333333,
                0.27848101265822783,
                0.2894736842105263,
                0.2318840579710145
            ],
            "mean": 0.27594948612777104,
            "std": 0.03545933094400527,
            "min": 0.2318840579710145,
            "max": 0.3333333333333333
        }
    },
    "method_comparison": {
        "weighted_avg": {
            "auc": 0.7876432667981166,
            "brier": 0.0923774632683577,
            "score": 0.5223764920059362,
            "calibration": null
        },
        "weighted_avg+isotonic": {
            "auc": 0.7769742232306043,
            "brier": 0.09252629029432437,
            "score": 0.5154108521302317,
            "calibration": "isotonic"
        },
        "weighted_avg+platt": {
            "auc": 0.7871278214443274,
            "brier": 0.09325602507060077,
            "score": 0.5187365351368258,
            "calibration": "platt"
        },
        "logistic": {
            "auc": 0.789908083464175,
            "brier": 0.18766027596632653,
            "score": 0.16251152966280386,
            "calibration": null
        },
        "logistic+isotonic": {
            "auc": 0.7800016206142127,
            "brier": 0.09286148470287268,
            "score": 0.5159565449546454,
            "calibration": "isotonic"
        },