{
    "evaluation_type": "end_to_end_pipeline",
    "description": "Holdout test set (n=514) evaluated through the FULL production inference pipeline. fold_models predict \u2192 average \u2192 meta-features \u2192 meta-learner \u2192 calibrate \u2192 score. These are the metrics of the actual deployed model.",
    "pipeline": "fold_ensemble \u2192 weighted_avg \u2192 threshold",
    "best_method": "weighted_avg",
    "holdout_n": 514,
    "cross_check_vs_trainMeta": true,
    "final_model": {
        "AUC": 0.7911916910939818,
        "AUC_95CI": [
            0.7297530317677722,
            0.8512860462821731
        ],
        "Brier": 0.10491720595817389,
        "Brier_95CI": [
            0.0882544648492402,
            0.12078736798084028
        ],
        "optimal_threshold": 0.1976920422166583,
        "clinical_metrics": {
            "sensitivity": 0.7868852459016393,
            "specificity": 0.6600441501103753,
            "ppv": 0.2376237623762376,
            "npv": 0.9583333333333334,
            "tp": 48,
            "tn": 299,
            "fp": 154,
            "fn": 13
        }
    },
    "decision_curve_analysis": {
        "thresholds": [
            0.01,
            0.02,
            0.03,
            0.04,
            0.05,
            0.060000000000000005,
            0.06999999999999999,
            0.08,
            0.09,
            0.09999999999999999,
            0.11,
            0.12,
            0.13,
            0.14,
            0.15000000000000002,
            0.16,
            0.17,
            0.18000000000000002,
            0.19,
            0.2,
            0.21000000000000002,
            0.22,
            0.23,
            0.24000000000000002,
            0.25,
            0.26,
            0.27,
            0.28,
            0.29000000000000004,
            0.3,
            0.31,
            0.32,
            0.33,
            0.34,
            0.35000000000000003,
            0.36000000000000004,
            0.37,
            0.38,
            0.39,
            0.4,
            0.41000000000000003,
            0.42000000000000004,
            0.43,
            0.44,
            0.45,
            0.46,
            0.47000000000000003,
            0.48000000000000004,
            0.49,
            0.5,
            0.51,
            0.52,
            0.53,
            0.54,
            0.55,
            0.56,
            0.5700000000000001,
            0.5800000000000001,
            0.59,
            0.6,
            0.61,
            0.62,
            0.63,
            0.64,
            0.65,
            0.66,
            0.67,
            0.68,
            0.6900000000000001,
            0.7000000000000001,
            0.7100000000000001,
            0.72,
            0.73,
            0.74,
            0.75,
            0.76,
            0.77,
            0.78,
            0.79,
            0.8,
            0.81,
            0.8200000000000001,
            0.8300000000000001,
            0.8400000000000001,
            0.85,
            0.86,
            0.87,
            0.88,
            0.89,
            0.9,
            0.91,
            0.92,
            0.93,
            0.9400000000000001,
            0.9500000000000001,
            0.9600000000000001,
            0.97,
            0.98,
            0.99
        ],
        "net_benefit_model": [
            0.10977479070864285,
            0.10152465655522909,
            0.09484937221709655,
            0.08746757457846951,
            0.07782101167315175,
            0.07260534812484476,
            0.06920212543408226,
            0.05980375570969379,
            0.05659126865352546,
            0.05252918287937744,
            0.047086084029204736,
            0.04120976299964627,
            0.035354890648061174,
            0.03330015383223238,
            0.02998397802700846,
            0.02825643876227532,
            0.024049505414654712,
            0.022492170446996293,
            0.02036796848729404,
            0.016536964980544744,
            0.01009702999556715,
            0.008231068542352588,
            0.006165041184496442,
            0.004198238787630537,
            0.0025940337224383825,
            -0.0014722894100326067,
            -0.0006129737220830489,
            -0.0008646779074794747,
            -0.0008494547048830126,
            -0.006114508060033358,
            -0.009304686178311636,
            -0.008583199816891748,
            -0.012341018642197596,
            -0.01220374955783518,
            -0.016911104459742615,
            -0.017266536964980567,
            -0.02069050707183004,
            -0.019266976277143216,
            -0.01913631434585701,
            -0.018806744487678356,
            -0.01556420233463035,
            -0.013283241647658678,
            -0.01651989896921291,
            -0.0187604224569205,
            -0.01768659356207993,
            -0.019239083441418066,
            -0.01927171279641729,
            -0.018856629751571388,
            -0.02208743419546807,
            -0.017509727626459144,
            -0.018502342571269752,
            -0.017185473411154353,
            -0.017426939316168566,
            -0.01953984097445441,
            -0.021400778210116753,
            -0.02157764414573754,
            -0.024251198986517078,
            -0.02631091347044657,
            -0.028281294486096606,
            -0.027237354085603106,
            -0.028883567794073625,
            -0.02529182879377432,
            -0.017982963508255338,
            -0.006485084306095984,
            -0.010283490828237915,
            -0.008468757152666519,
            -0.010376134889753579,
            -0.008268482490272379,
            -0.009790385339525552,
            -0.01167315175097277,
            -0.013685764121830153,
            -0.007782101167315175,
            -0.004323389537397318,
            -0.007931756958994313,
            -0.009727626459143969,
            -0.005512321660181584,
            -0.007274572830316364,
            -0.0022992571630703965,
            -0.005929219937002045,
            -0.009727626459143976,
            -0.011775547818963762,
            -0.005188067444876793,
            -0.007095445181963849,
            -0.011186770428015583,
            -0.01556420233463035,
            -0.020289049471928847,
            -0.02738700987728225,
            -0.0311284046692607,
            -0.021754510081358334,
            -0.025291828793774326,
            -0.011889321227842635,
            0.0019455252918287938,
            0.0,
            0.0,
            0.0,
            0.0,
            0.0,
            0.0,
            0.0
        ],