{
    "best_method": "xgb_meta",
    "base_models": {
        "CatBoost": {
            "auc": {
                "per_fold": [
                    0.7767504791972037,
                    0.7712465373961219,
                    0.7869862626491041,
                    0.7745491548419923,
                    0.835547515405054
                ],
                "mean": 0.7890159898978952,
                "std": 0.023852832830605724,
                "min": 0.7712465373961219,
                "max": 0.835547515405054
            },
            "brier": {
                "per_fold": [
                    0.09198949726969545,
                    0.09410861794198735,
                    0.09344572284020927,
                    0.09143767762688176,
                    0.08936570379958339
                ],
                "mean": 0.09206944389567144,
                "std": 0.0016594038154063753,
                "min": 0.08936570379958339,
                "max": 0.09410861794198735
            },
            "f1": {
                "per_fold": [
                    0.17857142857142858,
                    0.1694915254237288,
                    0.17543859649122806,
                    0.18181818181818182,
                    0.10909090909090909
                ],
                "mean": 0.16288212827909526,
                "std": 0.027201369647969726,
                "min": 0.10909090909090909,
                "max": 0.18181818181818182
            }
        },
        "XGBoost": {
            "auc": {
                "per_fold": [
                    0.7711128650355169,
                    0.7732409972299169,
                    0.7634122901238058,
                    0.7760189948555599,
                    0.8118604782633275
                ],
                "mean": 0.7791291251016255,
                "std": 0.016893571362767833,
                "min": 0.7634122901238058,
                "max": 0.8118604782633275
            },
            "brier": {
                "per_fold": [
                    0.11620364723773385,
                    0.12241974117477841,
                    0.12057186250735048,
                    0.11315079320750339,
                    0.09955291410516057
                ],
                "mean": 0.11437979164650533,
                "std": 0.008095130807709837,
                "min": 0.09955291410516057,
                "max": 0.12241974117477841
            },
            "f1": {
                "per_fold": [
                    0.39622641509433965,
                    0.39655172413793105,
                    0.37383177570093457,
                    0.3300970873786408,
                    0.3448275862068966
                ],
                "mean": 0.3683069177037485,
                "std": 0.026903760413553045,
                "min": 0.3300970873786408,
                "max": 0.39655172413793105
            }
        },
        "LightGBM": {
            "auc": {
                "per_fold": [
                    0.7520013530273987,
                    0.7617174515235456,
                    0.7540844592684719,
                    0.7623947085759512,
                    0.8431228447057493
                ],
                "mean": 0.7746641634202234,
                "std": 0.034472815702634926,
                "min": 0.7520013530273987,
                "max": 0.8431228447057493
            },
            "brier": {
                "per_fold": [
                    0.10465378922611485,
                    0.10623326669624437,
                    0.11224745003630221,
                    0.10566336722483205,
                    0.09022769866186371
                ],
                "mean": 0.10380511436907144,
                "std": 0.007289561375246159,
                "min": 0.09022769866186371,
                "max": 0.11224745003630221
            },
            "f1": {
                "per_fold": [
                    0.3956043956043956,
                    0.43137254901960786,
                    0.3617021276595745,
                    0.3695652173913043,
                    0.3950617283950617
                ],
                "mean": 0.39066120361398876,
                "std": 0.024433101010635998,
                "min": 0.3617021276595745,
                "max": 0.43137254901960786
            }
        },
        "RandomForest": {
            "auc": {
                "per_fold": [
                    0.7543691509753073,
                    0.8005540166204986,
                    0.7740968963762791,
                    0.7588897054666741,
                    0.8114082197976143
                ],
                "mean": 0.7798635978472748,
                "std": 0.022566711908283816,
                "min": 0.7543691509753073,
                "max": 0.8114082197976143
            },
            "brier": {
                "per_fold": [
                    0.09937511386837747,
                    0.09436411835685174,
                    0.10008316840715316,
                    0.09828160475362865,
                    0.09298411059686351
                ],
                "mean": 0.09701762319657489,
                "std": 0.002823589591593375,
                "min": 0.09298411059686351,
                "max": 0.10008316840715316
            },
            "f1": {
                "per_fold": [
                    0.2647058823529412,
                    0.35135135135135137,
                    0.2318840579710145,
                    0.2898550724637681,
                    0.24242424242424243
                ],
                "mean": 0.27604412131266354,
                "std": 0.04259315527480059,
                "min": 0.2318840579710145,
                "max": 0.35135135135135137
            }
        }
    },
    "ensemble": {
        "auc": {
            "per_fold": [
                0.7743544931784869,
                0.7840166204986149,
                0.7809938379784046,
                0.7792978687319803,
                0.8330035615354175
            ],
            "mean": 0.7903332763845807,
            "std": 0.02156376692966518,
            "min": 0.7743544931784869,
            "max": 0.8330035615354175
        },
        "brier": {
            "per_fold": [
                0.09235314625688734,
                0.0908383265408897,
                0.09286188549897995,
                0.0912037162287834,
                0.08843911187309837
            ],
            "mean": 0.09113923727972775,
            "std": 0.0015379514889141497,
            "min": 0.08843911187309837,
            "max": 0.09286188549897995
        },
        "f1": {
            "per_fold": [
                0.0,
                0.10909090909090909,
                0.07407407407407407,
                0.11538461538461539,
                0.07407407407407407
            ],
            "mean": 0.07452473452473451,
            "std": 0.04103338283322166,
            "min": 0.0,
            "max": 0.11538461538461539
        }
    },
    "method_comparison": {
        "weighted_avg": {
            "auc": 0.7883140210139642,
            "brier": 0.09206416803508297,
            "score": 0.5239666688256884,
            "calibration": null
        },
        "weighted_avg+isotonic": {
            "auc": 0.7773118511916015,
            "brier": 0.091704004033817,
            "score": 0.5187307740222659,
            "calibration": "isotonic"
        },
        "weighted_avg+platt": {
            "auc": 0.7874992122014243,
            "brier": 0.09240668497768396,
            "score": 0.5221792776901981,
            "calibration": "platt"
        },
        "logistic": {
            "auc": 0.7877552607060792,
            "brier": 0.18649104344399195,
            "score": 0.16565247883242873,