{
    "best_method": "logistic+platt",
    "base_models": {
        "CatBoost": {
            "auc": {
                "per_fold": [
                    0.740387867854324,
                    0.7671468144044321,
                    0.7490530838374131,
                    0.7463395330431342,
                    0.8236757306800837
                ],
                "mean": 0.7653206059638774,
                "std": 0.030512982328541736,
                "min": 0.740387867854324,
                "max": 0.8236757306800837
            },
            "brier": {
                "per_fold": [
                    0.0935986910443611,
                    0.09468593920330057,
                    0.09717420818181331,
                    0.09389819246501337,
                    0.08990249622744495
                ],
                "mean": 0.09385190542438666,
                "std": 0.002340828954607475,
                "min": 0.08990249622744495,
                "max": 0.09717420818181331
            },
            "f1": {
                "per_fold": [
                    0.18181818181818182,
                    0.22580645161290322,
                    0.1694915254237288,
                    0.10909090909090909,
                    0.13559322033898305
                ],
                "mean": 0.1643600576569412,
                "std": 0.03997245827655377,
                "min": 0.10909090909090909,
                "max": 0.22580645161290322
            }
        },
        "XGBoost": {
            "auc": {
                "per_fold": [
                    0.7416281429698951,
                    0.7659279778393351,
                    0.7552151054327548,
                    0.75255808694669,
                    0.8280287184125729
                ],
                "mean": 0.7686716063202496,
                "std": 0.030668766150274477,
                "min": 0.7416281429698951,
                "max": 0.8280287184125729
            },
            "brier": {
                "per_fold": [
                    0.11034878515855796,
                    0.11082079581793731,
                    0.11148746780522278,
                    0.11201301611362717,
                    0.09324381883424769
                ],
                "mean": 0.10758277674591858,
                "std": 0.007191869258628431,
                "min": 0.09324381883424769,
                "max": 0.11201301611362717
            },
            "f1": {
                "per_fold": [
                    0.3516483516483517,
                    0.40384615384615385,
                    0.3917525773195876,
                    0.3333333333333333,
                    0.4523809523809524
                ],
                "mean": 0.3865922737056757,
                "std": 0.04173743589024511,
                "min": 0.3333333333333333,
                "max": 0.4523809523809524
            }
        },
        "LightGBM": {
            "auc": {
                "per_fold": [
                    0.7688014432292253,
                    0.7409418282548476,
                    0.74628300073492,
                    0.7423257391599299,
                    0.8189835490983096
                ],
                "mean": 0.7634671120954465,
                "std": 0.029530220490496795,
                "min": 0.7409418282548476,
                "max": 0.8189835490983096
            },
            "brier": {
                "per_fold": [
                    0.10192717751687287,
                    0.11082823800301232,
                    0.10793431375696412,
                    0.10947235182575857,
                    0.10307598518504217
                ],
                "mean": 0.10664761325753,
                "std": 0.0035256605079467722,
                "min": 0.10192717751687287,
                "max": 0.11082823800301232
            },
            "f1": {
                "per_fold": [
                    0.2857142857142857,
                    0.2682926829268293,
                    0.3333333333333333,
                    0.29333333333333333,
                    0.1791044776119403
                ],
                "mean": 0.2719556225839444,
                "std": 0.051084798040900964,
                "min": 0.1791044776119403,
                "max": 0.3333333333333333
            }
        },
        "RandomForest": {
            "auc": {
                "per_fold": [
                    0.7589356184462736,
                    0.7950138504155125,
                    0.772457459438069,
                    0.7680479393973656,
                    0.818700887557239
                ],
                "mean": 0.7826311510508919,
                "std": 0.021596339799941962,
                "min": 0.7589356184462736,
                "max": 0.818700887557239
            },
            "brier": {
                "per_fold": [
                    0.10667371640328106,
                    0.10113774066820233,
                    0.10777372289175553,
                    0.10268259084030608,
                    0.09567032760746044
                ],
                "mean": 0.1027876196822011,
                "std": 0.00432092469819938,
                "min": 0.09567032760746044,
                "max": 0.10777372289175553
            },
            "f1": {
                "per_fold": [
                    0.35714285714285715,
                    0.38095238095238093,
                    0.2891566265060241,
                    0.3132530120481928,
                    0.26666666666666666
                ],
                "mean": 0.3214343086632243,
                "std": 0.04225110259661169,
                "min": 0.26666666666666666,
                "max": 0.38095238095238093
            }
        }
    },
    "ensemble": {
        "auc": {
            "per_fold": [
                0.764685984891194,
                0.7941274238227146,
                0.7727401209791396,
                0.7685001978630788,
                0.8361693707954095
            ],
            "mean": 0.7872446196703072,
            "std": 0.02650143430050683,
            "min": 0.764685984891194,
            "max": 0.8361693707954095
        },
        "brier": {
            "per_fold": [
                0.19767615113492004,
                0.18636228716155306,
                0.18680736723412397,
                0.1815340149480235,
                0.178637201864613
            ],
            "mean": 0.1862034044686467,
            "std": 0.006497146314210056,
            "min": 0.178637201864613,
            "max": 0.19767615113492004
        },
        "f1": {
            "per_fold": [
                0.36363636363636365,
                0.37714285714285717,
                0.36257309941520466,
                0.36363636363636365,
                0.42045454545454547
            ],
            "mean": 0.3774886458570669,
            "std": 0.022146932379717314,
            "min": 0.36257309941520466,
            "max": 0.42045454545454547
        }
    },
    "method_comparison": {
        "weighted_avg": {
            "auc": 0.7834904428778506,
            "brier": 0.09270465804296392,
            "score": 0.5186443792235994,
            "calibration": null
        },
        "weighted_avg+isotonic": {
            "auc": 0.7715069011155227,
            "brier": 0.09242312002283996,
            "score": 0.5125215846251857,
            "calibration": "isotonic"
        },
        "weighted_avg+platt": {
            "auc": 0.7829817500832816,
            "brier": 0.09373109611184222,
            "score": 0.5144478645503979,
            "calibration": "platt"
        },
        "logistic": {
            "auc": 0.7872446196703072,
            "brier": 0.1862034044686467,
            "score": 0.16643655382079564,
            "calibration": null
        },
        "logistic+isotonic": {
            "auc": 0.7743936201820488,
            "brier": 0.09307477935715833,
            "score": 0.5117831296416604,
            "calibration": "isotonic"
        },