{
    "tearsense": {
        "model_serial": "06022026_104042_23962",
        "holdout_n": 514,
        "inference_verified": true,
        "stored_AUC": 0.7787428075127565,
        "stored_Brier": 0.0883582757931132,
        "stored_threshold": 0.16000000000000003,
        "AUC": 0.7787428075127565,
        "Brier_Score": 0.08835827559232712,
        "Calibration_Slope": 0.9087256498954966,
        "Calibration_Intercept": -0.14340788462042475,
        "Net_Benefit": 0.04486072398066426,
        "Optimal_Threshold_Used": 0.16608677804470062,
        "Youden_J_Threshold": 0.16608677804470062,
        "F1_Score": 0.44047619047619047,
        "Sensitivity_Recall": 0.6065573770491803,
        "Specificity": 0.8454746136865342,
        "PPV_Precision": 0.34579439252336447,
        "NPV": 0.941031941031941,
        "Confusion_Matrix": {
            "TP": 37,
            "TN": 383,
            "FP": 70,
            "FN": 24
        },
        "AUC_95CI": [
            0.7105292861399235,
            0.8452746792030055
        ],
        "AUC_Text": "0.7787 (0.7105-0.8453)",
        "Brier_Score_95CI": [
            0.07036122679710388,
            0.10638860277831554
        ],
        "Brier_Score_Text": "0.0884 (0.0704-0.1064)",
        "F1_Score_95CI": [
            0.3378334503334503,
            0.5326268115942029
        ],
        "F1_Score_Text": "0.4405 (0.3378-0.5326)",
        "Sensitivity_Recall_95CI": [
            0.4781895937277263,
            0.7333333333333333
        ],
        "Sensitivity_Recall_Text": "0.6066 (0.4782-0.7333)",
        "Specificity_95CI": [
            0.811816192560175,
            0.8766596201795622
        ],
        "Specificity_Text": "0.8455 (0.8118-0.8767)",
        "PPV_Precision_95CI": [
            0.2523343436894839,
            0.43903008889901984
        ],
        "PPV_Precision_Text": "0.3458 (0.2523-0.4390)",
        "NPV_95CI": [
            0.9189873417721519,
            0.9650021820448877
        ],
        "NPV_Text": "0.9410 (0.9190-0.9650)",
        "Net_Benefit_95CI": [
            0.021092344854775954,
            0.06978226672402012
        ],
        "Net_Benefit_Text": "0.0449 (0.0211-0.0698)",
        "Calibration_Slope_95CI": [
            0.6508921898913637,
            1.2473577252786245
        ],
        "Calibration_Slope_Text": "0.9087 (0.6509-1.2474)"
    },
    "logistic_regression": {
        "AUC": 0.8106611659971772,
        "Brier_Score": 0.17485229610280642,
        "F1_Score": 0.3861003861003861,
        "Sensitivity_Recall": 0.819672131147541,
        "Specificity": 0.673289183222958,
        "PPV_Precision": 0.25252525252525254,
        "NPV": 0.9651898734177216,
        "Net_Benefit": -0.12066993337223451,
        "Calibration_Slope": 0.8821582035791161,
        "Calibration_Intercept": -1.9580869173522404,
        "Threshold_Used": 0.43082252713213315,
        "Confusion_Matrix": {
            "TP": 50,
            "TN": 305,
            "FP": 148,
            "FN": 11
        },
        "AUC_95CI": [
            0.7521794662966538,
            0.8631149614337568
        ],
        "Brier_Score_95CI": [
            0.15675797066713185,
            0.19277571042690916
        ],
        "F1_Score_95CI": [
            0.309478021978022,
            0.4545624151967435
        ],
        "Sensitivity_Recall_95CI": [
            0.7212933944069432,
            0.9111403508771929
        ],
        "Specificity_95CI": [
            0.6296276469188675,
            0.715232159296766
        ],
        "PPV_Precision_95CI": [
            0.19288327256261767,
            0.31156296186816435
        ],
        "NPV_95CI": [
            0.9438819353633476,
            0.984178463043565
        ],
        "Net_Benefit_95CI": [
            -0.16230365857180526,
            -0.07807198326155126
        ],
        "Calibration_Slope_95CI": [
            0.6671257244850478,
            1.1635364636314967
        ]
    },
    "lr_formula": "z = -0.7181 + 1.1932 \u00d7 tear_characteristics_Tear_MedLat + 0.7155 \u00d7 tear_characteristics_Full_3.0\n    - 0.7025 \u00d7 Tear_Area_cm2 + 0.4783 \u00d7 Tear_AP_ML_Ratio + 0.4497 \u00d7 InsuranceType_5.0\n    + 0.3984 \u00d7 Aged + 0.3697 \u00d7 tear_characteristics_Full_nan + 0.3136 \u00d7 Gender_M + 0.3018 \u00d7 Pre-Op_ROM_Pre-Op_IR + 0.2575 \u00d7 tear_characteristics_Tear_AntPost\n    + ... (30 more terms)\n\nP(retear) = 1 / (1 + exp(-z))",
    "comparison": {
        "AUC_difference": -0.031918358484420706,
        "Brier_difference": -0.0864940205104793,
        "TearSense_better_AUC": false,
        "TearSense_better_Brier": true
    }
}