{
    "evaluation_type": "end_to_end_pipeline",
    "description": "Holdout test set (n=514) evaluated through the FULL production inference pipeline. fold_models predict \u2192 average \u2192 meta-features \u2192 meta-learner \u2192 calibrate \u2192 score. These are the metrics of the actual deployed model.",
    "pipeline": "fold_ensemble \u2192 weighted_avg \u2192 threshold",
    "best_method": "weighted_avg",
    "holdout_n": 514,
    "cross_check_vs_trainMeta": true,
    "final_model": {
        "AUC": 0.7857633988347265,
        "AUC_95CI": [
            0.7214103317693216,
            0.844864964526259
        ],
        "Brier": 0.10010433518210686,
        "Brier_95CI": [
            0.08288871266446558,
            0.11718745959770908
        ],
        "optimal_threshold": 0.10615761298686098,
        "clinical_metrics": {
            "sensitivity": 0.8524590163934426,
            "specificity": 0.5761589403973509,
            "ppv": 0.21311475409836064,
            "npv": 0.9666666666666667,
            "tp": 52,
            "tn": 261,
            "fp": 192,
            "fn": 9
        }
    },
    "decision_curve_analysis": {
        "thresholds": [
            0.01,
            0.02,
            0.03,
            0.04,
            0.05,
            0.060000000000000005,
            0.06999999999999999,
            0.08,
            0.09,
            0.09999999999999999,
            0.11,
            0.12,
            0.13,
            0.14,
            0.15000000000000002,
            0.16,
            0.17,
            0.18000000000000002,
            0.19,
            0.2,
            0.21000000000000002,
            0.22,
            0.23,
            0.24000000000000002,
            0.25,
            0.26,
            0.27,
            0.28,
            0.29000000000000004,
            0.3,
            0.31,
            0.32,
            0.33,
            0.34,
            0.35000000000000003,
            0.36000000000000004,
            0.37,
            0.38,
            0.39,
            0.4,
            0.41000000000000003,
            0.42000000000000004,
            0.43,
            0.44,
            0.45,
            0.46,
            0.47000000000000003,
            0.48000000000000004,
            0.49,
            0.5,
            0.51,
            0.52,
            0.53,
            0.54,
            0.55,
            0.56,
            0.5700000000000001,
            0.5800000000000001,
            0.59,
            0.6,
            0.61,
            0.62,
            0.63,
            0.64,
            0.65,
            0.66,
            0.67,
            0.68,
            0.6900000000000001,
            0.7000000000000001,
            0.7100000000000001,
            0.72,
            0.73,
            0.74,
            0.75,
            0.76,
            0.77,
            0.78,
            0.79,
            0.8,
            0.81,
            0.8200000000000001,
            0.8300000000000001,
            0.8400000000000001,
            0.85,
            0.86,
            0.87,
            0.88,
            0.89,
            0.9,
            0.91,
            0.92,
            0.93,
            0.9400000000000001,
            0.9500000000000001,
            0.9600000000000001,
            0.97,
            0.98,
            0.99
        ],
        "net_benefit_model": [
            0.10845812207679913,
            0.10009529103470181,
            0.0947490874082394,
            0.08827821011673151,
            0.08283841900471021,
            0.07583409222617765,
            0.06991339274507344,
            0.06699374048384368,
            0.06328302048146406,
            0.05814958927799395,
            0.05329427709526515,
            0.04483551467987266,
            0.040856031128404656,
            0.03660302235091847,
            0.03295948729686425,
            0.026496201593477847,
            0.02358070413951524,
            0.02059409699155356,
            0.019407215256761305,
            0.019455252918287938,
            0.01834704230901836,
            0.012172004389903221,
            0.004750113699530045,
            0.0035838623796846103,
            0.0025940337224383964,
            0.003838468819013563,
            0.00117264538137625,
            0.0015131863380890426,
            -0.0013974899983558997,
            -0.0033351862145636624,
            -0.00679524051203971,
            -0.006408789196612502,
            -0.009669551077298347,
            -0.008784341469166387,
            -0.008680035917390014,
            -0.008390077821011685,
            -0.005620406398616523,
            -0.00721727124388101,
            -0.00755884416661351,
            -0.006485084306095984,
            -0.00517707577656136,
            -0.006440359586743605,
            -0.00914738207386169,
            -0.013896609227348526,
            -0.013618677042801557,
            -0.014843637411730788,
            -0.016041406651494013,
            -0.013618677042801557,
            -0.012741283283741502,
            -0.01556420233463035,
            -0.014293655205272766,
            -0.01880674448767835,
            -0.014984684162596247,
            -0.008458805616646935,
            -0.010808473843493316,
            -0.015210470463388762,
            -0.01714776943263055,
            -0.02019640541041321,
            -0.01708266109898452,
            -0.007782101167315168,
            -0.004539559014267183,
            0.00133114888388286,
            0.006572720580502681,
            0.0054042369217466475,
            0.004168982768204554,
            0.002861066605630576,
            -0.00047164249498880817,
            0.0002431906614785949,
            -0.001129659846868341,
            -0.0025940337224383964,
            -0.004159398899771918,
            -0.0008337965536409087,
            -0.004323389537397318,
            -0.00044896737503741235,
            -0.0038910505836575876,
            -0.005512321660181584,
            -0.007274572830316364,
            -0.0022992571630703965,
            -0.005929219937002045,
            -0.007782101167315182,
            -0.009830022527134968,
            -0.014051015996541301,
            -0.01853971160448617,
            -0.02140077821011676,
            -0.013618677042801557,
            -0.018343524180100053,
            -0.02155043400179587,
            -0.02529182879377432,
            -0.01397240891404316,
            -0.0019455252918287973,
            -0.0060527453523562535,
            -0.008754863813229586,
            0.011673151750972763,
            0.009727626459143969,
            0.007782101167315175,
            0.005836575875486381,
            0.0019455252918287938,
            0.0,
            0.0
        ],