{
    "Final_Model": {
        "AUC": 0.7857633988347265,
        "AUC_95CI_lower": 0.7214103317693216,
        "AUC_95CI_upper": 0.844864964526259,
        "Brier": 0.10010433518210686,
        "Brier_95CI_lower": 0.08288871266446558,
        "Brier_95CI_upper": 0.11718745959770908,
        "Best_Method": "weighted_avg",
        "Optimal_Threshold": 0.49000000000000005
    },
    "Individual_Assessment_Test": {
        "CatBoost": {
            "AUC": 0.7580791083125249,
            "Brier": 0.08902060372085639
        },
        "XGBoost": {
            "AUC": 0.7857633988347265,
            "Brier": 0.10010433518210764
        },
        "LightGBM": {
            "AUC": 0.7620598559693121,
            "Brier": 0.09430494195176933
        },
        "RandomForest": {
            "AUC": 0.7726631201823907,
            "Brier": 0.09014946907142068
        }
    },
    "Self_Assessment_CV": {
        "CatBoost": {
            "AUC": 0.8023100806475542,
            "Brier": 0.09342478652497589
        },
        "XGBoost": {
            "AUC": 0.7652549197943973,
            "Brier": 0.12587037347894497
        },
        "LightGBM": {
            "AUC": 0.7602364562176013,
            "Brier": 0.10698805758654976
        },
        "RandomForest": {
            "AUC": 0.7760874345544833,
            "Brier": 0.09647210055709964
        }
    },
    "Ensemble_Weights": {
        "CatBoost": 9.38358636235446e-15,
        "XGBoost": 0.9999999999999651,
        "LightGBM": 1.610656052974946e-14,
        "RandomForest": 9.384653912346028e-15
    }
}