{
    "evaluation_type": "end_to_end_pipeline",
    "description": "Holdout test set (n=514) evaluated through the FULL production inference pipeline. fold_models predict \u2192 average \u2192 meta-features \u2192 meta-learner \u2192 calibrate \u2192 score. These are the metrics of the actual deployed model.",
    "pipeline": "fold_ensemble \u2192 weighted_avg \u2192 threshold",
    "best_method": "weighted_avg",
    "holdout_n": 514,
    "cross_check_vs_trainMeta": true,
    "final_model": {
        "AUC": 0.7723012340317735,
        "AUC_95CI": [
            0.7101903630899224,
            0.8326689811753901
        ],
        "Brier": 0.09196341624255133,
        "Brier_95CI": [
            0.07282241868970694,
            0.11034146033037653
        ],
        "optimal_threshold": 0.04003977216780193,
        "clinical_metrics": {
            "sensitivity": 0.8688524590163934,
            "specificity": 0.5231788079470199,
            "ppv": 0.1970260223048327,
            "npv": 0.9673469387755103,
            "tp": 53,
            "tn": 237,
            "fp": 216,
            "fn": 8
        }
    },
    "decision_curve_analysis": {
        "thresholds": [
            0.01,
            0.02,
            0.03,
            0.04,
            0.05,
            0.060000000000000005,
            0.06999999999999999,
            0.08,
            0.09,
            0.09999999999999999,
            0.11,
            0.12,
            0.13,
            0.14,
            0.15000000000000002,
            0.16,
            0.17,
            0.18000000000000002,
            0.19,
            0.2,
            0.21000000000000002,
            0.22,
            0.23,
            0.24000000000000002,
            0.25,
            0.26,
            0.27,
            0.28,
            0.29000000000000004,
            0.3,
            0.31,
            0.32,
            0.33,
            0.34,
            0.35000000000000003,
            0.36000000000000004,
            0.37,
            0.38,
            0.39,
            0.4,
            0.41000000000000003,
            0.42000000000000004,
            0.43,
            0.44,
            0.45,
            0.46,
            0.47000000000000003,
            0.48000000000000004,
            0.49,
            0.5,
            0.51,
            0.52,
            0.53,
            0.54,
            0.55,
            0.56,
            0.5700000000000001,
            0.5800000000000001,
            0.59,
            0.6,
            0.61,
            0.62,
            0.63,
            0.64,
            0.65,
            0.66,
            0.67,
            0.68,
            0.6900000000000001,
            0.7000000000000001,
            0.7100000000000001,
            0.72,
            0.73,
            0.74,
            0.75,
            0.76,
            0.77,
            0.78,
            0.79,
            0.8,
            0.81,
            0.8200000000000001,
            0.8300000000000001,
            0.8400000000000001,
            0.85,
            0.86,
            0.87,
            0.88,
            0.89,
            0.9,
            0.91,
            0.92,
            0.93,
            0.9400000000000001,
            0.9500000000000001,
            0.9600000000000001,
            0.97,
            0.98,
            0.99
        ],
        "net_benefit_model": [
            0.10576582950123806,
            0.09759390137377909,
            0.08989530265955313,
            0.08560311284046691,
            0.07341798074953922,
            0.06581670668101663,
            0.06022760553951717,
            0.05582811706986973,
            0.05381194680805576,
            0.049070471249459575,
            0.045074979233156995,
            0.04227095861337106,
            0.038932868196252066,
            0.035471902995204044,
            0.0321583886472877,
            0.03094311654622938,
            0.029487600206272557,
            0.030274271614311468,
            0.02392275544026517,
            0.02529182879377432,
            0.022952273063094122,
            0.018856629751571388,
            0.015159937338925664,
            0.013413884906819579,
            0.01426718547341116,
            0.0181407088021874,
            0.01828260753691168,
            0.017077388672719407,
            0.015893023510714088,
            0.014730405780989435,
            0.009699430440421812,
            0.010414282444495306,
            0.010366455659445953,
            0.01043509020162716,
            0.011673151750972763,
            0.013132295719844353,
            0.017108270026557966,
            0.016756621061880257,
            0.016457230337437005,
            0.012321660181582358,
            0.01078282661742399,
            0.014289547833087342,
            0.01733906751314083,
            0.015703168426903835,
            0.017686593562079946,
            0.012681942643032136,
            0.01130607150723148,
            0.011972463334331038,
            0.00892652780956741,
            0.011673151750972763,
            0.01274517589136822,
            0.013942931258106354,
            0.009189502442255151,
            0.00828962950431399,
            0.007349762213575438,
            0.006367173682348775,
            0.005338883358972032,
            0.005002779321845462,
            0.003985954256429728,
            0.002918287937743194,
            0.004838870597625462,
            0.0069629326233872635,
            0.005994321169418448,
            0.004971897968006917,
            0.0019455252918287903,
            0.0026321812771801303,
            0.0015917934205871911,
            0.004620622568093383,
            0.0016944897703024923,
            0.0006485084306095922,
            -0.0004696095532000649,
            0.0033351862145636485,
            0.002305807753278575,
            0.0011972463334331065,
            0.0,
            -0.0012970168612191982,
            -0.0027068177973270206,
            -0.00424478245489919,
            -0.005929219937002045,
            -0.009727626459143976,
            -0.01566659840262135,
            -0.019887591872027682,
            -0.022430762188143757,
            -0.02723735408560314,
            -0.019455252918287938,
            -0.02223457476375764,
            -0.025441484585453457,
            -0.029182879377431907,
            -0.017863459497700747,
            -0.003891050583657591,
            -0.007998270644185047,
            -0.014591439688715967,
            -0.020011117287381898,
            0.005836575875486381,
            0.0038910505836575876,
            0.0038910505836575876,
            0.0,
            0.0,
            0.0
        ],