{
    "Final_Model": {
        "AUC": 0.7723012340317735,
        "AUC_95CI_lower": 0.7101903630899224,
        "AUC_95CI_upper": 0.8326689811753901,
        "Brier": 0.09196341624255133,
        "Brier_95CI_lower": 0.07282241868970694,
        "Brier_95CI_upper": 0.11034146033037653,
        "Best_Method": "weighted_avg",
        "Optimal_Threshold": 0.39000000000000007
    },
    "Individual_Assessment_Test": {
        "CatBoost": {
            "AUC": 0.7657510947056057,
            "Brier": 0.08837192018632181
        },
        "XGBoost": {
            "AUC": 0.7723012340317735,
            "Brier": 0.09196341624255135
        },
        "LightGBM": {
            "AUC": 0.7765714906090545,
            "Brier": 0.09258115867365976
        },
        "RandomForest": {
            "AUC": 0.771866970651033,
            "Brier": 0.08995545576181173
        }
    },
    "Self_Assessment_CV": {
        "CatBoost": {
            "AUC": 0.8003018525418769,
            "Brier": 0.09258805540313599
        },
        "XGBoost": {
            "AUC": 0.7704202193266159,
            "Brier": 0.10933833164101729
        },
        "LightGBM": {
            "AUC": 0.7674657759340402,
            "Brier": 0.10531120902544959
        },
        "RandomForest": {
            "AUC": 0.7723975757946772,
            "Brier": 0.09507661389011723
        }
    },
    "Ensemble_Weights": {
        "CatBoost": 9.480176466723402e-16,
        "XGBoost": 0.999999999999997,
        "LightGBM": 1.3988810110276972e-15,
        "RandomForest": 7.098600061218596e-16
    }
}