{
    "CatBoost_Params": {
        "iterations": 1061,
        "depth": 8,
        "learning_rate": 0.07030509591286804,
        "l2_leaf_reg": 1.9862444796697962,
        "random_strength": 6.442605487279529,
        "bagging_temperature": 0.752578415601945,
        "border_count": 77,
        "loss_function": "Focal:focal_alpha=0.22937823594739956;focal_gamma=1.0135829112812031",
        "eval_metric": "AUC",
        "random_state": 42,
        "verbose": false,
        "thread_count": -1
    },
    "XGBoost_Params": {
        "n_estimators": 1363,
        "max_depth": 9,
        "learning_rate": 0.06812339184807452,
        "subsample": 0.9468821930971332,
        "colsample_bytree": 0.6705480518929705,
        "gamma": 2.23495362013815,
        "min_child_weight": 2,
        "reg_alpha": 0.02861224025079676,
        "reg_lambda": 0.007633533971365299,
        "max_delta_step": 4.9495113035483715,
        "scale_pos_weight": 14.078406424073775,
        "objective": "binary:logistic",
        "eval_metric": "auc",
        "random_state": 42,
        "n_jobs": -1,
        "use_label_encoder": false
    },
    "LightGBM_Params": {
        "boosting_type": "dart",
        "n_estimators": 1461,
        "num_leaves": 107,
        "learning_rate": 0.03592412292748531,
        "max_depth": 11,
        "min_child_samples": 8,
        "colsample_bytree": 0.8600797576367669,
        "reg_alpha": 0.35581249051933844,
        "reg_lambda": 0.0014834413001804478,
        "subsample": 0.7932430181073065,
        "subsample_freq": 9,
        "drop_rate": 0.06979382002411044,
        "skip_drop": 0.30131700901390224,
        "is_unbalance": true,
        "objective": "binary",
        "metric": "auc",
        "random_state": 42,
        "n_jobs": -1,
        "verbosity": -1
    },
    "RandomForest_Params": {
        "n_estimators": 910,
        "max_depth": 19,
        "min_samples_split": 14,
        "min_samples_leaf": 3,
        "max_features": 0.5,
        "class_weight": "balanced",
        "max_samples": 0.6638739278083351,
        "min_impurity_decrease": 0.0007755498575678851,
        "ccp_alpha": 0.001872877250260536,
        "bootstrap": true,
        "random_state": 42,
        "n_jobs": -1
    },
    "Ensemble_Weights": {
        "Cat": 2.749189764728044e-15,
        "XGB": 0.9999999999999872,
        "LGBM": 5.613984993460284e-15,
        "RF": 4.3826053897078056e-15
    }
}