{
    "best_method": "weighted_avg",
    "base_models": {
        "CatBoost": {
            "auc": {
                "per_fold": [
                    0.763051076784305,
                    0.7711911357340719,
                    0.7606987393295268,
                    0.7559500254395387,
                    0.816778789077958
                ],
                "mean": 0.7735339532730802,
                "std": 0.02217851461357511,
                "min": 0.7559500254395387,
                "max": 0.816778789077958
            },
            "brier": {
                "per_fold": [
                    0.09136512959360894,
                    0.09398126689469852,
                    0.09536788665341628,
                    0.0946053631144199,
                    0.09116679229614569
                ],
                "mean": 0.09329728771045787,
                "std": 0.0017168875600001208,
                "min": 0.09116679229614569,
                "max": 0.09536788665341628
            },
            "f1": {
                "per_fold": [
                    0.1509433962264151,
                    0.22580645161290322,
                    0.14545454545454545,
                    0.07547169811320754,
                    0.10344827586206896
                ],
                "mean": 0.14022487345382806,
                "std": 0.051013595378053424,
                "min": 0.07547169811320754,
                "max": 0.22580645161290322
            }
        },
        "XGBoost": {
            "auc": {
                "per_fold": [
                    0.7620926823768182,
                    0.7497506925207756,
                    0.7634122901238057,
                    0.7518231669399061,
                    0.8151958844479619
                ],
                "mean": 0.7684549432818535,
                "std": 0.023987860582434427,
                "min": 0.7497506925207756,
                "max": 0.8151958844479619
            },
            "brier": {
                "per_fold": [
                    0.10227823114597713,
                    0.10946516268023272,
                    0.10436018676561244,
                    0.10933500167964083,
                    0.09663744962681693
                ],
                "mean": 0.10441520637965603,
                "std": 0.004791025669835374,
                "min": 0.09663744962681693,
                "max": 0.10946516268023272
            },
            "f1": {
                "per_fold": [
                    0.3,
                    0.30952380952380953,
                    0.24,
                    0.3013698630136986,
                    0.2857142857142857
                ],
                "mean": 0.28732159165035875,
                "std": 0.024871473272703025,
                "min": 0.24,
                "max": 0.30952380952380953
            }
        },
        "LightGBM": {
            "auc": {
                "per_fold": [
                    0.7708309843274326,
                    0.7340720221606648,
                    0.7391599298999378,
                    0.7371812991124427,
                    0.7933178811690881
                ],
                "mean": 0.7549124233339132,
                "std": 0.023346245574997197,
                "min": 0.7340720221606648,
                "max": 0.7933178811690881
            },
            "brier": {
                "per_fold": [
                    0.09859924400655046,
                    0.10544362372749369,
                    0.11239625116620618,
                    0.11073671676193388,
                    0.10976872157070805
                ],
                "mean": 0.10738891144657844,
                "std": 0.004959579533398038,
                "min": 0.09859924400655046,
                "max": 0.11239625116620618
            },
            "f1": {
                "per_fold": [
                    0.30985915492957744,
                    0.29333333333333333,
                    0.26666666666666666,
                    0.2465753424657534,
                    0.15625
                ],
                "mean": 0.2545368994790661,
                "std": 0.0537336905102373,
                "min": 0.15625,
                "max": 0.30985915492957744
            }
        },
        "RandomForest": {
            "auc": {
                "per_fold": [
                    0.7509865824782952,
                    0.7985041551246538,
                    0.7750579456159193,
                    0.7644864039798744,
                    0.8218101645090168
                ],
                "mean": 0.7821690503415518,
                "std": 0.025194617185133016,
                "min": 0.7509865824782952,
                "max": 0.8218101645090168
            },
            "brier": {
                "per_fold": [
                    0.10435605561071486,
                    0.09724079004781938,
                    0.10277445812230343,
                    0.1004503226559815,
                    0.0931039373248704
                ],
                "mean": 0.09958511275233792,
                "std": 0.004029488595062929,
                "min": 0.0931039373248704,
                "max": 0.10435605561071486
            },
            "f1": {
                "per_fold": [
                    0.26666666666666666,
                    0.38461538461538464,
                    0.28205128205128205,
                    0.3013698630136986,
                    0.2777777777777778
                ],
                "mean": 0.30249619482496193,
                "std": 0.04256190701289712,
                "min": 0.26666666666666666,
                "max": 0.38461538461538464
            }
        }
    },
    "ensemble": {
        "auc": {
            "per_fold": [
                0.7708309843274326,
                0.7340720221606648,
                0.7391599298999378,
                0.7371812991124427,
                0.8166657244615297
            ],
            "mean": 0.7595819919924016,
            "std": 0.031479207625311624,
            "min": 0.7340720221606648,
            "max": 0.8166657244615297
        },
        "brier": {
            "per_fold": [
                0.09859924400654974,
                0.10544362372748976,
                0.11239625116620607,
                0.11073671676193388,
                0.10084886717865417
            ],
            "mean": 0.10560494056816672,
            "std": 0.005369973334476146,
            "min": 0.09859924400654974,
            "max": 0.11239625116620607
        },
        "f1": {
            "per_fold": [
                0.30985915492957744,
                0.29333333333333333,
                0.26666666666666666,
                0.2465753424657534,
                0.20588235294117646
            ],
            "mean": 0.2644633700673014,
            "std": 0.036471423545438815,
            "min": 0.20588235294117646,
            "max": 0.30985915492957744
        }
    },
    "method_comparison": {
        "weighted_avg": {
            "auc": 0.7863805382239869,
            "brier": 0.09234947362156493,
            "score": 0.5217249655833599,
            "calibration": null
        },
        "weighted_avg+isotonic": {
            "auc": 0.7749428283319378,
            "brier": 0.09274391184509304,
            "score": 0.5133669965680967,
            "calibration": "isotonic"
        },
        "weighted_avg+platt": {
            "auc": 0.7860249034384033,
            "brier": 0.09385721983516575,
            "score": 0.5157956126472628,
            "calibration": "platt"
        },
        "logistic": {
            "auc": 0.7857689565166603,
            "brier": 0.1896287174444586,
            "score": 0.1525655532415363,
            "calibration": null
        },
        "logistic+isotonic": {
            "auc": 0.7676973322889376,
            "brier": 0.09412811127307968,
            "score": 0.5037721014414448,
            "calibration": "isotonic"
        },