{
    "CatBoost_Params": {
        "iterations": 885,
        "depth": 8,
        "learning_rate": 0.12666378546053686,
        "l2_leaf_reg": 1.4076198279760948,
        "random_strength": 5.959757291948156,
        "bagging_temperature": 0.4960199654395163,
        "border_count": 120,
        "loss_function": "Focal:focal_alpha=0.3409453596550468;focal_gamma=1.0003790760081868",
        "eval_metric": "AUC",
        "random_state": 42,
        "verbose": false,
        "thread_count": -1
    },
    "XGBoost_Params": {
        "n_estimators": 609,
        "max_depth": 10,
        "learning_rate": 0.11464994208768242,
        "subsample": 0.6810787565417442,
        "colsample_bytree": 0.8325374594923484,
        "gamma": 0.31171221133574983,
        "min_child_weight": 1,
        "reg_alpha": 0.718035315428933,
        "reg_lambda": 0.001973618441486243,
        "max_delta_step": 5.780244935488797,
        "scale_pos_weight": 8.826307985393374,
        "objective": "binary:logistic",
        "eval_metric": "auc",
        "random_state": 42,
        "n_jobs": -1,
        "use_label_encoder": false
    },
    "LightGBM_Params": {
        "boosting_type": "goss",
        "n_estimators": 1576,
        "num_leaves": 121,
        "learning_rate": 0.01355321343913745,
        "max_depth": 6,
        "min_child_samples": 14,
        "colsample_bytree": 0.979771039799576,
        "reg_alpha": 0.004253610161949727,
        "reg_lambda": 0.003680634547518016,
        "top_rate": 0.23494413740809084,
        "other_rate": 0.09695797288110365,
        "is_unbalance": true,
        "objective": "binary",
        "metric": "auc",
        "random_state": 42,
        "n_jobs": -1,
        "verbosity": -1
    },
    "RandomForest_Params": {
        "n_estimators": 338,
        "max_depth": 16,
        "min_samples_split": 10,
        "min_samples_leaf": 4,
        "max_features": 0.3,
        "class_weight": "balanced_subsample",
        "max_samples": 0.7670719216382281,
        "min_impurity_decrease": 2.2200362937174954e-05,
        "ccp_alpha": 0.0010633008070224576,
        "bootstrap": true,
        "random_state": 42,
        "n_jobs": -1
    },
    "Ensemble_Weights": {
        "Cat": 0.23433750867843628,
        "XGB": 0.3262939155101776,
        "LGBM": 0.15357354283332825,
        "RF": 0.2857949733734131
    }
}