{
    "best_method": "xgb_meta",
    "base_models": {
        "CatBoost": {
            "auc": {
                "per_fold": [
                    0.7415717668282783,
                    0.7517451523545707,
                    0.764712533212731,
                    0.7303408898185313,
                    0.8213579060433038
                ],
                "mean": 0.761945649651483,
                "std": 0.0317977293047963,
                "min": 0.7303408898185313,
                "max": 0.8213579060433038
            },
            "brier": {
                "per_fold": [
                    0.09737085420141077,
                    0.10039132252317386,
                    0.0955888698792427,
                    0.09585965599645467,
                    0.09103611346344335
                ],
                "mean": 0.09604936321274507,
                "std": 0.00303247968083977,
                "min": 0.09103611346344335,
                "max": 0.10039132252317386
            },
            "f1": {
                "per_fold": [
                    0.13333333333333333,
                    0.24242424242424243,
                    0.22580645161290322,
                    0.10344827586206896,
                    0.16393442622950818
                ],
                "mean": 0.1737893458924112,
                "std": 0.05310028782639143,
                "min": 0.10344827586206896,
                "max": 0.24242424242424243
            }
        },
        "XGBoost": {
            "auc": {
                "per_fold": [
                    0.7614725448190326,
                    0.7858725761772853,
                    0.7489965515291989,
                    0.7504098592345525,
                    0.8200011306461642
                ],
                "mean": 0.7733505324812466,
                "std": 0.02680879465995484,
                "min": 0.7489965515291989,
                "max": 0.8200011306461642
            },
            "brier": {
                "per_fold": [
                    0.1218945955079614,
                    0.12271994342796187,
                    0.12470570200331203,
                    0.11785737769654599,
                    0.10500643749596632
                ],
                "mean": 0.11843681122634953,
                "std": 0.007075467008210332,
                "min": 0.10500643749596632,
                "max": 0.12470570200331203
            },
            "f1": {
                "per_fold": [
                    0.3893805309734513,
                    0.4262295081967213,
                    0.35,
                    0.3619047619047619,
                    0.41237113402061853
                ],
                "mean": 0.38797718701911055,
                "std": 0.028921660344003317,
                "min": 0.35,
                "max": 0.4262295081967213
            }
        },
        "LightGBM": {
            "auc": {
                "per_fold": [
                    0.7752283233735483,
                    0.7598891966759003,
                    0.7625643055005936,
                    0.7671999547741535,
                    0.8281417830290011
                ],
                "mean": 0.7786047126706392,
                "std": 0.025309899439477982,
                "min": 0.7598891966759003,
                "max": 0.8281417830290011
            },
            "brier": {
                "per_fold": [
                    0.09299818405982829,
                    0.09877869580662764,
                    0.10339445482908367,
                    0.10065712254678802,
                    0.09425747962881159
                ],
                "mean": 0.09801718737422785,
                "std": 0.0038933264617775033,
                "min": 0.09299818405982829,
                "max": 0.10339445482908367
            },
            "f1": {
                "per_fold": [
                    0.4,
                    0.32,
                    0.3373493975903614,
                    0.35443037974683544,
                    0.2647058823529412
                ],
                "mean": 0.3352971319380276,
                "std": 0.04421285076757526,
                "min": 0.2647058823529412,
                "max": 0.4
            }
        },
        "RandomForest": {
            "auc": {
                "per_fold": [
                    0.7499718119291915,
                    0.8101939058171744,
                    0.7854033580191079,
                    0.7614336593363107,
                    0.8142348352083216
                ],
                "mean": 0.7842475140620212,
                "std": 0.02556985089530506,
                "min": 0.7499718119291915,
                "max": 0.8142348352083216
            },
            "brier": {
                "per_fold": [
                    0.11444534385559434,
                    0.10386721935638084,
                    0.1117234881125357,
                    0.1091012380238012,
                    0.10210248570656505
                ],
                "mean": 0.10824795501097544,
                "std": 0.004651294197926241,
                "min": 0.10210248570656505,
                "max": 0.11444534385559434
            },
            "f1": {
                "per_fold": [
                    0.4044943820224719,
                    0.37209302325581395,
                    0.34408602150537637,
                    0.36363636363636365,
                    0.3170731707317073
                ],
                "mean": 0.3602765922303467,
                "std": 0.0291025746275832,
                "min": 0.3170731707317073,
                "max": 0.4044943820224719
            }
        }
    },
    "ensemble": {
        "auc": {
            "per_fold": [
                0.7717330025933026,
                0.7897506925207756,
                0.774520888687885,
                0.7563740177511449,
                0.8426988523941432
            ],
            "mean": 0.7870154907894502,
            "std": 0.029788210705609913,
            "min": 0.7563740177511449,
            "max": 0.8426988523941432
        },
        "brier": {
            "per_fold": [
                0.09331986839737524,
                0.09030963301231323,
                0.09281320112365,
                0.09328532665633146,
                0.08929287051826938
            ],
            "mean": 0.09180417994158788,
            "std": 0.0016762801898790906,
            "min": 0.08929287051826938,
            "max": 0.09331986839737524
        },
        "f1": {
            "per_fold": [
                0.0,
                0.0,
                0.10909090909090909,
                0.0,
                0.07547169811320754
            ],
            "mean": 0.036912521440823326,
            "std": 0.04644164610944775,
            "min": 0.0,
            "max": 0.10909090909090909
        }
    },
    "method_comparison": {
        "weighted_avg": {
            "auc": 0.7853699051940686,
            "brier": 0.09388913881388447,
            "score": 0.5152816066047424,
            "calibration": null
        },
        "weighted_avg+isotonic": {
            "auc": 0.7753097173828881,
            "brier": 0.0919037380460681,
            "score": 0.5167722880321861,
            "calibration": "isotonic"
        },
        "weighted_avg+platt": {
            "auc": 0.7847756799827135,
            "brier": 0.09375486720818436,
            "score": 0.5154341045899659,
            "calibration": "platt"
        },
        "logistic": {
            "auc": 0.785812996746425,
            "brier": 0.18711376505600907,
            "score": 0.16212633897610884,
            "calibration": null
        },
        "logistic+isotonic": {
            "auc": 0.765737964688617,
            "brier": 0.09488239273989556,