{
    "evaluation_type": "end_to_end_pipeline",
    "description": "Holdout test set (n=514) evaluated through the FULL production inference pipeline. fold_models predict \u2192 average \u2192 meta-features \u2192 meta-learner \u2192 calibrate \u2192 score. These are the metrics of the actual deployed model.",
    "pipeline": "fold_ensemble \u2192 13 meta-features \u2192 xgb_meta \u2192 threshold",
    "best_method": "xgb_meta",
    "holdout_n": 514,
    "cross_check_vs_trainMeta": true,
    "final_model": {
        "AUC": 0.7626388738102993,
        "AUC_95CI": [
            0.6911964549034223,
            0.8280809731090026
        ],
        "Brier": 0.08998956732672424,
        "Brier_95CI": [
            0.07203124429215525,
            0.1078784425998327
        ],
        "optimal_threshold": 0.14560793340206146,
        "clinical_metrics": {
            "sensitivity": 0.6065573770491803,
            "specificity": 0.7991169977924945,
            "ppv": 0.2890625,
            "npv": 0.9378238341968912,
            "tp": 37,
            "tn": 362,
            "fp": 91,
            "fn": 24
        }
    },
    "decision_curve_analysis": {
        "thresholds": [
            0.01,
            0.02,
            0.03,
            0.04,
            0.05,
            0.060000000000000005,
            0.06999999999999999,
            0.08,
            0.09,
            0.09999999999999999,
            0.11,
            0.12,
            0.13,
            0.14,
            0.15000000000000002,
            0.16,
            0.17,
            0.18000000000000002,
            0.19,
            0.2,
            0.21000000000000002,
            0.22,
            0.23,
            0.24000000000000002,
            0.25,
            0.26,
            0.27,
            0.28,
            0.29000000000000004,
            0.3,
            0.31,
            0.32,
            0.33,
            0.34,
            0.35000000000000003,
            0.36000000000000004,
            0.37,
            0.38,
            0.39,
            0.4,
            0.41000000000000003,
            0.42000000000000004,
            0.43,
            0.44,
            0.45,
            0.46,
            0.47000000000000003,
            0.48000000000000004,
            0.49,
            0.5,
            0.51,
            0.52,
            0.53,
            0.54,
            0.55,
            0.56,
            0.5700000000000001,
            0.5800000000000001,
            0.59,
            0.6,
            0.61,
            0.62,
            0.63,
            0.64,
            0.65,
            0.66,
            0.67,
            0.68,
            0.6900000000000001,
            0.7000000000000001,
            0.7100000000000001,
            0.72,
            0.73,
            0.74,
            0.75,
            0.76,
            0.77,
            0.78,
            0.79,
            0.8,
            0.81,
            0.8200000000000001,
            0.8300000000000001,
            0.8400000000000001,
            0.85,
            0.86,
            0.87,
            0.88,
            0.89,
            0.9,
            0.91,
            0.92,
            0.93,
            0.9400000000000001,
            0.9500000000000001,
            0.9600000000000001,
            0.97,
            0.98,
            0.99
        ],
        "net_benefit_model": [
            0.10977479070864285,
            0.10069086000158818,
            0.09141963175418187,
            0.08195525291828792,
            0.07526110997337701,
            0.07065982283301597,
            0.06558302999874482,
            0.0625105735070208,
            0.058002308975071616,
            0.04928664072632944,
            0.04057185327678922,
            0.03519632118853909,
            0.03419204794489914,
            0.037462673061261414,
            0.036964980544747075,
            0.0360385399295905,
            0.03675401997093432,
            0.03705988421751921,
            0.03132055531536725,
            0.029182879377431907,
            0.02809929567059055,
            0.026738501446672655,
            0.025797160038405174,
            0.02488224452181036,
            0.027237354085603117,
            0.02860447996634767,
            0.02755716646234209,
            0.026696930393428443,
            0.022496848797062527,
            0.02112284602556976,
            0.019004116618733434,
            0.019684138246738384,
            0.017712991462918867,
            0.016153755453366347,
            0.011972463334331038,
            0.009849221789883268,
            0.014081897350379841,
            0.013932471444709427,
            0.011832621037188237,
            0.011673151750972763,
            0.009562751434412715,
            0.007446665772172279,
            0.00727012082736023,
            0.008615897720956087,
            0.008489564909798374,
            0.008358553105634818,
            0.008222597459804713,
            0.009877282250823106,
            0.007858396276798657,
            0.007782101167315175,
            0.005836575875486381,
            0.0038910505836575876,
            0.0019455252918287938,
            0.0,
            0.0,
            0.0,
            0.0,
            0.0,
            0.0,
            0.0,
            0.0,
            0.0,
            0.0,
            0.0,
            0.0,
            0.0,
            0.0,
            0.0,
            0.0,
            0.0,
            0.0,
            0.0,
            0.0,
            0.0,
            0.0,
            0.0,
            0.0,
            0.0,
            0.0,
            0.0,
            0.0,
            0.0,
            0.0,
            0.0,
            0.0,
            0.0,
            0.0,
            0.0,
            0.0,
            0.0,
            0.0,
            0.0,
            0.0,
            0.0,
            0.0,
            0.0,
            0.0,
            0.0,
            0.0
        ],