{
    "Final_Model": {
        "AUC": 0.7626388738102993,
        "AUC_95CI_lower": 0.6911964549034223,
        "AUC_95CI_upper": 0.8280809731090026,
        "Brier": 0.08998956732672424,
        "Brier_95CI_lower": 0.07203124429215525,
        "Brier_95CI_upper": 0.1078784425998327,
        "Best_Method": "xgb_meta",
        "Optimal_Threshold": 0.18000000000000005
    },
    "Individual_Assessment_Test": {
        "CatBoost": {
            "AUC": 0.7765714906090544,
            "Brier": 0.08834852560014722
        },
        "XGBoost": {
            "AUC": 0.7801541635001628,
            "Brier": 0.09744452462600418
        },
        "LightGBM": {
            "AUC": 0.7753410776969566,
            "Brier": 0.09854148015160225
        },
        "RandomForest": {
            "AUC": 0.7745087395505373,
            "Brier": 0.09885014044776586
        }
    },
    "Self_Assessment_CV": {
        "CatBoost": {
            "AUC": 0.7980390054186686,
            "Brier": 0.09225051564633732
        },
        "XGBoost": {
            "AUC": 0.7713526251136502,
            "Brier": 0.12139123571967055
        },
        "LightGBM": {
            "AUC": 0.7713848266660086,
            "Brier": 0.109997644926663
        },
        "RandomForest": {
            "AUC": 0.7800325507408699,
            "Brier": 0.10401344805165166
        }
    },
    "Ensemble_Weights": {
        "CatBoost": 0.35890117287635803,
        "XGBoost": 0.1662372648715973,
        "LightGBM": 0.11110516637563705,
        "RandomForest": 0.36375635862350464
    }
}