{
    "evaluation_type": "end_to_end_pipeline",
    "description": "Holdout test set (n=514) evaluated through the FULL production inference pipeline. fold_models predict \u2192 average \u2192 meta-features \u2192 meta-learner \u2192 calibrate \u2192 score. These are the metrics of the actual deployed model.",
    "pipeline": "fold_ensemble \u2192 13 meta-features \u2192 lgbm_meta \u2192 threshold",
    "best_method": "lgbm_meta",
    "holdout_n": 514,
    "cross_check_vs_trainMeta": true,
    "final_model": {
        "AUC": 0.7708898780443671,
        "AUC_95CI": [
            0.6991048775988689,
            0.8369714225208073
        ],
        "Brier": 0.08858203211722745,
        "Brier_95CI": [
            0.07057244658660325,
            0.10613309893298241
        ],
        "optimal_threshold": 0.17450699445984685,
        "clinical_metrics": {
            "sensitivity": 0.5901639344262295,
            "specificity": 0.8609271523178808,
            "ppv": 0.36363636363636365,
            "npv": 0.9397590361445783,
            "tp": 36,
            "tn": 390,
            "fp": 63,
            "fn": 25
        }
    },
    "decision_curve_analysis": {
        "thresholds": [
            0.01,
            0.02,
            0.03,
            0.04,
            0.05,
            0.060000000000000005,
            0.06999999999999999,
            0.08,
            0.09,
            0.09999999999999999,
            0.11,
            0.12,
            0.13,
            0.14,
            0.15000000000000002,
            0.16,
            0.17,
            0.18000000000000002,
            0.19,
            0.2,
            0.21000000000000002,
            0.22,
            0.23,
            0.24000000000000002,
            0.25,
            0.26,
            0.27,
            0.28,
            0.29000000000000004,
            0.3,
            0.31,
            0.32,
            0.33,
            0.34,
            0.35000000000000003,
            0.36000000000000004,
            0.37,
            0.38,
            0.39,
            0.4,
            0.41000000000000003,
            0.42000000000000004,
            0.43,
            0.44,
            0.45,
            0.46,
            0.47000000000000003,
            0.48000000000000004,
            0.49,
            0.5,
            0.51,
            0.52,
            0.53,
            0.54,
            0.55,
            0.56,
            0.5700000000000001,
            0.5800000000000001,
            0.59,
            0.6,
            0.61,
            0.62,
            0.63,
            0.64,
            0.65,
            0.66,
            0.67,
            0.68,
            0.6900000000000001,
            0.7000000000000001,
            0.7100000000000001,
            0.72,
            0.73,
            0.74,
            0.75,
            0.76,
            0.77,
            0.78,
            0.79,
            0.8,
            0.81,
            0.8200000000000001,
            0.8300000000000001,
            0.8400000000000001,
            0.85,
            0.86,
            0.87,
            0.88,
            0.89,
            0.9,
            0.91,
            0.92,
            0.93,
            0.9400000000000001,
            0.9500000000000001,
            0.9600000000000001,
            0.97,
            0.98,
            0.99
        ],
        "net_benefit_model": [
            0.10977479070864285,
            0.09771301516715636,
            0.08997553050663885,
            0.08576523994811933,
            0.07874257628507064,
            0.0742611143306565,
            0.0681352244675955,
            0.06149551683302317,
            0.05411125839141403,
            0.04993514915693904,
            0.042473658899138726,
            0.04014856738592147,
            0.039156491793013996,
            0.03918197448194734,
            0.041542687113756,
            0.04039281082082638,
            0.04413764005438095,
            0.03487709974376008,
            0.03509151174520825,
            0.034046692607003895,
            0.03366497561936659,
            0.032824503641624266,
            0.029486078124210422,
            0.027339750153594102,
            0.025291828793774323,
            0.027342517614891156,
            0.02611801076701668,
            0.026372676178123645,
            0.0267441223214775,
            0.027237354085603113,
            0.027857666497490552,
            0.02574959945067521,
            0.02256228584702944,
            0.021990331328852728,
            0.023495959293624663,
            0.02456225680933852,
            0.016830337842010993,
            0.016631103301117108,
            0.007941570453530649,
            0.007782101167315175,
            0.007617226142583922,
            0.007446665772172279,
            0.00727012082736023,
            0.007087270705947749,
            0.008489564909798374,
            0.008070327136474997,
            0.008002349313559944,
            0.007931756958994313,
            0.007858396276798657,
            0.007782101167315175,
            0.0,
            0.0,
            0.0,
            0.0,
            0.0,
            0.0,
            0.0,
            0.0,
            0.0,
            0.0,
            0.0,
            0.0,
            0.0,
            0.0,
            0.0,
            0.0,
            0.0,
            0.0,
            0.0,
            0.0,
            0.0,
            0.0,
            0.0,
            0.0,
            0.0,
            0.0,
            0.0,
            0.0,
            0.0,
            0.0,
            0.0,
            0.0,
            0.0,
            0.0,
            0.0,
            0.0,
            0.0,
            0.0,
            0.0,
            0.0,
            0.0,
            0.0,
            0.0,
            0.0,
            0.0,
            0.0,
            0.0,
            0.0,
            0.0
        ],