{
    "best_method": "xgb_meta",
    "base_models": {
        "CatBoost": {
            "auc": {
                "per_fold": [
                    0.7494644266546397,
                    0.7570637119113572,
                    0.7683871332466505,
                    0.741195092995647,
                    0.807337893606196
                ],
                "mean": 0.7646896516828982,
                "std": 0.023127907953515353,
                "min": 0.741195092995647,
                "max": 0.807337893606196
            },
            "brier": {
                "per_fold": [
                    0.0938601221900416,
                    0.09395159318874248,
                    0.09329138444706586,
                    0.093856320450054,
                    0.09182130289168179
                ],
                "mean": 0.09335614463351713,
                "std": 0.0008023292667076273,
                "min": 0.09182130289168179,
                "max": 0.09395159318874248
            },
            "f1": {
                "per_fold": [
                    0.14285714285714285,
                    0.2222222222222222,
                    0.14285714285714285,
                    0.10714285714285714,
                    0.07407407407407407
                ],
                "mean": 0.1378306878306878,
                "std": 0.049354048116154514,
                "min": 0.07407407407407407,
                "max": 0.2222222222222222
            }
        },
        "XGBoost": {
            "auc": {
                "per_fold": [
                    0.7441086932010372,
                    0.763601108033241,
                    0.7410820283792188,
                    0.7627904347334502,
                    0.8197750014133076
                ],
                "mean": 0.7662714531520509,
                "std": 0.02831103303611947,
                "min": 0.7410820283792188,
                "max": 0.8197750014133076
            },
            "brier": {
                "per_fold": [
                    0.1093397088496813,
                    0.10485015913010538,
                    0.11792370853253568,
                    0.10622598127444337,
                    0.09899744675750069
                ],
                "mean": 0.10746740090885329,
                "std": 0.0062124247554317035,
                "min": 0.09899744675750069,
                "max": 0.11792370853253568
            },
            "f1": {
                "per_fold": [
                    0.2727272727272727,
                    0.37777777777777777,
                    0.2857142857142857,
                    0.2716049382716049,
                    0.3058823529411765
                ],
                "mean": 0.3027413254864235,
                "std": 0.03949828675060822,
                "min": 0.2716049382716049,
                "max": 0.37777777777777777
            }
        },
        "LightGBM": {
            "auc": {
                "per_fold": [
                    0.7658698838651483,
                    0.7479224376731303,
                    0.7582678500763186,
                    0.7460003391938492,
                    0.8322121092204194
                ],
                "mean": 0.7700545240057732,
                "std": 0.03190120796315894,
                "min": 0.7460003391938492,
                "max": 0.8322121092204194
            },
            "brier": {
                "per_fold": [
                    0.09936720933242972,
                    0.1111978052095715,
                    0.10806451789235169,
                    0.10722203397063769,
                    0.0927812815108705
                ],
                "mean": 0.10372656958317221,
                "std": 0.0067180172876192285,
                "min": 0.0927812815108705,
                "max": 0.1111978052095715
            },
            "f1": {
                "per_fold": [
                    0.345679012345679,
                    0.375,
                    0.36363636363636365,
                    0.3058823529411765,
                    0.379746835443038
                ],
                "mean": 0.3539889128732514,
                "std": 0.026763053707908897,
                "min": 0.3058823529411765,
                "max": 0.379746835443038
            }
        },
        "RandomForest": {
            "auc": {
                "per_fold": [
                    0.7521141053106325,
                    0.8178947368421053,
                    0.7794674656566227,
                    0.7645429362880888,
                    0.8203968568036633
                ],
                "mean": 0.7868832201802225,
                "std": 0.027741128505338174,
                "min": 0.7521141053106325,
                "max": 0.8203968568036633
            },
            "brier": {
                "per_fold": [
                    0.13162094583474204,
                    0.11697145485748832,
                    0.12712706974083948,
                    0.12415189323017016,
                    0.11368112690861672
                ],
                "mean": 0.12271049811437136,
                "std": 0.006564235907776575,
                "min": 0.11368112690861672,
                "max": 0.13162094583474204
            },
            "f1": {
                "per_fold": [
                    0.375,
                    0.42592592592592593,
                    0.3865546218487395,
                    0.34234234234234234,
                    0.46846846846846846
                ],
                "mean": 0.3996582717170953,
                "std": 0.043565317854081166,
                "min": 0.34234234234234234,
                "max": 0.46846846846846846
            }
        }
    },
    "ensemble": {
        "auc": {
            "per_fold": [
                0.749154357875747,
                0.7832132963988919,
                0.7852620272485725,
                0.7615749901068462,
                0.8316467861382779
            ],
            "mean": 0.782170291553667,
            "std": 0.028187899969332873,
            "min": 0.749154357875747,
            "max": 0.8316467861382779
        },
        "brier": {
            "per_fold": [
                0.09518108236712115,
                0.09228403976651534,
                0.09264413659965193,
                0.09328595394782167,
                0.08567103465036559
            ],
            "mean": 0.09181324946629513,
            "std": 0.0032295503314851213,
            "min": 0.08567103465036559,
            "max": 0.09518108236712115
        },
        "f1": {
            "per_fold": [
                0.0,
                0.0,
                0.07407407407407407,
                0.11538461538461539,
                0.0784313725490196
            ],
            "mean": 0.05357801240154181,
            "std": 0.04604137498557423,
            "min": 0.0,
            "max": 0.11538461538461539
        }
    },
    "method_comparison": {
        "weighted_avg": {
            "auc": 0.7816582484761725,
            "brier": 0.09241853592032641,
            "score": 0.5186297716969973,
            "calibration": null
        },
        "weighted_avg+isotonic": {
            "auc": 0.7694732553637829,
            "brier": 0.09321381389978615,
            "score": 0.5083038210093859,
            "calibration": "isotonic"
        },
        "weighted_avg+platt": {
            "auc": 0.7807489038345533,
            "brier": 0.09373028467988662,
            "score": 0.5131112329968422,
            "calibration": "platt"
        },
        "logistic": {
            "auc": 0.7873836916471796,
            "brier": 0.18769427805770805,
            "score": 0.16086799024989862,
            "calibration": null
        },