{
    "CatBoost_Params": {
        "iterations": 769,
        "depth": 6,
        "learning_rate": 0.1067812451983618,
        "l2_leaf_reg": 0.5328690037952641,
        "random_strength": 9.753422152112448,
        "bagging_temperature": 0.5372612192468501,
        "border_count": 212,
        "loss_function": "Focal:focal_alpha=0.21471938539717103;focal_gamma=1.0354458378866216",
        "eval_metric": "AUC",
        "random_state": 42,
        "verbose": false,
        "thread_count": -1
    },
    "XGBoost_Params": {
        "n_estimators": 1294,
        "max_depth": 10,
        "learning_rate": 0.13283761078104017,
        "subsample": 0.7391595544833932,
        "colsample_bytree": 0.8808873185864057,
        "gamma": 1.1830368178734583,
        "min_child_weight": 1,
        "reg_alpha": 0.003865683166708834,
        "reg_lambda": 0.3589880290433801,
        "max_delta_step": 4.205804911530415,
        "scale_pos_weight": 17.367252933411514,
        "objective": "binary:logistic",
        "eval_metric": "auc",
        "random_state": 42,
        "n_jobs": -1,
        "use_label_encoder": false
    },
    "LightGBM_Params": {
        "boosting_type": "dart",
        "n_estimators": 1723,
        "num_leaves": 36,
        "learning_rate": 0.00821631425046301,
        "max_depth": 11,
        "min_child_samples": 8,
        "colsample_bytree": 0.991670124733999,
        "reg_alpha": 0.007517989782702012,
        "reg_lambda": 0.28821243906943206,
        "subsample": 0.5964422554359092,
        "subsample_freq": 9,
        "drop_rate": 0.09885888707340411,
        "skip_drop": 0.5937650847232674,
        "scale_pos_weight": 13.180520286583006,
        "objective": "binary",
        "metric": "auc",
        "random_state": 42,
        "n_jobs": -1,
        "verbosity": -1
    },
    "RandomForest_Params": {
        "n_estimators": 829,
        "max_depth": 17,
        "min_samples_split": 5,
        "min_samples_leaf": 2,
        "max_features": 0.5,
        "class_weight": "balanced_subsample",
        "max_samples": 0.5403150026769186,
        "min_impurity_decrease": 0.001048570163613974,
        "ccp_alpha": 0.0003869330382732306,
        "bootstrap": true,
        "random_state": 42,
        "n_jobs": -1
    },
    "Ensemble_Weights": {
        "Cat": 0.2898108959197998,
        "XGB": 0.16257722675800323,
        "LGBM": 0.3395331799983978,
        "RF": 0.20807871222496033
    }
}