{
    "evaluation_type": "end_to_end_pipeline",
    "description": "Holdout test set (n=514) evaluated through the FULL production inference pipeline. fold_models predict \u2192 average \u2192 meta-features \u2192 meta-learner \u2192 calibrate \u2192 score. These are the metrics of the actual deployed model.",
    "pipeline": "fold_ensemble \u2192 13 meta-features \u2192 xgb_meta \u2192 threshold",
    "best_method": "xgb_meta",
    "holdout_n": 514,
    "cross_check_vs_trainMeta": true,
    "final_model": {
        "AUC": 0.783881590851518,
        "AUC_95CI": [
            0.7194921923332713,
            0.8440783573953138
        ],
        "Brier": 0.08807643801065815,
        "Brier_95CI": [
            0.07009177086800944,
            0.105301902713854
        ],
        "optimal_threshold": 0.12626172602176666,
        "clinical_metrics": {
            "sensitivity": 0.6885245901639344,
            "specificity": 0.7328918322295805,
            "ppv": 0.25766871165644173,
            "npv": 0.9458689458689459,
            "tp": 42,
            "tn": 332,
            "fp": 121,
            "fn": 19
        }
    },
    "decision_curve_analysis": {
        "thresholds": [
            0.01,
            0.02,
            0.03,
            0.04,
            0.05,
            0.060000000000000005,
            0.06999999999999999,
            0.08,
            0.09,
            0.09999999999999999,
            0.11,
            0.12,
            0.13,
            0.14,
            0.15000000000000002,
            0.16,
            0.17,
            0.18000000000000002,
            0.19,
            0.2,
            0.21000000000000002,
            0.22,
            0.23,
            0.24000000000000002,
            0.25,
            0.26,
            0.27,
            0.28,
            0.29000000000000004,
            0.3,
            0.31,
            0.32,
            0.33,
            0.34,
            0.35000000000000003,
            0.36000000000000004,
            0.37,
            0.38,
            0.39,
            0.4,
            0.41000000000000003,
            0.42000000000000004,
            0.43,
            0.44,
            0.45,
            0.46,
            0.47000000000000003,
            0.48000000000000004,
            0.49,
            0.5,
            0.51,
            0.52,
            0.53,
            0.54,
            0.55,
            0.56,
            0.5700000000000001,
            0.5800000000000001,
            0.59,
            0.6,
            0.61,
            0.62,
            0.63,
            0.64,
            0.65,
            0.66,
            0.67,
            0.68,
            0.6900000000000001,
            0.7000000000000001,
            0.7100000000000001,
            0.72,
            0.73,
            0.74,
            0.75,
            0.76,
            0.77,
            0.78,
            0.79,
            0.8,
            0.81,
            0.8200000000000001,
            0.8300000000000001,
            0.8400000000000001,
            0.85,
            0.86,
            0.87,
            0.88,
            0.89,
            0.9,
            0.91,
            0.92,
            0.93,
            0.9400000000000001,
            0.9500000000000001,
            0.9600000000000001,
            0.97,
            0.98,
            0.99
        ],
        "net_benefit_model": [
            0.10977479070864285,
            0.10069086000158818,
            0.09220185326326769,
            0.08657587548638132,
            0.08038091337292647,
            0.07459226757181886,
            0.07156604326178821,
            0.06344104212485197,
            0.05793817077863771,
            0.0540423692174665,
            0.0502994797359332,
            0.04908029713477185,
            0.04282391877990965,
            0.040041625192290285,
            0.03719386587319752,
            0.03427830276079303,
            0.037644742393699304,
            0.03615829932618392,
            0.0363404909449008,
            0.0335603112840467,
            0.032236615278530265,
            0.030878978349795472,
            0.028121683763707113,
            0.02477984845381937,
            0.023994811932555128,
            0.023924702913029762,
            0.023239699376365865,
            0.019887591872027665,
            0.022414643503041596,
            0.018065591995553083,
            0.016776631139683074,
            0.01419089036392767,
            0.013037923224345195,
            0.011850017686593557,
            0.01840766237653397,
            0.019941634241245135,
            0.019702303748996355,
            0.021589054851261454,
            0.02171971678254768,
            0.022697795071335927,
            0.019883927982589197,
            0.01328324164765866,
            0.014574373677384123,
            0.012090050027793219,
            0.012026883622214362,
            0.011961377720132584,
            0.011893399897217532,
            0.0118228075426519,
            0.00980392156862745,
            0.009727626459143969,
            0.00964821726355912,
            0.011673151750972763,
            0.0,
            0.0,
            0.0,
            0.0,
            0.0,
            0.0,
            0.0,
            0.0,
            0.0,
            0.0,
            0.0,
            0.0,
            0.0,
            0.0,
            0.0,
            0.0,
            0.0,
            0.0,
            0.0,
            0.0,
            0.0,
            0.0,
            0.0,
            0.0,
            0.0,
            0.0,
            0.0,
            0.0,
            0.0,
            0.0,
            0.0,
            0.0,
            0.0,
            0.0,
            0.0,
            0.0,
            0.0,
            0.0,
            0.0,
            0.0,
            0.0,
            0.0,
            0.0,
            0.0,
            0.0,
            0.0,
            0.0
        ],