{
    "tearsense": {
        "AUC": 0.783881590851518,
        "Brier": 0.08807643801065815
    },
    "logistic_regression": {
        "AUC": 0.8106611659971772,
        "Brier": 0.17485229610278893
    },
    "improvement": {
        "AUC_delta": -0.026779575145659207,
        "AUC_pct": -3.303423954287759,
        "Brier_delta": -0.08677585809213079
    }
}