{
    "tearsense": {
        "model_serial": "05022026_124840_71444",
        "holdout_n": 514,
        "inference_verified": true,
        "stored_AUC": 0.7736040241739949,
        "stored_Brier": 0.08852075922966136,
        "stored_threshold": 0.19000000000000003,
        "AUC": 0.7736040241739949,
        "Brier_Score": 0.08852075922966136,
        "Calibration_Slope": 1.152751823403942,
        "Calibration_Intercept": 0.2915756692508923,
        "Net_Benefit": 0.07067476429588611,
        "Optimal_Threshold_Used": 0.0730094546412758,
        "Youden_J_Threshold": 0.0730094546412758,
        "F1_Score": 0.3333333333333333,
        "Sensitivity_Recall": 0.8524590163934426,
        "Specificity": 0.5607064017660044,
        "PPV_Precision": 0.20717131474103587,
        "NPV": 0.9657794676806084,
        "Confusion_Matrix": {
            "TP": 52,
            "TN": 254,
            "FP": 199,
            "FN": 9
        },
        "AUC_95CI": [
            0.7075475379289595,
            0.8385035982202635
        ],
        "AUC_Text": "0.7736 (0.7075-0.8385)",
        "Brier_Score_95CI": [
            0.07093124494575685,
            0.10720160742976893
        ],
        "Brier_Score_Text": "0.0885 (0.0709-0.1072)",
        "F1_Score_95CI": [
            0.2657038123167155,
            0.40367413549753
        ],
        "F1_Score_Text": "0.3333 (0.2657-0.4037)",
        "Sensitivity_Recall_95CI": [
            0.7636132511556241,
            0.9428968253968253
        ],
        "Sensitivity_Recall_Text": "0.8525 (0.7636-0.9429)",
        "Specificity_95CI": [
            0.5175323702193982,
            0.6083371060640358
        ],
        "Specificity_Text": "0.5607 (0.5175-0.6083)",
        "PPV_Precision_95CI": [
            0.1581196581196581,
            0.2603805295703187
        ],
        "PPV_Precision_Text": "0.2072 (0.1581-0.2604)",
        "NPV_95CI": [
            0.942526668320516,
            0.9882352941176471
        ],
        "NPV_Text": "0.9658 (0.9425-0.9882)",
        "Net_Benefit_95CI": [
            0.04440794206729153,
            0.0981133058769124
        ],
        "Net_Benefit_Text": "0.0707 (0.0444-0.0981)",
        "Calibration_Slope_95CI": [
            0.8452880685521966,
            1.5553747145978376
        ],
        "Calibration_Slope_Text": "1.1528 (0.8453-1.5554)"
    },
    "logistic_regression": {
        "AUC": 0.8106611659971772,
        "Brier_Score": 0.17485229610280642,
        "F1_Score": 0.3861003861003861,
        "Sensitivity_Recall": 0.819672131147541,
        "Specificity": 0.673289183222958,
        "PPV_Precision": 0.25252525252525254,
        "NPV": 0.9651898734177216,
        "Net_Benefit": -0.12066993337223451,
        "Calibration_Slope": 0.8821582035791161,
        "Calibration_Intercept": -1.9580869173522404,
        "Threshold_Used": 0.43082252713213315,
        "Confusion_Matrix": {
            "TP": 50,
            "TN": 305,
            "FP": 148,
            "FN": 11
        },
        "AUC_95CI": [
            0.7521794662966538,
            0.8631149614337568
        ],
        "Brier_Score_95CI": [
            0.15675797066713185,
            0.19277571042690916
        ],
        "F1_Score_95CI": [
            0.309478021978022,
            0.4545624151967435
        ],
        "Sensitivity_Recall_95CI": [
            0.7212933944069432,
            0.9111403508771929
        ],
        "Specificity_95CI": [
            0.6296276469188675,
            0.715232159296766
        ],
        "PPV_Precision_95CI": [
            0.19288327256261767,
            0.31156296186816435
        ],
        "NPV_95CI": [
            0.9438819353633476,
            0.984178463043565
        ],
        "Net_Benefit_95CI": [
            -0.16230365857180526,
            -0.07807198326155126
        ],
        "Calibration_Slope_95CI": [
            0.6671257244850478,
            1.1635364636314967
        ]
    },
    "lr_formula": "z = -0.7181 + 1.1932 \u00d7 tear_characteristics_Tear_MedLat + 0.7155 \u00d7 tear_characteristics_Full_3.0\n    - 0.7025 \u00d7 Tear_Area_cm2 + 0.4783 \u00d7 Tear_AP_ML_Ratio + 0.4497 \u00d7 InsuranceType_5.0\n    + 0.3984 \u00d7 Aged + 0.3697 \u00d7 tear_characteristics_Full_nan + 0.3136 \u00d7 Gender_M + 0.3018 \u00d7 Pre-Op_ROM_Pre-Op_IR + 0.2575 \u00d7 tear_characteristics_Tear_AntPost\n    + ... (30 more terms)\n\nP(retear) = 1 / (1 + exp(-z))",
    "comparison": {
        "AUC_difference": -0.037057141823182316,
        "Brier_difference": -0.08633153687314506,
        "TearSense_better_AUC": false,
        "TearSense_better_Brier": true
    }
}