{
    "tearsense": {
        "model_serial": "05022026_163925_27617",
        "holdout_n": 514,
        "inference_verified": true,
        "stored_AUC": 0.7760648499981906,
        "stored_Brier": 0.1044495460724572,
        "stored_threshold": 0.44000000000000006,
        "AUC": 0.7760648499981906,
        "Brier_Score": 0.10444954606643621,
        "Calibration_Slope": 0.6355052651360146,
        "Calibration_Intercept": -1.097137875127091,
        "Net_Benefit": -0.013376848174773144,
        "Optimal_Threshold_Used": 0.4462490439414957,
        "Youden_J_Threshold": 0.4462490439414957,
        "F1_Score": 0.4460431654676259,
        "Sensitivity_Recall": 0.5081967213114754,
        "Specificity": 0.8962472406181016,
        "PPV_Precision": 0.3974358974358974,
        "NPV": 0.9311926605504587,
        "Confusion_Matrix": {
            "TP": 31,
            "TN": 406,
            "FP": 47,
            "FN": 30
        },
        "AUC_95CI": [
            0.7104963390700483,
            0.8375219657795914
        ],
        "AUC_Text": "0.7761 (0.7105-0.8375)",
        "Brier_Score_95CI": [
            0.08631972123182695,
            0.12215702308749508
        ],
        "Brier_Score_Text": "0.1044 (0.0863-0.1222)",
        "F1_Score_95CI": [
            0.33560606060606063,
            0.5386054421768706
        ],
        "F1_Score_Text": "0.4460 (0.3356-0.5386)",
        "Sensitivity_Recall_95CI": [
            0.3877103472968135,
            0.6341580675422139
        ],
        "Sensitivity_Recall_Text": "0.5082 (0.3877-0.6342)",
        "Specificity_95CI": [
            0.8666592427616927,
            0.9222265336289727
        ],
        "Specificity_Text": "0.8962 (0.8667-0.9222)",
        "PPV_Precision_95CI": [
            0.28567019400352733,
            0.5
        ],
        "PPV_Precision_Text": "0.3974 (0.2857-0.5000)",
        "NPV_95CI": [
            0.9078643918604049,
            0.9542412107343458
        ],
        "NPV_Text": "0.9312 (0.9079-0.9542)",
        "Net_Benefit_95CI": [
            -0.042619642478921894,
            0.01473144150938516
        ],
        "Net_Benefit_Text": "-0.0134 (-0.0426-0.0147)",
        "Calibration_Slope_95CI": [
            0.48102633890771923,
            0.8139186821807299
        ],
        "Calibration_Slope_Text": "0.6355 (0.4810-0.8139)"
    },
    "logistic_regression": {
        "AUC": 0.8106611659971772,
        "Brier_Score": 0.17485229610280642,
        "F1_Score": 0.3861003861003861,
        "Sensitivity_Recall": 0.819672131147541,
        "Specificity": 0.673289183222958,
        "PPV_Precision": 0.25252525252525254,
        "NPV": 0.9651898734177216,
        "Net_Benefit": -0.12066993337223451,
        "Calibration_Slope": 0.8821582035791161,
        "Calibration_Intercept": -1.9580869173522404,
        "Threshold_Used": 0.43082252713213315,
        "Confusion_Matrix": {
            "TP": 50,
            "TN": 305,
            "FP": 148,
            "FN": 11
        },
        "AUC_95CI": [
            0.7521794662966538,
            0.8631149614337568
        ],
        "Brier_Score_95CI": [
            0.15675797066713185,
            0.19277571042690916
        ],
        "F1_Score_95CI": [
            0.309478021978022,
            0.4545624151967435
        ],
        "Sensitivity_Recall_95CI": [
            0.7212933944069432,
            0.9111403508771929
        ],
        "Specificity_95CI": [
            0.6296276469188675,
            0.715232159296766
        ],
        "PPV_Precision_95CI": [
            0.19288327256261767,
            0.31156296186816435
        ],
        "NPV_95CI": [
            0.9438819353633476,
            0.984178463043565
        ],
        "Net_Benefit_95CI": [
            -0.16230365857180526,
            -0.07807198326155126
        ],
        "Calibration_Slope_95CI": [
            0.6671257244850478,
            1.1635364636314967
        ]
    },
    "lr_formula": "z = -0.7181 + 1.1932 \u00d7 tear_characteristics_Tear_MedLat + 0.7155 \u00d7 tear_characteristics_Full_3.0\n    - 0.7025 \u00d7 Tear_Area_cm2 + 0.4783 \u00d7 Tear_AP_ML_Ratio + 0.4497 \u00d7 InsuranceType_5.0\n    + 0.3984 \u00d7 Aged + 0.3697 \u00d7 tear_characteristics_Full_nan + 0.3136 \u00d7 Gender_M + 0.3018 \u00d7 Pre-Op_ROM_Pre-Op_IR + 0.2575 \u00d7 tear_characteristics_Tear_AntPost\n    + ... (30 more terms)\n\nP(retear) = 1 / (1 + exp(-z))",
    "comparison": {
        "AUC_difference": -0.034596315998986604,
        "Brier_difference": -0.07040275003637021,
        "TearSense_better_AUC": false,
        "TearSense_better_Brier": true
    }
}