{
    "Final_Model": {
        "AUC": 0.7692975789816523,
        "AUC_95CI_lower": 0.6972762172560799,
        "AUC_95CI_upper": 0.8355555659030236,
        "Brier": 0.08988992399789004,
        "Brier_95CI_lower": 0.07159280494280554,
        "Brier_95CI_upper": 0.10792139807385517,
        "Best_Method": "xgb_meta",
        "Optimal_Threshold": 0.16000000000000003
    },
    "Individual_Assessment_Test": {
        "CatBoost": {
            "AUC": 0.770202294358195,
            "Brier": 0.09000941794613396
        },
        "XGBoost": {
            "AUC": 0.7596714073752397,
            "Brier": 0.10362607087762492
        },
        "LightGBM": {
            "AUC": 0.7639416639525205,
            "Brier": 0.09258346088005148
        },
        "RandomForest": {
            "AUC": 0.7699127854377014,
            "Brier": 0.09358750931821684
        }
    },
    "Self_Assessment_CV": {
        "CatBoost": {
            "AUC": 0.800471044682699,
            "Brier": 0.09269213139958785
        },
        "XGBoost": {
            "AUC": 0.7838503155658432,
            "Brier": 0.13345693376991624
        },
        "LightGBM": {
            "AUC": 0.7684023763558774,
            "Brier": 0.10472396456209243
        },
        "RandomForest": {
            "AUC": 0.7754420923325637,
            "Brier": 0.09933095387516076
        }
    },
    "Ensemble_Weights": {
        "CatBoost": 0.13856741786003113,
        "XGBoost": 0.0,
        "LightGBM": 0.4722341001033783,
        "RandomForest": 0.3891984224319458
    }
}