{
    "Final_Model": {
        "AUC": 0.7645930590236312,
        "AUC_95CI_lower": 0.6873814622802218,
        "AUC_95CI_upper": 0.8352024097332381,
        "Brier": 0.0886887913270107,
        "Brier_95CI_lower": 0.07007700645228411,
        "Brier_95CI_upper": 0.10655321134313933,
        "Best_Method": "xgb_meta",
        "Optimal_Threshold": 0.21000000000000002
    },
    "Individual_Assessment_Test": {
        "CatBoost": {
            "AUC": 0.7697680309774545,
            "Brier": 0.08873152014737115
        },
        "XGBoost": {
            "AUC": 0.7776209604458437,
            "Brier": 0.0930692603126054
        },
        "LightGBM": {
            "AUC": 0.7732059494083162,
            "Brier": 0.09155712442863494
        },
        "RandomForest": {
            "AUC": 0.7722288568016501,
            "Brier": 0.09443639405625202
        }
    },
    "Self_Assessment_CV": {
        "CatBoost": {
            "AUC": 0.7973288184528948,
            "Brier": 0.09415341770387389
        },
        "XGBoost": {
            "AUC": 0.779711846079703,
            "Brier": 0.129643588067037
        },
        "LightGBM": {
            "AUC": 0.7667686394984679,
            "Brier": 0.10396744001026481
        },
        "RandomForest": {
            "AUC": 0.7790084176919264,
            "Brier": 0.1005235124946247
        }
    },
    "Ensemble_Weights": {
        "CatBoost": 0.16255857050418854,
        "XGBoost": 0.19656449556350708,
        "LightGBM": 0.3372783064842224,
        "RandomForest": 0.30359864234924316
    }
}