{
    "evaluation_type": "end_to_end_pipeline",
    "description": "Holdout test set (n=514) evaluated through the FULL production inference pipeline. fold_models predict \u2192 average \u2192 meta-features \u2192 meta-learner \u2192 calibrate \u2192 score. These are the metrics of the actual deployed model.",
    "pipeline": "fold_ensemble \u2192 13 meta-features \u2192 xgb_meta \u2192 threshold",
    "best_method": "xgb_meta",
    "holdout_n": 514,
    "cross_check_vs_trainMeta": true,
    "final_model": {
        "AUC": 0.7865233597510223,
        "AUC_95CI": [
            0.7214505955460796,
            0.8482690947102347
        ],
        "Brier": 0.08790184383220691,
        "Brier_95CI": [
            0.06973209148091486,
            0.10573567271078685
        ],
        "optimal_threshold": 0.10665590316057205,
        "clinical_metrics": {
            "sensitivity": 0.8032786885245902,
            "specificity": 0.6512141280353201,
            "ppv": 0.23671497584541062,
            "npv": 0.9609120521172638,
            "tp": 49,
            "tn": 295,
            "fp": 158,
            "fn": 12
        }
    },
    "decision_curve_analysis": {
        "thresholds": [
            0.01,
            0.02,
            0.03,
            0.04,
            0.05,
            0.060000000000000005,
            0.06999999999999999,
            0.08,
            0.09,
            0.09999999999999999,
            0.11,
            0.12,
            0.13,
            0.14,
            0.15000000000000002,
            0.16,
            0.17,
            0.18000000000000002,
            0.19,
            0.2,
            0.21000000000000002,
            0.22,
            0.23,
            0.24000000000000002,
            0.25,
            0.26,
            0.27,
            0.28,
            0.29000000000000004,
            0.3,
            0.31,
            0.32,
            0.33,
            0.34,
            0.35000000000000003,
            0.36000000000000004,
            0.37,
            0.38,
            0.39,
            0.4,
            0.41000000000000003,
            0.42000000000000004,
            0.43,
            0.44,
            0.45,
            0.46,
            0.47000000000000003,
            0.48000000000000004,
            0.49,
            0.5,
            0.51,
            0.52,
            0.53,
            0.54,
            0.55,
            0.56,
            0.5700000000000001,
            0.5800000000000001,
            0.59,
            0.6,
            0.61,
            0.62,
            0.63,
            0.64,
            0.65,
            0.66,
            0.67,
            0.68,
            0.6900000000000001,
            0.7000000000000001,
            0.7100000000000001,
            0.72,
            0.73,
            0.74,
            0.75,
            0.76,
            0.77,
            0.78,
            0.79,
            0.8,
            0.81,
            0.8200000000000001,
            0.8300000000000001,
            0.8400000000000001,
            0.85,
            0.86,
            0.87,
            0.88,
            0.89,
            0.9,
            0.91,
            0.92,
            0.93,
            0.9400000000000001,
            0.9500000000000001,
            0.9600000000000001,
            0.97,
            0.98,
            0.99
        ],
        "net_benefit_model": [
            0.10977479070864285,
            0.10152465655522909,
            0.09282361907818203,
            0.08617055771725032,
            0.0791521605570346,
            0.07401274939978475,
            0.07064557968285846,
            0.06437151074268313,
            0.06321888228503014,
            0.06117596195417206,
            0.04726096270712193,
            0.04483551467987265,
            0.04514960418623373,
            0.04094652067686182,
            0.03971160448615243,
            0.039003149898091526,
            0.04219211476255215,
            0.040761127455632526,
            0.03785367728298987,
            0.029669260700389107,
            0.02834556469487268,
            0.026987927766137884,
            0.02617615847187832,
            0.027749334425558058,
            0.026588845654993518,
            0.026080555263434644,
            0.024892063322850596,
            0.02442715088629485,
            0.023209294678577297,
            0.022790439132851583,
            0.02241583488411436,
            0.02288853284504463,
            0.023665718102096518,
            0.022697795071335923,
            0.021700089793475003,
            0.02067120622568093,
            0.0196096596874807,
            0.01004142086105184,
            0.009185430886011354,
            0.00907911802853437,
            0.008969201345380201,
            0.008855494431772441,
            0.008737797801897741,
            0.008615897720956087,
            0.008489564909798374,
            0.008358553105634818,
            0.008222597459804713,
            0.00808141275067345,
            0.007934691386282139,
            0.007782101167315175,
            0.007623282776145477,
            0.007457846952010376,
            0.007285371305571653,
            0.00710539671798342,
            0.0,
            0.0,
            0.0,
            0.0,
            0.0,
            0.0,
            0.0,
            0.0,
            0.0,
            0.0,
            0.0,
            0.0,
            0.0,
            0.0,
            0.0,
            0.0,
            0.0,
            0.0,
            0.0,
            0.0,
            0.0,
            0.0,
            0.0,
            0.0,
            0.0,
            0.0,
            0.0,
            0.0,
            0.0,
            0.0,
            0.0,
            0.0,
            0.0,
            0.0,
            0.0,
            0.0,
            0.0,
            0.0,
            0.0,
            0.0,
            0.0,
            0.0,
            0.0,
            0.0,
            0.0
        ],