{
    "Final_Model": {
        "AUC": 0.7865233597510223,
        "AUC_95CI_lower": 0.7214505955460796,
        "AUC_95CI_upper": 0.8482690947102347,
        "Brier": 0.08790184383220691,
        "Brier_95CI_lower": 0.06973209148091486,
        "Brier_95CI_upper": 0.10573567271078685,
        "Best_Method": "xgb_meta",
        "Optimal_Threshold": 0.18000000000000005
    },
    "LR_Baseline": {
        "AUC": 0.8106611659971772,
        "Brier": 0.17485229610291242,
        "F1_Score": 0.3861003861003861,
        "Sensitivity": 0.819672131147541,
        "Specificity": 0.673289183222958,
        "PPV": 0.25252525252525254,
        "NPV": 0.9651898734177216,
        "Net_Benefit": -0.12066993337287217,
        "Calibration_Slope": 0.8821582035781299,
        "Threshold": 0.4308225271328506
    },
    "TearSense_vs_LR": {
        "AUC_Improvement": -0.024137806246154914,
        "AUC_Improvement_Pct": -2.9775456452836875,
        "Brier_Improvement": 0.08695045227070551
    },
    "Individual_Assessment_Test": {
        "CatBoost": {
            "AUC": 0.7818912170231245,
            "Brier": 0.08881900863908199
        },
        "XGBoost": {
            "AUC": 0.7801179748851012,
            "Brier": 0.09664159840092444
        },
        "LightGBM": {
            "AUC": 0.7694423334418992,
            "Brier": 0.09342275455889118
        },
        "RandomForest": {
            "AUC": 0.7742916078601672,
            "Brier": 0.09521826826579406
        }
    },
    "Self_Assessment_CV": {
        "CatBoost": {
            "AUC": 0.8031958347245174,
            "Brier": 0.09337704477564088
        },
        "XGBoost": {
            "AUC": 0.781667472715353,
            "Brier": 0.10975217313628217
        },
        "LightGBM": {
            "AUC": 0.7695686532411284,
            "Brier": 0.1042352257881447
        },
        "RandomForest": {
            "AUC": 0.7826014146819713,
            "Brier": 0.10002309601146196
        }
    },
    "Ensemble_Weights": {
        "CatBoost": 0.053880177438259125,
        "XGBoost": 0.0,
        "LightGBM": 0.2952031195163727,
        "RandomForest": 0.6509167551994324
    }
}