{
    "tearsense": {
        "AUC": 0.7865233597510223,
        "Brier": 0.08790184383220691
    },
    "logistic_regression": {
        "AUC": 0.8106611659971772,
        "Brier": 0.17485229610291242
    },
    "improvement": {
        "AUC_delta": -0.024137806246154914,
        "AUC_pct": -2.9775456452836875,
        "Brier_delta": -0.08695045227070551
    }
}