{
    "best_method": "xgb_meta",
    "base_models": {
        "CatBoost": {
            "auc": {
                "per_fold": [
                    0.786108918705604,
                    0.7960110803324099,
                    0.7853468257108938,
                    0.7596811577816722,
                    0.8348691277064842
                ],
                "mean": 0.7924034220474129,
                "std": 0.024398828899263914,
                "min": 0.7596811577816722,
                "max": 0.8348691277064842
            },
            "brier": {
                "per_fold": [
                    0.0916480899411989,
                    0.0921539730530384,
                    0.09419911103242891,
                    0.0942435213835446,
                    0.09094276160117779
                ],
                "mean": 0.0926374914022777,
                "std": 0.0013492814764884213,
                "min": 0.09094276160117779,
                "max": 0.0942435213835446
            },
            "f1": {
                "per_fold": [
                    0.0,
                    0.0,
                    0.0,
                    0.04,
                    0.0
                ],
                "mean": 0.008,
                "std": 0.016,
                "min": 0.0,
                "max": 0.04
            }
        },
        "XGBoost": {
            "auc": {
                "per_fold": [
                    0.7585973615965723,
                    0.7699722991689751,
                    0.760416077788456,
                    0.7549889761998982,
                    0.8211883091186614
                ],
                "mean": 0.7730326047745126,
                "std": 0.024582363036189818,
                "min": 0.7549889761998982,
                "max": 0.8211883091186614
            },
            "brier": {
                "per_fold": [
                    0.1261207731840878,
                    0.1294636554473719,
                    0.13146877725306225,
                    0.1295686599248402,
                    0.10505999410372359
                ],
                "mean": 0.12433637198261716,
                "std": 0.009790811095694373,
                "min": 0.10505999410372359,
                "max": 0.13146877725306225
            },
            "f1": {
                "per_fold": [
                    0.39669421487603307,
                    0.4375,
                    0.38333333333333336,
                    0.4067796610169492,
                    0.45454545454545453
                ],
                "mean": 0.415770532754354,
                "std": 0.026353663469650054,
                "min": 0.38333333333333336,
                "max": 0.45454545454545453
            }
        },
        "LightGBM": {
            "auc": {
                "per_fold": [
                    0.7579772240387869,
                    0.7597229916897508,
                    0.753688733110973,
                    0.7530103454124032,
                    0.8327208999943467
                ],
                "mean": 0.7714240388492521,
                "std": 0.030752696450988888,
                "min": 0.7530103454124032,
                "max": 0.8327208999943467
            },
            "brier": {
                "per_fold": [
                    0.10756529487756697,
                    0.11099009596372213,
                    0.11368597161181503,
                    0.11102379292784025,
                    0.09423862256431016
                ],
                "mean": 0.10750075558905092,
                "std": 0.006909884561622629,
                "min": 0.09423862256431016,
                "max": 0.11368597161181503
            },
            "f1": {
                "per_fold": [
                    0.35555555555555557,
                    0.39215686274509803,
                    0.40404040404040403,
                    0.37362637362637363,
                    0.41379310344827586
                ],
                "mean": 0.3878344598831414,
                "std": 0.020971239104737017,
                "min": 0.35555555555555557,
                "max": 0.41379310344827586
            }
        },
        "RandomForest": {
            "auc": {
                "per_fold": [
                    0.7618108016687337,
                    0.8073130193905818,
                    0.7812199672112612,
                    0.7609248685623834,
                    0.8200011306461642
                ],
                "mean": 0.7862539574958248,
                "std": 0.023860961651605388,
                "min": 0.7609248685623834,
                "max": 0.8200011306461642
            },
            "brier": {
                "per_fold": [
                    0.1124620921159185,
                    0.1050470421071484,
                    0.11259698285646022,
                    0.11105174592635118,
                    0.09973521010919986
                ],
                "mean": 0.10817861462301563,
                "std": 0.00504426143197959,
                "min": 0.09973521010919986,
                "max": 0.11259698285646022
            },
            "f1": {
                "per_fold": [
                    0.3958333333333333,
                    0.3829787234042553,
                    0.3673469387755102,
                    0.32967032967032966,
                    0.39080459770114945
                ],
                "mean": 0.3733267845769156,
                "std": 0.023861363005816382,
                "min": 0.32967032967032966,
                "max": 0.3958333333333333
            }
        }
    },
    "ensemble": {
        "auc": {
            "per_fold": [
                0.7678994249633555,
                0.7973961218836565,
                0.7849510995533948,
                0.7657583809146927,
                0.8369325569563005
            ],
            "mean": 0.79058751685428,
            "std": 0.025912254049585106,
            "min": 0.7657583809146927,
            "max": 0.8369325569563005
        },
        "brier": {
            "per_fold": [
                0.09228252664090952,
                0.08907919077621948,
                0.0906032915906067,
                0.09478015354715379,
                0.08634155194550648
            ],
            "mean": 0.0906173429000792,
            "std": 0.00285483194099972,
            "min": 0.08634155194550648,
            "max": 0.09478015354715379
        },
        "f1": {
            "per_fold": [
                0.0,
                0.0,
                0.0,
                0.0,
                0.0
            ],
            "mean": 0.0,
            "std": 0.0,
            "min": 0.0,
            "max": 0.0
        }
    },
    "method_comparison": {
        "weighted_avg": {
            "auc": 0.7886381438565216,
            "brier": 0.09102282037217621,
            "score": 0.5281089648485141,
            "calibration": null
        },
        "weighted_avg+isotonic": {
            "auc": 0.7802458381726675,
            "brier": 0.09023210374873292,
            "score": 0.5260712438365298,
            "calibration": "isotonic"
        },
        "weighted_avg+platt": {
            "auc": 0.7875284732913774,
            "brier": 0.09177026930903735,
            "score": 0.5246095309576562,
            "calibration": "platt"
        },
        "logistic": {
            "auc": 0.7913409394795092,
            "brier": 0.18449738127659768,
            "score": 0.17536199975817074,
            "calibration": null
        },
        "logistic+isotonic": {
            "auc": 0.7720336007346785,
            "brier": 0.09102469944513558,
            "score": 0.518139115277503,
            "calibration": "isotonic"
        },