{
    "best_method": "xgb_meta",
    "base_models": {
        "CatBoost": {
            "auc": {
                "per_fold": [
                    0.7301274100800542,
                    0.7484764542936287,
                    0.7259879020860422,
                    0.7202216066481995,
                    0.7955226411894398
                ],
                "mean": 0.7440672028594728,
                "std": 0.027411293401804437,
                "min": 0.7202216066481995,
                "max": 0.7955226411894398
            },
            "brier": {
                "per_fold": [
                    0.09556578121144149,
                    0.09865443880634812,
                    0.10090515283070552,
                    0.09691294342630795,
                    0.09314441828886613
                ],
                "mean": 0.09703654691273385,
                "std": 0.002642376987588003,
                "min": 0.09314441828886613,
                "max": 0.10090515283070552
            },
            "f1": {
                "per_fold": [
                    0.14035087719298245,
                    0.1935483870967742,
                    0.12903225806451613,
                    0.14285714285714285,
                    0.1724137931034483
                ],
                "mean": 0.15564049166297278,
                "std": 0.0237635712383285,
                "min": 0.12903225806451613,
                "max": 0.1935483870967742
            }
        },
        "XGBoost": {
            "auc": {
                "per_fold": [
                    0.734863005975871,
                    0.7628808864265928,
                    0.7452654191870653,
                    0.7477528407484877,
                    0.8254847645429363
                ],
                "mean": 0.7632493833761906,
                "std": 0.03238126211948298,
                "min": 0.734863005975871,
                "max": 0.8254847645429363
            },
            "brier": {
                "per_fold": [
                    0.1075989475411371,
                    0.10617842783930759,
                    0.11172404736109655,
                    0.10633965221998046,
                    0.09686969912854015
                ],
                "mean": 0.10574215481801237,
                "std": 0.004868234276814779,
                "min": 0.09686969912854015,
                "max": 0.11172404736109655
            },
            "f1": {
                "per_fold": [
                    0.30952380952380953,
                    0.3917525773195876,
                    0.38202247191011235,
                    0.3218390804597701,
                    0.2962962962962963
                ],
                "mean": 0.3402868471019152,
                "std": 0.03901906431544858,
                "min": 0.2962962962962963,
                "max": 0.3917525773195876
            }
        },
        "LightGBM": {
            "auc": {
                "per_fold": [
                    0.7841921298906304,
                    0.7611634349030472,
                    0.7638645485895189,
                    0.7608118039459552,
                    0.8331731584600599
                ],
                "mean": 0.7806410151578422,
                "std": 0.02766318881168922,
                "min": 0.7608118039459552,
                "max": 0.8331731584600599
            },
            "brier": {
                "per_fold": [
                    0.10302174841485062,
                    0.10946033209393417,
                    0.11436856503098025,
                    0.10871515589671041,
                    0.09340920764835672
                ],
                "mean": 0.10579500181696644,
                "std": 0.007163333912263283,
                "min": 0.09340920764835672,
                "max": 0.11436856503098025
            },
            "f1": {
                "per_fold": [
                    0.4,
                    0.39215686274509803,
                    0.34408602150537637,
                    0.40860215053763443,
                    0.3373493975903614
                ],
                "mean": 0.37643888647569407,
                "std": 0.029703038284771603,
                "min": 0.3373493975903614,
                "max": 0.40860215053763443
            }
        },
        "RandomForest": {
            "auc": {
                "per_fold": [
                    0.7631638290675385,
                    0.8039889196675901,
                    0.7813895641359037,
                    0.7601899485555996,
                    0.8235626660636555
                ],
                "mean": 0.7864589854980576,
                "std": 0.024258637024596852,
                "min": 0.7601899485555996,
                "max": 0.8235626660636555
            },
            "brier": {
                "per_fold": [
                    0.1157758900510885,
                    0.10873334427581847,
                    0.11612935230660361,
                    0.1132334597487395,
                    0.1025316037954781
                ],
                "mean": 0.11128073003554564,
                "std": 0.005110090781953368,
                "min": 0.1025316037954781,
                "max": 0.11612935230660361
            },
            "f1": {
                "per_fold": [
                    0.40404040404040403,
                    0.3838383838383838,
                    0.37623762376237624,
                    0.32608695652173914,
                    0.391304347826087
                ],
                "mean": 0.37630154319779807,
                "std": 0.026731409671557953,
                "min": 0.32608695652173914,
                "max": 0.40404040404040403
            }
        }
    },
    "ensemble": {
        "auc": {
            "per_fold": [
                0.7701826586988386,
                0.7792243767313018,
                0.7824071456837582,
                0.7575329300695348,
                0.8419639323873593
            ],
            "mean": 0.7862622087141584,
            "std": 0.0291581823517465,
            "min": 0.7575329300695348,
            "max": 0.8419639323873593
        },
        "brier": {
            "per_fold": [
                0.09309607479485997,
                0.09249303608555078,
                0.0942987133511441,
                0.09456889650242416,
                0.08764813220108288
            ],
            "mean": 0.09242097058701237,
            "std": 0.0025052125263969856,
            "min": 0.08764813220108288,
            "max": 0.09456889650242416
        },
        "f1": {
            "per_fold": [
                0.0,
                0.0,
                0.03636363636363636,
                0.07547169811320754,
                0.07547169811320754
            ],
            "mean": 0.03746140651801029,
            "std": 0.033756432246998286,
            "min": 0.0,
            "max": 0.07547169811320754
        }
    },
    "method_comparison": {
        "weighted_avg": {
            "auc": 0.7785070541735317,
            "brier": 0.09440033294670608,
            "score": 0.5092259230388073,
            "calibration": null
        },
        "weighted_avg+isotonic": {
            "auc": 0.7700247143667449,
            "brier": 0.09319941203830139,
            "score": 0.5086892948821689,
            "calibration": "isotonic"
        },
        "weighted_avg+platt": {
            "auc": 0.7777912828962176,
            "brier": 0.09434297569595132,
            "score": 0.5090139056488803,
            "calibration": "platt"
        },
        "logistic": {
            "auc": 0.7858235511097355,
            "brier": 0.18837997181651672,
            "score": 0.15733239260419102,
            "calibration": null
        },