{
    "CatBoost_Params": {
        "iterations": 1021,
        "depth": 7,
        "learning_rate": 0.13426336491597404,
        "l2_leaf_reg": 2.04240360831886,
        "random_strength": 6.598241568991806,
        "bagging_temperature": 0.3336135258404609,
        "border_count": 227,
        "loss_function": "Focal:focal_alpha=0.2199560953338403;focal_gamma=1.0058016627118793",
        "eval_metric": "AUC",
        "random_state": 42,
        "verbose": false,
        "thread_count": -1
    },
    "XGBoost_Params": {
        "n_estimators": 321,
        "max_depth": 10,
        "learning_rate": 0.06350482044035968,
        "subsample": 0.9308869849072938,
        "colsample_bytree": 0.8641716627869275,
        "gamma": 0.3389283547869485,
        "min_child_weight": 4,
        "reg_alpha": 0.0038404393306858756,
        "reg_lambda": 0.03644551238161237,
        "max_delta_step": 7.936390679269306,
        "scale_pos_weight": 10.368148706803192,
        "objective": "binary:logistic",
        "eval_metric": "auc",
        "random_state": 42,
        "n_jobs": -1,
        "use_label_encoder": false
    },
    "LightGBM_Params": {
        "boosting_type": "gbdt",
        "n_estimators": 904,
        "num_leaves": 90,
        "learning_rate": 0.009941298928614487,
        "max_depth": 9,
        "min_child_samples": 35,
        "colsample_bytree": 0.9340702718135285,
        "reg_alpha": 0.022122361150967062,
        "reg_lambda": 1.464474672192344,
        "subsample": 0.7776362119297212,
        "subsample_freq": 4,
        "is_unbalance": true,
        "objective": "binary",
        "metric": "auc",
        "random_state": 42,
        "n_jobs": -1,
        "verbosity": -1
    },
    "RandomForest_Params": {
        "n_estimators": 722,
        "max_depth": 19,
        "min_samples_split": 5,
        "min_samples_leaf": 2,
        "max_features": 0.5,
        "class_weight": "balanced_subsample",
        "max_samples": 0.980859059022258,
        "min_impurity_decrease": 9.833236950632644e-05,
        "ccp_alpha": 4.6762608709409345e-05,
        "bootstrap": true,
        "random_state": 42,
        "n_jobs": -1
    },
    "Ensemble_Weights": {
        "Cat": 1.7662925904921e-15,
        "XGB": 0.799999999999998,
        "LGBM": 0.19999999999999754,
        "RF": 2.6655808297049937e-15
    }
}