{
    "CatBoost_Params": {
        "iterations": 2252,
        "depth": 5,
        "learning_rate": 0.10428083300611223,
        "l2_leaf_reg": 1.4195779415592078,
        "random_strength": 4.330833961092696,
        "bagging_temperature": 0.7810806692774069,
        "border_count": 217,
        "loss_function": "Focal:focal_alpha=0.18731209421414924;focal_gamma=1.0853671090613197",
        "eval_metric": "AUC",
        "random_state": 42,
        "verbose": false,
        "thread_count": -1
    },
    "XGBoost_Params": {
        "n_estimators": 1344,
        "max_depth": 9,
        "learning_rate": 0.09223510821380973,
        "subsample": 0.8193770802925814,
        "colsample_bytree": 0.6670992723553444,
        "gamma": 1.8317464124688603,
        "min_child_weight": 1,
        "reg_alpha": 0.6597545000424526,
        "reg_lambda": 3.149205417977172,
        "max_delta_step": 4.668634802879515,
        "scale_pos_weight": 7.950909980700595,
        "objective": "binary:logistic",
        "eval_metric": "auc",
        "random_state": 42,
        "n_jobs": -1,
        "use_label_encoder": false
    },
    "LightGBM_Params": {
        "boosting_type": "dart",
        "n_estimators": 609,
        "num_leaves": 76,
        "learning_rate": 0.04706560824315047,
        "max_depth": 10,
        "min_child_samples": 29,
        "colsample_bytree": 0.6408795934948102,
        "reg_alpha": 0.032454391957707315,
        "reg_lambda": 0.018425365857402187,
        "subsample": 0.7166486416924467,
        "subsample_freq": 1,
        "drop_rate": 0.0554673664499339,
        "skip_drop": 0.6915250345865581,
        "is_unbalance": true,
        "objective": "binary",
        "metric": "auc",
        "random_state": 42,
        "n_jobs": -1,
        "verbosity": -1
    },
    "RandomForest_Params": {
        "n_estimators": 402,
        "max_depth": 15,
        "min_samples_split": 11,
        "min_samples_leaf": 3,
        "max_features": 0.3,
        "class_weight": "balanced_subsample",
        "max_samples": 0.6967737724382763,
        "min_impurity_decrease": 0.001037180977766204,
        "ccp_alpha": 0.0025385675402423025,
        "bootstrap": true,
        "random_state": 42,
        "n_jobs": -1
    },
    "Ensemble_Weights": {
        "Cat": 0.0,
        "XGB": 0.49019670486450195,
        "LGBM": 0.025747908279299736,
        "RF": 0.48405537009239197
    }
}