{
    "tearsense": {
        "model_serial": "05022026_155832_14142",
        "holdout_n": 514,
        "inference_verified": true,
        "stored_AUC": 0.7747258712409076,
        "stored_Brier": 0.09098309500434497,
        "stored_threshold": 0.18000000000000002,
        "AUC": 0.7747258712409076,
        "Brier_Score": 0.09098309499140084,
        "Calibration_Slope": 1.153708193803323,
        "Calibration_Intercept": 0.2355989102161149,
        "Net_Benefit": 0.03836067421270603,
        "Optimal_Threshold_Used": 0.17088756137462147,
        "Youden_J_Threshold": 0.17088756137462147,
        "F1_Score": 0.4090909090909091,
        "Sensitivity_Recall": 0.5901639344262295,
        "Specificity": 0.82560706401766,
        "PPV_Precision": 0.3130434782608696,
        "NPV": 0.9373433583959899,
        "Confusion_Matrix": {
            "TP": 36,
            "TN": 374,
            "FP": 79,
            "FN": 25
        },
        "AUC_95CI": [
            0.7088447198611978,
            0.8384963262385317
        ],
        "AUC_Text": "0.7747 (0.7088-0.8385)",
        "Brier_Score_95CI": [
            0.07271112262966323,
            0.10916709384622769
        ],
        "Brier_Score_Text": "0.0910 (0.0727-0.1092)",
        "F1_Score_95CI": [
            0.30869901910170366,
            0.5
        ],
        "F1_Score_Text": "0.4091 (0.3087-0.5000)",
        "Sensitivity_Recall_95CI": [
            0.45758994944989595,
            0.711864406779661
        ],
        "Sensitivity_Recall_Text": "0.5902 (0.4576-0.7119)",
        "Specificity_95CI": [
            0.79038765205864,
            0.8596511074065254
        ],
        "Specificity_Text": "0.8256 (0.7904-0.8597)",
        "PPV_Precision_95CI": [
            0.2293381389252949,
            0.4
        ],
        "PPV_Precision_Text": "0.3130 (0.2293-0.4000)",
        "NPV_95CI": [
            0.9136971025782781,
            0.9603984842928737
        ],
        "NPV_Text": "0.9373 (0.9137-0.9604)",
        "Net_Benefit_95CI": [
            0.014937866140440568,
            0.06412145881061146
        ],
        "Net_Benefit_Text": "0.0384 (0.0149-0.0641)",
        "Calibration_Slope_95CI": [
            0.8365445268154073,
            1.5385876097218927
        ],
        "Calibration_Slope_Text": "1.1537 (0.8365-1.5386)"
    },
    "logistic_regression": {
        "AUC": 0.8106611659971772,
        "Brier_Score": 0.17485229610280642,
        "F1_Score": 0.3861003861003861,
        "Sensitivity_Recall": 0.819672131147541,
        "Specificity": 0.673289183222958,
        "PPV_Precision": 0.25252525252525254,
        "NPV": 0.9651898734177216,
        "Net_Benefit": -0.12066993337223451,
        "Calibration_Slope": 0.8821582035791161,
        "Calibration_Intercept": -1.9580869173522404,
        "Threshold_Used": 0.43082252713213315,
        "Confusion_Matrix": {
            "TP": 50,
            "TN": 305,
            "FP": 148,
            "FN": 11
        },
        "AUC_95CI": [
            0.7521794662966538,
            0.8631149614337568
        ],
        "Brier_Score_95CI": [
            0.15675797066713185,
            0.19277571042690916
        ],
        "F1_Score_95CI": [
            0.309478021978022,
            0.4545624151967435
        ],
        "Sensitivity_Recall_95CI": [
            0.7212933944069432,
            0.9111403508771929
        ],
        "Specificity_95CI": [
            0.6296276469188675,
            0.715232159296766
        ],
        "PPV_Precision_95CI": [
            0.19288327256261767,
            0.31156296186816435
        ],
        "NPV_95CI": [
            0.9438819353633476,
            0.984178463043565
        ],
        "Net_Benefit_95CI": [
            -0.16230365857180526,
            -0.07807198326155126
        ],
        "Calibration_Slope_95CI": [
            0.6671257244850478,
            1.1635364636314967
        ]
    },
    "lr_formula": "z = -0.7181 + 1.1932 \u00d7 tear_characteristics_Tear_MedLat + 0.7155 \u00d7 tear_characteristics_Full_3.0\n    - 0.7025 \u00d7 Tear_Area_cm2 + 0.4783 \u00d7 Tear_AP_ML_Ratio + 0.4497 \u00d7 InsuranceType_5.0\n    + 0.3984 \u00d7 Aged + 0.3697 \u00d7 tear_characteristics_Full_nan + 0.3136 \u00d7 Gender_M + 0.3018 \u00d7 Pre-Op_ROM_Pre-Op_IR + 0.2575 \u00d7 tear_characteristics_Tear_AntPost\n    + ... (30 more terms)\n\nP(retear) = 1 / (1 + exp(-z))",
    "comparison": {
        "AUC_difference": -0.035935294756269553,
        "Brier_difference": -0.08386920111140558,
        "TearSense_better_AUC": false,
        "TearSense_better_Brier": true
    }
}