{
    "evaluation_type": "end_to_end_pipeline",
    "description": "Holdout test set (n=514) evaluated through the FULL production inference pipeline. fold_models predict \u2192 average \u2192 meta-features \u2192 meta-learner \u2192 calibrate \u2192 score. These are the metrics of the actual deployed model.",
    "pipeline": "fold_ensemble \u2192 13 meta-features \u2192 xgb_meta \u2192 threshold",
    "best_method": "xgb_meta",
    "holdout_n": 514,
    "cross_check_vs_trainMeta": true,
    "final_model": {
        "AUC": 0.7844787030000361,
        "AUC_95CI": [
            0.7188370884258991,
            0.8453407806735949
        ],
        "Brier": 0.0885959882223388,
        "Brier_95CI": [
            0.07060190733798041,
            0.10597946678191465
        ],
        "optimal_threshold": 0.18824075162410736,
        "clinical_metrics": {
            "sensitivity": 0.5737704918032787,
            "specificity": 0.8587196467991169,
            "ppv": 0.35353535353535354,
            "npv": 0.9373493975903614,
            "tp": 35,
            "tn": 389,
            "fp": 64,
            "fn": 26
        }
    },
    "decision_curve_analysis": {
        "thresholds": [
            0.01,
            0.02,
            0.03,
            0.04,
            0.05,
            0.060000000000000005,
            0.06999999999999999,
            0.08,
            0.09,
            0.09999999999999999,
            0.11,
            0.12,
            0.13,
            0.14,
            0.15000000000000002,
            0.16,
            0.17,
            0.18000000000000002,
            0.19,
            0.2,
            0.21000000000000002,
            0.22,
            0.23,
            0.24000000000000002,
            0.25,
            0.26,
            0.27,
            0.28,
            0.29000000000000004,
            0.3,
            0.31,
            0.32,
            0.33,
            0.34,
            0.35000000000000003,
            0.36000000000000004,
            0.37,
            0.38,
            0.39,
            0.4,
            0.41000000000000003,
            0.42000000000000004,
            0.43,
            0.44,
            0.45,
            0.46,
            0.47000000000000003,
            0.48000000000000004,
            0.49,
            0.5,
            0.51,
            0.52,
            0.53,
            0.54,
            0.55,
            0.56,
            0.5700000000000001,
            0.5800000000000001,
            0.59,
            0.6,
            0.61,
            0.62,
            0.63,
            0.64,
            0.65,
            0.66,
            0.67,
            0.68,
            0.6900000000000001,
            0.7000000000000001,
            0.7100000000000001,
            0.72,
            0.73,
            0.74,
            0.75,
            0.76,
            0.77,
            0.78,
            0.79,
            0.8,
            0.81,
            0.8200000000000001,
            0.8300000000000001,
            0.8400000000000001,
            0.85,
            0.86,
            0.87,
            0.88,
            0.89,
            0.9,
            0.91,
            0.92,
            0.93,
            0.9400000000000001,
            0.9500000000000001,
            0.9600000000000001,
            0.97,
            0.98,
            0.99
        ],
        "net_benefit_model": [
            0.10977479070864285,
            0.10069086000158818,
            0.09141963175418187,
            0.08527885862516212,
            0.08283841900471021,
            0.07417832602036592,
            0.07250742646751182,
            0.06479445102351548,
            0.058151964766750754,
            0.0520968439256377,
            0.04345735146242294,
            0.04120976299964627,
            0.03982736258329978,
            0.039724911772690254,
            0.04028381780727855,
            0.04048545488234204,
            0.03701186067226102,
            0.039052861345734075,
            0.03739731949848682,
            0.02821011673151751,
            0.026030635866620695,
            0.023146762446373342,
            0.0232705038152509,
            0.021605570346098706,
            0.020103761348897537,
            0.017982963508255335,
            0.020787804488033686,
            0.02399481193255512,
            0.023647722913355616,
            0.023346303501945526,
            0.025714769074606663,
            0.030212863355458915,
            0.02845693710436146,
            0.027708996580591908,
            0.026938042502244835,
            0.025778210116731516,
            0.02245074424062751,
            0.021589054851261454,
            0.02242138164189577,
            0.016212710765239946,
            0.010749851612477742,
            0.0118744129880585,
            0.009215646119189024,
            0.007087270705947749,
            0.006897771489211178,
            0.006701253782965846,
            0.0062770721679759195,
            0.0,
            0.0,
            0.0,
            0.0,
            0.0,
            0.0,
            0.0,
            0.0,
            0.0,
            0.0,
            0.0,
            0.0,
            0.0,
            0.0,
            0.0,
            0.0,
            0.0,
            0.0,
            0.0,
            0.0,
            0.0,
            0.0,
            0.0,
            0.0,
            0.0,
            0.0,
            0.0,
            0.0,
            0.0,
            0.0,
            0.0,
            0.0,
            0.0,
            0.0,
            0.0,
            0.0,
            0.0,
            0.0,
            0.0,
            0.0,
            0.0,
            0.0,
            0.0,
            0.0,
            0.0,
            0.0,
            0.0,
            0.0,
            0.0,
            0.0,
            0.0,
            0.0
        ],