{
    "Final_Model": {
        "AUC": 0.7844787030000361,
        "AUC_95CI_lower": 0.7188370884258991,
        "AUC_95CI_upper": 0.8453407806735949,
        "Brier": 0.0885959882223388,
        "Brier_95CI_lower": 0.07060190733798041,
        "Brier_95CI_upper": 0.10597946678191465,
        "Best_Method": "xgb_meta",
        "Optimal_Threshold": 0.18000000000000005
    },
    "LR_Baseline": {
        "AUC": 0.8106611659971772,
        "Brier": 0.17485229610291242,
        "F1_Score": 0.3861003861003861,
        "Sensitivity": 0.819672131147541,
        "Specificity": 0.673289183222958,
        "PPV": 0.25252525252525254,
        "NPV": 0.9651898734177216,
        "Net_Benefit": -0.12066993337287217,
        "Calibration_Slope": 0.8821582035781299,
        "Threshold": 0.4308225271328506
    },
    "TearSense_vs_LR": {
        "AUC_Improvement": -0.02618246299714111,
        "AUC_Improvement_Pct": -3.2297665282799892,
        "Brier_Improvement": 0.08625630788057362
    },
    "Individual_Assessment_Test": {
        "CatBoost": {
            "AUC": 0.7726631201823907,
            "Brier": 0.0883112789844932
        },
        "XGBoost": {
            "AUC": 0.780371295190533,
            "Brier": 0.10017250954913538
        },
        "LightGBM": {
            "AUC": 0.7645568704085696,
            "Brier": 0.09326688440748747
        },
        "RandomForest": {
            "AUC": 0.7761010386132523,
            "Brier": 0.10720618392559142
        }
    },
    "Self_Assessment_CV": {
        "CatBoost": {
            "AUC": 0.8030644114127798,
            "Brier": 0.09582857418085605
        },
        "XGBoost": {
            "AUC": 0.7792389064715125,
            "Brier": 0.11625359573517662
        },
        "LightGBM": {
            "AUC": 0.7736750241823975,
            "Brier": 0.10261665107550638
        },
        "RandomForest": {
            "AUC": 0.7838996888224383,
            "Brier": 0.11144146511112123
        }
    },
    "Ensemble_Weights": {
        "CatBoost": 0.15153799951076508,
        "XGBoost": 0.22012197971343994,
        "LightGBM": 0.37694865465164185,
        "RandomForest": 0.25139135122299194
    }
}