{
    "tearsense": {
        "AUC": 0.7844787030000361,
        "Brier": 0.0885959882223388
    },
    "logistic_regression": {
        "AUC": 0.8106611659971772,
        "Brier": 0.17485229610291242
    },
    "improvement": {
        "AUC_delta": -0.02618246299714111,
        "AUC_pct": -3.2297665282799892,
        "Brier_delta": -0.08625630788057362
    }
}