{
    "best_method": "weighted_avg",
    "base_models": {
        "CatBoost": {
            "auc": {
                "per_fold": [
                    0.7676175442552712,
                    0.7751246537396121,
                    0.763525354740234,
                    0.7478093730567019,
                    0.8211317768104471
                ],
                "mean": 0.7750417405204534,
                "std": 0.024712935839832657,
                "min": 0.7478093730567019,
                "max": 0.8211317768104471
            },
            "brier": {
                "per_fold": [
                    0.09191617595791694,
                    0.09430833652450994,
                    0.09567811121029378,
                    0.09487863698083566,
                    0.08996059160110595
                ],
                "mean": 0.09334837045493245,
                "std": 0.00210804028054243,
                "min": 0.08996059160110595,
                "max": 0.09567811121029378
            },
            "f1": {
                "per_fold": [
                    0.11320754716981132,
                    0.2,
                    0.13793103448275862,
                    0.10714285714285714,
                    0.07407407407407407
                ],
                "mean": 0.12647110257390023,
                "std": 0.04203041842538602,
                "min": 0.07407407407407407,
                "max": 0.2
            }
        },
        "XGBoost": {
            "auc": {
                "per_fold": [
                    0.749351674371406,
                    0.7509141274238226,
                    0.7231612866753349,
                    0.7613205947198824,
                    0.8179094352422409
                ],
                "mean": 0.7605314236865374,
                "std": 0.03132687447989785,
                "min": 0.7231612866753349,
                "max": 0.8179094352422409
            },
            "brier": {
                "per_fold": [
                    0.10194186370443263,
                    0.1072327615058861,
                    0.11141049125463802,
                    0.10614434416729655,
                    0.1001983693102453
                ],
                "mean": 0.10538556598849973,
                "std": 0.003976271994388836,
                "min": 0.1001983693102453,
                "max": 0.11141049125463802
            },
            "f1": {
                "per_fold": [
                    0.24,
                    0.3170731707317073,
                    0.2926829268292683,
                    0.3614457831325301,
                    0.14492753623188406
                ],
                "mean": 0.27122588338507797,
                "std": 0.07433483311026905,
                "min": 0.14492753623188406,
                "max": 0.3614457831325301
            }
        },
        "LightGBM": {
            "auc": {
                "per_fold": [
                    0.7308039237794566,
                    0.7533518005540166,
                    0.7530103454124032,
                    0.7589462377748883,
                    0.818757419865453
                ],
                "mean": 0.7629739454772435,
                "std": 0.029511989900267273,
                "min": 0.7308039237794566,
                "max": 0.818757419865453
            },
            "brier": {
                "per_fold": [
                    0.10056667249189845,
                    0.10381107060570392,
                    0.10284303346318951,
                    0.09913298251668416,
                    0.09878819165993422
                ],
                "mean": 0.10102839014748206,
                "std": 0.001993011963826999,
                "min": 0.09878819165993422,
                "max": 0.10381107060570392
            },
            "f1": {
                "per_fold": [
                    0.2647058823529412,
                    0.2702702702702703,
                    0.2898550724637681,
                    0.2857142857142857,
                    0.15873015873015872
                ],
                "mean": 0.2538551339062848,
                "std": 0.048470521920085156,
                "min": 0.15873015873015872,
                "max": 0.2898550724637681
            }
        },
        "RandomForest": {
            "auc": {
                "per_fold": [
                    0.7484496561055362,
                    0.7999445983379501,
                    0.7740403640680649,
                    0.755271637740969,
                    0.8170049183108147
                ],
                "mean": 0.778942234912667,
                "std": 0.026092106114556333,
                "min": 0.7484496561055362,
                "max": 0.8170049183108147
            },
            "brier": {
                "per_fold": [
                    0.0969026831192154,
                    0.09210838184587335,
                    0.09734862381942119,
                    0.09549698718067522,
                    0.09026382751814734
                ],
                "mean": 0.09442410069666649,
                "std": 0.002775525840063052,
                "min": 0.09026382751814734,
                "max": 0.09734862381942119
            },
            "f1": {
                "per_fold": [
                    0.26229508196721313,
                    0.2727272727272727,
                    0.15384615384615385,
                    0.27692307692307694,
                    0.13559322033898305
                ],
                "mean": 0.22027696116053996,
                "std": 0.062144554404272585,
                "min": 0.13559322033898305,
                "max": 0.27692307692307694
            }
        }
    },
    "ensemble": {
        "auc": {
            "per_fold": [
                0.749351674371406,
                0.7509141274238226,
                0.7231612866753349,
                0.7613205947198824,
                0.8179094352422409
            ],
            "mean": 0.7605314236865374,
            "std": 0.03132687447989785,
            "min": 0.7231612866753349,
            "max": 0.8179094352422409
        },
        "brier": {
            "per_fold": [
                0.10194186370443263,
                0.10723276150588602,
                0.11141049125463792,
                0.1061443441672964,
                0.1001983693102453
            ],
            "mean": 0.10538556598849966,
            "std": 0.0039762719943887935,
            "min": 0.1001983693102453,
            "max": 0.11141049125463792
        },
        "f1": {
            "per_fold": [
                0.24,
                0.3170731707317073,
                0.2926829268292683,
                0.3614457831325301,
                0.14492753623188406
            ],
            "mean": 0.27122588338507797,
            "std": 0.07433483311026905,
            "min": 0.14492753623188406,
            "max": 0.3614457831325301
        }
    },
    "method_comparison": {
        "weighted_avg": {
            "auc": 0.784829700456473,
            "brier": 0.09200309173918542,
            "score": 0.5221076210296708,
            "calibration": null
        },
        "weighted_avg+isotonic": {
            "auc": 0.7759849733048825,
            "brier": 0.09254418022408936,
            "score": 0.5147494801913279,
            "calibration": "isotonic"
        },
        "weighted_avg+platt": {
            "auc": 0.7843930349602499,
            "brier": 0.09350545667889533,
            "score": 0.5161500504554364,
            "calibration": "platt"
        },
        "logistic": {
            "auc": 0.7830050301260983,
            "brier": 0.1899191283134504,
            "score": 0.14980622935337023,
            "calibration": null
        },
        "logistic+isotonic": {
            "auc": 0.7700325923525018,
            "brier": 0.09353275892705126,
            "score": 0.5074302801455217,
            "calibration": "isotonic"
        },
        "logistic+platt": {
            "auc": 0.7768346703400588,