{
    "evaluation_type": "end_to_end_pipeline",
    "description": "Holdout test set (n=514) evaluated through the FULL production inference pipeline. fold_models predict \u2192 average \u2192 meta-features \u2192 meta-learner \u2192 calibrate \u2192 score. These are the metrics of the actual deployed model.",
    "pipeline": "fold_ensemble \u2192 13 meta-features \u2192 xgb_meta \u2192 threshold",
    "best_method": "xgb_meta",
    "holdout_n": 514,
    "cross_check_vs_trainMeta": true,
    "final_model": {
        "AUC": 0.777838092136214,
        "AUC_95CI": [
            0.7132663054242339,
            0.8370164844795066
        ],
        "Brier": 0.08904505586784986,
        "Brier_95CI": [
            0.07097125155172943,
            0.10742056655657835
        ],
        "optimal_threshold": 0.16649816930294037,
        "clinical_metrics": {
            "sensitivity": 0.5573770491803278,
            "specificity": 0.8609271523178808,
            "ppv": 0.35051546391752575,
            "npv": 0.935251798561151,
            "tp": 34,
            "tn": 390,
            "fp": 63,
            "fn": 27
        }
    },
    "decision_curve_analysis": {
        "thresholds": [
            0.01,
            0.02,
            0.03,
            0.04,
            0.05,
            0.060000000000000005,
            0.06999999999999999,
            0.08,
            0.09,
            0.09999999999999999,
            0.11,
            0.12,
            0.13,
            0.14,
            0.15000000000000002,
            0.16,
            0.17,
            0.18000000000000002,
            0.19,
            0.2,
            0.21000000000000002,
            0.22,
            0.23,
            0.24000000000000002,
            0.25,
            0.26,
            0.27,
            0.28,
            0.29000000000000004,
            0.3,
            0.31,
            0.32,
            0.33,
            0.34,
            0.35000000000000003,
            0.36000000000000004,
            0.37,
            0.38,
            0.39,
            0.4,
            0.41000000000000003,
            0.42000000000000004,
            0.43,
            0.44,
            0.45,
            0.46,
            0.47000000000000003,
            0.48000000000000004,
            0.49,
            0.5,
            0.51,
            0.52,
            0.53,
            0.54,
            0.55,
            0.56,
            0.5700000000000001,
            0.5800000000000001,
            0.59,
            0.6,
            0.61,
            0.62,
            0.63,
            0.64,
            0.65,
            0.66,
            0.67,
            0.68,
            0.6900000000000001,
            0.7000000000000001,
            0.7100000000000001,
            0.72,
            0.73,
            0.74,
            0.75,
            0.76,
            0.77,
            0.78,
            0.79,
            0.8,
            0.81,
            0.8200000000000001,
            0.8300000000000001,
            0.8400000000000001,
            0.85,
            0.86,
            0.87,
            0.88,
            0.89,
            0.9,
            0.91,
            0.92,
            0.93,
            0.9400000000000001,
            0.9500000000000001,
            0.9600000000000001,
            0.97,
            0.98,
            0.99
        ],
        "net_benefit_model": [
            0.10977479070864285,
            0.10100849678392756,
            0.09581210638212523,
            0.08633268482490272,
            0.07802580380913372,
            0.07198443579766536,
            0.06685912723317015,
            0.06098798849602436,
            0.052935391456792234,
            0.05058365758754864,
            0.04686748568180824,
            0.041298195967456666,
            0.03799364908985196,
            0.033073929961089495,
            0.03524834058136872,
            0.03909579395960719,
            0.03989498851436875,
            0.03468729239821581,
            0.0308641975308642,
            0.02869649805447471,
            0.026794069841895283,
            0.026139878279956105,
            0.023447369750871697,
            0.02518943272578333,
            0.024643320363164724,
            0.023451467031233568,
            0.022946538031021802,
            0.02323821876351059,
            0.022853071737819912,
            0.02056698165647582,
            0.021147014041617323,
            0.02277409018081941,
            0.022707474301643528,
            0.021754510081358328,
            0.023196647710266385,
            0.02079280155642023,
            0.016953863257365205,
            0.021275260449353583,
            0.016425336480193915,
            0.014267185473411154,
            0.015399327309899097,
            0.009392191064001073,
            0.010683323093726535,
            0.010561423012784881,
            0.010435090201627167,
            0.01001585242830379,
            0.009947874605388738,
            0.009877282250823106,
            0.007858396276798657,
            0.007782101167315175,
            0.005836575875486381,
            0.0038910505836575876,
            0.0038910505836575876,
            0.0,
            0.0,
            0.0,
            0.0,
            0.0,
            0.0,
            0.0,
            0.0,
            0.0,
            0.0,
            0.0,
            0.0,
            0.0,
            0.0,
            0.0,
            0.0,
            0.0,
            0.0,
            0.0,
            0.0,
            0.0,
            0.0,
            0.0,
            0.0,
            0.0,
            0.0,
            0.0,
            0.0,
            0.0,
            0.0,
            0.0,
            0.0,
            0.0,
            0.0,
            0.0,
            0.0,
            0.0,
            0.0,
            0.0,
            0.0,
            0.0,
            0.0,
            0.0,
            0.0,
            0.0,
            0.0
        ],