{
    "Final_Model": {
        "AUC": 0.777838092136214,
        "AUC_95CI_lower": 0.7132663054242339,
        "AUC_95CI_upper": 0.8370164844795066,
        "Brier": 0.08904505586784986,
        "Brier_95CI_lower": 0.07097125155172943,
        "Brier_95CI_upper": 0.10742056655657835,
        "Best_Method": "xgb_meta",
        "Optimal_Threshold": 0.17000000000000004
    },
    "Individual_Assessment_Test": {
        "CatBoost": {
            "AUC": 0.7743639850902905,
            "Brier": 0.0881151596136634
        },
        "XGBoost": {
            "AUC": 0.7729526291028842,
            "Brier": 0.09318465047028242
        },
        "LightGBM": {
            "AUC": 0.7767162450693013,
            "Brier": 0.10539560732851343
        },
        "RandomForest": {
            "AUC": 0.770057539897948,
            "Brier": 0.09359082868075769
        }
    },
    "Self_Assessment_CV": {
        "CatBoost": {
            "AUC": 0.7999326328532669,
            "Brier": 0.09385302395573628
        },
        "XGBoost": {
            "AUC": 0.7660758857222814,
            "Brier": 0.11138845011718865
        },
        "LightGBM": {
            "AUC": 0.7749614477767967,
            "Brier": 0.11458487841920095
        },
        "RandomForest": {
            "AUC": 0.775963201527684,
            "Brier": 0.09957495463712265
        }
    },
    "Ensemble_Weights": {
        "CatBoost": 0.14065995812416077,
        "XGBoost": 0.17793579399585724,
        "LightGBM": 0.5119020342826843,
        "RandomForest": 0.16950224339962006
    }
}