{
    "best_method": "lgbm_meta",
    "base_models": {
        "CatBoost": {
            "auc": {
                "per_fold": [
                    0.736159657233059,
                    0.7647091412742383,
                    0.7660127763016563,
                    0.7438521114817118,
                    0.8029283735654926
                ],
                "mean": 0.7627324119712316,
                "std": 0.02320758763126677,
                "min": 0.736159657233059,
                "max": 0.8029283735654926
            },
            "brier": {
                "per_fold": [
                    0.09403889332798242,
                    0.09625451883959366,
                    0.09547024560162123,
                    0.09675561615730308,
                    0.09474661298762241
                ],
                "mean": 0.09545317738282458,
                "std": 0.0009836888581297362,
                "min": 0.09403889332798242,
                "max": 0.09675561615730308
            },
            "f1": {
                "per_fold": [
                    0.21428571428571427,
                    0.21875,
                    0.1694915254237288,
                    0.13333333333333333,
                    0.10526315789473684
                ],
                "mean": 0.16822474618750266,
                "std": 0.04440178166673702,
                "min": 0.10526315789473684,
                "max": 0.21875
            }
        },
        "XGBoost": {
            "auc": {
                "per_fold": [
                    0.7530161235765024,
                    0.7568975069252077,
                    0.7193736220249872,
                    0.7702526994177172,
                    0.804624342811917
                ],
                "mean": 0.7608328589512663,
                "std": 0.027574931104640845,
                "min": 0.7193736220249872,
                "max": 0.804624342811917
            },
            "brier": {
                "per_fold": [
                    0.10318414282193963,
                    0.10295400339707263,
                    0.11799246190503819,
                    0.10416595984125615,
                    0.10239252653845451
                ],
                "mean": 0.10613781890075222,
                "std": 0.005954979216230545,
                "min": 0.10239252653845451,
                "max": 0.11799246190503819
            },
            "f1": {
                "per_fold": [
                    0.2894736842105263,
                    0.3373493975903614,
                    0.2926829268292683,
                    0.3,
                    0.17391304347826086
                ],
                "mean": 0.2786838104216834,
                "std": 0.05510960224583321,
                "min": 0.17391304347826086,
                "max": 0.3373493975903614
            }
        },
        "LightGBM": {
            "auc": {
                "per_fold": [
                    0.7676175442552712,
                    0.7562326869806094,
                    0.7639776132059473,
                    0.7410820283792187,
                    0.8352648538639833
                ],
                "mean": 0.7728349453370059,
                "std": 0.032517840651171796,
                "min": 0.7410820283792187,
                "max": 0.8352648538639833
            },
            "brier": {
                "per_fold": [
                    0.10217928876991024,
                    0.10527345127151294,
                    0.10870852353934117,
                    0.1097747654876421,
                    0.09319986879245085
                ],
                "mean": 0.10382717957217147,
                "std": 0.005948920532012309,
                "min": 0.09319986879245085,
                "max": 0.1097747654876421
            },
            "f1": {
                "per_fold": [
                    0.39080459770114945,
                    0.3870967741935484,
                    0.3695652173913043,
                    0.35555555555555557,
                    0.34146341463414637
                ],
                "mean": 0.36889711189514085,
                "std": 0.01866663803710123,
                "min": 0.34146341463414637,
                "max": 0.39080459770114945
            }
        },
        "RandomForest": {
            "auc": {
                "per_fold": [
                    0.7617544255271169,
                    0.7991689750692521,
                    0.7777714964101985,
                    0.7677087455480808,
                    0.8268980722482898
                ],
                "mean": 0.7866603429605876,
                "std": 0.023807646234541034,
                "min": 0.7617544255271169,
                "max": 0.8268980722482898
            },
            "brier": {
                "per_fold": [
                    0.11248579879117071,
                    0.10624367357898085,
                    0.11281058309774956,
                    0.10879807666768432,
                    0.09888607428958786
                ],
                "mean": 0.10784484128503466,
                "std": 0.005097626508889357,
                "min": 0.09888607428958786,
                "max": 0.11281058309774956
            },
            "f1": {
                "per_fold": [
                    0.4421052631578947,
                    0.3829787234042553,
                    0.37894736842105264,
                    0.32558139534883723,
                    0.36363636363636365
                ],
                "mean": 0.3786498227936807,
                "std": 0.03764859299641878,
                "min": 0.32558139534883723,
                "max": 0.4421052631578947
            }
        }
    },
    "ensemble": {
        "auc": {
            "per_fold": [
                0.7673074754763783,
                0.7870914127423823,
                0.7682740686302221,
                0.7653626547571937,
                0.8360280400248743
            ],
            "mean": 0.7848127303262102,
            "std": 0.026782333948990364,
            "min": 0.7653626547571937,
            "max": 0.8360280400248743
        },
        "brier": {
            "per_fold": [
                0.092553204948411,
                0.0909677247396659,
                0.09505571579658693,
                0.09161480361758591,
                0.08721674771728218
            ],
            "mean": 0.09148163936390638,
            "std": 0.002545325789184892,
            "min": 0.08721674771728218,
            "max": 0.09505571579658693
        },
        "f1": {
            "per_fold": [
                0.0,
                0.07547169811320754,
                0.07142857142857142,
                0.14545454545454545,
                0.07407407407407407
            ],
            "mean": 0.0732857778140797,
            "std": 0.04601735569687642,
            "min": 0.0,
            "max": 0.14545454545454545
        }
    },
    "method_comparison": {
        "weighted_avg": {
            "auc": 0.7819013406080905,
            "brier": 0.09406913247879507,
            "score": 0.5125180991951018,
            "calibration": null
        },
        "weighted_avg+isotonic": {
            "auc": 0.7748190314129056,
            "brier": 0.09275198798592448,
            "score": 0.5132621011980985,
            "calibration": "isotonic"
        },
        "weighted_avg+platt": {
            "auc": 0.781926099991897,
            "brier": 0.09462342504615724,
            "score": 0.5104315926716235,
            "calibration": "platt"
        },
        "logistic": {
            "auc": 0.7850124093101527,
            "brier": 0.1877662720159184,
            "score": 0.15917228668260303,
            "calibration": null
        },