{
    "best_method": "weighted_avg",
    "base_models": {
        "CatBoost": {
            "auc": {
                "per_fold": [
                    0.7698725899199458,
                    0.7761218836565098,
                    0.7848380349369665,
                    0.768556730171293,
                    0.8185878229408107
                ],
                "mean": 0.7835954123251051,
                "std": 0.018419252743262404,
                "min": 0.768556730171293,
                "max": 0.8185878229408107
            },
            "brier": {
                "per_fold": [
                    0.09286823450938467,
                    0.09353715093435916,
                    0.09378140101307536,
                    0.09335603607424625,
                    0.09001877530838163
                ],
                "mean": 0.09271231956788942,
                "std": 0.0013796479990938449,
                "min": 0.09001877530838163,
                "max": 0.09378140101307536
            },
            "f1": {
                "per_fold": [
                    0.11320754716981132,
                    0.2033898305084746,
                    0.14285714285714285,
                    0.14545454545454545,
                    0.10909090909090909
                ],
                "mean": 0.14279999501617666,
                "std": 0.03373482921950613,
                "min": 0.10909090909090909,
                "max": 0.2033898305084746
            }
        },
        "XGBoost": {
            "auc": {
                "per_fold": [
                    0.7425865373773819,
                    0.7692520775623269,
                    0.7521058284809768,
                    0.7538017977274012,
                    0.8125953982701114
                ],
                "mean": 0.7660683278836398,
                "std": 0.024785956418049645,
                "min": 0.7425865373773819,
                "max": 0.8125953982701114
            },
            "brier": {
                "per_fold": [
                    0.13065223444352211,
                    0.12415682851440688,
                    0.13333673793703588,
                    0.12972783065714355,
                    0.10870458730659031
                ],
                "mean": 0.12531564377173973,
                "std": 0.008826716200348141,
                "min": 0.10870458730659031,
                "max": 0.13333673793703588
            },
            "f1": {
                "per_fold": [
                    0.2962962962962963,
                    0.39316239316239315,
                    0.38333333333333336,
                    0.2830188679245283,
                    0.47706422018348627
                ],
                "mean": 0.3665750221800074,
                "std": 0.07087499190789637,
                "min": 0.2830188679245283,
                "max": 0.47706422018348627
            }
        },
        "LightGBM": {
            "auc": {
                "per_fold": [
                    0.7735370391250422,
                    0.7503601108033242,
                    0.7402905760642207,
                    0.757645994685963,
                    0.8270111368647183
                ],
                "mean": 0.7697689715086538,
                "std": 0.030605587944404742,
                "min": 0.7402905760642207,
                "max": 0.8270111368647183
            },
            "brier": {
                "per_fold": [
                    0.09633196234702873,
                    0.10738672614073454,
                    0.11245458888251474,
                    0.10518039630955635,
                    0.10277337528399494
                ],
                "mean": 0.10482540979276585,
                "std": 0.0053148890032365,
                "min": 0.09633196234702873,
                "max": 0.11245458888251474
            },
            "f1": {
                "per_fold": [
                    0.3561643835616438,
                    0.3291139240506329,
                    0.33766233766233766,
                    0.2972972972972973,
                    0.22857142857142856
                ],
                "mean": 0.3097618742286681,
                "std": 0.044840572495501135,
                "min": 0.22857142857142856,
                "max": 0.3561643835616438
            }
        },
        "RandomForest": {
            "auc": {
                "per_fold": [
                    0.7377381891983312,
                    0.7986703601108033,
                    0.7660693086098705,
                    0.76346882243202,
                    0.8177398383175986
                ],
                "mean": 0.7767373037337246,
                "std": 0.028188850472847884,
                "min": 0.7377381891983312,
                "max": 0.8177398383175986
            },
            "brier": {
                "per_fold": [
                    0.10171645932869902,
                    0.09311219592028955,
                    0.10120407245791782,
                    0.0973279173919075,
                    0.09184631251383714
                ],
                "mean": 0.09704139152253019,
                "std": 0.004042120548008649,
                "min": 0.09184631251383714,
                "max": 0.10171645932869902
            },
            "f1": {
                "per_fold": [
                    0.2571428571428571,
                    0.3684210526315789,
                    0.17142857142857143,
                    0.29333333333333333,
                    0.26865671641791045
                ],
                "mean": 0.2717965061908503,
                "std": 0.06340102197429753,
                "min": 0.17142857142857143,
                "max": 0.3684210526315789
            }
        }
    },
    "ensemble": {
        "auc": {
            "per_fold": [
                0.7425865373773819,
                0.7692520775623269,
                0.7521058284809768,
                0.7538017977274012,
                0.8125953982701114
            ],
            "mean": 0.7660683278836398,
            "std": 0.024785956418049645,
            "min": 0.7425865373773819,
            "max": 0.8125953982701114
        },
        "brier": {
            "per_fold": [
                0.13065223444352211,
                0.12415682851440686,
                0.13333673793703582,
                0.12972783065714336,
                0.10870458730658987
            ],
            "mean": 0.1253156437717396,
            "std": 0.00882671620034828,
            "min": 0.10870458730658987,
            "max": 0.13333673793703582
        },
        "f1": {
            "per_fold": [
                0.2962962962962963,
                0.39316239316239315,
                0.38333333333333336,
                0.2830188679245283,
                0.47706422018348627
            ],
            "mean": 0.3665750221800074,
            "std": 0.07087499190789637,
            "min": 0.2830188679245283,
            "max": 0.47706422018348627
        }
    },
    "method_comparison": {
        "weighted_avg": {
            "auc": 0.7870130279375884,
            "brier": 0.09198790316486286,
            "score": 0.5234751984731106,
            "calibration": null
        },
        "weighted_avg+isotonic": {
            "auc": 0.7797123859942919,
            "brier": 0.091594413931246,
            "score": 0.5205865586995893,
            "calibration": "isotonic"
        },
        "weighted_avg+platt": {
            "auc": 0.7868217054263565,
            "brier": 0.09336406655965523,
            "score": 0.5181432726332221,
            "calibration": "platt"
        },
        "logistic": {
            "auc": 0.7864314614476207,
            "brier": 0.18799678105072412,
            "score": 0.15914984198268317,