{
    "evaluation_type": "end_to_end_pipeline",
    "description": "Holdout test set (n=514) evaluated through the FULL production inference pipeline. fold_models predict \u2192 average \u2192 meta-features \u2192 meta-learner \u2192 calibrate \u2192 score. These are the metrics of the actual deployed model.",
    "pipeline": "fold_ensemble \u2192 13 meta-features \u2192 xgb_meta \u2192 threshold",
    "best_method": "xgb_meta",
    "holdout_n": 514,
    "cross_check_vs_trainMeta": true,
    "final_model": {
        "AUC": 0.7686823725256033,
        "AUC_95CI": [
            0.6977292703256371,
            0.8331126747546239
        ],
        "Brier": 0.08850501477718353,
        "Brier_95CI": [
            0.07026211079210043,
            0.1063496185466647
        ],
        "optimal_threshold": 0.10191255807876587,
        "clinical_metrics": {
            "sensitivity": 0.7540983606557377,
            "specificity": 0.6688741721854304,
            "ppv": 0.23469387755102042,
            "npv": 0.9528301886792453,
            "tp": 46,
            "tn": 303,
            "fp": 150,
            "fn": 15
        }
    },
    "decision_curve_analysis": {
        "thresholds": [
            0.01,
            0.02,
            0.03,
            0.04,
            0.05,
            0.060000000000000005,
            0.06999999999999999,
            0.08,
            0.09,
            0.09999999999999999,
            0.11,
            0.12,
            0.13,
            0.14,
            0.15000000000000002,
            0.16,
            0.17,
            0.18000000000000002,
            0.19,
            0.2,
            0.21000000000000002,
            0.22,
            0.23,
            0.24000000000000002,
            0.25,
            0.26,
            0.27,
            0.28,
            0.29000000000000004,
            0.3,
            0.31,
            0.32,
            0.33,
            0.34,
            0.35000000000000003,
            0.36000000000000004,
            0.37,
            0.38,
            0.39,
            0.4,
            0.41000000000000003,
            0.42000000000000004,
            0.43,
            0.44,
            0.45,
            0.46,
            0.47000000000000003,
            0.48000000000000004,
            0.49,
            0.5,
            0.51,
            0.52,
            0.53,
            0.54,
            0.55,
            0.56,
            0.5700000000000001,
            0.5800000000000001,
            0.59,
            0.6,
            0.61,
            0.62,
            0.63,
            0.64,
            0.65,
            0.66,
            0.67,
            0.68,
            0.6900000000000001,
            0.7000000000000001,
            0.7100000000000001,
            0.72,
            0.73,
            0.74,
            0.75,
            0.76,
            0.77,
            0.78,
            0.79,
            0.8,
            0.81,
            0.8200000000000001,
            0.8300000000000001,
            0.8400000000000001,
            0.85,
            0.86,
            0.87,
            0.88,
            0.89,
            0.9,
            0.91,
            0.92,
            0.93,
            0.9400000000000001,
            0.9500000000000001,
            0.9600000000000001,
            0.97,
            0.98,
            0.99
        ],
        "net_benefit_model": [
            0.10977479070864285,
            0.10045263241483363,
            0.09324481527538209,
            0.08406290531776912,
            0.07710423919721482,
            0.07190164748737478,
            0.06727751976904733,
            0.0622568093385214,
            0.05295677085560353,
            0.056636402939904885,
            0.04925020766843003,
            0.042094092677750265,
            0.04029697213649983,
            0.037417428287032845,
            0.041886015106431675,
            0.03918843802112284,
            0.031573765880643194,
            0.03108095283287463,
            0.029855406638804823,
            0.029669260700389107,
            0.02694183125646456,
            0.02733712461338921,
            0.027363686896760827,
            0.02488224452181036,
            0.020103761348897537,
            0.01992848880008413,
            0.022226960183359092,
            0.022481625594466058,
            0.026826327615498434,
            0.03029460811561979,
            0.02969040771443072,
            0.029068436713206684,
            0.02352052964748243,
            0.019101521047046335,
            0.018706973959892247,
            0.018482490272373538,
            0.01649064294978692,
            0.018576628592945902,
            0.016425336480193915,
            0.016212710765239946,
            0.015399327309899097,
            0.015228766939487454,
            0.013106696702846612,
            0.012090050027793219,
            0.012026883622214362,
            0.011961377720132584,
            0.011893399897217532,
            0.009877282250823106,
            0.00980392156862745,
            0.007782101167315175,
            0.007782101167315175,
            0.007782101167315175,
            0.007782101167315175,
            0.0038910505836575876,
            0.0038910505836575876,
            0.0038910505836575876,
            0.0038910505836575876,
            0.0038910505836575876,
            0.0,
            0.0,
            0.0,
            0.0,
            0.0,
            0.0,
            0.0,
            0.0,
            0.0,
            0.0,
            0.0,
            0.0,
            0.0,
            0.0,
            0.0,
            0.0,
            0.0,
            0.0,
            0.0,
            0.0,
            0.0,
            0.0,
            0.0,
            0.0,
            0.0,
            0.0,
            0.0,
            0.0,
            0.0,
            0.0,
            0.0,
            0.0,
            0.0,
            0.0,
            0.0,
            0.0,
            0.0,
            0.0,
            0.0,
            0.0,
            0.0
        ],