{
    "Final_Model": {
        "AUC": 0.7686823725256033,
        "AUC_95CI_lower": 0.6977292703256371,
        "AUC_95CI_upper": 0.8331126747546239,
        "Brier": 0.08850501477718353,
        "Brier_95CI_lower": 0.07026211079210043,
        "Brier_95CI_upper": 0.1063496185466647,
        "Best_Method": "xgb_meta",
        "Optimal_Threshold": 0.15000000000000002
    },
    "LR_Baseline": {
        "AUC": 0.8106611659971772,
        "Brier": 0.17485229610287223,
        "F1_Score": 0.3861003861003861,
        "Sensitivity": 0.819672131147541,
        "Specificity": 0.673289183222958,
        "PPV": 0.25252525252525254,
        "NPV": 0.9651898734177216,
        "Net_Benefit": -0.12066993337262545,
        "Calibration_Slope": 0.8821582035785047,
        "Threshold": 0.43082252713257296
    },
    "TearSense_vs_LR": {
        "AUC_Improvement": -0.04197879347157385,
        "AUC_Improvement_Pct": -5.178340252667294,
        "Brier_Improvement": 0.0863472813256887
    },
    "Individual_Assessment_Test": {
        "CatBoost": {
            "AUC": 0.7602142366011653,
            "Brier": 0.08971187972889236
        },
        "XGBoost": {
            "AUC": 0.7690080700611588,
            "Brier": 0.09242496498087166
        },
        "LightGBM": {
            "AUC": 0.7650273224043715,
            "Brier": 0.09279152532427772
        },
        "RandomForest": {
            "AUC": 0.7694785220569609,
            "Brier": 0.08916145817291071
        }
    },
    "Self_Assessment_CV": {
        "CatBoost": {
            "AUC": 0.798866833306837,
            "Brier": 0.09201882640923989
        },
        "XGBoost": {
            "AUC": 0.7737010496581669,
            "Brier": 0.10782476663589477
        },
        "LightGBM": {
            "AUC": 0.7612904620626048,
            "Brier": 0.10619175075979695
        },
        "RandomForest": {
            "AUC": 0.7725735930404667,
            "Brier": 0.09614155727991085
        }
    },
    "Ensemble_Weights": {
        "CatBoost": 0.06926587224006653,
        "XGBoost": 0.6650204062461853,
        "LightGBM": 0.16337254643440247,
        "RandomForest": 0.1023411825299263
    }
}