{
    "tearsense": {
        "AUC": 0.7686823725256033,
        "Brier": 0.08850501477718353
    },
    "logistic_regression": {
        "AUC": 0.8106611659971772,
        "Brier": 0.17485229610287223
    },
    "improvement": {
        "AUC_delta": -0.04197879347157385,
        "AUC_pct": -5.178340252667294,
        "Brier_delta": -0.0863472813256887
    }
}