{
    "tearsense": {
        "model_serial": "05022026_222112_95784",
        "holdout_n": 514,
        "inference_verified": true,
        "stored_AUC": 0.7767886222994245,
        "stored_Brier": 0.0895256915767723,
        "stored_threshold": 0.2,
        "AUC": 0.7767886222994245,
        "Brier_Score": 0.08952569216489792,
        "Calibration_Slope": 1.0458724084059932,
        "Calibration_Intercept": 0.10621390949408675,
        "Net_Benefit": 0.044221057011103515,
        "Optimal_Threshold_Used": 0.14459609985351562,
        "Youden_J_Threshold": 0.14459609985351562,
        "F1_Score": 0.3870967741935484,
        "Sensitivity_Recall": 0.6885245901639344,
        "Specificity": 0.7483443708609272,
        "PPV_Precision": 0.2692307692307692,
        "NPV": 0.946927374301676,
        "Confusion_Matrix": {
            "TP": 42,
            "TN": 339,
            "FP": 114,
            "FN": 19
        },
        "AUC_95CI": [
            0.7141248873648377,
            0.8397219189431322
        ],
        "AUC_Text": "0.7768 (0.7141-0.8397)",
        "Brier_Score_95CI": [
            0.0717209918424487,
            0.10729641076177358
        ],
        "Brier_Score_Text": "0.0895 (0.0717-0.1073)",
        "F1_Score_95CI": [
            0.3041354018384925,
            0.4710752984389348
        ],
        "F1_Score_Text": "0.3871 (0.3041-0.4711)",
        "Sensitivity_Recall_95CI": [
            0.568578431372549,
            0.8
        ],
        "Sensitivity_Recall_Text": "0.6885 (0.5686-0.8000)",
        "Specificity_95CI": [
            0.7075892857142857,
            0.789959702520184
        ],
        "Specificity_Text": "0.7483 (0.7076-0.7900)",
        "PPV_Precision_95CI": [
            0.20270049461225934,
            0.33980704697986575
        ],
        "PPV_Precision_Text": "0.2692 (0.2027-0.3398)",
        "NPV_95CI": [
            0.924198250728863,
            0.9686971618357487
        ],
        "NPV_Text": "0.9469 (0.9242-0.9687)",
        "Net_Benefit_95CI": [
            0.019832084949037234,
            0.07089878984212629
        ],
        "Net_Benefit_Text": "0.0442 (0.0198-0.0709)",
        "Calibration_Slope_95CI": [
            0.7493413212907472,
            1.4318386225643445
        ],
        "Calibration_Slope_Text": "1.0459 (0.7493-1.4318)"
    },
    "logistic_regression": {
        "AUC": 0.8106611659971772,
        "Brier_Score": 0.17485229610276382,
        "F1_Score": 0.3861003861003861,
        "Sensitivity_Recall": 0.819672131147541,
        "Specificity": 0.673289183222958,
        "PPV_Precision": 0.25252525252525254,
        "NPV": 0.9651898734177216,
        "Net_Benefit": -0.12066993337198444,
        "Calibration_Slope": 0.8821582035795066,
        "Calibration_Intercept": -1.9580869173520672,
        "Threshold_Used": 0.43082252713185176,
        "Confusion_Matrix": {
            "TP": 50,
            "TN": 305,
            "FP": 148,
            "FN": 11
        },
        "AUC_95CI": [
            0.7521794662966538,
            0.8631149614337568
        ],
        "Brier_Score_95CI": [
            0.15675797066710226,
            0.1927757104268557
        ],
        "F1_Score_95CI": [
            0.309478021978022,
            0.4545624151967435
        ],
        "Sensitivity_Recall_95CI": [
            0.7212933944069432,
            0.9111403508771929
        ],
        "Specificity_95CI": [
            0.6296276469188675,
            0.715232159296766
        ],
        "PPV_Precision_95CI": [
            0.19288327256261767,
            0.31156296186816435
        ],
        "NPV_95CI": [
            0.9438819353633476,
            0.984178463043565
        ],
        "Net_Benefit_95CI": [
            -0.1623036585715232,
            -0.07807198326133666
        ],
        "Calibration_Slope_95CI": [
            0.6671257244854701,
            1.1635364636319632
        ]
    },
    "lr_formula": "z = -0.7181 + 1.1932 \u00d7 tear_characteristics_Tear_MedLat + 0.7155 \u00d7 tear_characteristics_Full_3.0\n    - 0.7025 \u00d7 Tear_Area_cm2 + 0.4783 \u00d7 Tear_AP_ML_Ratio + 0.4497 \u00d7 InsuranceType_5.0\n    + 0.3984 \u00d7 Aged + 0.3697 \u00d7 tear_characteristics_Full_nan + 0.3136 \u00d7 Gender_M + 0.3018 \u00d7 Pre-Op_ROM_Pre-Op_IR + 0.2575 \u00d7 tear_characteristics_Tear_AntPost\n    + ... (30 more terms)\n\nP(retear) = 1 / (1 + exp(-z))",
    "comparison": {
        "AUC_difference": -0.03387254369775272,
        "Brier_difference": -0.0853266039378659,
        "TearSense_better_AUC": false,
        "TearSense_better_Brier": true
    }
}