{
    "tearsense": {
        "model_serial": "06022026_112149_60124",
        "holdout_n": 514,
        "inference_verified": true,
        "stored_AUC": 0.7775666775232513,
        "stored_Brier": 0.08767395301945557,
        "stored_threshold": 0.17000000000000004,
        "AUC": 0.7775666775232513,
        "Brier_Score": 0.08767396211624146,
        "Calibration_Slope": 1.211961839912109,
        "Calibration_Intercept": 0.36291752960020757,
        "Net_Benefit": 0.04152660184512569,
        "Optimal_Threshold_Used": 0.16951672732830048,
        "Youden_J_Threshold": 0.16951672732830048,
        "F1_Score": 0.43312101910828027,
        "Sensitivity_Recall": 0.5573770491803278,
        "Specificity": 0.8631346578366446,
        "PPV_Precision": 0.3541666666666667,
        "NPV": 0.9354066985645934,
        "Confusion_Matrix": {
            "TP": 34,
            "TN": 391,
            "FP": 62,
            "FN": 27
        },
        "AUC_95CI": [
            0.7117645494609502,
            0.84317833830086
        ],
        "AUC_Text": "0.7776 (0.7118-0.8432)",
        "Brier_Score_95CI": [
            0.06992965396493674,
            0.10542105566710233
        ],
        "Brier_Score_Text": "0.0877 (0.0699-0.1054)",
        "F1_Score_95CI": [
            0.3239219934994583,
            0.5244383825417201
        ],
        "F1_Score_Text": "0.4331 (0.3239-0.5244)",
        "Sensitivity_Recall_95CI": [
            0.42665573770491805,
            0.6889080459770115
        ],
        "Sensitivity_Recall_Text": "0.5574 (0.4267-0.6889)",
        "Specificity_95CI": [
            0.8303964757709251,
            0.8933333333333333
        ],
        "Specificity_Text": "0.8631 (0.8304-0.8933)",
        "PPV_Precision_95CI": [
            0.2552614714175852,
            0.44683621453900707
        ],
        "PPV_Precision_Text": "0.3542 (0.2553-0.4468)",
        "NPV_95CI": [
            0.9119785481429736,
            0.9589396717303998
        ],
        "NPV_Text": "0.9354 (0.9120-0.9589)",
        "Net_Benefit_95CI": [
            0.018653529479174164,
            0.06519090383982264
        ],
        "Net_Benefit_Text": "0.0415 (0.0187-0.0652)",
        "Calibration_Slope_95CI": [
            0.8929404639392611,
            1.6030732936082586
        ],
        "Calibration_Slope_Text": "1.2120 (0.8929-1.6031)"
    },
    "logistic_regression": {
        "AUC": 0.8106611659971772,
        "Brier_Score": 0.17485229610280642,
        "F1_Score": 0.3861003861003861,
        "Sensitivity_Recall": 0.819672131147541,
        "Specificity": 0.673289183222958,
        "PPV_Precision": 0.25252525252525254,
        "NPV": 0.9651898734177216,
        "Net_Benefit": -0.12066993337223451,
        "Calibration_Slope": 0.8821582035791161,
        "Calibration_Intercept": -1.9580869173522404,
        "Threshold_Used": 0.43082252713213315,
        "Confusion_Matrix": {
            "TP": 50,
            "TN": 305,
            "FP": 148,
            "FN": 11
        },
        "AUC_95CI": [
            0.7521794662966538,
            0.8631149614337568
        ],
        "Brier_Score_95CI": [
            0.15675797066713185,
            0.19277571042690916
        ],
        "F1_Score_95CI": [
            0.309478021978022,
            0.4545624151967435
        ],
        "Sensitivity_Recall_95CI": [
            0.7212933944069432,
            0.9111403508771929
        ],
        "Specificity_95CI": [
            0.6296276469188675,
            0.715232159296766
        ],
        "PPV_Precision_95CI": [
            0.19288327256261767,
            0.31156296186816435
        ],
        "NPV_95CI": [
            0.9438819353633476,
            0.984178463043565
        ],
        "Net_Benefit_95CI": [
            -0.16230365857180526,
            -0.07807198326155126
        ],
        "Calibration_Slope_95CI": [
            0.6671257244850478,
            1.1635364636314967
        ]
    },
    "lr_formula": "z = -0.7181 + 1.1932 \u00d7 tear_characteristics_Tear_MedLat + 0.7155 \u00d7 tear_characteristics_Full_3.0\n    - 0.7025 \u00d7 Tear_Area_cm2 + 0.4783 \u00d7 Tear_AP_ML_Ratio + 0.4497 \u00d7 InsuranceType_5.0\n    + 0.3984 \u00d7 Aged + 0.3697 \u00d7 tear_characteristics_Full_nan + 0.3136 \u00d7 Gender_M + 0.3018 \u00d7 Pre-Op_ROM_Pre-Op_IR + 0.2575 \u00d7 tear_characteristics_Tear_AntPost\n    + ... (30 more terms)\n\nP(retear) = 1 / (1 + exp(-z))",
    "comparison": {
        "AUC_difference": -0.03309448847392593,
        "Brier_difference": -0.08717833398656497,
        "TearSense_better_AUC": false,
        "TearSense_better_Brier": true
    }
}