{
    "evaluation_type": "end_to_end_pipeline",
    "description": "Holdout test set (n=514) evaluated through the FULL production inference pipeline. fold_models predict \u2192 average \u2192 meta-features \u2192 meta-learner \u2192 calibrate \u2192 score. These are the metrics of the actual deployed model.",
    "pipeline": "fold_ensemble \u2192 13 meta-features \u2192 xgb_meta \u2192 threshold",
    "best_method": "xgb_meta",
    "holdout_n": 514,
    "cross_check_vs_trainMeta": true,
    "final_model": {
        "AUC": 0.7992798465602722,
        "AUC_95CI": [
            0.7304583936283845,
            0.8590827092436212
        ],
        "Brier": 0.08636897327826686,
        "Brier_95CI": [
            0.06899778336914525,
            0.10350844853489614
        ],
        "optimal_threshold": 0.10518394410610199,
        "clinical_metrics": {
            "sensitivity": 0.8360655737704918,
            "specificity": 0.6512141280353201,
            "ppv": 0.24401913875598086,
            "npv": 0.9672131147540983,
            "tp": 51,
            "tn": 295,
            "fp": 158,
            "fn": 10
        }
    },
    "decision_curve_analysis": {
        "thresholds": [
            0.01,
            0.02,
            0.03,
            0.04,
            0.05,
            0.060000000000000005,
            0.06999999999999999,
            0.08,
            0.09,
            0.09999999999999999,
            0.11,
            0.12,
            0.13,
            0.14,
            0.15000000000000002,
            0.16,
            0.17,
            0.18000000000000002,
            0.19,
            0.2,
            0.21000000000000002,
            0.22,
            0.23,
            0.24000000000000002,
            0.25,
            0.26,
            0.27,
            0.28,
            0.29000000000000004,
            0.3,
            0.31,
            0.32,
            0.33,
            0.34,
            0.35000000000000003,
            0.36000000000000004,
            0.37,
            0.38,
            0.39,
            0.4,
            0.41000000000000003,
            0.42000000000000004,
            0.43,
            0.44,
            0.45,
            0.46,
            0.47000000000000003,
            0.48000000000000004,
            0.49,
            0.5,
            0.51,
            0.52,
            0.53,
            0.54,
            0.55,
            0.56,
            0.5700000000000001,
            0.5800000000000001,
            0.59,
            0.6,
            0.61,
            0.62,
            0.63,
            0.64,
            0.65,
            0.66,
            0.67,
            0.68,
            0.6900000000000001,
            0.7000000000000001,
            0.7100000000000001,
            0.72,
            0.73,
            0.74,
            0.75,
            0.76,
            0.77,
            0.78,
            0.79,
            0.8,
            0.81,
            0.8200000000000001,
            0.8300000000000001,
            0.8400000000000001,
            0.85,
            0.86,
            0.87,
            0.88,
            0.89,
            0.9,
            0.91,
            0.92,
            0.93,
            0.9400000000000001,
            0.9500000000000001,
            0.9600000000000001,
            0.97,
            0.98,
            0.99
        ],
        "net_benefit_model": [
            0.10977479070864285,
            0.10069086000158818,
            0.09141963175418188,
            0.08341439688715953,
            0.08068810157689944,
            0.07852471231062173,
            0.07411823773063889,
            0.07046185078666892,
            0.06674648308889553,
            0.06333765672287073,
            0.05819088007694662,
            0.056154934559603825,
            0.05362493850351089,
            0.04909058003800561,
            0.046692607003891044,
            0.04345006485084305,
            0.04071539074586282,
            0.03834108379994305,
            0.03766152663688332,
            0.03258754863813229,
            0.02787765354873664,
            0.029482190960790182,
            0.024230633180049525,
            0.03194757321318861,
            0.0311284046692607,
            0.030287096434956355,
            0.02942273865998614,
            0.028858625162127106,
            0.026113881733983667,
            0.02529182879377432,
            0.024445948232109625,
            0.02357518883039597,
            0.022678436610720713,
            0.021754510081358328,
            0.020802155043400175,
            0.019820038910505832,
            0.019949354579704773,
            0.018953181875235346,
            0.019710403776232698,
            0.01880674448767834,
            0.0178724526808679,
            0.01388702535891587,
            0.013004300634855626,
            0.010700389105058366,
            0.011496285815351963,
            0.0050439544602968725,
            0.0,
            0.0,
            0.0,
            0.0,
            0.0,
            0.0,
            0.0,
            0.0,
            0.0,
            0.0,
            0.0,
            0.0,
            0.0,
            0.0,
            0.0,
            0.0,
            0.0,
            0.0,
            0.0,
            0.0,
            0.0,
            0.0,
            0.0,
            0.0,
            0.0,
            0.0,
            0.0,
            0.0,
            0.0,
            0.0,
            0.0,
            0.0,
            0.0,
            0.0,
            0.0,
            0.0,
            0.0,
            0.0,
            0.0,
            0.0,
            0.0,
            0.0,
            0.0,
            0.0,
            0.0,
            0.0,
            0.0,
            0.0,
            0.0,
            0.0,
            0.0,
            0.0,
            0.0
        ],