{
    "best_method": "lgbm_meta",
    "base_models": {
        "CatBoost": {
            "auc": {
                "per_fold": [
                    0.743432179501635,
                    0.7715235457063712,
                    0.7708180224998586,
                    0.7581547854598903,
                    0.8229973429815141
                ],
                "mean": 0.7733851752298537,
                "std": 0.026834939360022427,
                "min": 0.743432179501635,
                "max": 0.8229973429815141
            },
            "brier": {
                "per_fold": [
                    0.09295441135538152,
                    0.09292506794143081,
                    0.09299467900324458,
                    0.09337990457610376,
                    0.09037328327813875
                ],
                "mean": 0.09252546923085989,
                "std": 0.0010886498445756183,
                "min": 0.09037328327813875,
                "max": 0.09337990457610376
            },
            "f1": {
                "per_fold": [
                    0.17857142857142858,
                    0.25396825396825395,
                    0.1694915254237288,
                    0.10714285714285714,
                    0.07272727272727272
                ],
                "mean": 0.15638026756670825,
                "std": 0.06262573581219204,
                "min": 0.07272727272727272,
                "max": 0.25396825396825395
            }
        },
        "XGBoost": {
            "auc": {
                "per_fold": [
                    0.7527906190100349,
                    0.7384487534626039,
                    0.7478093730567019,
                    0.7422126745435016,
                    0.8073944259144101
                ],
                "mean": 0.7577311691974504,
                "std": 0.025305830851579184,
                "min": 0.7384487534626039,
                "max": 0.8073944259144101
            },
            "brier": {
                "per_fold": [
                    0.10443632766301417,
                    0.10750149479371188,
                    0.10750900485182442,
                    0.10594918184183452,
                    0.10179247284693146
                ],
                "mean": 0.1054376963994633,
                "std": 0.0021494926828884,
                "min": 0.10179247284693146,
                "max": 0.10750900485182442
            },
            "f1": {
                "per_fold": [
                    0.375,
                    0.3373493975903614,
                    0.36585365853658536,
                    0.3170731707317073,
                    0.22857142857142856
                ],
                "mean": 0.3247695310860166,
                "std": 0.05231169557005572,
                "min": 0.22857142857142856,
                "max": 0.375
            }
        },
        "LightGBM": {
            "auc": {
                "per_fold": [
                    0.7516630961776976,
                    0.7670360110803324,
                    0.7475832438238453,
                    0.7639776132059473,
                    0.8422183277743231
                ],
                "mean": 0.7744956584124291,
                "std": 0.03463593369890866,
                "min": 0.7475832438238453,
                "max": 0.8422183277743231
            },
            "brier": {
                "per_fold": [
                    0.10639218201187374,
                    0.10616723181836298,
                    0.11577756716228128,
                    0.1060324565770963,
                    0.09187432422961568
                ],
                "mean": 0.10524875235984602,
                "std": 0.007648483472423357,
                "min": 0.09187432422961568,
                "max": 0.11577756716228128
            },
            "f1": {
                "per_fold": [
                    0.28888888888888886,
                    0.40404040404040403,
                    0.40816326530612246,
                    0.36363636363636365,
                    0.345679012345679
                ],
                "mean": 0.36208158684349157,
                "std": 0.043618106894735505,
                "min": 0.28888888888888886,
                "max": 0.40816326530612246
            }
        },
        "RandomForest": {
            "auc": {
                "per_fold": [
                    0.7619235539519675,
                    0.7986703601108034,
                    0.7784498841087683,
                    0.7643168070552321,
                    0.8212448414268755
                ],
                "mean": 0.7849210893307293,
                "std": 0.02237747524604412,
                "min": 0.7619235539519675,
                "max": 0.8212448414268755
            },
            "brier": {
                "per_fold": [
                    0.11520027502118675,
                    0.10910281176179286,
                    0.11565042597021213,
                    0.11260138277206433,
                    0.10372962001723364
                ],
                "mean": 0.11125690310849794,
                "std": 0.004426306609576771,
                "min": 0.10372962001723364,
                "max": 0.11565042597021213
            },
            "f1": {
                "per_fold": [
                    0.42,
                    0.40816326530612246,
                    0.375,
                    0.3404255319148936,
                    0.35555555555555557
                ],
                "mean": 0.37982887055531434,
                "std": 0.030271083478083445,
                "min": 0.3404255319148936,
                "max": 0.42
            }
        }
    },
    "ensemble": {
        "auc": {
            "per_fold": [
                0.772550456646747,
                0.7904155124653739,
                0.7806829102832269,
                0.7852054949403584,
                0.8308835999773871
            ],
            "mean": 0.7919475948626186,
            "std": 0.020332032715740845,
            "min": 0.772550456646747,
            "max": 0.8308835999773871
        },
        "brier": {
            "per_fold": [
                0.09199372064609106,
                0.09141072863464018,
                0.09241043825771192,
                0.09154137283788051,
                0.0890745987945258
            ],
            "mean": 0.0912861718341699,
            "std": 0.0011607150874244684,
            "min": 0.0890745987945258,
            "max": 0.09241043825771192
        },
        "f1": {
            "per_fold": [
                0.0,
                0.0,
                0.0,
                0.1724137931034483,
                0.13793103448275862
            ],
            "mean": 0.06206896551724138,
            "std": 0.07679674983213823,
            "min": 0.0,
            "max": 0.1724137931034483
        }
    },
    "method_comparison": {
        "weighted_avg": {
            "auc": 0.7841341868568187,
            "brier": 0.09191283064610387,
            "score": 0.5220324990295472,
            "calibration": null
        },
        "weighted_avg+isotonic": {
            "auc": 0.7750553709856036,
            "brier": 0.09281072165646345,
            "score": 0.5131812414609321,
            "calibration": "isotonic"
        },
        "weighted_avg+platt": {
            "auc": 0.783821318279628,
            "brier": 0.09320301800088708,
            "score": 0.51695358677182,
            "calibration": "platt"
        },
        "logistic": {
            "auc": 0.7883456116717664,
            "brier": 0.18789369450644824,
            "score": 0.1606891404654303,
            "calibration": null
        },
        "logistic+isotonic": {
            "auc": 0.7752568223356652,
            "brier": 0.09314563404358055,
            "score": 0.5120324358283221,
            "calibration": "isotonic"
        },
        "logistic+platt": {
            "auc": 0.781854072693551,
            "brier": 0.09236050435108177,