{
    "CatBoost_Params": {
        "iterations": 672,
        "depth": 5,
        "learning_rate": 0.14561569068145977,
        "l2_leaf_reg": 0.9482743074708988,
        "random_strength": 4.58716618578383,
        "bagging_temperature": 0.32829696856768587,
        "border_count": 103,
        "loss_function": "Focal:focal_alpha=0.16448533937691523;focal_gamma=1.420475945640256",
        "eval_metric": "AUC",
        "random_state": 42,
        "verbose": false,
        "thread_count": -1
    },
    "XGBoost_Params": {
        "n_estimators": 1409,
        "max_depth": 7,
        "learning_rate": 0.1445582590413085,
        "subsample": 0.9985738393613365,
        "colsample_bytree": 0.9912570036522732,
        "gamma": 1.4406095531660168,
        "min_child_weight": 5,
        "reg_alpha": 0.0010517278460289163,
        "reg_lambda": 0.0010041255236709521,
        "max_delta_step": 7.78297920102824,
        "scale_pos_weight": 16.4936240660892,
        "objective": "binary:logistic",
        "eval_metric": "auc",
        "random_state": 42,
        "n_jobs": -1,
        "use_label_encoder": false
    },
    "LightGBM_Params": {
        "boosting_type": "dart",
        "n_estimators": 596,
        "num_leaves": 118,
        "learning_rate": 0.039379440615314926,
        "max_depth": 10,
        "min_child_samples": 8,
        "colsample_bytree": 0.8360986898403885,
        "reg_alpha": 0.9209742897970269,
        "reg_lambda": 0.2588744542374292,
        "subsample": 0.7203045766387175,
        "subsample_freq": 7,
        "drop_rate": 0.0908735359101463,
        "skip_drop": 0.40838638951329115,
        "is_unbalance": true,
        "objective": "binary",
        "metric": "auc",
        "random_state": 42,
        "n_jobs": -1,
        "verbosity": -1
    },
    "RandomForest_Params": {
        "n_estimators": 478,
        "max_depth": 12,
        "min_samples_split": 12,
        "min_samples_leaf": 8,
        "max_features": 0.5,
        "class_weight": "balanced_subsample",
        "max_samples": 0.8569028886019397,
        "min_impurity_decrease": 0.001428836911971374,
        "ccp_alpha": 0.0023977652070412193,
        "bootstrap": true,
        "random_state": 42,
        "n_jobs": -1
    },
    "Ensemble_Weights": {
        "Cat": 0.12575960159301758,
        "XGB": 0.0,
        "LGBM": 0.4589965045452118,
        "RF": 0.415243923664093
    }
}