{
    "evaluation_type": "end_to_end_pipeline",
    "description": "Holdout test set (n=514) evaluated through the FULL production inference pipeline. fold_models predict \u2192 average \u2192 meta-features \u2192 meta-learner \u2192 calibrate \u2192 score. These are the metrics of the actual deployed model.",
    "pipeline": "fold_ensemble \u2192 13 meta-features \u2192 xgb_meta \u2192 threshold",
    "best_method": "xgb_meta",
    "holdout_n": 514,
    "cross_check_vs_trainMeta": true,
    "final_model": {
        "AUC": 0.7846958346904063,
        "AUC_95CI": [
            0.7188980843110987,
            0.8478639526148397
        ],
        "Brier": 0.08821802891272541,
        "Brier_95CI": [
            0.07038802892967858,
            0.10535378916558702
        ],
        "optimal_threshold": 0.1364229917526245,
        "clinical_metrics": {
            "sensitivity": 0.7049180327868853,
            "specificity": 0.7373068432671082,
            "ppv": 0.2654320987654321,
            "npv": 0.9488636363636364,
            "tp": 43,
            "tn": 334,
            "fp": 119,
            "fn": 18
        }
    },
    "decision_curve_analysis": {
        "thresholds": [
            0.01,
            0.02,
            0.03,
            0.04,
            0.05,
            0.060000000000000005,
            0.06999999999999999,
            0.08,
            0.09,
            0.09999999999999999,
            0.11,
            0.12,
            0.13,
            0.14,
            0.15000000000000002,
            0.16,
            0.17,
            0.18000000000000002,
            0.19,
            0.2,
            0.21000000000000002,
            0.22,
            0.23,
            0.24000000000000002,
            0.25,
            0.26,
            0.27,
            0.28,
            0.29000000000000004,
            0.3,
            0.31,
            0.32,
            0.33,
            0.34,
            0.35000000000000003,
            0.36000000000000004,
            0.37,
            0.38,
            0.39,
            0.4,
            0.41000000000000003,
            0.42000000000000004,
            0.43,
            0.44,
            0.45,
            0.46,
            0.47000000000000003,
            0.48000000000000004,
            0.49,
            0.5,
            0.51,
            0.52,
            0.53,
            0.54,
            0.55,
            0.56,
            0.5700000000000001,
            0.5800000000000001,
            0.59,
            0.6,
            0.61,
            0.62,
            0.63,
            0.64,
            0.65,
            0.66,
            0.67,
            0.68,
            0.6900000000000001,
            0.7000000000000001,
            0.7100000000000001,
            0.72,
            0.73,
            0.74,
            0.75,
            0.76,
            0.77,
            0.78,
            0.79,
            0.8,
            0.81,
            0.8200000000000001,
            0.8300000000000001,
            0.8400000000000001,
            0.85,
            0.86,
            0.87,
            0.88,
            0.89,
            0.9,
            0.91,
            0.92,
            0.93,
            0.9400000000000001,
            0.9500000000000001,
            0.9600000000000001,
            0.97,
            0.98,
            0.99
        ],
        "net_benefit_model": [
            0.10999096018551272,
            0.09973794965456999,
            0.09133940390709615,
            0.08527885862516213,
            0.0809952897808724,
            0.07442669095123768,
            0.06890925065896825,
            0.0638639824056843,
            0.05952024629067431,
            0.05382619974059663,
            0.052463603375158485,
            0.049345596038203036,
            0.045283778344290884,
            0.044339878744005065,
            0.03891050583657587,
            0.039003149898091526,
            0.03541793633678683,
            0.030464078959855735,
            0.03031176442330788,
            0.02869649805447471,
            0.02876422203615229,
            0.02903322358575277,
            0.025418161604932033,
            0.02488224452181036,
            0.024643320363164724,
            0.025975391734146598,
            0.02539843291935398,
            0.02215737137916126,
            0.020112895270455414,
            0.018899388549193995,
            0.018524784300456773,
            0.019111924925612266,
            0.01884546140890876,
            0.018806744487678335,
            0.016911104459742587,
            0.020306420233463032,
            0.020968439256376998,
            0.02265595581774821,
            0.019391465203801746,
            0.01880674448767834,
            0.015234452285167843,
            0.014356634912115925,
            0.009693494436480307,
            0.010978321289605335,
            0.010788822072868767,
            0.010592304366623433,
            0.010388370897878276,
            0.010176593834181383,
            0.009956511787594415,
            0.007782101167315175,
            0.007702691971730326,
            0.0038910505836575876,
            0.0,
            0.0,
            0.0,
            0.0,
            0.0,
            0.0,
            0.0,
            0.0,
            0.0,
            0.0,
            0.0,
            0.0,
            0.0,
            0.0,
            0.0,
            0.0,
            0.0,
            0.0,
            0.0,
            0.0,
            0.0,
            0.0,
            0.0,
            0.0,
            0.0,
            0.0,
            0.0,
            0.0,
            0.0,
            0.0,
            0.0,
            0.0,
            0.0,
            0.0,
            0.0,
            0.0,
            0.0,
            0.0,
            0.0,
            0.0,
            0.0,
            0.0,
            0.0,
            0.0,
            0.0,
            0.0,
            0.0
        ],