{
    "Final_Model": {
        "AUC": 0.7846958346904063,
        "AUC_95CI_lower": 0.7188980843110987,
        "AUC_95CI_upper": 0.8478639526148397,
        "Brier": 0.08821802891272541,
        "Brier_95CI_lower": 0.07038802892967858,
        "Brier_95CI_upper": 0.10535378916558702,
        "Best_Method": "xgb_meta",
        "Optimal_Threshold": 0.22000000000000003
    },
    "Individual_Assessment_Test": {
        "CatBoost": {
            "AUC": 0.7889479969601563,
            "Brier": 0.08886534924540627
        },
        "XGBoost": {
            "AUC": 0.7653168313248653,
            "Brier": 0.0995274631031015
        },
        "LightGBM": {
            "AUC": 0.7673795823833822,
            "Brier": 0.09175835431914321
        },
        "RandomForest": {
            "AUC": 0.7738935330944885,
            "Brier": 0.09622392623549716
        }
    },
    "Self_Assessment_CV": {
        "CatBoost": {
            "AUC": 0.8002376868103879,
            "Brier": 0.09428318703236858
        },
        "XGBoost": {
            "AUC": 0.7867735568722829,
            "Brier": 0.1356408197361534
        },
        "LightGBM": {
            "AUC": 0.7656208300004778,
            "Brier": 0.10420030841532738
        },
        "RandomForest": {
            "AUC": 0.7812341109076433,
            "Brier": 0.1016002249515996
        }
    },
    "Ensemble_Weights": {
        "CatBoost": 0.5688779950141907,
        "XGBoost": 0.11757761240005493,
        "LightGBM": 0.12255509942770004,
        "RandomForest": 0.19098928570747375
    }
}