{
    "tearsense": {
        "model_serial": "04022026_180009_48823",
        "holdout_n": 514,
        "inference_verified": true,
        "stored_AUC": 0.7846053631527521,
        "stored_Brier": 0.08829319121872292,
        "stored_threshold": 0.15000000000000002,
        "AUC": 0.7846053631527521,
        "Brier_Score": 0.08829318732023239,
        "Calibration_Slope": 1.0988574749484776,
        "Calibration_Intercept": 0.16594730374209848,
        "Net_Benefit": 0.06320717539534337,
        "Optimal_Threshold_Used": 0.09186329692602158,
        "Youden_J_Threshold": 0.09186329692602158,
        "F1_Score": 0.34576271186440677,
        "Sensitivity_Recall": 0.8360655737704918,
        "Specificity": 0.5960264900662252,
        "PPV_Precision": 0.21794871794871795,
        "NPV": 0.9642857142857143,
        "Confusion_Matrix": {
            "TP": 51,
            "TN": 270,
            "FP": 183,
            "FN": 10
        },
        "AUC_95CI": [
            0.7198535032993588,
            0.8479043574788395
        ],
        "AUC_Text": "0.7846 (0.7199-0.8479)",
        "Brier_Score_95CI": [
            0.07061270717531443,
            0.10538895446807145
        ],
        "Brier_Score_Text": "0.0883 (0.0706-0.1054)",
        "F1_Score_95CI": [
            0.27838345864661657,
            0.4164157342204173
        ],
        "F1_Score_Text": "0.3458 (0.2784-0.4164)",
        "Sensitivity_Recall_95CI": [
            0.7391137123745819,
            0.9272793148880105
        ],
        "Sensitivity_Recall_Text": "0.8361 (0.7391-0.9273)",
        "Specificity_95CI": [
            0.5518670238467442,
            0.6425595583120798
        ],
        "Specificity_Text": "0.5960 (0.5519-0.6426)",
        "PPV_Precision_95CI": [
            0.16876256950195195,
            0.2727466977466977
        ],
        "PPV_Precision_Text": "0.2179 (0.1688-0.2727)",
        "NPV_95CI": [
            0.9407659052781004,
            0.9855608653871127
        ],
        "NPV_Text": "0.9643 (0.9408-0.9856)",
        "Net_Benefit_95CI": [
            0.03863185845622124,
            0.09013258435046902
        ],
        "Net_Benefit_Text": "0.0632 (0.0386-0.0901)",
        "Calibration_Slope_95CI": [
            0.8073990778529506,
            1.4573748162940274
        ],
        "Calibration_Slope_Text": "1.0989 (0.8074-1.4574)"
    },
    "logistic_regression": "Not available (no training data)",
    "lr_formula": null
}