{
    "CatBoost_Params": {
        "iterations": 2284,
        "depth": 7,
        "learning_rate": 0.1034135848380442,
        "l2_leaf_reg": 6.6235005553649335,
        "random_strength": 8.36962694743136,
        "bagging_temperature": 0.4546009109224828,
        "border_count": 126,
        "loss_function": "Focal:focal_alpha=0.14773607008716386;focal_gamma=1.466021752064573",
        "eval_metric": "AUC",
        "random_state": 42,
        "verbose": false,
        "thread_count": -1
    },
    "XGBoost_Params": {
        "n_estimators": 314,
        "max_depth": 6,
        "learning_rate": 0.06661548123491942,
        "subsample": 0.8561500999629287,
        "colsample_bytree": 0.8605287076616115,
        "gamma": 1.1666168952872367,
        "min_child_weight": 4,
        "reg_alpha": 0.12534026426512693,
        "reg_lambda": 0.15350468114277105,
        "max_delta_step": 9.934091279329452,
        "scale_pos_weight": 7.432291496533618,
        "objective": "binary:logistic",
        "eval_metric": "auc",
        "random_state": 42,
        "n_jobs": -1,
        "use_label_encoder": false
    },
    "LightGBM_Params": {
        "boosting_type": "gbdt",
        "n_estimators": 1626,
        "num_leaves": 85,
        "learning_rate": 0.005043131095552044,
        "max_depth": 10,
        "min_child_samples": 15,
        "colsample_bytree": 0.8550620214423921,
        "reg_alpha": 0.21499823056591322,
        "reg_lambda": 0.43247790720591384,
        "subsample": 0.5003321018549796,
        "subsample_freq": 6,
        "is_unbalance": true,
        "objective": "binary",
        "metric": "auc",
        "random_state": 42,
        "n_jobs": -1,
        "verbosity": -1
    },
    "RandomForest_Params": {
        "n_estimators": 680,
        "max_depth": 23,
        "min_samples_split": 6,
        "min_samples_leaf": 3,
        "max_features": 0.7,
        "class_weight": "balanced_subsample",
        "max_samples": 0.5798815122899608,
        "min_impurity_decrease": 0.0009058130843550817,
        "ccp_alpha": 0.0008150031022936211,
        "bootstrap": true,
        "random_state": 42,
        "n_jobs": -1
    },
    "Ensemble_Weights": {
        "Cat": 1.9027602039177267e-14,
        "XGB": 0.9999999999998403,
        "LGBM": 7.958911307781591e-14,
        "RF": 6.105202835135273e-14
    }
}