{
    "tearsense": {
        "AUC": 0.7753229833894256,
        "Brier": 0.08767575859227172
    },
    "logistic_regression": {
        "AUC": 0.8106611659971772,
        "Brier": 0.17485229610278893
    },
    "improvement": {
        "AUC_delta": -0.03533818260775157,
        "AUC_pct": -4.3591803937324185,
        "Brier_delta": -0.08717653751051721
    }
}