{
    "Final_Model": {
        "AUC": 0.7710889154272066,
        "AUC_95CI_lower": 0.6988988208674398,
        "AUC_95CI_upper": 0.8405864877281726,
        "Brier": 0.0881317591522586,
        "Brier_95CI_lower": 0.07007391310978138,
        "Brier_95CI_upper": 0.10659407709967103,
        "Best_Method": "xgb_meta",
        "Optimal_Threshold": 0.14
    },
    "LR_Baseline": {
        "AUC": 0.8106611659971772,
        "Brier": 0.17485229610278893,
        "F1_Score": 0.3861003861003861,
        "Sensitivity": 0.819672131147541,
        "Specificity": 0.673289183222958,
        "PPV": 0.25252525252525254,
        "NPV": 0.9651898734177216,
        "Net_Benefit": -0.12066993337212771,
        "Calibration_Slope": 0.8821582035792785,
        "Threshold": 0.43082252713201297
    },
    "TearSense_vs_LR": {
        "AUC_Improvement": -0.0395722505699706,
        "AUC_Improvement_Pct": -4.881478505423855,
        "Brier_Improvement": 0.08672053695053034
    },
    "Individual_Assessment_Test": {
        "CatBoost": {
            "AUC": 0.7732421380233778,
            "Brier": 0.08852336751755556
        },
        "XGBoost": {
            "AUC": 0.7657510947056057,
            "Brier": 0.09191472438524345
        },
        "LightGBM": {
            "AUC": 0.757572467701661,
            "Brier": 0.09667693202366986
        },
        "RandomForest": {
            "AUC": 0.7731335721781927,
            "Brier": 0.09759037327027112
        }
    },
    "Self_Assessment_CV": {
        "CatBoost": {
            "AUC": 0.7991115307481097,
            "Brier": 0.09308885965750277
        },
        "XGBoost": {
            "AUC": 0.7720752048359174,
            "Brier": 0.10296471068998474
        },
        "LightGBM": {
            "AUC": 0.7577614667666548,
            "Brier": 0.10973676544752102
        },
        "RandomForest": {
            "AUC": 0.7800375424499852,
            "Brier": 0.10288112807331669
        }
    },
    "Ensemble_Weights": {
        "CatBoost": 0.23433750867843628,
        "XGBoost": 0.3262939155101776,
        "LightGBM": 0.15357354283332825,
        "RandomForest": 0.2857949733734131
    }
}