{
    "tearsense": {
        "AUC": 0.7710889154272066,
        "Brier": 0.0881317591522586
    },
    "logistic_regression": {
        "AUC": 0.8106611659971772,
        "Brier": 0.17485229610278893
    },
    "improvement": {
        "AUC_delta": -0.0395722505699706,
        "AUC_pct": -4.881478505423855,
        "Brier_delta": -0.08672053695053034
    }
}