{
    "evaluation_type": "end_to_end_pipeline",
    "description": "Holdout test set (n=514) evaluated through the FULL production inference pipeline. fold_models predict \u2192 average \u2192 meta-features \u2192 meta-learner \u2192 calibrate \u2192 score. These are the metrics of the actual deployed model.",
    "pipeline": "fold_ensemble \u2192 13 meta-features \u2192 xgb_meta \u2192 threshold",
    "best_method": "xgb_meta",
    "holdout_n": 514,
    "cross_check_vs_trainMeta": true,
    "final_model": {
        "AUC": 0.7804436724206567,
        "AUC_95CI": [
            0.7128090743324119,
            0.8432128396029258
        ],
        "Brier": 0.09045736491680145,
        "Brier_95CI": [
            0.07239004280418157,
            0.10795450378209352
        ],
        "optimal_threshold": 0.0955817773938179,
        "clinical_metrics": {
            "sensitivity": 0.7868852459016393,
            "specificity": 0.6578366445916115,
            "ppv": 0.23645320197044334,
            "npv": 0.9581993569131833,
            "tp": 48,
            "tn": 298,
            "fp": 155,
            "fn": 13
        }
    },
    "decision_curve_analysis": {
        "thresholds": [
            0.01,
            0.02,
            0.03,
            0.04,
            0.05,
            0.060000000000000005,
            0.06999999999999999,
            0.08,
            0.09,
            0.09999999999999999,
            0.11,
            0.12,
            0.13,
            0.14,
            0.15000000000000002,
            0.16,
            0.17,
            0.18000000000000002,
            0.19,
            0.2,
            0.21000000000000002,
            0.22,
            0.23,
            0.24000000000000002,
            0.25,
            0.26,
            0.27,
            0.28,
            0.29000000000000004,
            0.3,
            0.31,
            0.32,
            0.33,
            0.34,
            0.35000000000000003,
            0.36000000000000004,
            0.37,
            0.38,
            0.39,
            0.4,
            0.41000000000000003,
            0.42000000000000004,
            0.43,
            0.44,
            0.45,
            0.46,
            0.47000000000000003,
            0.48000000000000004,
            0.49,
            0.5,
            0.51,
            0.52,
            0.53,
            0.54,
            0.55,
            0.56,
            0.5700000000000001,
            0.5800000000000001,
            0.59,
            0.6,
            0.61,
            0.62,
            0.63,
            0.64,
            0.65,
            0.66,
            0.67,
            0.68,
            0.6900000000000001,
            0.7000000000000001,
            0.7100000000000001,
            0.72,
            0.73,
            0.74,
            0.75,
            0.76,
            0.77,
            0.78,
            0.79,
            0.8,
            0.81,
            0.8200000000000001,
            0.8300000000000001,
            0.8400000000000001,
            0.85,
            0.86,
            0.87,
            0.88,
            0.89,
            0.9,
            0.91,
            0.92,
            0.93,
            0.9400000000000001,
            0.9500000000000001,
            0.9600000000000001,
            0.97,
            0.98,
            0.99
        ],
        "net_benefit_model": [
            0.10977479070864285,
            0.10069086000158818,
            0.09141963175418187,
            0.08430609597924774,
            0.07751382346917877,
            0.07343323122775064,
            0.06878373289820511,
            0.06284892573168668,
            0.062427844529011844,
            0.053610030263726766,
            0.048725571634678444,
            0.042978422355854265,
            0.040565320452614156,
            0.039860646095375984,
            0.038681620508125424,
            0.03724291272929405,
            0.03471473442407763,
            0.03345354465217803,
            0.03487534226833838,
            0.0325875486381323,
            0.029921686450278283,
            0.02733712461338921,
            0.02620142503410986,
            0.02508703665779234,
            0.020752269779507136,
            0.01971816174150804,
            0.020867757582218427,
            0.0199956766104626,
            0.017208308215049047,
            0.017787659811006114,
            0.018919528562566963,
            0.024834058136873425,
            0.02465299959347232,
            0.025114962858153518,
            0.020951810835079316,
            0.01507782101167315,
            0.0148848125501822,
            0.011233839588301745,
            0.011130956177840148,
            0.011024643320363164,
            0.0,
            0.0,
            0.0,
            0.0,
            0.0,
            0.0,
            0.0,
            0.0,
            0.0,
            0.0,
            0.0,
            0.0,
            0.0,
            0.0,
            0.0,
            0.0,
            0.0,
            0.0,
            0.0,
            0.0,
            0.0,
            0.0,
            0.0,
            0.0,
            0.0,
            0.0,
            0.0,
            0.0,
            0.0,
            0.0,
            0.0,
            0.0,
            0.0,
            0.0,
            0.0,
            0.0,
            0.0,
            0.0,
            0.0,
            0.0,
            0.0,
            0.0,
            0.0,
            0.0,
            0.0,
            0.0,
            0.0,
            0.0,
            0.0,
            0.0,
            0.0,
            0.0,
            0.0,
            0.0,
            0.0,
            0.0,
            0.0,
            0.0,
            0.0
        ],