{
    "tearsense": {
        "AUC": 0.7804436724206567,
        "Brier": 0.09045736491680145
    },
    "logistic_regression": {
        "AUC": 0.8106611659971772,
        "Brier": 0.17485229610287223
    },
    "improvement": {
        "AUC_delta": -0.030217493576520482,
        "AUC_pct": -3.727512164635465,
        "Brier_delta": -0.08439493118607078
    }
}