{
    "best_method": "weighted_avg",
    "base_models": {
        "CatBoost": {
            "auc": {
                "per_fold": [
                    0.7737061675498929,
                    0.7840997229916897,
                    0.775284074848776,
                    0.7676522132398665,
                    0.8159308044547459
                ],
                "mean": 0.7833345966169942,
                "std": 0.01712631238299199,
                "min": 0.7676522132398665,
                "max": 0.8159308044547459
            },
            "brier": {
                "per_fold": [
                    0.09004360093052685,
                    0.09446129965484813,
                    0.09174413459448649,
                    0.09292722178188653,
                    0.09028960962013009
                ],
                "mean": 0.09189317331637563,
                "std": 0.001654029999632109,
                "min": 0.09004360093052685,
                "max": 0.09446129965484813
            },
            "f1": {
                "per_fold": [
                    0.14814814814814814,
                    0.21875,
                    0.14035087719298245,
                    0.07407407407407407,
                    0.1111111111111111
                ],
                "mean": 0.13848684210526313,
                "std": 0.047827660008413424,
                "min": 0.07407407407407407,
                "max": 0.21875
            }
        },
        "XGBoost": {
            "auc": {
                "per_fold": [
                    0.7444469500507386,
                    0.7749030470914128,
                    0.7406297699135055,
                    0.7662954378427271,
                    0.8216970998925887
                ],
                "mean": 0.7695944609581945,
                "std": 0.029069228597721455,
                "min": 0.7406297699135055,
                "max": 0.8216970998925887
            },
            "brier": {
                "per_fold": [
                    0.10659781198420261,
                    0.10834475449860846,
                    0.11631391696778687,
                    0.1078086568690497,
                    0.10027219625020745
                ],
                "mean": 0.10786746731397101,
                "std": 0.005116130191227554,
                "min": 0.10027219625020745,
                "max": 0.11631391696778687
            },
            "f1": {
                "per_fold": [
                    0.325,
                    0.2988505747126437,
                    0.2823529411764706,
                    0.2823529411764706,
                    0.28205128205128205
                ],
                "mean": 0.2941215478233734,
                "std": 0.016724437358378478,
                "min": 0.28205128205128205,
                "max": 0.325
            }
        },
        "LightGBM": {
            "auc": {
                "per_fold": [
                    0.749802683504341,
                    0.770803324099723,
                    0.7703657640341455,
                    0.7320933913731696,
                    0.8239583922211543
                ],
                "mean": 0.7694047110465067,
                "std": 0.030839448537717234,
                "min": 0.7320933913731696,
                "max": 0.8239583922211543
            },
            "brier": {
                "per_fold": [
                    0.11699949741557322,
                    0.11049525211207988,
                    0.11684462870197503,
                    0.11758001256428723,
                    0.10031959686834582
                ],
                "mean": 0.11244779753245224,
                "std": 0.006592350298030773,
                "min": 0.10031959686834582,
                "max": 0.11758001256428723
            },
            "f1": {
                "per_fold": [
                    0.35514018691588783,
                    0.4,
                    0.39215686274509803,
                    0.3838383838383838,
                    0.44
                ],
                "mean": 0.39422708669987394,
                "std": 0.027453534668753544,
                "min": 0.35514018691588783,
                "max": 0.44
            }
        },
        "RandomForest": {
            "auc": {
                "per_fold": [
                    0.7529033712932686,
                    0.7920775623268698,
                    0.7688393917123636,
                    0.7605291424048845,
                    0.811238622872972
                ],
                "mean": 0.7771176181220717,
                "std": 0.02153174031246863,
                "min": 0.7529033712932686,
                "max": 0.811238622872972
            },
            "brier": {
                "per_fold": [
                    0.10271141990534256,
                    0.09766143112896071,
                    0.10363434832531605,
                    0.10054560312440473,
                    0.09466551758122667
                ],
                "mean": 0.09984366401305014,
                "std": 0.0033063989704478648,
                "min": 0.09466551758122667,
                "max": 0.10363434832531605
            },
            "f1": {
                "per_fold": [
                    0.26666666666666666,
                    0.32432432432432434,
                    0.2465753424657534,
                    0.2777777777777778,
                    0.2647058823529412
                ],
                "mean": 0.27600999871749266,
                "std": 0.026149107024532596,
                "min": 0.2465753424657534,
                "max": 0.32432432432432434
            }
        }
    },
    "ensemble": {
        "auc": {
            "per_fold": [
                0.749802683504341,
                0.770803324099723,
                0.7703657640341455,
                0.7320933913731696,
                0.8239583922211543
            ],
            "mean": 0.7694047110465067,
            "std": 0.030839448537717234,
            "min": 0.7320933913731696,
            "max": 0.8239583922211543
        },
        "brier": {
            "per_fold": [
                0.11699949741557304,
                0.11049525211207963,
                0.11684462870197385,
                0.11758001256428516,
                0.10031959686834578
            ],
            "mean": 0.11244779753245149,
            "std": 0.006592350298030299,
            "min": 0.10031959686834578,
            "max": 0.11758001256428516
        },
        "f1": {
            "per_fold": [
                0.35514018691588783,
                0.4,
                0.39215686274509803,
                0.3838383838383838,
                0.44
            ],
            "mean": 0.39422708669987394,
            "std": 0.027453534668753544,
            "min": 0.35514018691588783,
            "max": 0.44
        }
    },
    "method_comparison": {
        "weighted_avg": {
            "auc": 0.7878796063708144,
            "brier": 0.09174021149952277,
            "score": 0.5249341620777295,
            "calibration": null
        },
        "weighted_avg+isotonic": {
            "auc": 0.7802976077933537,
            "brier": 0.09228777177731097,
            "score": 0.5183091233613245,
            "calibration": "isotonic"
        },
        "weighted_avg+platt": {
            "auc": 0.7876815313003629,
            "brier": 0.09322888046662008,
            "score": 0.5191716681555438,
            "calibration": "platt"
        },
        "logistic": {
            "auc": 0.7878882921589687,
            "brier": 0.18558693519503033,
            "score": 0.16915983573937993,
            "calibration": null
        },
        "logistic+isotonic": {
            "auc": 0.7718411527969101,