{
    "tearsense": {
        "model_serial": "05022026_190908_63453",
        "holdout_n": 514,
        "inference_verified": true,
        "stored_AUC": 0.7805160496507798,
        "stored_Brier": 0.08844152180093262,
        "stored_threshold": 0.16000000000000003,
        "AUC": 0.7805160496507798,
        "Brier_Score": 0.08844151347875595,
        "Calibration_Slope": 1.0508119700926841,
        "Calibration_Intercept": 0.08040140826050188,
        "Net_Benefit": 0.04584585276625314,
        "Optimal_Threshold_Used": 0.15285854041576385,
        "Youden_J_Threshold": 0.15285854041576385,
        "F1_Score": 0.4245810055865922,
        "Sensitivity_Recall": 0.6229508196721312,
        "Specificity": 0.8233995584988962,
        "PPV_Precision": 0.3220338983050847,
        "NPV": 0.9419191919191919,
        "Confusion_Matrix": {
            "TP": 38,
            "TN": 373,
            "FP": 80,
            "FN": 23
        },
        "AUC_95CI": [
            0.7137098880603382,
            0.8454004749002763
        ],
        "AUC_Text": "0.7805 (0.7137-0.8454)",
        "Brier_Score_95CI": [
            0.07022582404315472,
            0.10659033395349979
        ],
        "Brier_Score_Text": "0.0884 (0.0702-0.1066)",
        "F1_Score_95CI": [
            0.33154228686263154,
            0.5143697478991596
        ],
        "F1_Score_Text": "0.4246 (0.3315-0.5144)",
        "Sensitivity_Recall_95CI": [
            0.49230158730158735,
            0.7460429242119383
        ],
        "Sensitivity_Recall_Text": "0.6230 (0.4923-0.7460)",
        "Specificity_95CI": [
            0.7871315270095758,
            0.8580868145457355
        ],
        "Specificity_Text": "0.8234 (0.7871-0.8581)",
        "PPV_Precision_95CI": [
            0.23842105263157895,
            0.4060498468393205
        ],
        "PPV_Precision_Text": "0.3220 (0.2384-0.4060)",
        "NPV_95CI": [
            0.9177324888029046,
            0.9642879861868412
        ],
        "NPV_Text": "0.9419 (0.9177-0.9643)",
        "Net_Benefit_95CI": [
            0.02198771507785282,
            0.07149677205568866
        ],
        "Net_Benefit_Text": "0.0458 (0.0220-0.0715)",
        "Calibration_Slope_95CI": [
            0.7706701074870391,
            1.396494969446058
        ],
        "Calibration_Slope_Text": "1.0508 (0.7707-1.3965)"
    },
    "logistic_regression": {
        "AUC": 0.8106611659971772,
        "Brier_Score": 0.17485229610280642,
        "F1_Score": 0.3861003861003861,
        "Sensitivity_Recall": 0.819672131147541,
        "Specificity": 0.673289183222958,
        "PPV_Precision": 0.25252525252525254,
        "NPV": 0.9651898734177216,
        "Net_Benefit": -0.12066993337223451,
        "Calibration_Slope": 0.8821582035791161,
        "Calibration_Intercept": -1.9580869173522404,
        "Threshold_Used": 0.43082252713213315,
        "Confusion_Matrix": {
            "TP": 50,
            "TN": 305,
            "FP": 148,
            "FN": 11
        },
        "AUC_95CI": [
            0.7521794662966538,
            0.8631149614337568
        ],
        "Brier_Score_95CI": [
            0.15675797066713185,
            0.19277571042690916
        ],
        "F1_Score_95CI": [
            0.309478021978022,
            0.4545624151967435
        ],
        "Sensitivity_Recall_95CI": [
            0.7212933944069432,
            0.9111403508771929
        ],
        "Specificity_95CI": [
            0.6296276469188675,
            0.715232159296766
        ],
        "PPV_Precision_95CI": [
            0.19288327256261767,
            0.31156296186816435
        ],
        "NPV_95CI": [
            0.9438819353633476,
            0.984178463043565
        ],
        "Net_Benefit_95CI": [
            -0.16230365857180526,
            -0.07807198326155126
        ],
        "Calibration_Slope_95CI": [
            0.6671257244850478,
            1.1635364636314967
        ]
    },
    "lr_formula": "z = -0.7181 + 1.1932 \u00d7 tear_characteristics_Tear_MedLat + 0.7155 \u00d7 tear_characteristics_Full_3.0\n    - 0.7025 \u00d7 Tear_Area_cm2 + 0.4783 \u00d7 Tear_AP_ML_Ratio + 0.4497 \u00d7 InsuranceType_5.0\n    + 0.3984 \u00d7 Aged + 0.3697 \u00d7 tear_characteristics_Full_nan + 0.3136 \u00d7 Gender_M + 0.3018 \u00d7 Pre-Op_ROM_Pre-Op_IR + 0.2575 \u00d7 tear_characteristics_Tear_AntPost\n    + ... (30 more terms)\n\nP(retear) = 1 / (1 + exp(-z))",
    "comparison": {
        "AUC_difference": -0.030145116346397383,
        "Brier_difference": -0.08641078262405047,
        "TearSense_better_AUC": false,
        "TearSense_better_Brier": true
    }
}