{
    "evaluation_type": "end_to_end_pipeline",
    "description": "Holdout test set (n=514) evaluated through the FULL production inference pipeline. fold_models predict \u2192 average \u2192 meta-features \u2192 meta-learner \u2192 calibrate \u2192 score. These are the metrics of the actual deployed model.",
    "pipeline": "fold_ensemble \u2192 13 meta-features \u2192 xgb_meta \u2192 threshold",
    "best_method": "xgb_meta",
    "holdout_n": 514,
    "cross_check_vs_trainMeta": true,
    "final_model": {
        "AUC": 0.7730792892556002,
        "AUC_95CI": [
            0.7033115546405359,
            0.8383808657478337
        ],
        "Brier": 0.08896094560623169,
        "Brier_95CI": [
            0.07060879655182362,
            0.10638235863298177
        ],
        "optimal_threshold": 0.17336870729923248,
        "clinical_metrics": {
            "sensitivity": 0.5901639344262295,
            "specificity": 0.8565121412803532,
            "ppv": 0.3564356435643564,
            "npv": 0.9394673123486683,
            "tp": 36,
            "tn": 388,
            "fp": 65,
            "fn": 25
        }
    },
    "decision_curve_analysis": {
        "thresholds": [
            0.01,
            0.02,
            0.03,
            0.04,
            0.05,
            0.060000000000000005,
            0.06999999999999999,
            0.08,
            0.09,
            0.09999999999999999,
            0.11,
            0.12,
            0.13,
            0.14,
            0.15000000000000002,
            0.16,
            0.17,
            0.18000000000000002,
            0.19,
            0.2,
            0.21000000000000002,
            0.22,
            0.23,
            0.24000000000000002,
            0.25,
            0.26,
            0.27,
            0.28,
            0.29000000000000004,
            0.3,
            0.31,
            0.32,
            0.33,
            0.34,
            0.35000000000000003,
            0.36000000000000004,
            0.37,
            0.38,
            0.39,
            0.4,
            0.41000000000000003,
            0.42000000000000004,
            0.43,
            0.44,
            0.45,
            0.46,
            0.47000000000000003,
            0.48000000000000004,
            0.49,
            0.5,
            0.51,
            0.52,
            0.53,
            0.54,
            0.55,
            0.56,
            0.5700000000000001,
            0.5800000000000001,
            0.59,
            0.6,
            0.61,
            0.62,
            0.63,
            0.64,
            0.65,
            0.66,
            0.67,
            0.68,
            0.6900000000000001,
            0.7000000000000001,
            0.7100000000000001,
            0.72,
            0.73,
            0.74,
            0.75,
            0.76,
            0.77,
            0.78,
            0.79,
            0.8,
            0.81,
            0.8200000000000001,
            0.8300000000000001,
            0.8400000000000001,
            0.85,
            0.86,
            0.87,
            0.88,
            0.89,
            0.9,
            0.91,
            0.92,
            0.93,
            0.9400000000000001,
            0.9500000000000001,
            0.9600000000000001,
            0.97,
            0.98,
            0.99
        ],
        "net_benefit_model": [
            0.10977479070864285,
            0.10057174620821091,
            0.09109872036583898,
            0.08446822308690013,
            0.0810976858488634,
            0.07604106300190414,
            0.06830258148194637,
            0.055574352901370326,
            0.05684782143926112,
            0.05188067444876784,
            0.04806977659248896,
            0.04448178280863105,
            0.04206359855091909,
            0.04221337435526196,
            0.04142824444953078,
            0.03974430239021678,
            0.037761942712484176,
            0.037914017272468445,
            0.03475524811452178,
            0.0335603112840467,
            0.031079150864404274,
            0.02728723934949616,
            0.02228510788822073,
            0.02273192709399959,
            0.02204928664072633,
            0.020717215269744453,
            0.019348648792708277,
            0.01794206658019887,
            0.01729051350906998,
            0.01584213451917732,
            0.016776631139683074,
            0.01636530098420691,
            0.022707474301643528,
            0.02381794599693432,
            0.02424423825202035,
            0.01568579766536965,
            0.010993761966524612,
            0.010794527425630727,
            0.010588760604707533,
            0.010376134889753566,
            0.010156301523445228,
            0.009928887696229707,
            0.009693494436480307,
            0.009449694274597,
            0.009197028652281572,
            0.008935005043954461,
            0.008663093752294251,
            0.008380724334031727,
            0.006065461203936828,
            0.007782101167315175,
            0.007702691971730326,
            0.007619974059662775,
            0.007533736236443414,
            0.007443748942649297,
            0.007349762213575443,
            0.007251503360452776,
            0.007148674328115102,
            0.00704094867518992,
            0.0069279681123659495,
            0.006809338521400778,
            0.006684625361668164,
            0.0,
            0.0,
            0.0,
            0.0,
            0.0,
            0.0,
            0.0,
            0.0,
            0.0,
            0.0,
            0.0,
            0.0,
            0.0,
            0.0,
            0.0,
            0.0,
            0.0,
            0.0,
            0.0,
            0.0,
            0.0,
            0.0,
            0.0,
            0.0,
            0.0,
            0.0,
            0.0,
            0.0,
            0.0,
            0.0,
            0.0,
            0.0,
            0.0,
            0.0,
            0.0,
            0.0,
            0.0,
            0.0
        ],