{
    "Final_Model": {
        "AUC": 0.7730792892556002,
        "AUC_95CI_lower": 0.7033115546405359,
        "AUC_95CI_upper": 0.8383808657478337,
        "Brier": 0.08896094560623169,
        "Brier_95CI_lower": 0.07060879655182362,
        "Brier_95CI_upper": 0.10638235863298177,
        "Best_Method": "xgb_meta",
        "Optimal_Threshold": 0.18000000000000005
    },
    "LR_Baseline": {
        "AUC": 0.8106611659971772,
        "Brier": 0.17485229610287223,
        "F1_Score": 0.3861003861003861,
        "Sensitivity": 0.819672131147541,
        "Specificity": 0.673289183222958,
        "PPV": 0.25252525252525254,
        "NPV": 0.9651898734177216,
        "Net_Benefit": -0.12066993337262545,
        "Calibration_Slope": 0.8821582035785047,
        "Threshold": 0.43082252713257296
    },
    "TearSense_vs_LR": {
        "AUC_Improvement": -0.03758187674157698,
        "AUC_Improvement_Pct": -4.635953752064626,
        "Brier_Improvement": 0.08589135049664054
    },
    "Individual_Assessment_Test": {
        "CatBoost": {
            "AUC": 0.7683928636051098,
            "Brier": 0.08858016910646192
        },
        "XGBoost": {
            "AUC": 0.7707451235841206,
            "Brier": 0.09053264779151188
        },
        "LightGBM": {
            "AUC": 0.7645930590236312,
            "Brier": 0.09071376101982738
        },
        "RandomForest": {
            "AUC": 0.7657149060905439,
            "Brier": 0.08855096848746467
        }
    },
    "Self_Assessment_CV": {
        "CatBoost": {
            "AUC": 0.8026714364109917,
            "Brier": 0.09354807382118606
        },
        "XGBoost": {
            "AUC": 0.7741486962119293,
            "Brier": 0.10404889360070228
        },
        "LightGBM": {
            "AUC": 0.7636382032220916,
            "Brier": 0.10240699222142666
        },
        "RandomForest": {
            "AUC": 0.7732140859772078,
            "Brier": 0.09436881693986207
        }
    },
    "Ensemble_Weights": {
        "CatBoost": 0.2092602252960205,
        "XGBoost": 0.16633692383766174,
        "LightGBM": 0.18950331211090088,
        "RandomForest": 0.43489953875541687
    }
}