{
    "tearsense": {
        "AUC": 0.7730792892556002,
        "Brier": 0.08896094560623169
    },
    "logistic_regression": {
        "AUC": 0.8106611659971772,
        "Brier": 0.17485229610287223
    },
    "improvement": {
        "AUC_delta": -0.03758187674157698,
        "AUC_pct": -4.635953752064626,
        "Brier_delta": -0.08589135049664054
    }
}