{
    "best_method": "xgb_meta",
    "base_models": {
        "CatBoost": {
            "auc": {
                "per_fold": [
                    0.7774269928966061,
                    0.8003324099722993,
                    0.7757363333144892,
                    0.7599638193227429,
                    0.8379784046582622
                ],
                "mean": 0.7902875920328799,
                "std": 0.027099731762934197,
                "min": 0.7599638193227429,
                "max": 0.8379784046582622
            },
            "brier": {
                "per_fold": [
                    0.09220204131047628,
                    0.0922961518699331,
                    0.09531015694772442,
                    0.09420581413228087,
                    0.08902574641738425
                ],
                "mean": 0.09260798213555979,
                "std": 0.0021423937366341177,
                "min": 0.08902574641738425,
                "max": 0.09531015694772442
            },
            "f1": {
                "per_fold": [
                    0.04,
                    0.14035087719298245,
                    0.07547169811320754,
                    0.07407407407407407,
                    0.0392156862745098
                ],
                "mean": 0.07382246713095478,
                "std": 0.03679782922493792,
                "min": 0.0392156862745098,
                "max": 0.14035087719298245
            }
        },
        "XGBoost": {
            "auc": {
                "per_fold": [
                    0.7666591498477845,
                    0.7804432132963989,
                    0.7714398778902143,
                    0.7666911640002262,
                    0.8374696138843349
                ],
                "mean": 0.7845406037837918,
                "std": 0.026937879030914495,
                "min": 0.7666591498477845,
                "max": 0.8374696138843349
            },
            "brier": {
                "per_fold": [
                    0.11827469222064636,
                    0.1192826241519474,
                    0.12553241807113114,
                    0.12111078761530296,
                    0.10021477606706065
                ],
                "mean": 0.1168830596252177,
                "std": 0.008697256043807979,
                "min": 0.10021477606706065,
                "max": 0.12553241807113114
            },
            "f1": {
                "per_fold": [
                    0.40350877192982454,
                    0.45,
                    0.42276422764227645,
                    0.37037037037037035,
                    0.49019607843137253
                ],
                "mean": 0.4273678896747688,
                "std": 0.04074005923103368,
                "min": 0.37037037037037035,
                "max": 0.49019607843137253
            }
        },
        "LightGBM": {
            "auc": {
                "per_fold": [
                    0.7454053444582253,
                    0.7375623268698062,
                    0.7551585731245406,
                    0.7586070439256035,
                    0.8221493583583016
                ],
                "mean": 0.7637765293472955,
                "std": 0.03011001415306799,
                "min": 0.7375623268698062,
                "max": 0.8221493583583016
            },
            "brier": {
                "per_fold": [
                    0.11830040138614514,
                    0.12059939503688308,
                    0.12255064130737908,
                    0.11179238700711118,
                    0.09894864628961364
                ],
                "mean": 0.11443829420542642,
                "std": 0.008551201416072884,
                "min": 0.09894864628961364,
                "max": 0.12255064130737908
            },
            "f1": {
                "per_fold": [
                    0.34,
                    0.3269230769230769,
                    0.35714285714285715,
                    0.3958333333333333,
                    0.4166666666666667
                ],
                "mean": 0.3673131868131868,
                "std": 0.03385253753445626,
                "min": 0.3269230769230769,
                "max": 0.4166666666666667
            }
        },
        "RandomForest": {
            "auc": {
                "per_fold": [
                    0.760852407261247,
                    0.7989473684210525,
                    0.771722539431285,
                    0.7628469670416642,
                    0.8205664537283057
                ],
                "mean": 0.7829871471767109,
                "std": 0.023192231016970915,
                "min": 0.760852407261247,
                "max": 0.8205664537283057
            },
            "brier": {
                "per_fold": [
                    0.10656150312868956,
                    0.10061997216058623,
                    0.10778042420976815,
                    0.10424276051631727,
                    0.09597815512366185
                ],
                "mean": 0.10303656302780459,
                "std": 0.0042905796244948015,
                "min": 0.09597815512366185,
                "max": 0.10778042420976815
            },
            "f1": {
                "per_fold": [
                    0.35294117647058826,
                    0.37209302325581395,
                    0.3218390804597701,
                    0.2962962962962963,
                    0.26666666666666666
                ],
                "mean": 0.32196724862982706,
                "std": 0.03791871852791009,
                "min": 0.26666666666666666,
                "max": 0.37209302325581395
            }
        }
    },
    "ensemble": {
        "auc": {
            "per_fold": [
                0.7668846544142519,
                0.7960664819944597,
                0.7757080671603821,
                0.7699135055684323,
                0.8413703431511109
            ],
            "mean": 0.7899886104577274,
            "std": 0.027632442943155568,
            "min": 0.7668846544142519,
            "max": 0.8413703431511109
        },
        "brier": {
            "per_fold": [
                0.09331164027068543,
                0.09135444635706483,
                0.09249025509527291,
                0.09315885698533753,
                0.08529419443112184
            ],
            "mean": 0.09112187862789652,
            "std": 0.002994420875006386,
            "min": 0.08529419443112184,
            "max": 0.09331164027068543
        },
        "f1": {
            "per_fold": [
                0.0,
                0.0,
                0.10344827586206896,
                0.0,
                0.0784313725490196
            ],
            "mean": 0.036375929682217714,
            "std": 0.04524817052109309,
            "min": 0.0,
            "max": 0.10344827586206896
        }
    },
    "method_comparison": {
        "weighted_avg": {
            "auc": 0.7886899134772078,
            "brier": 0.0917659034482259,
            "score": 0.5253229463549157,
            "calibration": null
        },
        "weighted_avg+isotonic": {
            "auc": 0.7734235025074503,
            "brier": 0.09198326003447578,
            "score": 0.5153390856492744,
            "calibration": "isotonic"
        },
        "weighted_avg+platt": {
            "auc": 0.7877242975087558,
            "brier": 0.09313138087615867,
            "score": 0.5195669556935194,
            "calibration": "platt"
        },
        "logistic": {
            "auc": 0.7900225223466593,
            "brier": 0.1874115104412783,
            "score": 0.16352328061474775,
            "calibration": null
        },
        "logistic+isotonic": {
            "auc": 0.7721326382699043,
            "brier": 0.0925014810366057,
            "score": 0.5125999547967841,
            "calibration": "isotonic"
        },
        "logistic+platt": {
            "auc": 0.7840869189422792,