{
    "tearsense": {
        "model_serial": "05022026_131048_62283",
        "holdout_n": 514,
        "inference_verified": true,
        "stored_AUC": 0.7760829443057216,
        "stored_Brier": 0.08819432556629181,
        "stored_threshold": 0.16000000000000003,
        "AUC": 0.7760829443057216,
        "Brier_Score": 0.08819432556629181,
        "Calibration_Slope": 1.0516969627045907,
        "Calibration_Intercept": 0.13423003876459225,
        "Net_Benefit": 0.042770222844486644,
        "Optimal_Threshold_Used": 0.16234447062015533,
        "Youden_J_Threshold": 0.16234447062015533,
        "F1_Score": 0.43312101910828027,
        "Sensitivity_Recall": 0.5573770491803278,
        "Specificity": 0.8631346578366446,
        "PPV_Precision": 0.3541666666666667,
        "NPV": 0.9354066985645934,
        "Confusion_Matrix": {
            "TP": 34,
            "TN": 391,
            "FP": 62,
            "FN": 27
        },
        "AUC_95CI": [
            0.7088050624862028,
            0.8382448614818018
        ],
        "AUC_Text": "0.7761 (0.7088-0.8382)",
        "Brier_Score_95CI": [
            0.06995773836970329,
            0.10558396894484758
        ],
        "Brier_Score_Text": "0.0882 (0.0700-0.1056)",
        "F1_Score_95CI": [
            0.32727272727272727,
            0.5257142857142857
        ],
        "F1_Score_Text": "0.4331 (0.3273-0.5257)",
        "Sensitivity_Recall_95CI": [
            0.4327907874420998,
            0.6786210317460317
        ],
        "Sensitivity_Recall_Text": "0.5574 (0.4328-0.6786)",
        "Specificity_95CI": [
            0.8318574014481094,
            0.8950924635942076
        ],
        "Specificity_Text": "0.8631 (0.8319-0.8951)",
        "PPV_Precision_95CI": [
            0.25609756097560976,
            0.4479256465517241
        ],
        "PPV_Precision_Text": "0.3542 (0.2561-0.4479)",
        "NPV_95CI": [
            0.9129384703033756,
            0.9592374787520819
        ],
        "NPV_Text": "0.9354 (0.9129-0.9592)",
        "Net_Benefit_95CI": [
            0.019859704184718427,
            0.06687064367151903
        ],
        "Net_Benefit_Text": "0.0428 (0.0199-0.0669)",
        "Calibration_Slope_95CI": [
            0.7731400878898046,
            1.3745744437839376
        ],
        "Calibration_Slope_Text": "1.0517 (0.7731-1.3746)"
    },
    "logistic_regression": {
        "AUC": 0.8106611659971772,
        "Brier_Score": 0.17485229610276382,
        "F1_Score": 0.3861003861003861,
        "Sensitivity_Recall": 0.819672131147541,
        "Specificity": 0.673289183222958,
        "PPV_Precision": 0.25252525252525254,
        "NPV": 0.9651898734177216,
        "Net_Benefit": -0.12066993337198444,
        "Calibration_Slope": 0.8821582035795066,
        "Calibration_Intercept": -1.9580869173520672,
        "Threshold_Used": 0.43082252713185176,
        "Confusion_Matrix": {
            "TP": 50,
            "TN": 305,
            "FP": 148,
            "FN": 11
        },
        "AUC_95CI": [
            0.7521794662966538,
            0.8631149614337568
        ],
        "Brier_Score_95CI": [
            0.15675797066710226,
            0.1927757104268557
        ],
        "F1_Score_95CI": [
            0.309478021978022,
            0.4545624151967435
        ],
        "Sensitivity_Recall_95CI": [
            0.7212933944069432,
            0.9111403508771929
        ],
        "Specificity_95CI": [
            0.6296276469188675,
            0.715232159296766
        ],
        "PPV_Precision_95CI": [
            0.19288327256261767,
            0.31156296186816435
        ],
        "NPV_95CI": [
            0.9438819353633476,
            0.984178463043565
        ],
        "Net_Benefit_95CI": [
            -0.1623036585715232,
            -0.07807198326133666
        ],
        "Calibration_Slope_95CI": [
            0.6671257244854701,
            1.1635364636319632
        ]
    },
    "lr_formula": "z = -0.7181 + 1.1932 \u00d7 tear_characteristics_Tear_MedLat + 0.7155 \u00d7 tear_characteristics_Full_3.0\n    - 0.7025 \u00d7 Tear_Area_cm2 + 0.4783 \u00d7 Tear_AP_ML_Ratio + 0.4497 \u00d7 InsuranceType_5.0\n    + 0.3984 \u00d7 Aged + 0.3697 \u00d7 tear_characteristics_Full_Missing + 0.3136 \u00d7 Gender_M + 0.3018 \u00d7 Pre-Op_ROM_Pre-Op_IR + 0.2575 \u00d7 tear_characteristics_Tear_AntPost\n    + ... (30 more terms)\n\nP(retear) = 1 / (1 + exp(-z))",
    "comparison": {
        "AUC_difference": -0.034578221691455635,
        "Brier_difference": -0.086657970536472,
        "TearSense_better_AUC": false,
        "TearSense_better_Brier": true
    }
}