{
    "best_method": "weighted_avg",
    "base_models": {
        "CatBoost": {
            "auc": {
                "per_fold": [
                    0.7542000225504567,
                    0.7617728531855956,
                    0.7703657640341455,
                    0.7433998530159986,
                    0.8089773305444061
                ],
                "mean": 0.7677431646661204,
                "std": 0.022444565501509053,
                "min": 0.7433998530159986,
                "max": 0.8089773305444061
            },
            "brier": {
                "per_fold": [
                    0.09341750804529568,
                    0.09475275736949447,
                    0.09651391746300388,
                    0.0958059391935556,
                    0.09436110017535343
                ],
                "mean": 0.0949702444493406,
                "std": 0.0010872589199908667,
                "min": 0.09341750804529568,
                "max": 0.09651391746300388
            },
            "f1": {
                "per_fold": [
                    0.18181818181818182,
                    0.22950819672131148,
                    0.10344827586206896,
                    0.10909090909090909,
                    0.10714285714285714
                ],
                "mean": 0.1462016841270657,
                "std": 0.05087074887562904,
                "min": 0.10344827586206896,
                "max": 0.22950819672131148
            }
        },
        "XGBoost": {
            "auc": {
                "per_fold": [
                    0.7628255722178374,
                    0.769584487534626,
                    0.7621685793430946,
                    0.7561196223641812,
                    0.8309683984397084
                ],
                "mean": 0.7763333319798895,
                "std": 0.027648621071924256,
                "min": 0.7561196223641812,
                "max": 0.8309683984397084
            },
            "brier": {
                "per_fold": [
                    0.1193386482682626,
                    0.1257833901131174,
                    0.13017528793945854,
                    0.12225385652760172,
                    0.09973386279366961
                ],
                "mean": 0.11945700912842198,
                "std": 0.01050469859676329,
                "min": 0.09973386279366961,
                "max": 0.13017528793945854
            },
            "f1": {
                "per_fold": [
                    0.3669724770642202,
                    0.4426229508196721,
                    0.38016528925619836,
                    0.37037037037037035,
                    0.45098039215686275
                ],
                "mean": 0.4022222959334648,
                "std": 0.0367509763095268,
                "min": 0.3669724770642202,
                "max": 0.45098039215686275
            }
        },
        "LightGBM": {
            "auc": {
                "per_fold": [
                    0.7582027286052542,
                    0.7670360110803324,
                    0.770931087116287,
                    0.753349539261688,
                    0.8366216292611227
                ],
                "mean": 0.7772281990649369,
                "std": 0.030342289911897212,
                "min": 0.753349539261688,
                "max": 0.8366216292611227
            },
            "brier": {
                "per_fold": [
                    0.11690372557780664,
                    0.11736640963974754,
                    0.12012347475015553,
                    0.11406986697324634,
                    0.09732525681222681
                ],
                "mean": 0.11315774675063657,
                "std": 0.00814575064928222,
                "min": 0.09732525681222681,
                "max": 0.12012347475015553
            },
            "f1": {
                "per_fold": [
                    0.37037037037037035,
                    0.423728813559322,
                    0.41739130434782606,
                    0.4077669902912621,
                    0.43956043956043955
                ],
                "mean": 0.41176358362584403,
                "std": 0.023138167730524507,
                "min": 0.37037037037037035,
                "max": 0.43956043956043955
            }
        },
        "RandomForest": {
            "auc": {
                "per_fold": [
                    0.754932912391476,
                    0.802437673130194,
                    0.772513991746283,
                    0.7645429362880886,
                    0.8223189552829442
                ],
                "mean": 0.783349293767797,
                "std": 0.02514587173817787,
                "min": 0.754932912391476,
                "max": 0.8223189552829442
            },
            "brier": {
                "per_fold": [
                    0.10210788156637039,
                    0.0954699915179178,
                    0.10292257921831015,
                    0.09975851088691316,
                    0.09175532484981995
                ],
                "mean": 0.0984028576078663,
                "std": 0.004213888395600009,
                "min": 0.09175532484981995,
                "max": 0.10292257921831015
            },
            "f1": {
                "per_fold": [
                    0.2702702702702703,
                    0.375,
                    0.25,
                    0.28205128205128205,
                    0.2571428571428571
                ],
                "mean": 0.28689288189288187,
                "std": 0.045406530971465416,
                "min": 0.25,
                "max": 0.375
            }
        }
    },
    "ensemble": {
        "auc": {
            "per_fold": [
                0.7628255722178374,
                0.769584487534626,
                0.7621685793430946,
                0.7561196223641812,
                0.8309683984397084
            ],
            "mean": 0.7763333319798895,
            "std": 0.027648621071924256,
            "min": 0.7561196223641812,
            "max": 0.8309683984397084
        },
        "brier": {
            "per_fold": [
                0.11933864826826257,
                0.1257833901131168,
                0.13017528793945854,
                0.12225385652760136,
                0.09973386279366893
            ],
            "mean": 0.11945700912842164,
            "std": 0.010504698596763453,
            "min": 0.09973386279366893,
            "max": 0.13017528793945854
        },
        "f1": {
            "per_fold": [
                0.3669724770642202,
                0.4426229508196721,
                0.38016528925619836,
                0.37037037037037035,
                0.45098039215686275
            ],
            "mean": 0.4022222959334648,
            "std": 0.0367509763095268,
            "min": 0.3669724770642202,
            "max": 0.45098039215686275
        }
    },
    "method_comparison": {
        "weighted_avg": {
            "auc": 0.7860924290306026,
            "brier": 0.09209596712427091,
            "score": 0.5225131610494053,
            "calibration": null
        },
        "weighted_avg+isotonic": {
            "auc": 0.775734003187208,
            "brier": 0.09241570573788989,
            "score": 0.5150859539445247,
            "calibration": "isotonic"
        },
        "weighted_avg+platt": {
            "auc": 0.7860744222060161,
            "brier": 0.09352415609723094,
            "score": 0.5170879919912534,
            "calibration": "platt"
        },
        "logistic": {
            "auc": 0.784661159399558,
            "brier": 0.18919676276283012,
            "score": 0.15353844558571444,
            "calibration": null
        },
        "logistic+isotonic": {
            "auc": 0.7725985648560806,
            "brier": 0.09414130224867251,
            "score": 0.5066628330644065,
            "calibration": "isotonic"
        },
        "logistic+platt": {
            "auc": 0.778473291377432,