{
    "best_method": "lgbm_meta",
    "base_models": {
        "CatBoost": {
            "auc": {
                "per_fold": [
                    0.7717893787349194,
                    0.775180055401662,
                    0.7578155916106054,
                    0.7570241392956074,
                    0.8139521736672508
                ],
                "mean": 0.7751522677420091,
                "std": 0.020716813822062797,
                "min": 0.7570241392956074,
                "max": 0.8139521736672508
            },
            "brier": {
                "per_fold": [
                    0.08890758307520927,
                    0.09371599012360128,
                    0.09545931297521058,
                    0.09460642442599972,
                    0.09086038816739982
                ],
                "mean": 0.09270993975348414,
                "std": 0.0024513915211999224,
                "min": 0.08890758307520927,
                "max": 0.09545931297521058
            },
            "f1": {
                "per_fold": [
                    0.11320754716981132,
                    0.19672131147540983,
                    0.10909090909090909,
                    0.11320754716981132,
                    0.1111111111111111
                ],
                "mean": 0.12866768520341054,
                "std": 0.03406115453598789,
                "min": 0.10909090909090909,
                "max": 0.19672131147540983
            }
        },
        "XGBoost": {
            "auc": {
                "per_fold": [
                    0.770323599052881,
                    0.768808864265928,
                    0.76115099779524,
                    0.7547063146588275,
                    0.817174515235457
                ],
                "mean": 0.7744328582016667,
                "std": 0.022094836050709218,
                "min": 0.7547063146588275,
                "max": 0.817174515235457
            },
            "brier": {
                "per_fold": [
                    0.110707475101579,
                    0.10953257153979193,
                    0.11483015936785101,
                    0.11352231185945588,
                    0.09856871114791509
                ],
                "mean": 0.10943224580331859,
                "std": 0.005753586210693695,
                "min": 0.09856871114791509,
                "max": 0.11483015936785101
            },
            "f1": {
                "per_fold": [
                    0.3711340206185567,
                    0.40816326530612246,
                    0.3333333333333333,
                    0.27906976744186046,
                    0.4090909090909091
                ],
                "mean": 0.3601582591581564,
                "std": 0.04922249956813297,
                "min": 0.27906976744186046,
                "max": 0.4090909090909091
            }
        },
        "LightGBM": {
            "auc": {
                "per_fold": [
                    0.7526778667268013,
                    0.7674238227146815,
                    0.7554977669738254,
                    0.7618293854938097,
                    0.8417095370003957
                ],
                "mean": 0.7758276757819027,
                "std": 0.03333531270712886,
                "min": 0.7526778667268013,
                "max": 0.8417095370003957
            },
            "brier": {
                "per_fold": [
                    0.11582265735976814,
                    0.11770784874678011,
                    0.12300380353853896,
                    0.11680110658321352,
                    0.1007410675027194
                ],
                "mean": 0.11481529674620403,
                "std": 0.007462715932913886,
                "min": 0.1007410675027194,
                "max": 0.12300380353853896
            },
            "f1": {
                "per_fold": [
                    0.3888888888888889,
                    0.3853211009174312,
                    0.3728813559322034,
                    0.40404040404040403,
                    0.45544554455445546
                ],
                "mean": 0.40131545886667663,
                "std": 0.02883133309465854,
                "min": 0.3728813559322034,
                "max": 0.45544554455445546
            }
        },
        "RandomForest": {
            "auc": {
                "per_fold": [
                    0.7586537377381891,
                    0.7874792243767312,
                    0.7727966532873538,
                    0.7593984962406015,
                    0.8250325060772231
                ],
                "mean": 0.7806721235440197,
                "std": 0.024550273823897004,
                "min": 0.7586537377381891,
                "max": 0.8250325060772231
            },
            "brier": {
                "per_fold": [
                    0.10261224620583316,
                    0.09915908287117815,
                    0.1035760654100404,
                    0.10206259112929057,
                    0.09322420439503887
                ],
                "mean": 0.10012683800227622,
                "std": 0.0037524515860182595,
                "min": 0.09322420439503887,
                "max": 0.1035760654100404
            },
            "f1": {
                "per_fold": [
                    0.32,
                    0.37037037037037035,
                    0.2222222222222222,
                    0.26666666666666666,
                    0.2535211267605634
                ],
                "mean": 0.2865560772039645,
                "std": 0.05247680098882248,
                "min": 0.2222222222222222,
                "max": 0.37037037037037035
            }
        }
    },
    "ensemble": {
        "auc": {
            "per_fold": [
                0.7754256398692074,
                0.7860387811634347,
                0.7743795579173498,
                0.7748035502289558,
                0.8337950138504154
            ],
            "mean": 0.7888885086058726,
            "std": 0.022868579741455217,
            "min": 0.7743795579173498,
            "max": 0.8337950138504154
        },
        "brier": {
            "per_fold": [
                0.09190898693160326,
                0.09205873687164656,
                0.09301564200123158,
                0.09356613386389727,
                0.08842997707374296
            ],
            "mean": 0.09179589534842433,
            "std": 0.0017906874379996088,
            "min": 0.08842997707374296,
            "max": 0.09356613386389727
        },
        "f1": {
            "per_fold": [
                0.0,
                0.19672131147540983,
                0.03773584905660377,
                0.1111111111111111,
                0.10526315789473684
            ],
            "mean": 0.09016628590757231,
            "std": 0.06767493560117455,
            "min": 0.0,
            "max": 0.19672131147540983
        }
    },
    "method_comparison": {
        "weighted_avg": {
            "auc": 0.7861779614473885,
            "brier": 0.09195934683307594,
            "score": 0.5230824176436087,
            "calibration": null
        },
        "weighted_avg+isotonic": {
            "auc": 0.7776179672095724,
            "brier": 0.09245609594895969,
            "score": 0.5160632102236733,
            "calibration": "isotonic"
        },
        "weighted_avg+platt": {
            "auc": 0.7857480485103855,
            "brier": 0.09332509314674321,
            "score": 0.5176468294363286,
            "calibration": "platt"
        },
        "logistic": {
            "auc": 0.7856614276937723,
            "brier": 0.18834421886920616,
            "score": 0.15737066049543585,
            "calibration": null
        },
        "logistic+isotonic": {
            "auc": 0.7710781136050565,
            "brier": 0.09338967191420562,
            "score": 0.5086000458383229,
            "calibration": "isotonic"
        },