{
    "evaluation_type": "end_to_end_pipeline",
    "description": "Holdout test set (n=514) evaluated through the FULL production inference pipeline. fold_models predict \u2192 average \u2192 meta-features \u2192 meta-learner \u2192 calibrate \u2192 score. These are the metrics of the actual deployed model.",
    "pipeline": "fold_ensemble \u2192 weighted_avg \u2192 threshold",
    "best_method": "weighted_avg",
    "holdout_n": 514,
    "cross_check_vs_trainMeta": true,
    "final_model": {
        "AUC": 0.7726631201823906,
        "AUC_95CI": [
            0.7059572474259974,
            0.8346883112087499
        ],
        "Brier": 0.09203959494097382,
        "Brier_95CI": [
            0.07261005518789308,
            0.11027487880737628
        ],
        "optimal_threshold": 0.06711411965083049,
        "clinical_metrics": {
            "sensitivity": 0.7704918032786885,
            "specificity": 0.6445916114790287,
            "ppv": 0.22596153846153846,
            "npv": 0.954248366013072,
            "tp": 47,
            "tn": 292,
            "fp": 161,
            "fn": 14
        }
    },
    "decision_curve_analysis": {
        "thresholds": [
            0.01,
            0.02,
            0.03,
            0.04,
            0.05,
            0.060000000000000005,
            0.06999999999999999,
            0.08,
            0.09,
            0.09999999999999999,
            0.11,
            0.12,
            0.13,
            0.14,
            0.15000000000000002,
            0.16,
            0.17,
            0.18000000000000002,
            0.19,
            0.2,
            0.21000000000000002,
            0.22,
            0.23,
            0.24000000000000002,
            0.25,
            0.26,
            0.27,
            0.28,
            0.29000000000000004,
            0.3,
            0.31,
            0.32,
            0.33,
            0.34,
            0.35000000000000003,
            0.36000000000000004,
            0.37,
            0.38,
            0.39,
            0.4,
            0.41000000000000003,
            0.42000000000000004,
            0.43,
            0.44,
            0.45,
            0.46,
            0.47000000000000003,
            0.48000000000000004,
            0.49,
            0.5,
            0.51,
            0.52,
            0.53,
            0.54,
            0.55,
            0.56,
            0.5700000000000001,
            0.5800000000000001,
            0.59,
            0.6,
            0.61,
            0.62,
            0.63,
            0.64,
            0.65,
            0.66,
            0.67,
            0.68,
            0.6900000000000001,
            0.7000000000000001,
            0.7100000000000001,
            0.72,
            0.73,
            0.74,
            0.75,
            0.76,
            0.77,
            0.78,
            0.79,
            0.8,
            0.81,
            0.8200000000000001,
            0.8300000000000001,
            0.8400000000000001,
            0.85,
            0.86,
            0.87,
            0.88,
            0.89,
            0.9,
            0.91,
            0.92,
            0.93,
            0.9400000000000001,
            0.9500000000000001,
            0.9600000000000001,
            0.97,
            0.98,
            0.99
        ],
        "net_benefit_model": [
            0.10604095428998153,
            0.09417930596363058,
            0.08648561915840988,
            0.08163099870298313,
            0.07700184312922384,
            0.06933520986836658,
            0.0667963683527886,
            0.05574352901370326,
            0.05359815281994269,
            0.05015131863380891,
            0.046058671796441214,
            0.04342058719490626,
            0.040587682812290346,
            0.03931770880463306,
            0.03456168459601739,
            0.030016675931072816,
            0.028385917209694807,
            0.02595615450317927,
            0.02757361771628957,
            0.027237354085603113,
            0.02164704723439885,
            0.02105158136286541,
            0.020011117287381884,
            0.017816915830432115,
            0.016212710765239953,
            0.0166684193921548,
            0.014471510047438838,
            0.015239948119325546,
            0.014659944100400064,
            0.01667593107281823,
            0.016410082896295038,
            0.012474250400549322,
            0.012341018642197561,
            0.016330621388987138,
            0.015713858126309488,
            0.010335603112840465,
            0.01093199925884751,
            0.008535207731894062,
            0.006187408305160423,
            0.0038910505836575807,
            0.005704675855701377,
            0.0070441432980008,
            0.01003481466311694,
            0.010283490828237912,
            0.007074637424831977,
            0.00907911802853437,
            0.007415020923573892,
            0.011673151750972763,
            0.01071946288242924,
            0.011673151750972763,
            0.010799650599539426,
            0.01199740596627756,
            0.011135027734083945,
            0.00828962950431399,
            0.007349762213575438,
            0.006367173682348775,
            0.007917835490000899,
            0.009634982397628306,
            0.008731137895036541,
            0.007782101167315179,
            0.00982739698693006,
            0.008908457915216057,
            0.007939846461247242,
            0.004971897968006917,
            0.003891050583657584,
            0.002746623941405353,
            0.0015328381087135884,
            0.004377431906614781,
            0.0012551776076314726,
            -0.0038910505836575945,
            -0.005232792164229182,
            -0.00667037242912729,
            -0.0101599654128837,
            -0.0118228075426519,
            -0.0019455252918287938,
            -0.003242542153047992,
            -0.004652343089155814,
            -0.008135833038556778,
            -0.004446914952751534,
            -0.005836575875486385,
            -0.007372516895351226,
            -0.00907911802853438,
            -0.0014877546349279097,
            -0.0029182879377432046,
            -0.006485084306095977,
            -0.008337965536409114,
            -0.014366956001197244,
            -0.01686121919584955,
            -0.01980898478952954,
            -0.025291828793774326,
            -0.009943795936013841,
            -0.012645914396887174,
            -0.01612006670372431,
            0.009727626459143969,
            0.009727626459143969,
            0.007782101167315175,
            0.0038910505836575876,
            0.0,
            0.0
        ],