{
    "Final_Model": {
        "AUC": 0.7726631201823906,
        "AUC_95CI_lower": 0.7059572474259974,
        "AUC_95CI_upper": 0.8346883112087499,
        "Brier": 0.09203959494097382,
        "Brier_95CI_lower": 0.07261005518789308,
        "Brier_95CI_upper": 0.11027487880737628,
        "Best_Method": "weighted_avg",
        "Optimal_Threshold": 0.34
    },
    "LR_Baseline": {
        "AUC": 0.8106611659971772,
        "Brier": 0.17485229610291242,
        "F1_Score": 0.3861003861003861,
        "Sensitivity": 0.819672131147541,
        "Specificity": 0.673289183222958,
        "PPV": 0.25252525252525254,
        "NPV": 0.9651898734177216,
        "Net_Benefit": -0.12066993337287217,
        "Calibration_Slope": 0.8821582035781299,
        "Threshold": 0.4308225271328506
    },
    "TearSense_vs_LR": {
        "AUC_Improvement": -0.03799804581478661,
        "AUC_Improvement_Pct": -4.687290745948835,
        "Brier_Improvement": 0.0828127011619386
    },
    "Individual_Assessment_Test": {
        "CatBoost": {
            "AUC": 0.7669815076177035,
            "Brier": 0.08913623165766932
        },
        "XGBoost": {
            "AUC": 0.7726631201823906,
            "Brier": 0.09203959494097654
        },
        "LightGBM": {
            "AUC": 0.7729888177179459,
            "Brier": 0.09718039691392032
        },
        "RandomForest": {
            "AUC": 0.7687909383707885,
            "Brier": 0.08857116463477324
        }
    },
    "Self_Assessment_CV": {
        "CatBoost": {
            "AUC": 0.8020094983023129,
            "Brier": 0.09383996192466426
        },
        "XGBoost": {
            "AUC": 0.7722926292177084,
            "Brier": 0.10284649121760006
        },
        "LightGBM": {
            "AUC": 0.7779783961627993,
            "Brier": 0.10604872768160231
        },
        "RandomForest": {
            "AUC": 0.7768548629497559,
            "Brier": 0.09417985186187652
        }
    },
    "Ensemble_Weights": {
        "CatBoost": 4.362010429772471e-14,
        "XGBoost": 0.9999999999996237,
        "LightGBM": 2.0067836281612017e-13,
        "RandomForest": 1.3177885228138701e-13
    }
}