{
    "tearsense": {
        "AUC": 0.7726631201823906,
        "Brier": 0.09203959494097382
    },
    "logistic_regression": {
        "AUC": 0.8106611659971772,
        "Brier": 0.17485229610291242
    },
    "improvement": {
        "AUC_delta": -0.03799804581478661,
        "AUC_pct": -4.687290745948835,
        "Brier_delta": -0.0828127011619386
    }
}