{
    "tearsense": {
        "model_serial": "05022026_160339_83365",
        "holdout_n": 514,
        "inference_verified": true,
        "stored_AUC": 0.7663301125465929,
        "stored_Brier": 0.08858431130647659,
        "stored_threshold": 0.17000000000000004,
        "AUC": 0.7663301125465929,
        "Brier_Score": 0.08858431130647659,
        "Calibration_Slope": 1.0253640089341465,
        "Calibration_Intercept": 0.05032950994539987,
        "Net_Benefit": 0.05060213252952512,
        "Optimal_Threshold_Used": 0.10970454663038254,
        "Youden_J_Threshold": 0.10970454663038254,
        "F1_Score": 0.350597609561753,
        "Sensitivity_Recall": 0.7213114754098361,
        "Specificity": 0.6777041942604857,
        "PPV_Precision": 0.23157894736842105,
        "NPV": 0.9475308641975309,
        "Confusion_Matrix": {
            "TP": 44,
            "TN": 307,
            "FP": 146,
            "FN": 17
        },
        "AUC_95CI": [
            0.6947825546928238,
            0.8298411902913136
        ],
        "AUC_Text": "0.7663 (0.6948-0.8298)",
        "Brier_Score_95CI": [
            0.07009651064872742,
            0.10663607735186816
        ],
        "Brier_Score_Text": "0.0886 (0.0701-0.1066)",
        "F1_Score_95CI": [
            0.2719298245614035,
            0.4258680402039673
        ],
        "F1_Score_Text": "0.3506 (0.2719-0.4259)",
        "Sensitivity_Recall_95CI": [
            0.6,
            0.8309904883848546
        ],
        "Sensitivity_Recall_Text": "0.7213 (0.6000-0.8310)",
        "Specificity_95CI": [
            0.6345195778190966,
            0.7246778634361233
        ],
        "Specificity_Text": "0.6777 (0.6345-0.7247)",
        "PPV_Precision_95CI": [
            0.171875,
            0.29474547023295944
        ],
        "PPV_Precision_Text": "0.2316 (0.1719-0.2947)",
        "NPV_95CI": [
            0.9237746606250467,
            0.9705946664380037
        ],
        "NPV_Text": "0.9475 (0.9238-0.9706)",
        "Net_Benefit_95CI": [
            0.026078143772812465,
            0.07699073125889225
        ],
        "Net_Benefit_Text": "0.0506 (0.0261-0.0770)",
        "Calibration_Slope_95CI": [
            0.7456945016753995,
            1.3622039820882619
        ],
        "Calibration_Slope_Text": "1.0254 (0.7457-1.3622)"
    },
    "logistic_regression": {
        "AUC": 0.8106611659971772,
        "Brier_Score": 0.17485229610276382,
        "F1_Score": 0.3861003861003861,
        "Sensitivity_Recall": 0.819672131147541,
        "Specificity": 0.673289183222958,
        "PPV_Precision": 0.25252525252525254,
        "NPV": 0.9651898734177216,
        "Net_Benefit": -0.12066993337198444,
        "Calibration_Slope": 0.8821582035795066,
        "Calibration_Intercept": -1.9580869173520672,
        "Threshold_Used": 0.43082252713185176,
        "Confusion_Matrix": {
            "TP": 50,
            "TN": 305,
            "FP": 148,
            "FN": 11
        },
        "AUC_95CI": [
            0.7521794662966538,
            0.8631149614337568
        ],
        "Brier_Score_95CI": [
            0.15675797066710226,
            0.1927757104268557
        ],
        "F1_Score_95CI": [
            0.309478021978022,
            0.4545624151967435
        ],
        "Sensitivity_Recall_95CI": [
            0.7212933944069432,
            0.9111403508771929
        ],
        "Specificity_95CI": [
            0.6296276469188675,
            0.715232159296766
        ],
        "PPV_Precision_95CI": [
            0.19288327256261767,
            0.31156296186816435
        ],
        "NPV_95CI": [
            0.9438819353633476,
            0.984178463043565
        ],
        "Net_Benefit_95CI": [
            -0.1623036585715232,
            -0.07807198326133666
        ],
        "Calibration_Slope_95CI": [
            0.6671257244854701,
            1.1635364636319632
        ]
    },
    "lr_formula": "z = -0.7181 + 1.1932 \u00d7 tear_characteristics_Tear_MedLat + 0.7155 \u00d7 tear_characteristics_Full_3.0\n    - 0.7025 \u00d7 Tear_Area_cm2 + 0.4783 \u00d7 Tear_AP_ML_Ratio + 0.4497 \u00d7 InsuranceType_5.0\n    + 0.3984 \u00d7 Aged + 0.3697 \u00d7 tear_characteristics_Full_Missing + 0.3136 \u00d7 Gender_M + 0.3018 \u00d7 Pre-Op_ROM_Pre-Op_IR + 0.2575 \u00d7 tear_characteristics_Tear_AntPost\n    + ... (30 more terms)\n\nP(retear) = 1 / (1 + exp(-z))",
    "comparison": {
        "AUC_difference": -0.0443310534505843,
        "Brier_difference": -0.08626798479628722,
        "TearSense_better_AUC": false,
        "TearSense_better_Brier": true
    }
}