{
    "CatBoost_Params": {
        "iterations": 808,
        "depth": 7,
        "learning_rate": 0.11604933762587487,
        "l2_leaf_reg": 3.627059391338807,
        "random_strength": 3.3847856687219764,
        "bagging_temperature": 0.08066077653475708,
        "border_count": 208,
        "loss_function": "Focal:focal_alpha=0.27082152802399123;focal_gamma=1.1547638865224532",
        "eval_metric": "AUC",
        "random_state": 42,
        "verbose": false,
        "thread_count": -1
    },
    "XGBoost_Params": {
        "n_estimators": 901,
        "max_depth": 9,
        "learning_rate": 0.11693813442067985,
        "subsample": 0.9152965309223262,
        "colsample_bytree": 0.7953142277105915,
        "gamma": 2.3300033255719903,
        "min_child_weight": 2,
        "reg_alpha": 0.011345283218709586,
        "reg_lambda": 0.09379005697860046,
        "max_delta_step": 8.952875168718263,
        "scale_pos_weight": 28.07225723353409,
        "objective": "binary:logistic",
        "eval_metric": "auc",
        "random_state": 42,
        "n_jobs": -1,
        "use_label_encoder": false
    },
    "LightGBM_Params": {
        "boosting_type": "dart",
        "n_estimators": 1262,
        "num_leaves": 69,
        "learning_rate": 0.054939307005308226,
        "max_depth": 12,
        "min_child_samples": 30,
        "colsample_bytree": 0.8832551229840262,
        "reg_alpha": 0.027367497604220904,
        "reg_lambda": 0.003517351502831148,
        "subsample": 0.908032764381425,
        "subsample_freq": 4,
        "drop_rate": 0.19511562664693705,
        "skip_drop": 0.4801679557237392,
        "is_unbalance": true,
        "objective": "binary",
        "metric": "auc",
        "random_state": 42,
        "n_jobs": -1,
        "verbosity": -1
    },
    "RandomForest_Params": {
        "n_estimators": 207,
        "max_depth": 16,
        "min_samples_split": 6,
        "min_samples_leaf": 2,
        "max_features": 0.7,
        "class_weight": "balanced_subsample",
        "max_samples": 0.5330868894491487,
        "min_impurity_decrease": 0.001386298335901556,
        "ccp_alpha": 0.0005945119030508431,
        "bootstrap": true,
        "random_state": 42,
        "n_jobs": -1
    },
    "Ensemble_Weights": {
        "Cat": 1.3017364963729952e-15,
        "XGB": 0.9999999999999976,
        "LGBM": 1.1157741397482822e-15,
        "RF": 2.2482016248659384e-16
    }
}