{
    "Final_Model": {
        "AUC": 0.7753048890818949,
        "AUC_95CI_lower": 0.7052605632215007,
        "AUC_95CI_upper": 0.8397276082944305,
        "Brier": 0.08906722927422639,
        "Brier_95CI_lower": 0.07080178605490402,
        "Brier_95CI_upper": 0.10690087085183486,
        "Best_Method": "xgb_meta",
        "Optimal_Threshold": 0.16000000000000003
    },
    "Individual_Assessment_Test": {
        "CatBoost": {
            "AUC": 0.7651720768646184,
            "Brier": 0.08929165885527202
        },
        "XGBoost": {
            "AUC": 0.7784171099772011,
            "Brier": 0.09169141861142688
        },
        "LightGBM": {
            "AUC": 0.7767886222994246,
            "Brier": 0.10047481552920429
        },
        "RandomForest": {
            "AUC": 0.7735678355589333,
            "Brier": 0.09589228183626997
        }
    },
    "Self_Assessment_CV": {
        "CatBoost": {
            "AUC": 0.7976909906553032,
            "Brier": 0.09431866069609211
        },
        "XGBoost": {
            "AUC": 0.7869199767998902,
            "Brier": 0.1362234109963573
        },
        "LightGBM": {
            "AUC": 0.777629366066685,
            "Brier": 0.10916668523259707
        },
        "RandomForest": {
            "AUC": 0.7796433991971163,
            "Brier": 0.10207829207319497
        }
    },
    "Ensemble_Weights": {
        "CatBoost": 0.18810933828353882,
        "XGBoost": 0.21537701785564423,
        "LightGBM": 0.30712220072746277,
        "RandomForest": 0.28939148783683777
    }
}