{
    "best_method": "xgb_meta",
    "base_models": {
        "CatBoost": {
            "auc": {
                "per_fold": [
                    0.7759612132145676,
                    0.78398891966759,
                    0.7693481824862909,
                    0.7694612471027192,
                    0.81203007518797
                ],
                "mean": 0.7821579275318276,
                "std": 0.01587067905397805,
                "min": 0.7693481824862909,
                "max": 0.81203007518797
            },
            "brier": {
                "per_fold": [
                    0.09006667647129725,
                    0.09177794824317177,
                    0.09274775790906103,
                    0.09412883557447936,
                    0.09192338888526769
                ],
                "mean": 0.09212892141665542,
                "std": 0.0013267173962541294,
                "min": 0.09006667647129725,
                "max": 0.09412883557447936
            },
            "f1": {
                "per_fold": [
                    0.1509433962264151,
                    0.23728813559322035,
                    0.14545454545454545,
                    0.10909090909090909,
                    0.07407407407407407
                ],
                "mean": 0.14337021208783282,
                "std": 0.05451476731440957,
                "min": 0.07407407407407407,
                "max": 0.23728813559322035
            }
        },
        "XGBoost": {
            "auc": {
                "per_fold": [
                    0.7632765813507724,
                    0.7494736842105264,
                    0.7648821301373735,
                    0.7309627452088869,
                    0.8298377522754254
                ],
                "mean": 0.767686578636597,
                "std": 0.03337792940591423,
                "min": 0.7309627452088869,
                "max": 0.8298377522754254
            },
            "brier": {
                "per_fold": [
                    0.10937040029939271,
                    0.1068805923857531,
                    0.11021417122365358,
                    0.11329869147833452,
                    0.09676033159563267
                ],
                "mean": 0.10730483739655332,
                "std": 0.005657272250680876,
                "min": 0.09676033159563267,
                "max": 0.11329869147833452
            },
            "f1": {
                "per_fold": [
                    0.3146067415730337,
                    0.42105263157894735,
                    0.41237113402061853,
                    0.3617021276595745,
                    0.3037974683544304
                ],
                "mean": 0.3627060206373209,
                "std": 0.04828191478272237,
                "min": 0.3037974683544304,
                "max": 0.42105263157894735
            }
        },
        "LightGBM": {
            "auc": {
                "per_fold": [
                    0.7708309843274326,
                    0.7618836565096953,
                    0.7730793148284244,
                    0.7569110746791792,
                    0.8270676691729323
                ],
                "mean": 0.7779545399035327,
                "std": 0.025249606143139747,
                "min": 0.7569110746791792,
                "max": 0.8270676691729323
            },
            "brier": {
                "per_fold": [
                    0.10664390665860816,
                    0.11065180182461222,
                    0.1126380720721097,
                    0.10671658192410254,
                    0.0963547766030194
                ],
                "mean": 0.10660102781649042,
                "std": 0.005618817111912873,
                "min": 0.0963547766030194,
                "max": 0.1126380720721097
            },
            "f1": {
                "per_fold": [
                    0.42105263157894735,
                    0.4,
                    0.35051546391752575,
                    0.391304347826087,
                    0.41379310344827586
                ],
                "mean": 0.39533310935416716,
                "std": 0.024693713109454785,
                "min": 0.35051546391752575,
                "max": 0.42105263157894735
            }
        },
        "RandomForest": {
            "auc": {
                "per_fold": [
                    0.7564550682151313,
                    0.8091412742382271,
                    0.7789586748826954,
                    0.7567980100627508,
                    0.8236757306800837
                ],
                "mean": 0.7850057516157777,
                "std": 0.02729569957438249,
                "min": 0.7564550682151313,
                "max": 0.8236757306800837
            },
            "brier": {
                "per_fold": [
                    0.12998102822513027,
                    0.11859313748988345,
                    0.12701830846523968,
                    0.12527115887660956,
                    0.11390484810682254
                ],
                "mean": 0.12295369623273711,
                "std": 0.005868069965387451,
                "min": 0.11390484810682254,
                "max": 0.12998102822513027
            },
            "f1": {
                "per_fold": [
                    0.37398373983739835,
                    0.46153846153846156,
                    0.41025641025641024,
                    0.3486238532110092,
                    0.5185185185185185
                ],
                "mean": 0.42258419667235964,
                "std": 0.06116361661436632,
                "min": 0.3486238532110092,
                "max": 0.5185185185185185
            }
        }
    },
    "ensemble": {
        "auc": {
            "per_fold": [
                0.7715638741684518,
                0.7935457063711912,
                0.7853185595567868,
                0.7649951947538017,
                0.8306292045904233
            ],
            "mean": 0.7892105078881311,
            "std": 0.023009714105342548,
            "min": 0.7649951947538017,
            "max": 0.8306292045904233
        },
        "brier": {
            "per_fold": [
                0.09163324769649879,
                0.08824601453670064,
                0.09136865926979808,
                0.09372252255732248,
                0.08719810672329259
            ],
            "mean": 0.09043371015672252,
            "std": 0.0023826224570418133,
            "min": 0.08719810672329259,
            "max": 0.09372252255732248
        },
        "f1": {
            "per_fold": [
                0.17857142857142858,
                0.25396825396825395,
                0.14285714285714285,
                0.1724137931034483,
                0.14285714285714285
            ],
            "mean": 0.1781335522714833,
            "std": 0.040675937566007986,
            "min": 0.14285714285714285,
            "max": 0.25396825396825395
        }
    },
    "method_comparison": {
        "weighted_avg": {
            "auc": 0.7849287379916988,
            "brier": 0.09182710371586392,
            "score": 0.5228342265395357,
            "calibration": null
        },
        "weighted_avg+isotonic": {
            "auc": 0.7725996902826171,
            "brier": 0.09219821052665116,
            "score": 0.514029905862651,
            "calibration": "isotonic"
        },
        "weighted_avg+platt": {
            "auc": 0.7844988250546956,
            "brier": 0.09332199632598173,
            "score": 0.5169090356284861,
            "calibration": "platt"
        },
        "logistic": {
            "auc": 0.7856628044584938,
            "brier": 0.18573589030610446,
            "score": 0.16725984380423636,
            "calibration": null
        },
        "logistic+isotonic": {
            "auc": 0.773161278124409,
            "brier": 0.0932111881216657,
            "score": 0.5105265891755122,
            "calibration": "isotonic"
        },