{
    "evaluation_type": "end_to_end_pipeline",
    "description": "Holdout test set (n=514) evaluated through the FULL production inference pipeline. fold_models predict \u2192 average \u2192 meta-features \u2192 meta-learner \u2192 calibrate \u2192 score. These are the metrics of the actual deployed model.",
    "pipeline": "fold_ensemble \u2192 13 meta-features \u2192 xgb_meta \u2192 threshold",
    "best_method": "xgb_meta",
    "holdout_n": 514,
    "cross_check_vs_trainMeta": true,
    "final_model": {
        "AUC": 0.7888032424999094,
        "AUC_95CI": [
            0.7231228298611111,
            0.8505799118968098
        ],
        "Brier": 0.087472231537721,
        "Brier_95CI": [
            0.06956150269281777,
            0.10450664858406414
        ],
        "optimal_threshold": 0.0988541767001152,
        "clinical_metrics": {
            "sensitivity": 0.8032786885245902,
            "specificity": 0.6467991169977925,
            "ppv": 0.23444976076555024,
            "npv": 0.9606557377049181,
            "tp": 49,
            "tn": 293,
            "fp": 160,
            "fn": 12
        }
    },
    "decision_curve_analysis": {
        "thresholds": [
            0.01,
            0.02,
            0.03,
            0.04,
            0.05,
            0.060000000000000005,
            0.06999999999999999,
            0.08,
            0.09,
            0.09999999999999999,
            0.11,
            0.12,
            0.13,
            0.14,
            0.15000000000000002,
            0.16,
            0.17,
            0.18000000000000002,
            0.19,
            0.2,
            0.21000000000000002,
            0.22,
            0.23,
            0.24000000000000002,
            0.25,
            0.26,
            0.27,
            0.28,
            0.29000000000000004,
            0.3,
            0.31,
            0.32,
            0.33,
            0.34,
            0.35000000000000003,
            0.36000000000000004,
            0.37,
            0.38,
            0.39,
            0.4,
            0.41000000000000003,
            0.42000000000000004,
            0.43,
            0.44,
            0.45,
            0.46,
            0.47000000000000003,
            0.48000000000000004,
            0.49,
            0.5,
            0.51,
            0.52,
            0.53,
            0.54,
            0.55,
            0.56,
            0.5700000000000001,
            0.5800000000000001,
            0.59,
            0.6,
            0.61,
            0.62,
            0.63,
            0.64,
            0.65,
            0.66,
            0.67,
            0.68,
            0.6900000000000001,
            0.7000000000000001,
            0.7100000000000001,
            0.72,
            0.73,
            0.74,
            0.75,
            0.76,
            0.77,
            0.78,
            0.79,
            0.8,
            0.81,
            0.8200000000000001,
            0.8300000000000001,
            0.8400000000000001,
            0.85,
            0.86,
            0.87,
            0.88,
            0.89,
            0.9,
            0.91,
            0.92,
            0.93,
            0.9400000000000001,
            0.9500000000000001,
            0.9600000000000001,
            0.97,
            0.98,
            0.99
        ],
        "net_benefit_model": [
            0.10977479070864285,
            0.10069086000158818,
            0.09326487223715352,
            0.08535992217898832,
            0.08027851730493549,
            0.07330904876231475,
            0.07041546378812602,
            0.0677550329893419,
            0.062427844529011844,
            0.059230436662343275,
            0.05414681065011149,
            0.04625044216483905,
            0.03895523055592825,
            0.03845805809429011,
            0.034332799267566945,
            0.0392810820826385,
            0.039801228259340855,
            0.041188193983107135,
            0.036700773406350584,
            0.035505836575875485,
            0.031596315815396736,
            0.031178289933153747,
            0.028904947192884937,
            0.026725373745648165,
            0.025940337224383922,
            0.027237354085603113,
            0.024678855071691274,
            0.02215737137916126,
            0.024003945854113,
            0.02529182879377432,
            0.023966615913832964,
            0.025520714122224765,
            0.019716592136593294,
            0.019042565735172736,
            0.02065249925172104,
            0.021279182879377433,
            0.020844913841022793,
            0.01964352955943266,
            0.019231995917586273,
            0.01880674448767834,
            0.021071028160654225,
            0.020193210787602306,
            0.01989896921291556,
            0.013757643135075041,
            0.015033604527767953,
            0.010592304366623433,
            0.0062770721679759195,
            0.0019455252918287938,
            0.0,
            0.0,
            0.0,
            0.0,
            0.0,
            0.0,
            0.0,
            0.0,
            0.0,
            0.0,
            0.0,
            0.0,
            0.0,
            0.0,
            0.0,
            0.0,
            0.0,
            0.0,
            0.0,
            0.0,
            0.0,
            0.0,
            0.0,
            0.0,
            0.0,
            0.0,
            0.0,
            0.0,
            0.0,
            0.0,
            0.0,
            0.0,
            0.0,
            0.0,
            0.0,
            0.0,
            0.0,
            0.0,
            0.0,
            0.0,
            0.0,
            0.0,
            0.0,
            0.0,
            0.0,
            0.0,
            0.0,
            0.0,
            0.0,
            0.0,
            0.0
        ],