{
    "Final_Model": {
        "AUC": 0.7888032424999094,
        "AUC_95CI_lower": 0.7231228298611111,
        "AUC_95CI_upper": 0.8505799118968098,
        "Brier": 0.087472231537721,
        "Brier_95CI_lower": 0.06956150269281777,
        "Brier_95CI_upper": 0.10450664858406414,
        "Best_Method": "xgb_meta",
        "Optimal_Threshold": 0.18000000000000005
    },
    "LR_Baseline": {
        "AUC": 0.8106611659971772,
        "Brier": 0.17485229610291242,
        "F1_Score": 0.3861003861003861,
        "Sensitivity": 0.819672131147541,
        "Specificity": 0.673289183222958,
        "PPV": 0.25252525252525254,
        "NPV": 0.9651898734177216,
        "Net_Benefit": -0.12066993337287217,
        "Calibration_Slope": 0.8821582035781299,
        "Threshold": 0.4308225271328506
    },
    "TearSense_vs_LR": {
        "AUC_Improvement": -0.021857923497267784,
        "AUC_Improvement_Pct": -2.6963082005267656,
        "Brier_Improvement": 0.08738006456519141
    },
    "Individual_Assessment_Test": {
        "CatBoost": {
            "AUC": 0.7905402960228712,
            "Brier": 0.08947728099422057
        },
        "XGBoost": {
            "AUC": 0.7836644591611479,
            "Brier": 0.10575867496399148
        },
        "LightGBM": {
            "AUC": 0.7734230810986864,
            "Brier": 0.10201649964556644
        },
        "RandomForest": {
            "AUC": 0.7723374226468354,
            "Brier": 0.09720753645268818
        }
    },
    "Self_Assessment_CV": {
        "CatBoost": {
            "AUC": 0.7957944079240181,
            "Brier": 0.09337125851757562
        },
        "XGBoost": {
            "AUC": 0.7865621472782193,
            "Brier": 0.13182470734192828
        },
        "LightGBM": {
            "AUC": 0.761642986292633,
            "Brier": 0.1158972869810559
        },
        "RandomForest": {
            "AUC": 0.7796536974472071,
            "Brier": 0.10320565792754718
        }
    },
    "Ensemble_Weights": {
        "CatBoost": 0.25251591205596924,
        "XGBoost": 0.37629255652427673,
        "LightGBM": 0.20752380788326263,
        "RandomForest": 0.16366778314113617
    }
}