{
    "tearsense": {
        "AUC": 0.7888032424999094,
        "Brier": 0.087472231537721
    },
    "logistic_regression": {
        "AUC": 0.8106611659971772,
        "Brier": 0.17485229610291242
    },
    "improvement": {
        "AUC_delta": -0.021857923497267784,
        "AUC_pct": -2.6963082005267656,
        "Brier_delta": -0.08738006456519141
    }
}