{
    "best_method": "weighted_avg",
    "base_models": {
        "CatBoost": {
            "auc": {
                "per_fold": [
                    0.7854887811478183,
                    0.7997783933518006,
                    0.7525580869466899,
                    0.7807111764373339,
                    0.8105037028661879
                ],
                "mean": 0.785808028149966,
                "std": 0.019680883413161765,
                "min": 0.7525580869466899,
                "max": 0.8105037028661879
            },
            "brier": {
                "per_fold": [
                    0.09012563887630552,
                    0.0922521482719524,
                    0.09763338008147629,
                    0.0941934861144613,
                    0.09231429257836182
                ],
                "mean": 0.09330378918451146,
                "std": 0.002518833439763022,
                "min": 0.09012563887630552,
                "max": 0.09763338008147629
            },
            "f1": {
                "per_fold": [
                    0.0784313725490196,
                    0.1724137931034483,
                    0.037037037037037035,
                    0.07547169811320754,
                    0.07547169811320754
                ],
                "mean": 0.08776511978318399,
                "std": 0.04500691401134657,
                "min": 0.037037037037037035,
                "max": 0.1724137931034483
            }
        },
        "XGBoost": {
            "auc": {
                "per_fold": [
                    0.7620363062352012,
                    0.754016620498615,
                    0.7335066990785233,
                    0.7378596868110125,
                    0.7853468257108938
                ],
                "mean": 0.7545532276668492,
                "std": 0.018580423916240568,
                "min": 0.7335066990785233,
                "max": 0.7853468257108938
            },
            "brier": {
                "per_fold": [
                    0.11359221256434388,
                    0.12052348274096811,
                    0.1162919733452132,
                    0.11567552526753665,
                    0.1109135725536417
                ],
                "mean": 0.1153993532943407,
                "std": 0.00317860757475446,
                "min": 0.1109135725536417,
                "max": 0.12052348274096811
            },
            "f1": {
                "per_fold": [
                    0.32653061224489793,
                    0.3619047619047619,
                    0.34782608695652173,
                    0.40425531914893614,
                    0.36363636363636365
                ],
                "mean": 0.36083062877829625,
                "std": 0.02545717535799591,
                "min": 0.32653061224489793,
                "max": 0.40425531914893614
            }
        },
        "LightGBM": {
            "auc": {
                "per_fold": [
                    0.7513812154696132,
                    0.7559002770083103,
                    0.7574198654531065,
                    0.750183730001696,
                    0.8380349369664764
                ],
                "mean": 0.7705840049798406,
                "std": 0.033833276538476134,
                "min": 0.750183730001696,
                "max": 0.8380349369664764
            },
            "brier": {
                "per_fold": [
                    0.11415379539186635,
                    0.11262233546609926,
                    0.11781739882458177,
                    0.11356315202194171,
                    0.09462281752394033
                ],
                "mean": 0.11055589984568588,
                "std": 0.008159056978329792,
                "min": 0.09462281752394033,
                "max": 0.11781739882458177
            },
            "f1": {
                "per_fold": [
                    0.34951456310679613,
                    0.3883495145631068,
                    0.34285714285714286,
                    0.36,
                    0.3956043956043956
                ],
                "mean": 0.3672651232262883,
                "std": 0.02102988265642065,
                "min": 0.34285714285714286,
                "max": 0.3956043956043956
            }
        },
        "RandomForest": {
            "auc": {
                "per_fold": [
                    0.7629383245010711,
                    0.7966759002770083,
                    0.776075527163774,
                    0.7656735824523716,
                    0.8194358075640228
                ],
                "mean": 0.7841598283916495,
                "std": 0.02125321719014565,
                "min": 0.7629383245010711,
                "max": 0.8194358075640228
            },
            "brier": {
                "per_fold": [
                    0.10500147897649917,
                    0.10010194190590699,
                    0.10562014714955445,
                    0.10214141386513821,
                    0.09487750596913803
                ],
                "mean": 0.10154849757324738,
                "std": 0.003884523467645569,
                "min": 0.09487750596913803,
                "max": 0.10562014714955445
            },
            "f1": {
                "per_fold": [
                    0.3291139240506329,
                    0.375,
                    0.2962962962962963,
                    0.3291139240506329,
                    0.25
                ],
                "mean": 0.31590482887951243,
                "std": 0.04139840736053504,
                "min": 0.25,
                "max": 0.375
            }
        }
    },
    "ensemble": {
        "auc": {
            "per_fold": [
                0.7620363062352012,
                0.754016620498615,
                0.7335066990785233,
                0.7378596868110125,
                0.7853468257108938
            ],
            "mean": 0.7545532276668492,
            "std": 0.018580423916240568,
            "min": 0.7335066990785233,
            "max": 0.7853468257108938
        },
        "brier": {
            "per_fold": [
                0.11359221256434379,
                0.12052348274096522,
                0.1162919733452132,
                0.11567552526753665,
                0.11091357255364036
            ],
            "mean": 0.11539935329433984,
            "std": 0.003178607574753919,
            "min": 0.11091357255364036,
            "max": 0.12052348274096522
        },
        "f1": {
            "per_fold": [
                0.32653061224489793,
                0.3619047619047619,
                0.34782608695652173,
                0.40425531914893614,
                0.36363636363636365
            ],
            "mean": 0.36083062877829625,
            "std": 0.02545717535799591,
            "min": 0.32653061224489793,
            "max": 0.40425531914893614
        }
    },
    "method_comparison": {
        "weighted_avg": {
            "auc": 0.7892728844231964,
            "brier": 0.0914257694524489,
            "score": 0.5269622008512687,
            "calibration": null
        },
        "weighted_avg+isotonic": {
            "auc": 0.779728141965805,
            "brier": 0.09252871183546679,
            "score": 0.5170540231383667,
            "calibration": "isotonic"
        },
        "weighted_avg+platt": {
            "auc": 0.7889082462253194,
            "brier": 0.09305895348369285,
            "score": 0.5205519022683203,
            "calibration": "platt"
        },
        "logistic": {
            "auc": 0.7898765153235351,
            "brier": 0.18701495675756213,
            "score": 0.16493903933944154,
            "calibration": null
        },