{
    "CatBoost_Params": {
        "iterations": 2040,
        "depth": 6,
        "learning_rate": 0.07931372691183962,
        "l2_leaf_reg": 2.538161210889151,
        "random_strength": 5.93314404062833,
        "bagging_temperature": 0.45156508553767244,
        "border_count": 94,
        "loss_function": "Focal:focal_alpha=0.15711339046787495;focal_gamma=1.578686732908534",
        "eval_metric": "AUC",
        "random_state": 42,
        "verbose": false,
        "thread_count": -1
    },
    "XGBoost_Params": {
        "n_estimators": 1287,
        "max_depth": 10,
        "learning_rate": 0.10647946920021452,
        "subsample": 0.9049171216471765,
        "colsample_bytree": 0.9964868036423181,
        "gamma": 0.6259590071436042,
        "min_child_weight": 1,
        "reg_alpha": 0.0468407274925377,
        "reg_lambda": 0.00474191384989929,
        "max_delta_step": 8.616701476157823,
        "scale_pos_weight": 10.675268035788854,
        "objective": "binary:logistic",
        "eval_metric": "auc",
        "random_state": 42,
        "n_jobs": -1,
        "use_label_encoder": false
    },
    "LightGBM_Params": {
        "boosting_type": "dart",
        "n_estimators": 1781,
        "num_leaves": 149,
        "learning_rate": 0.012045845741695434,
        "max_depth": 10,
        "min_child_samples": 15,
        "colsample_bytree": 0.8790517579340611,
        "reg_alpha": 0.23255289145506097,
        "reg_lambda": 0.0010907564235256128,
        "subsample": 0.8506805953261447,
        "subsample_freq": 10,
        "drop_rate": 0.2388458275015145,
        "skip_drop": 0.33631995641695345,
        "is_unbalance": true,
        "objective": "binary",
        "metric": "auc",
        "random_state": 42,
        "n_jobs": -1,
        "verbosity": -1
    },
    "RandomForest_Params": {
        "n_estimators": 353,
        "max_depth": 15,
        "min_samples_split": 11,
        "min_samples_leaf": 2,
        "max_features": "sqrt",
        "class_weight": "balanced_subsample",
        "max_samples": 0.569349819388425,
        "min_impurity_decrease": 0.00010044967086675713,
        "ccp_alpha": 0.0016826109675641097,
        "bootstrap": true,
        "random_state": 42,
        "n_jobs": -1
    },
    "Ensemble_Weights": {
        "Cat": 0.23599602282047272,
        "XGB": 0.12676353752613068,
        "LGBM": 0.37491536140441895,
        "RF": 0.26232507824897766
    }
}