{
    "evaluation_type": "end_to_end_pipeline",
    "description": "Holdout test set (n=514) evaluated through the FULL production inference pipeline. fold_models predict \u2192 average \u2192 meta-features \u2192 meta-learner \u2192 calibrate \u2192 score. These are the metrics of the actual deployed model.",
    "pipeline": "fold_ensemble \u2192 weighted_avg \u2192 threshold",
    "best_method": "weighted_avg",
    "holdout_n": 514,
    "cross_check_vs_trainMeta": true,
    "final_model": {
        "AUC": 0.772988817717946,
        "AUC_95CI": [
            0.7078819395452774,
            0.8358590425287988
        ],
        "Brier": 0.10399235871082554,
        "Brier_95CI": [
            0.0858149878968152,
            0.12180437407053148
        ],
        "optimal_threshold": 0.15757000632584078,
        "clinical_metrics": {
            "sensitivity": 0.7377049180327869,
            "specificity": 0.6887417218543046,
            "ppv": 0.24193548387096775,
            "npv": 0.9512195121951219,
            "tp": 45,
            "tn": 312,
            "fp": 141,
            "fn": 16
        }
    },
    "decision_curve_analysis": {
        "thresholds": [
            0.01,
            0.02,
            0.03,
            0.04,
            0.05,
            0.060000000000000005,
            0.06999999999999999,
            0.08,
            0.09,
            0.09999999999999999,
            0.11,
            0.12,
            0.13,
            0.14,
            0.15000000000000002,
            0.16,
            0.17,
            0.18000000000000002,
            0.19,
            0.2,
            0.21000000000000002,
            0.22,
            0.23,
            0.24000000000000002,
            0.25,
            0.26,
            0.27,
            0.28,
            0.29000000000000004,
            0.3,
            0.31,
            0.32,
            0.33,
            0.34,
            0.35000000000000003,
            0.36000000000000004,
            0.37,
            0.38,
            0.39,
            0.4,
            0.41000000000000003,
            0.42000000000000004,
            0.43,
            0.44,
            0.45,
            0.46,
            0.47000000000000003,
            0.48000000000000004,
            0.49,
            0.5,
            0.51,
            0.52,
            0.53,
            0.54,
            0.55,
            0.56,
            0.5700000000000001,
            0.5800000000000001,
            0.59,
            0.6,
            0.61,
            0.62,
            0.63,
            0.64,
            0.65,
            0.66,
            0.67,
            0.68,
            0.6900000000000001,
            0.7000000000000001,
            0.7100000000000001,
            0.72,
            0.73,
            0.74,
            0.75,
            0.76,
            0.77,
            0.78,
            0.79,
            0.8,
            0.81,
            0.8200000000000001,
            0.8300000000000001,
            0.8400000000000001,
            0.85,
            0.86,
            0.87,
            0.88,
            0.89,
            0.9,
            0.91,
            0.92,
            0.93,
            0.9400000000000001,
            0.9500000000000001,
            0.9600000000000001,
            0.97,
            0.98,
            0.99
        ],
        "net_benefit_model": [
            0.11040364736862791,
            0.10021440482807908,
            0.09346544185486783,
            0.08527885862516213,
            0.07700184312922384,
            0.06900405662720424,
            0.06407681686958705,
            0.06200304517002199,
            0.05802368837388293,
            0.054258538694336354,
            0.04524985791107419,
            0.04085603112840466,
            0.039581376626861654,
            0.0384580580942901,
            0.038109407186999296,
            0.03446359088382434,
            0.02871407810229243,
            0.025529087975704648,
            0.021689004179276557,
            0.01653696498054475,
            0.016524651529330636,
            0.011623266487079717,
            0.01018242457931174,
            0.011058775343026822,
            0.009079118028534366,
            0.00725628352087495,
            0.006929268162677887,
            0.003782965845222641,
            0.002137337644544282,
            0.003057254030016665,
            0.0025376416849940547,
            0.0002288853284504455,
            -0.0038329752018119723,
            -0.004952246197382396,
            -0.008979347500748289,
            -0.008876459143968882,
            -0.012012846643196837,
            -0.011673151750972763,
            -0.013618677042801564,
            -0.016861219195849556,
            -0.01345380201807031,
            -0.012947806252515771,
            -0.015018089972011733,
            -0.01806559199555309,
            -0.025468694729395107,
            -0.02730941057789306,
            -0.023603259672564422,
            -0.02693804250224484,
            -0.026207370107576095,
            -0.025291828793774312,
            -0.02215516556817279,
            -0.020752269779507143,
            -0.023263515191654947,
            -0.016917611233293862,
            -0.014699524427150903,
            -0.01910152104704635,
            -0.021038820016288137,
            -0.022883083194367257,
            -0.02268197779254056,
            -0.025291828793774312,
            -0.024992517210416038,
            -0.01187794388695474,
            -0.01409191292459775,
            -0.009511456982274104,
            -0.015564202334630357,
            -0.019798580910963613,
            -0.018276146680815952,
            -0.020671206225680944,
            -0.018890422994853787,
            -0.012321660181582372,
            -0.009794713538172566,
            -0.013896609227348526,
            -0.0109525868280732,
            -0.013169709667764137,
            -0.017509727626459144,
            -0.007782101167315175,
            -0.00989680257147691,
            -0.01414927484966396,
            -0.00935705021308135,
            -0.01167315175097277,
            -0.007884497235306175,
            -0.012105490704712507,
            -0.014648661020828582,
            -0.019455252918287966,
            -0.024643320363164717,
            -0.02834908282379099,
            -0.032624962586052075,
            -0.037613488975356685,
            -0.04350902016271667,
            -0.05058365758754865,
            -0.061175961954172096,
            -0.051556420233463074,
            -0.06197887715397449,
            -0.0492866407263295,
            -0.025291828793774375,
            -0.03501945525291838,
            -0.05512321660181578,
            0.0019455252918287938,
            0.0
        ],