{
    "Final_Model": {
        "AUC": 0.772988817717946,
        "AUC_95CI_lower": 0.7078819395452774,
        "AUC_95CI_upper": 0.8358590425287988,
        "Brier": 0.10399235871082554,
        "Brier_95CI_lower": 0.0858149878968152,
        "Brier_95CI_upper": 0.12180437407053148,
        "Best_Method": "weighted_avg",
        "Optimal_Threshold": 0.4100000000000001
    },
    "LR_Baseline": {
        "AUC": 0.8106611659971772,
        "Brier": 0.17485229610278893,
        "F1_Score": 0.3861003861003861,
        "Sensitivity": 0.819672131147541,
        "Specificity": 0.673289183222958,
        "PPV": 0.25252525252525254,
        "NPV": 0.9651898734177216,
        "Net_Benefit": -0.12066993337212771,
        "Calibration_Slope": 0.8821582035792785,
        "Threshold": 0.43082252713201297
    },
    "TearSense_vs_LR": {
        "AUC_Improvement": -0.03767234827923116,
        "AUC_Improvement_Pct": -4.6471139681263995,
        "Brier_Improvement": 0.07085993739196339
    },
    "Individual_Assessment_Test": {
        "CatBoost": {
            "AUC": 0.783773025006333,
            "Brier": 0.08888125334344583
        },
        "XGBoost": {
            "AUC": 0.772988817717946,
            "Brier": 0.10399235871082563
        },
        "LightGBM": {
            "AUC": 0.7682119205298014,
            "Brier": 0.09128214917313168
        },
        "RandomForest": {
            "AUC": 0.7693337675967141,
            "Brier": 0.09054052715182581
        }
    },
    "Self_Assessment_CV": {
        "CatBoost": {
            "AUC": 0.800371817051456,
            "Brier": 0.09320180005276343
        },
        "XGBoost": {
            "AUC": 0.7646434145014427,
            "Brier": 0.12833458780367793
        },
        "LightGBM": {
            "AUC": 0.7617725377290692,
            "Brier": 0.10646579993042093
        },
        "RandomForest": {
            "AUC": 0.7760244856731202,
            "Brier": 0.0969933759933094
        }
    },
    "Ensemble_Weights": {
        "CatBoost": 1.3017364963729952e-15,
        "XGBoost": 0.9999999999999976,
        "LightGBM": 1.1157741397482822e-15,
        "RandomForest": 2.2482016248659384e-16
    }
}