{
    "tearsense": {
        "AUC": 0.772988817717946,
        "Brier": 0.10399235871082554
    },
    "logistic_regression": {
        "AUC": 0.8106611659971772,
        "Brier": 0.17485229610278893
    },
    "improvement": {
        "AUC_delta": -0.03767234827923116,
        "AUC_pct": -4.6471139681263995,
        "Brier_delta": -0.07085993739196339
    }
}