{
    "best_method": "weighted_avg",
    "base_models": {
        "CatBoost": {
            "auc": {
                "per_fold": [
                    0.7769196076220544,
                    0.7797783933518004,
                    0.7757363333144893,
                    0.7507490530838374,
                    0.8300073492000679
                ],
                "mean": 0.7826381473144499,
                "std": 0.02588153992157253,
                "min": 0.7507490530838374,
                "max": 0.8300073492000679
            },
            "brier": {
                "per_fold": [
                    0.09167931924500906,
                    0.09225736819973282,
                    0.09390309422318191,
                    0.09375180237227825,
                    0.09013616353991562
                ],
                "mean": 0.09234554951602353,
                "std": 0.001395458184289498,
                "min": 0.09013616353991562,
                "max": 0.09390309422318191
            },
            "f1": {
                "per_fold": [
                    0.0784313725490196,
                    0.1694915254237288,
                    0.07547169811320754,
                    0.07692307692307693,
                    0.07692307692307693
                ],
                "mean": 0.09544814998642195,
                "std": 0.037033518477053884,
                "min": 0.07547169811320754,
                "max": 0.1694915254237288
            }
        },
        "XGBoost": {
            "auc": {
                "per_fold": [
                    0.7496335550794903,
                    0.7629362880886427,
                    0.7583809146927468,
                    0.7651647916784442,
                    0.8318729153711346
                ],
                "mean": 0.7735976929820917,
                "std": 0.029619625825163635,
                "min": 0.7496335550794903,
                "max": 0.8318729153711346
            },
            "brier": {
                "per_fold": [
                    0.10550778142805264,
                    0.11563774695428872,
                    0.11466125155244107,
                    0.10834626063119654,
                    0.09317989027644889
                ],
                "mean": 0.10746658616848556,
                "std": 0.008090135984735493,
                "min": 0.09317989027644889,
                "max": 0.11563774695428872
            },
            "f1": {
                "per_fold": [
                    0.3170731707317073,
                    0.32,
                    0.3673469387755102,
                    0.3448275862068966,
                    0.3076923076923077
                ],
                "mean": 0.3313880006812844,
                "std": 0.02177041327212091,
                "min": 0.3076923076923077,
                "max": 0.3673469387755102
            }
        },
        "LightGBM": {
            "auc": {
                "per_fold": [
                    0.7725222685759386,
                    0.7690858725761772,
                    0.7680479393973655,
                    0.7741534286844931,
                    0.828085250720787
                ],
                "mean": 0.7823789519909523,
                "std": 0.022960675371054992,
                "min": 0.7680479393973655,
                "max": 0.828085250720787
            },
            "brier": {
                "per_fold": [
                    0.09882955551111774,
                    0.0998062097283976,
                    0.10321512467007717,
                    0.1009647556500813,
                    0.09420211781980105
                ],
                "mean": 0.09940355267589497,
                "std": 0.0029836878456947695,
                "min": 0.09420211781980105,
                "max": 0.10321512467007717
            },
            "f1": {
                "per_fold": [
                    0.4,
                    0.3614457831325301,
                    0.35714285714285715,
                    0.40476190476190477,
                    0.2222222222222222
                ],
                "mean": 0.34911455345190284,
                "std": 0.06633872622942287,
                "min": 0.2222222222222222,
                "max": 0.40476190476190477
            }
        },
        "RandomForest": {
            "auc": {
                "per_fold": [
                    0.7540872702672229,
                    0.7905817174515235,
                    0.767030357849511,
                    0.7694612471027192,
                    0.8267284753236473
                ],
                "mean": 0.7815778135989249,
                "std": 0.02543156371078063,
                "min": 0.7540872702672229,
                "max": 0.8267284753236473
            },
            "brier": {
                "per_fold": [
                    0.10031911502395884,
                    0.09672483883244136,
                    0.10196039757286572,
                    0.09730514936653122,
                    0.09108061928313961
                ],
                "mean": 0.09747802401578734,
                "std": 0.0037332943012835015,
                "min": 0.09108061928313961,
                "max": 0.10196039757286572
            },
            "f1": {
                "per_fold": [
                    0.23529411764705882,
                    0.35443037974683544,
                    0.2,
                    0.3013698630136986,
                    0.23880597014925373
                ],
                "mean": 0.26598006611136926,
                "std": 0.05497149034831363,
                "min": 0.2,
                "max": 0.35443037974683544
            }
        }
    },
    "ensemble": {
        "auc": {
            "per_fold": [
                0.7496335550794903,
                0.7629362880886427,
                0.7583809146927468,
                0.7651647916784442,
                0.8318729153711346
            ],
            "mean": 0.7735976929820917,
            "std": 0.029619625825163635,
            "min": 0.7496335550794903,
            "max": 0.8318729153711346
        },
        "brier": {
            "per_fold": [
                0.10550778142804358,
                0.11563774695428872,
                0.11466125155243514,
                0.10834626063119654,
                0.09317989027644889
            ],
            "mean": 0.10746658616848259,
            "std": 0.008090135984734879,
            "min": 0.09317989027644889,
            "max": 0.11563774695428872
        },
        "f1": {
            "per_fold": [
                0.3170731707317073,
                0.32,
                0.3673469387755102,
                0.3448275862068966,
                0.3076923076923077
            ],
            "mean": 0.3313880006812844,
            "std": 0.02177041327212091,
            "min": 0.3076923076923077,
            "max": 0.3673469387755102
        }
    },
    "method_comparison": {
        "weighted_avg": {
            "auc": 0.7889600158460056,
            "brier": 0.0913316635668578,
            "score": 0.5271312417437607,
            "calibration": null
        },
        "weighted_avg+isotonic": {
            "auc": 0.7770136131593873,
            "brier": 0.09118673998416235,
            "score": 0.5205128156386819,
            "calibration": "isotonic"
        },
        "weighted_avg+platt": {
            "auc": 0.7884063059899702,
            "brier": 0.09241966300132186,
            "score": 0.522674333361858,
            "calibration": "platt"
        },
        "logistic": {
            "auc": 0.7878305842286104,
            "brier": 0.1881868532361177,
            "score": 0.15926873861238633,
            "calibration": null
        },
        "logistic+isotonic": {
            "auc": 0.7787692785565729,
            "brier": 0.09243078329935073,
            "score": 0.5168499590689487,
            "calibration": "isotonic"
        },
        "logistic+platt": {
            "auc": 0.7826103593261846,