{
    "tearsense": {
        "model_serial": "06022026_100405_54510",
        "holdout_n": 514,
        "inference_verified": true,
        "stored_AUC": 0.7813121991821372,
        "stored_Brier": 0.09583781393546806,
        "stored_threshold": 0.3400000000000001,
        "AUC": 0.7813121991821372,
        "Brier_Score": 0.09583781390334033,
        "Calibration_Slope": 0.6985126281196605,
        "Calibration_Intercept": -0.867821968800395,
        "Net_Benefit": 0.05042165790054366,
        "Optimal_Threshold_Used": 0.1211102485656732,
        "Youden_J_Threshold": 0.1211102485656732,
        "F1_Score": 0.36015325670498083,
        "Sensitivity_Recall": 0.7704918032786885,
        "Specificity": 0.6622516556291391,
        "PPV_Precision": 0.235,
        "NPV": 0.9554140127388535,
        "Confusion_Matrix": {
            "TP": 47,
            "TN": 300,
            "FP": 153,
            "FN": 14
        },
        "AUC_95CI": [
            0.716366168520123,
            0.8413941143602162
        ],
        "AUC_Text": "0.7813 (0.7164-0.8414)",
        "Brier_Score_95CI": [
            0.07785125157432189,
            0.11311324354230567
        ],
        "Brier_Score_Text": "0.0958 (0.0779-0.1131)",
        "F1_Score_95CI": [
            0.28233115468409586,
            0.43636363636363634
        ],
        "F1_Score_Text": "0.3602 (0.2823-0.4364)",
        "Sensitivity_Recall_95CI": [
            0.6594913563829787,
            0.8730214621059692
        ],
        "Sensitivity_Recall_Text": "0.7705 (0.6595-0.8730)",
        "Specificity_95CI": [
            0.6158897018421585,
            0.7066948051948052
        ],
        "Specificity_Text": "0.6623 (0.6159-0.7067)",
        "PPV_Precision_95CI": [
            0.17646296860713198,
            0.29758268420380535
        ],
        "PPV_Precision_Text": "0.2350 (0.1765-0.2976)",
        "NPV_95CI": [
            0.9324559126041022,
            0.977200547823512
        ],
        "NPV_Text": "0.9554 (0.9325-0.9772)",
        "Net_Benefit_95CI": [
            0.02458866548877814,
            0.07893058715042855
        ],
        "Net_Benefit_Text": "0.0504 (0.0246-0.0789)",
        "Calibration_Slope_95CI": [
            0.5285508968447288,
            0.8962180113766576
        ],
        "Calibration_Slope_Text": "0.6985 (0.5286-0.8962)"
    },
    "logistic_regression": {
        "AUC": 0.8106611659971772,
        "Brier_Score": 0.17485229610280642,
        "F1_Score": 0.3861003861003861,
        "Sensitivity_Recall": 0.819672131147541,
        "Specificity": 0.673289183222958,
        "PPV_Precision": 0.25252525252525254,
        "NPV": 0.9651898734177216,
        "Net_Benefit": -0.12066993337223451,
        "Calibration_Slope": 0.8821582035791161,
        "Calibration_Intercept": -1.9580869173522404,
        "Threshold_Used": 0.43082252713213315,
        "Confusion_Matrix": {
            "TP": 50,
            "TN": 305,
            "FP": 148,
            "FN": 11
        },
        "AUC_95CI": [
            0.7521794662966538,
            0.8631149614337568
        ],
        "Brier_Score_95CI": [
            0.15675797066713185,
            0.19277571042690916
        ],
        "F1_Score_95CI": [
            0.309478021978022,
            0.4545624151967435
        ],
        "Sensitivity_Recall_95CI": [
            0.7212933944069432,
            0.9111403508771929
        ],
        "Specificity_95CI": [
            0.6296276469188675,
            0.715232159296766
        ],
        "PPV_Precision_95CI": [
            0.19288327256261767,
            0.31156296186816435
        ],
        "NPV_95CI": [
            0.9438819353633476,
            0.984178463043565
        ],
        "Net_Benefit_95CI": [
            -0.16230365857180526,
            -0.07807198326155126
        ],
        "Calibration_Slope_95CI": [
            0.6671257244850478,
            1.1635364636314967
        ]
    },
    "lr_formula": "z = -0.7181 + 1.1932 \u00d7 tear_characteristics_Tear_MedLat + 0.7155 \u00d7 tear_characteristics_Full_3.0\n    - 0.7025 \u00d7 Tear_Area_cm2 + 0.4783 \u00d7 Tear_AP_ML_Ratio + 0.4497 \u00d7 InsuranceType_5.0\n    + 0.3984 \u00d7 Aged + 0.3697 \u00d7 tear_characteristics_Full_nan + 0.3136 \u00d7 Gender_M + 0.3018 \u00d7 Pre-Op_ROM_Pre-Op_IR + 0.2575 \u00d7 tear_characteristics_Tear_AntPost\n    + ... (30 more terms)\n\nP(retear) = 1 / (1 + exp(-z))",
    "comparison": {
        "AUC_difference": -0.029348966815039956,
        "Brier_difference": -0.0790144821994661,
        "TearSense_better_AUC": false,
        "TearSense_better_Brier": true
    }
}