{
    "best_method": "logistic+platt",
    "base_models": {
        "CatBoost": {
            "auc": {
                "per_fold": [
                    0.7630510767843048,
                    0.7653185595567867,
                    0.7570806716038216,
                    0.7332240375374527,
                    0.8168918536943863
                ],
                "mean": 0.7671132398353504,
                "std": 0.027374305110415734,
                "min": 0.7332240375374527,
                "max": 0.8168918536943863
            },
            "brier": {
                "per_fold": [
                    0.09266226827098824,
                    0.09722896989425968,
                    0.09687002105274022,
                    0.09557631679054716,
                    0.09165670744236346
                ],
                "mean": 0.09479885669017976,
                "std": 0.0022466743501283496,
                "min": 0.09165670744236346,
                "max": 0.09722896989425968
            },
            "f1": {
                "per_fold": [
                    0.1111111111111111,
                    0.2222222222222222,
                    0.10344827586206896,
                    0.10909090909090909,
                    0.07272727272727272
                ],
                "mean": 0.12371995820271682,
                "std": 0.0511603033548106,
                "min": 0.07272727272727272,
                "max": 0.2222222222222222
            }
        },
        "XGBoost": {
            "auc": {
                "per_fold": [
                    0.7542563986920735,
                    0.7601108033240996,
                    0.7568545423709649,
                    0.7543671208095426,
                    0.8271807337893606
                ],
                "mean": 0.7705539197972083,
                "std": 0.02839348285110091,
                "min": 0.7542563986920735,
                "max": 0.8271807337893606
            },
            "brier": {
                "per_fold": [
                    0.11915463214353941,
                    0.12225701636441338,
                    0.12318950511189507,
                    0.12136144178261288,
                    0.10188057175001923
                ],
                "mean": 0.11756863343049599,
                "std": 0.007957275908222717,
                "min": 0.10188057175001923,
                "max": 0.12318950511189507
            },
            "f1": {
                "per_fold": [
                    0.3619047619047619,
                    0.39316239316239315,
                    0.35294117647058826,
                    0.3300970873786408,
                    0.3218390804597701
                ],
                "mean": 0.35198889987523085,
                "std": 0.025229945561342417,
                "min": 0.3218390804597701,
                "max": 0.39316239316239315
            }
        },
        "LightGBM": {
            "auc": {
                "per_fold": [
                    0.7729169015672568,
                    0.7683656509695291,
                    0.7765277856294873,
                    0.7593419639323873,
                    0.8396743739046867
                ],
                "mean": 0.7833653352006695,
                "std": 0.028735840281531207,
                "min": 0.7593419639323873,
                "max": 0.8396743739046867
            },
            "brier": {
                "per_fold": [
                    0.09596186520544522,
                    0.0993482536602291,
                    0.10122092194691008,
                    0.09899576201758217,
                    0.08851159617343621
                ],
                "mean": 0.09680767980072055,
                "std": 0.004477931027712329,
                "min": 0.08851159617343621,
                "max": 0.10122092194691008
            },
            "f1": {
                "per_fold": [
                    0.3950617283950617,
                    0.34146341463414637,
                    0.36585365853658536,
                    0.36585365853658536,
                    0.2894736842105263
                ],
                "mean": 0.35154122886258105,
                "std": 0.03537701967283546,
                "min": 0.2894736842105263,
                "max": 0.3950617283950617
            }
        },
        "RandomForest": {
            "auc": {
                "per_fold": [
                    0.7542563986920735,
                    0.7946814404432133,
                    0.7765843179377014,
                    0.7557804285148962,
                    0.8207925829611623
                ],
                "mean": 0.7804190337098094,
                "std": 0.02505868754366589,
                "min": 0.7542563986920735,
                "max": 0.8207925829611623
            },
            "brier": {
                "per_fold": [
                    0.10627796035604864,
                    0.10069188465078983,
                    0.10618698135306469,
                    0.10499966870588881,
                    0.09661376602139313
                ],
                "mean": 0.10295405221743703,
                "std": 0.003768325200273454,
                "min": 0.09661376602139313,
                "max": 0.10627796035604864
            },
            "f1": {
                "per_fold": [
                    0.3076923076923077,
                    0.35,
                    0.27848101265822783,
                    0.29333333333333333,
                    0.28169014084507044
                ],
                "mean": 0.3022393589057879,
                "std": 0.0259879208826779,
                "min": 0.27848101265822783,
                "max": 0.35
            }
        }
    },
    "ensemble": {
        "auc": {
            "per_fold": [
                0.7782726350208592,
                0.7844321329639888,
                0.7817287579851885,
                0.7591158346995308,
                0.8442534908700322
            ],
            "mean": 0.7895605703079199,
            "std": 0.028751532560099213,
            "min": 0.7591158346995308,
            "max": 0.8442534908700322
        },
        "brier": {
            "per_fold": [
                0.1928743279028628,
                0.17852618959851177,
                0.18842587795352744,
                0.18755042025235794,
                0.17391322699742454
            ],
            "mean": 0.1842580085409369,
            "std": 0.0069616136525427336,
            "min": 0.17391322699742454,
            "max": 0.1928743279028628
        },
        "f1": {
            "per_fold": [
                0.35233160621761656,
                0.4117647058823529,
                0.36363636363636365,
                0.3411764705882353,
                0.4482758620689655
            ],
            "mean": 0.3834370016787068,
            "std": 0.040378459663241585,
            "min": 0.3411764705882353,
            "max": 0.4482758620689655
        }
    },
    "method_comparison": {
        "weighted_avg": {
            "auc": 0.787089556942081,
            "brier": 0.09238693933737105,
            "score": 0.5220083416474213,
            "calibration": null
        },
        "weighted_avg+isotonic": {
            "auc": 0.7729249385517112,
            "brier": 0.09273551824990216,
            "score": 0.5121880834103701,
            "calibration": "isotonic"
        },
        "weighted_avg+platt": {
            "auc": 0.786445812963113,
            "brier": 0.093244047184095,
            "score": 0.5183727390592716,
            "calibration": "platt"
        },
        "logistic": {
            "auc": 0.7895605703079199,
            "brier": 0.1842580085409369,
            "score": 0.17520125715170293,
            "calibration": null
        },
        "logistic+isotonic": {
            "auc": 0.7750801303694099,
            "brier": 0.09372236168979656,
            "score": 0.5097400055310904,
            "calibration": "isotonic"
        },