{
    "evaluation_type": "end_to_end_pipeline",
    "description": "Holdout test set (n=514) evaluated through the FULL production inference pipeline. fold_models predict \u2192 average \u2192 meta-features \u2192 meta-learner \u2192 calibrate \u2192 score. These are the metrics of the actual deployed model.",
    "pipeline": "fold_ensemble \u2192 13 meta-features \u2192 xgb_meta \u2192 threshold",
    "best_method": "xgb_meta",
    "holdout_n": 514,
    "cross_check_vs_trainMeta": true,
    "final_model": {
        "AUC": 0.7850758151485543,
        "AUC_95CI": [
            0.7183287336776192,
            0.8472351979216831
        ],
        "Brier": 0.08838276859357223,
        "Brier_95CI": [
            0.07044413082698371,
            0.10547934292034268
        ],
        "optimal_threshold": 0.17699690163135529,
        "clinical_metrics": {
            "sensitivity": 0.5901639344262295,
            "specificity": 0.8565121412803532,
            "ppv": 0.3564356435643564,
            "npv": 0.9394673123486683,
            "tp": 36,
            "tn": 388,
            "fp": 65,
            "fn": 25
        }
    },
    "decision_curve_analysis": {
        "thresholds": [
            0.01,
            0.02,
            0.03,
            0.04,
            0.05,
            0.06,
            0.07,
            0.08,
            0.09,
            0.1,
            0.11,
            0.12,
            0.13,
            0.14,
            0.15,
            0.16,
            0.17,
            0.18,
            0.19,
            0.2,
            0.21,
            0.22,
            0.23,
            0.24,
            0.25,
            0.26,
            0.27,
            0.28,
            0.29,
            0.3,
            0.31,
            0.32,
            0.33,
            0.34,
            0.35000000000000003,
            0.36,
            0.37,
            0.38,
            0.39,
            0.4,
            0.41000000000000003,
            0.42,
            0.43,
            0.44,
            0.45,
            0.46,
            0.47000000000000003,
            0.48,
            0.49,
            0.5,
            0.51,
            0.52,
            0.53,
            0.54,
            0.55,
            0.56,
            0.5700000000000001,
            0.58,
            0.59,
            0.6,
            0.61,
            0.62,
            0.63,
            0.64,
            0.65,
            0.66,
            0.67,
            0.68,
            0.6900000000000001,
            0.7000000000000001,
            0.71,
            0.72,
            0.73,
            0.74,
            0.75,
            0.76,
            0.77,
            0.78,
            0.79,
            0.8,
            0.81,
            0.8200000000000001,
            0.8300000000000001,
            0.84,
            0.85,
            0.86,
            0.87,
            0.88,
            0.89,
            0.9,
            0.91,
            0.92,
            0.93,
            0.9400000000000001,
            0.9500000000000001,
            0.96,
            0.97,
            0.98,
            0.99
        ],
        "net_benefit_model": [
            0.10977479070864285,
            0.10069086000158818,
            0.09141963175418187,
            0.08390077821011672,
            0.07853778414908869,
            0.07231558903882772,
            0.06953683946278398,
            0.06657080020301133,
            0.06244922392782315,
            0.057501080847384346,
            0.05222314519302235,
            0.04686947293951185,
            0.04206359855091909,
            0.04094652067686182,
            0.03948271915770199,
            0.03965165832870113,
            0.041746753551169656,
            0.040761127455632526,
            0.03910265648268242,
            0.03599221789883268,
            0.033418706595084474,
            0.02953207622468323,
            0.027161554398908487,
            0.026110997337702235,
            0.02529182879377432,
            0.02324113997265748,
            0.01985501838921166,
            0.01794206658019887,
            0.02205842056228421,
            0.023346303501945526,
            0.024840692494219815,
            0.025635156786449988,
            0.028485974795284277,
            0.027708996580591908,
            0.026189763543849144,
            0.02213035019455253,
            0.022790439132851587,
            0.02234216141584034,
            0.021177521209415066,
            0.020103761348897534,
            0.012101826815274021,
            0.0,
            0.0,
            0.0,
            0.0,
            0.0,
            0.0,
            0.0,
            0.0,
            0.0,
            0.0,
            0.0,
            0.0,
            0.0,
            0.0,
            0.0,
            0.0,
            0.0,
            0.0,
            0.0,
            0.0,
            0.0,
            0.0,
            0.0,
            0.0,
            0.0,
            0.0,
            0.0,
            0.0,
            0.0,
            0.0,
            0.0,
            0.0,
            0.0,
            0.0,
            0.0,
            0.0,
            0.0,
            0.0,
            0.0,
            0.0,
            0.0,
            0.0,
            0.0,
            0.0,
            0.0,
            0.0,
            0.0,
            0.0,
            0.0,
            0.0,
            0.0,
            0.0,
            0.0,
            0.0,
            0.0,
            0.0,
            0.0,
            0.0
        ],