{
    "Final_Model": {
        "AUC": 0.7850758151485543,
        "AUC_95CI_lower": 0.7183287336776192,
        "AUC_95CI_upper": 0.8472351979216831,
        "Brier": 0.08838276859357223,
        "Brier_95CI_lower": 0.07044413082698371,
        "Brier_95CI_upper": 0.10547934292034268,
        "Best_Method": "xgb_meta",
        "Optimal_Threshold": 0.18000000000000002
    },
    "LR_Baseline": {
        "AUC": 0.8106611659971772,
        "Brier": 0.17485229610278588,
        "F1_Score": 0.3861003861003861,
        "Sensitivity": 0.819672131147541,
        "Specificity": 0.673289183222958,
        "PPV": 0.25252525252525254,
        "NPV": 0.9651898734177216,
        "Net_Benefit": -0.12066993337211158,
        "Calibration_Slope": 0.8821582035793077,
        "Threshold": 0.4308225271319948
    },
    "TearSense_vs_LR": {
        "AUC_Improvement": -0.0255853508486229,
        "AUC_Improvement_Pct": -3.156109102272205,
        "Brier_Improvement": 0.08646952750921365
    },
    "Individual_Assessment_Test": {
        "CatBoost": {
            "AUC": 0.7948467412152138,
            "Brier": 0.09098580450091227
        },
        "XGBoost": {
            "AUC": 0.7830130640900372,
            "Brier": 0.09457195636657913
        },
        "LightGBM": {
            "AUC": 0.7683204863749864,
            "Brier": 0.09643811832362319
        },
        "RandomForest": {
            "AUC": 0.7729526291028842,
            "Brier": 0.09928921600426792
        }
    },
    "Self_Assessment_CV": {
        "CatBoost": {
            "AUC": 0.7940488820189466,
            "Brier": 0.09586952286422609
        },
        "XGBoost": {
            "AUC": 0.7725987845866068,
            "Brier": 0.11361355338891048
        },
        "LightGBM": {
            "AUC": 0.7727296615651204,
            "Brier": 0.10496575522827574
        },
        "RandomForest": {
            "AUC": 0.7774915028192756,
            "Brier": 0.10636251930749016
        }
    },
    "Ensemble_Weights": {
        "CatBoost": 0.3979550302028656,
        "XGBoost": 0.0,
        "LightGBM": 0.32621392607688904,
        "RandomForest": 0.275831013917923
    }
}