{
    "tearsense": {
        "AUC": 0.7850758151485543,
        "Brier": 0.08838276859357223
    },
    "logistic_regression": {
        "AUC": 0.8106611659971772,
        "Brier": 0.17485229610278588
    },
    "improvement": {
        "AUC_delta": -0.0255853508486229,
        "AUC_pct": -3.156109102272205,
        "Brier_delta": -0.08646952750921365
    }
}