{
    "evaluation_type": "end_to_end_pipeline",
    "description": "Holdout test set (n=514) evaluated through the FULL production inference pipeline. fold_models predict \u2192 average \u2192 meta-features \u2192 meta-learner \u2192 calibrate \u2192 score. These are the metrics of the actual deployed model.",
    "pipeline": "fold_ensemble \u2192 weighted_avg \u2192 threshold",
    "best_method": "weighted_avg",
    "holdout_n": 514,
    "cross_check_vs_trainMeta": true,
    "final_model": {
        "AUC": 0.7723012340317736,
        "AUC_95CI": [
            0.7070687947146624,
            0.8350027586792292
        ],
        "Brier": 0.0971364509096976,
        "Brier_95CI": [
            0.0776114630284216,
            0.11650616283780588
        ],
        "optimal_threshold": 0.15263807680458022,
        "clinical_metrics": {
            "sensitivity": 0.6557377049180327,
            "specificity": 0.7726269315673289,
            "ppv": 0.27972027972027974,
            "npv": 0.9433962264150944,
            "tp": 40,
            "tn": 350,
            "fp": 103,
            "fn": 21
        }
    },
    "decision_curve_analysis": {
        "thresholds": [
            0.01,
            0.02,
            0.03,
            0.04,
            0.05,
            0.060000000000000005,
            0.06999999999999999,
            0.08,
            0.09,
            0.09999999999999999,
            0.11,
            0.12,
            0.13,
            0.14,
            0.15000000000000002,
            0.16,
            0.17,
            0.18000000000000002,
            0.19,
            0.2,
            0.21000000000000002,
            0.22,
            0.23,
            0.24000000000000002,
            0.25,
            0.26,
            0.27,
            0.28,
            0.29000000000000004,
            0.3,
            0.31,
            0.32,
            0.33,
            0.34,
            0.35000000000000003,
            0.36000000000000004,
            0.37,
            0.38,
            0.39,
            0.4,
            0.41000000000000003,
            0.42000000000000004,
            0.43,
            0.44,
            0.45,
            0.46,
            0.47000000000000003,
            0.48000000000000004,
            0.49,
            0.5,
            0.51,
            0.52,
            0.53,
            0.54,
            0.55,
            0.56,
            0.5700000000000001,
            0.5800000000000001,
            0.59,
            0.6,
            0.61,
            0.62,
            0.63,
            0.64,
            0.65,
            0.66,
            0.67,
            0.68,
            0.6900000000000001,
            0.7000000000000001,
            0.7100000000000001,
            0.72,
            0.73,
            0.74,
            0.75,
            0.76,
            0.77,
            0.78,
            0.79,
            0.8,
            0.81,
            0.8200000000000001,
            0.8300000000000001,
            0.8400000000000001,
            0.85,
            0.86,
            0.87,
            0.88,
            0.89,
            0.9,
            0.91,
            0.92,
            0.93,
            0.9400000000000001,
            0.9500000000000001,
            0.9600000000000001,
            0.97,
            0.98,
            0.99
        ],
        "net_benefit_model": [
            0.10800613135243485,
            0.0958468990709124,
            0.08837097356492438,
            0.08098249027237353,
            0.07648986278926889,
            0.06809338521400778,
            0.06595958328103427,
            0.06048046015902554,
            0.05246504468294352,
            0.049502810203199306,
            0.04874743146941808,
            0.04598514326140785,
            0.044098573281452655,
            0.04266582209754773,
            0.04245822842755779,
            0.03687233648323142,
            0.03412873283015329,
            0.028803264686343352,
            0.025988374885910555,
            0.022373540856031125,
            0.02024331379599073,
            0.017260301306993922,
            0.015766334832482694,
            0.014335449518738476,
            0.012970168612191961,
            0.013829004101377641,
            0.01281914610095411,
            0.011889321227842621,
            0.009892037047185831,
            0.00917176209005003,
            0.0083460215417583,
            0.006981002517738609,
            0.004675068238573658,
            0.0022992571630703826,
            0.0019455252918287869,
            0.0017023346303501816,
            0.005002779321845473,
            0.003200702899460277,
            -0.0009568157172928499,
            -0.0025940337224383964,
            -0.0021433753215062967,
            -0.00013417415805716537,
            -0.00273056181309303,
            -0.004168982768204557,
            -0.004598514326140779,
            -0.004971897968006921,
            -0.0037809265105352013,
            -0.0038910505836575876,
            -0.003929198138399322,
            -0.0019455252918287938,
            0.000357341380131819,
            -0.0011348897535667993,
            0.0016143720506664391,
            8.458805616646387e-05,
            -0.0015131863380890703,
            -0.00512911213300319,
            -0.001719301420685923,
            -0.0025940337224384033,
            -0.0041757616019739915,
            -0.006809338521400775,
            -0.007333133792277763,
            -0.010853983207044851,
            -0.012514459985277102,
            -0.01426718547341116,
            -0.01806559199555309,
            -0.008697642481116964,
            -0.010258224266006373,
            -0.011916342412451368,
            -0.01368143592318314,
            -0.01750972762645915,
            -0.0099959747752583,
            -0.011673151750972763,
            -0.013474564058221637,
            -0.015414546542951206,
            -0.011673151750972763,
            -0.007457846952010377,
            -0.009220098122145158,
            -0.011142553944110366,
            -0.005929219937002045,
            -0.009727626459143976,
            -0.011775547818963762,
            -0.015996541288370095,
            -0.01853971160448617,
            -0.023346303501945553,
            -0.02658884565499351,
            -0.020289049471928847,
            -0.023495959293624663,
            -0.0311284046692607,
            -0.01980898478952954,
            -0.023346303501945533,
            -0.007998270644185047,
            -0.01070038910505838,
            -0.014174541411895517,
            -0.01880674448767837,
            -0.02723735408560317,
            -0.03696498054474717,
            0.0038910505836575876,
            0.0019455252918287938,
            0.0
        ],