{
    "CatBoost_Params": {
        "iterations": 875,
        "depth": 8,
        "learning_rate": 0.14820878920895633,
        "l2_leaf_reg": 1.0390189616014758,
        "random_strength": 8.33623492181708,
        "bagging_temperature": 0.9135545776414457,
        "border_count": 75,
        "loss_function": "Focal:focal_alpha=0.13749824732475982;focal_gamma=1.2320448281972896",
        "eval_metric": "AUC",
        "random_state": 42,
        "verbose": false,
        "thread_count": -1
    },
    "XGBoost_Params": {
        "n_estimators": 955,
        "max_depth": 10,
        "learning_rate": 0.06313201151122565,
        "subsample": 0.7917960146644082,
        "colsample_bytree": 0.5413155982269572,
        "gamma": 1.0263802911144047,
        "min_child_weight": 2,
        "reg_alpha": 0.49387746095533375,
        "reg_lambda": 0.09792424155117657,
        "max_delta_step": 2.517468455286911,
        "scale_pos_weight": 9.438059414486027,
        "objective": "binary:logistic",
        "eval_metric": "auc",
        "random_state": 42,
        "n_jobs": -1,
        "use_label_encoder": false
    },
    "LightGBM_Params": {
        "boosting_type": "dart",
        "n_estimators": 1176,
        "num_leaves": 65,
        "learning_rate": 0.07354923874507467,
        "max_depth": 12,
        "min_child_samples": 7,
        "colsample_bytree": 0.893140088560179,
        "reg_alpha": 1.7822039410327937,
        "reg_lambda": 0.0021389956145582392,
        "subsample": 0.9427933538715932,
        "subsample_freq": 10,
        "drop_rate": 0.06506703874098947,
        "skip_drop": 0.3744472534634753,
        "is_unbalance": true,
        "objective": "binary",
        "metric": "auc",
        "random_state": 42,
        "n_jobs": -1,
        "verbosity": -1
    },
    "RandomForest_Params": {
        "n_estimators": 503,
        "max_depth": 24,
        "min_samples_split": 15,
        "min_samples_leaf": 5,
        "max_features": 0.7,
        "class_weight": "balanced_subsample",
        "max_samples": 0.5206739011147504,
        "min_impurity_decrease": 0.0009362672888159969,
        "ccp_alpha": 0.002429192849157301,
        "bootstrap": true,
        "random_state": 42,
        "n_jobs": -1
    },
    "Ensemble_Weights": {
        "Cat": 5.143721775934346e-16,
        "XGB": 0.9999999999999947,
        "LGBM": 4.342012860369944e-15,
        "RF": 4.847970314673555e-16
    }
}