{
    "tearsense": {
        "model_serial": "04022026_185646_13158",
        "holdout_n": 514,
        "inference_verified": true,
        "stored_AUC": 0.7729888177179459,
        "stored_Brier": 0.08951901961418793,
        "stored_threshold": 0.23000000000000004,
        "AUC": 0.7729888177179459,
        "Brier_Score": 0.08951901644468307,
        "Calibration_Slope": 1.1791002411705271,
        "Calibration_Intercept": 0.2673702531921754,
        "Net_Benefit": 0.033989745627384195,
        "Optimal_Threshold_Used": 0.2171037197113037,
        "Youden_J_Threshold": 0.2171037197113037,
        "F1_Score": 0.44,
        "Sensitivity_Recall": 0.5409836065573771,
        "Specificity": 0.8763796909492274,
        "PPV_Precision": 0.3707865168539326,
        "NPV": 0.9341176470588235,
        "Confusion_Matrix": {
            "TP": 33,
            "TN": 397,
            "FP": 56,
            "FN": 28
        },
        "AUC_95CI": [
            0.7006892377858762,
            0.8387777793323369
        ],
        "AUC_Text": "0.7730 (0.7007-0.8388)",
        "Brier_Score_95CI": [
            0.07134271264076233,
            0.10690269265323878
        ],
        "Brier_Score_Text": "0.0895 (0.0713-0.1069)",
        "F1_Score_95CI": [
            0.3333333333333333,
            0.5333540372670807
        ],
        "F1_Score_Text": "0.4400 (0.3333-0.5334)",
        "Sensitivity_Recall_95CI": [
            0.4126488095238095,
            0.6730978260869566
        ],
        "Sensitivity_Recall_Text": "0.5410 (0.4126-0.6731)",
        "Specificity_95CI": [
            0.8463171430651771,
            0.9057102172377252
        ],
        "Specificity_Text": "0.8764 (0.8463-0.9057)",
        "PPV_Precision_95CI": [
            0.27058823529411763,
            0.47222985347985347
        ],
        "PPV_Precision_Text": "0.3708 (0.2706-0.4722)",
        "NPV_95CI": [
            0.9116123849463538,
            0.957249709405165
        ],
        "NPV_Text": "0.9341 (0.9116-0.9572)",
        "Net_Benefit_95CI": [
            0.01129456767767845,
            0.057341362048825006
        ],
        "Net_Benefit_Text": "0.0340 (0.0113-0.0573)",
        "Calibration_Slope_95CI": [
            0.8369690958326633,
            1.6019650095083582
        ],
        "Calibration_Slope_Text": "1.1791 (0.8370-1.6020)"
    },
    "logistic_regression": "Not available (no training data)",
    "lr_formula": null
}