{
    "CatBoost_Params": {
        "iterations": 614,
        "depth": 5,
        "learning_rate": 0.12716046668169365,
        "l2_leaf_reg": 2.26676519963807,
        "random_strength": 3.650076193315828,
        "bagging_temperature": 0.5184862111240611,
        "border_count": 64,
        "loss_function": "Focal:focal_alpha=0.215320877303117;focal_gamma=1.0144803113797014",
        "eval_metric": "AUC",
        "random_state": 42,
        "verbose": false,
        "thread_count": -1
    },
    "XGBoost_Params": {
        "n_estimators": 708,
        "max_depth": 10,
        "learning_rate": 0.11489957680654951,
        "subsample": 0.8300281412875143,
        "colsample_bytree": 0.9464798157998109,
        "gamma": 3.0520358257257563,
        "min_child_weight": 2,
        "reg_alpha": 0.157308606553339,
        "reg_lambda": 0.002258211900671635,
        "max_delta_step": 4.569247887811774,
        "scale_pos_weight": 7.556403646027209,
        "objective": "binary:logistic",
        "eval_metric": "auc",
        "random_state": 42,
        "n_jobs": -1,
        "use_label_encoder": false
    },
    "LightGBM_Params": {
        "boosting_type": "dart",
        "n_estimators": 763,
        "num_leaves": 79,
        "learning_rate": 0.045125482866421915,
        "max_depth": 8,
        "min_child_samples": 27,
        "colsample_bytree": 0.5437880213841955,
        "reg_alpha": 0.18573363264758358,
        "reg_lambda": 0.03513079529019161,
        "subsample": 0.8226684304905876,
        "subsample_freq": 7,
        "drop_rate": 0.27950585592508864,
        "skip_drop": 0.6206207485801948,
        "is_unbalance": true,
        "objective": "binary",
        "metric": "auc",
        "random_state": 42,
        "n_jobs": -1,
        "verbosity": -1
    },
    "RandomForest_Params": {
        "n_estimators": 299,
        "max_depth": 12,
        "min_samples_split": 6,
        "min_samples_leaf": 2,
        "max_features": 0.3,
        "class_weight": "balanced_subsample",
        "max_samples": 0.6440009766973518,
        "min_impurity_decrease": 0.0015914235989138833,
        "ccp_alpha": 0.0007680330399347452,
        "bootstrap": true,
        "random_state": 42,
        "n_jobs": -1
    },
    "Ensemble_Weights": {
        "Cat": 1.279925062558922e-15,
        "XGB": 0.9999999999999962,
        "LGBM": 3.9690473130349353e-16,
        "RF": 2.122299545436364e-15
    }
}