{
    "best_method": "xgb_meta",
    "base_models": {
        "CatBoost": {
            "auc": {
                "per_fold": [
                    0.762092682376818,
                    0.7659279778393353,
                    0.7617728531855955,
                    0.7403471083724349,
                    0.8220362937418735
                ],
                "mean": 0.7704353831032116,
                "std": 0.027323671192614092,
                "min": 0.7403471083724349,
                "max": 0.8220362937418735
            },
            "brier": {
                "per_fold": [
                    0.09077160591169911,
                    0.09430638481316733,
                    0.09514018386461683,
                    0.09461245514769724,
                    0.09129910863202312
                ],
                "mean": 0.09322594767384072,
                "std": 0.0018160699193389134,
                "min": 0.09077160591169911,
                "max": 0.09514018386461683
            },
            "f1": {
                "per_fold": [
                    0.14814814814814814,
                    0.1694915254237288,
                    0.14285714285714285,
                    0.10909090909090909,
                    0.10714285714285714
                ],
                "mean": 0.13534611653255718,
                "std": 0.02396237148650855,
                "min": 0.10714285714285714,
                "max": 0.1694915254237288
            }
        },
        "XGBoost": {
            "auc": {
                "per_fold": [
                    0.7383019506144999,
                    0.7637673130193905,
                    0.7355983944824467,
                    0.7554977669738255,
                    0.8196054044886653
                ],
                "mean": 0.7625541659157655,
                "std": 0.03040030221958012,
                "min": 0.7355983944824467,
                "max": 0.8196054044886653
            },
            "brier": {
                "per_fold": [
                    0.10656698617588047,
                    0.10976117970973528,
                    0.11386435674757582,
                    0.11016447732523477,
                    0.09939072053370243
                ],
                "mean": 0.10794954409842576,
                "std": 0.004864933477103033,
                "min": 0.09939072053370243,
                "max": 0.11386435674757582
            },
            "f1": {
                "per_fold": [
                    0.3218390804597701,
                    0.33707865168539325,
                    0.27586206896551724,
                    0.3373493975903614,
                    0.23684210526315788
                ],
                "mean": 0.30179426079284,
                "std": 0.03950243503823476,
                "min": 0.23684210526315788,
                "max": 0.3373493975903614
            }
        },
        "LightGBM": {
            "auc": {
                "per_fold": [
                    0.7667155259894013,
                    0.7653185595567866,
                    0.7660127763016564,
                    0.7536322008027588,
                    0.8330035615354175
                ],
                "mean": 0.7769365248372041,
                "std": 0.02844425544672558,
                "min": 0.7536322008027588,
                "max": 0.8330035615354175
            },
            "brier": {
                "per_fold": [
                    0.11081575126019051,
                    0.11247684727533817,
                    0.11638733602685342,
                    0.1127509235451526,
                    0.09545742591766185
                ],
                "mean": 0.10957765680503931,
                "std": 0.007290548079310807,
                "min": 0.09545742591766185,
                "max": 0.11638733602685342
            },
            "f1": {
                "per_fold": [
                    0.36893203883495146,
                    0.4074074074074074,
                    0.4074074074074074,
                    0.3917525773195876,
                    0.4583333333333333
                ],
                "mean": 0.4067665528605374,
                "std": 0.029383070467623056,
                "min": 0.36893203883495146,
                "max": 0.4583333333333333
            }
        },
        "RandomForest": {
            "auc": {
                "per_fold": [
                    0.7523959860187168,
                    0.7930747922437674,
                    0.7699135055684324,
                    0.7600203516309572,
                    0.8243541183786535
                ],
                "mean": 0.7799517507681054,
                "std": 0.02608114903976016,
                "min": 0.7523959860187168,
                "max": 0.8243541183786535
            },
            "brier": {
                "per_fold": [
                    0.09970888917561774,
                    0.09455895482702888,
                    0.10064490617850218,
                    0.09826783173423247,
                    0.09108552641730445
                ],
                "mean": 0.09685322166653715,
                "std": 0.0035514165856234785,
                "min": 0.09108552641730445,
                "max": 0.10064490617850218
            },
            "f1": {
                "per_fold": [
                    0.2857142857142857,
                    0.3333333333333333,
                    0.17647058823529413,
                    0.2777777777777778,
                    0.21212121212121213
                ],
                "mean": 0.2570834394363807,
                "std": 0.05582483494141866,
                "min": 0.17647058823529413,
                "max": 0.3333333333333333
            }
        }
    },
    "ensemble": {
        "auc": {
            "per_fold": [
                0.7627691960762205,
                0.7822437673130195,
                0.7789869410368025,
                0.7645712024421958,
                0.84176606930861
            ],
            "mean": 0.7860674352353698,
            "std": 0.028885939985800406,
            "min": 0.7627691960762205,
            "max": 0.84176606930861
        },
        "brier": {
            "per_fold": [
                0.09236769025427535,
                0.09123988260645895,
                0.09249316218014872,
                0.09233715755961087,
                0.0872259293406024
            ],
            "mean": 0.09113276438821927,
            "std": 0.002005049693159846,
            "min": 0.0872259293406024,
            "max": 0.09249316218014872
        },
        "f1": {
            "per_fold": [
                0.18518518518518517,
                0.14285714285714285,
                0.10526315789473684,
                0.14545454545454545,
                0.1111111111111111
            ],
            "mean": 0.1379742285005443,
            "std": 0.02863673738917134,
            "min": 0.10526315789473684,
            "max": 0.18518518518518517
        }
    },
    "method_comparison": {
        "weighted_avg": {
            "auc": 0.7851358164744437,
            "brier": 0.09183520799101973,
            "score": 0.5229277497513989,
            "calibration": null
        },
        "weighted_avg+isotonic": {
            "auc": 0.7701271281815808,
            "brier": 0.09261480255431004,
            "score": 0.5109670388905604,
            "calibration": "isotonic"
        },
        "weighted_avg+platt": {
            "auc": 0.7848071919257399,
            "brier": 0.09340528718673771,
            "score": 0.5167782942330036,
            "calibration": "platt"
        },
        "logistic": {
            "auc": 0.7862049136882833,
            "brier": 0.18837366885463402,
            "score": 0.15758510512364443,