{
    "CatBoost_Params": {
        "iterations": 507,
        "depth": 4,
        "learning_rate": 0.059740987402277755,
        "l2_leaf_reg": 2.9132106264620345,
        "random_strength": 2.921243218677093,
        "bagging_temperature": 0.15789083115757271,
        "border_count": 194,
        "loss_function": "Focal:focal_alpha=0.23713471300256506;focal_gamma=1.017796282096675",
        "eval_metric": "AUC",
        "random_state": 42,
        "verbose": false,
        "thread_count": -1
    },
    "XGBoost_Params": {
        "n_estimators": 679,
        "max_depth": 8,
        "learning_rate": 0.04110666777065917,
        "subsample": 0.7282565657080314,
        "colsample_bytree": 0.8788568135570887,
        "gamma": 3.58032809413436,
        "min_child_weight": 7,
        "reg_alpha": 0.15605558138387307,
        "reg_lambda": 0.005122667737187319,
        "max_delta_step": 4.440757713200758,
        "scale_pos_weight": 9.693473735625323,
        "objective": "binary:logistic",
        "eval_metric": "auc",
        "random_state": 42,
        "n_jobs": -1,
        "use_label_encoder": false
    },
    "LightGBM_Params": {
        "boosting_type": "dart",
        "n_estimators": 1135,
        "num_leaves": 29,
        "learning_rate": 0.029303006620319847,
        "max_depth": 8,
        "min_child_samples": 21,
        "colsample_bytree": 0.8124514141418033,
        "reg_alpha": 1.8814109579317906,
        "reg_lambda": 0.0299145402016443,
        "subsample": 0.9073925864146599,
        "subsample_freq": 8,
        "drop_rate": 0.17033138140434828,
        "skip_drop": 0.6229429444733083,
        "is_unbalance": true,
        "objective": "binary",
        "metric": "auc",
        "random_state": 42,
        "n_jobs": -1,
        "verbosity": -1
    },
    "RandomForest_Params": {
        "n_estimators": 762,
        "max_depth": 12,
        "min_samples_split": 12,
        "min_samples_leaf": 4,
        "max_features": 0.7,
        "class_weight": "balanced",
        "max_samples": 0.8355848654722692,
        "min_impurity_decrease": 0.001308239864075528,
        "ccp_alpha": 0.002543771102527095,
        "bootstrap": true,
        "random_state": 42,
        "n_jobs": -1
    },
    "Ensemble_Weights": {
        "Cat": 0.7142857142857143,
        "XGB": 0.21428571428571427,
        "LGBM": 0.0,
        "RF": 0.07142857142857142
    }
}