{
    "Final_Model": {
        "AUC": 0.779285636738682,
        "AUC_95CI_lower": 0.7142144812217024,
        "AUC_95CI_upper": 0.8390578476509106,
        "Brier": 0.10856962545877834,
        "Brier_95CI_lower": 0.09289231287103195,
        "Brier_95CI_upper": 0.12469827626167868,
        "Best_Method": "weighted_avg",
        "Optimal_Threshold": 0.4800000000000001
    },
    "LR_Baseline": {
        "AUC": 0.8106611659971772,
        "Brier": 0.17485229610278893,
        "F1_Score": 0.3861003861003861,
        "Sensitivity": 0.819672131147541,
        "Specificity": 0.673289183222958,
        "PPV": 0.25252525252525254,
        "NPV": 0.9651898734177216,
        "Net_Benefit": -0.12066993337212771,
        "Calibration_Slope": 0.8821582035792785,
        "Threshold": 0.43082252713201297
    },
    "TearSense_vs_LR": {
        "AUC_Improvement": -0.03137552925849518,
        "AUC_Improvement_Pct": -3.8703629302263183,
        "Brier_Improvement": 0.0662826706440106
    },
    "Individual_Assessment_Test": {
        "CatBoost": {
            "AUC": 0.7794303911989289,
            "Brier": 0.08840435985291681
        },
        "XGBoost": {
            "AUC": 0.779285636738682,
            "Brier": 0.10856962545877986
        },
        "LightGBM": {
            "AUC": 0.7636159664169652,
            "Brier": 0.1009010290706807
        },
        "RandomForest": {
            "AUC": 0.7724821771070821,
            "Brier": 0.09305101808300997
        }
    },
    "Self_Assessment_CV": {
        "CatBoost": {
            "AUC": 0.8032881607916271,
            "Brier": 0.0926087815872539
        },
        "XGBoost": {
            "AUC": 0.7803570293240266,
            "Brier": 0.13361805340716207
        },
        "LightGBM": {
            "AUC": 0.7643291061117672,
            "Brier": 0.1089795804054238
        },
        "RandomForest": {
            "AUC": 0.7745866685573236,
            "Brier": 0.10079381503529783
        }
    },
    "Ensemble_Weights": {
        "CatBoost": 1.076014192793695e-14,
        "XGBoost": 0.9999999999999405,
        "LightGBM": 2.618738559334588e-14,
        "RandomForest": 2.249612672156579e-14
    }
}