{
    "tearsense": {
        "AUC": 0.779285636738682,
        "Brier": 0.10856962545877834
    },
    "logistic_regression": {
        "AUC": 0.8106611659971772,
        "Brier": 0.17485229610278893
    },
    "improvement": {
        "AUC_delta": -0.03137552925849518,
        "AUC_pct": -3.8703629302263183,
        "Brier_delta": -0.0662826706440106
    }
}