{
    "best_method": "weighted_avg",
    "base_models": {
        "CatBoost": {
            "auc": {
                "per_fold": [
                    0.772353140151088,
                    0.7918559556786704,
                    0.7817287579851885,
                    0.752897280795975,
                    0.8213013737350896
                ],
                "mean": 0.7840273016692023,
                "std": 0.022633125377458728,
                "min": 0.752897280795975,
                "max": 0.8213013737350896
            },
            "brier": {
                "per_fold": [
                    0.0911737743135976,
                    0.0916268722767538,
                    0.09368529518675948,
                    0.09324960386106886,
                    0.08971487725653857
                ],
                "mean": 0.09189008457894365,
                "std": 0.0014411788100436133,
                "min": 0.08971487725653857,
                "max": 0.09368529518675948
            },
            "f1": {
                "per_fold": [
                    0.0784313725490196,
                    0.25806451612903225,
                    0.17543859649122806,
                    0.07547169811320754,
                    0.10714285714285714
                ],
                "mean": 0.13890980808506892,
                "std": 0.06960369381766894,
                "min": 0.07547169811320754,
                "max": 0.25806451612903225
            }
        },
        "XGBoost": {
            "auc": {
                "per_fold": [
                    0.7523396098771,
                    0.7680886426592798,
                    0.7635253547402341,
                    0.7543671208095427,
                    0.8021934535587089
                ],
                "mean": 0.768102836328973,
                "std": 0.018001516109837037,
                "min": 0.7523396098771,
                "max": 0.8021934535587089
            },
            "brier": {
                "per_fold": [
                    0.1275225350612967,
                    0.1237494817308552,
                    0.12838703337935514,
                    0.1271083034999207,
                    0.11560993341287543
                ],
                "mean": 0.12447545741686064,
                "std": 0.00470407363336461,
                "min": 0.11560993341287543,
                "max": 0.12838703337935514
            },
            "f1": {
                "per_fold": [
                    0.3418803418803419,
                    0.3865546218487395,
                    0.36363636363636365,
                    0.38596491228070173,
                    0.4067796610169492
                ],
                "mean": 0.3769631801326192,
                "std": 0.022228176020292315,
                "min": 0.3418803418803419,
                "max": 0.4067796610169492
            }
        },
        "LightGBM": {
            "auc": {
                "per_fold": [
                    0.7734242868418086,
                    0.7543490304709142,
                    0.7448131607213523,
                    0.7397252529820793,
                    0.8202272598790208
                ],
                "mean": 0.766507798179035,
                "std": 0.029221280035569373,
                "min": 0.7397252529820793,
                "max": 0.8202272598790208
            },
            "brier": {
                "per_fold": [
                    0.10562799190980811,
                    0.11017719116446392,
                    0.12149067985423175,
                    0.109237817551681,
                    0.09644187740323305
                ],
                "mean": 0.10859511157668356,
                "std": 0.008071141529988926,
                "min": 0.09644187740323305,
                "max": 0.12149067985423175
            },
            "f1": {
                "per_fold": [
                    0.375,
                    0.36363636363636365,
                    0.35514018691588783,
                    0.4,
                    0.3953488372093023
                ],
                "mean": 0.37782507755231076,
                "std": 0.01745115621973895,
                "min": 0.35514018691588783,
                "max": 0.4
            }
        },
        "RandomForest": {
            "auc": {
                "per_fold": [
                    0.7503664449205095,
                    0.7921883656509694,
                    0.7655605178359431,
                    0.7605856747130986,
                    0.8248063768443665
                ],
                "mean": 0.7787014759929775,
                "std": 0.026874891993598705,
                "min": 0.7503664449205095,
                "max": 0.8248063768443665
            },
            "brier": {
                "per_fold": [
                    0.10431583379704412,
                    0.09821351369153292,
                    0.10511992272622633,
                    0.10165973743550015,
                    0.0937101838731361
                ],
                "mean": 0.10060383830468793,
                "std": 0.00420773039036708,
                "min": 0.0937101838731361,
                "max": 0.10511992272622633
            },
            "f1": {
                "per_fold": [
                    0.27848101265822783,
                    0.37037037037037035,
                    0.2631578947368421,
                    0.325,
                    0.2647058823529412
                ],
                "mean": 0.3003430320236763,
                "std": 0.04157519199748366,
                "min": 0.2631578947368421,
                "max": 0.37037037037037035
            }
        }
    },
    "ensemble": {
        "auc": {
            "per_fold": [
                0.7523396098771,
                0.7680886426592798,
                0.7635253547402341,
                0.7543671208095427,
                0.8021934535587089
            ],
            "mean": 0.768102836328973,
            "std": 0.018001516109837037,
            "min": 0.7523396098771,
            "max": 0.8021934535587089
        },
        "brier": {
            "per_fold": [
                0.1275225350612965,
                0.12374948173085132,
                0.12838703337935514,
                0.12710830349991173,
                0.11560993341287543
            ],
            "mean": 0.12447545741685802,
            "std": 0.004704073633363697,
            "min": 0.11560993341287543,
            "max": 0.12838703337935514
        },
        "f1": {
            "per_fold": [
                0.3418803418803419,
                0.3865546218487395,
                0.36363636363636365,
                0.38596491228070173,
                0.4067796610169492
            ],
            "mean": 0.3769631801326192,
            "std": 0.022228176020292315,
            "min": 0.3418803418803419,
            "max": 0.4067796610169492
        }
    },
    "method_comparison": {
        "weighted_avg": {
            "auc": 0.7880214101144333,
            "brier": 0.09167964889526578,
            "score": 0.5252488414211964,
            "calibration": null
        },
        "weighted_avg+isotonic": {
            "auc": 0.7780321241750623,
            "brier": 0.09185863887791697,
            "score": 0.5185767062296406,
            "calibration": "isotonic"
        },
        "weighted_avg+platt": {
            "auc": 0.787476703670691,
            "brier": 0.09305175518839817,
            "score": 0.5197202659798782,
            "calibration": "platt"
        },
        "logistic": {
            "auc": 0.786444504481825,
            "brier": 0.18807581089625924,
            "score": 0.15885806009384118,
            "calibration": null
        },