{
    "evaluation_type": "end_to_end_pipeline",
    "description": "Holdout test set (n=514) evaluated through the FULL production inference pipeline. fold_models predict \u2192 average \u2192 meta-features \u2192 meta-learner \u2192 calibrate \u2192 score. These are the metrics of the actual deployed model.",
    "pipeline": "fold_ensemble \u2192 13 meta-features \u2192 xgb_meta \u2192 threshold",
    "best_method": "xgb_meta",
    "holdout_n": 514,
    "cross_check_vs_trainMeta": true,
    "final_model": {
        "AUC": 0.7755220207722651,
        "AUC_95CI": [
            0.7055104622381503,
            0.8387727972702018
        ],
        "Brier": 0.08792979815064493,
        "Brier_95CI": [
            0.06960350751544223,
            0.10519498659212383
        ],
        "optimal_threshold": 0.17775385081768036,
        "clinical_metrics": {
            "sensitivity": 0.5573770491803278,
            "specificity": 0.8565121412803532,
            "ppv": 0.3434343434343434,
            "npv": 0.9349397590361446,
            "tp": 34,
            "tn": 388,
            "fp": 65,
            "fn": 27
        }
    },
    "decision_curve_analysis": {
        "thresholds": [
            0.01,
            0.02,
            0.03,
            0.04,
            0.05,
            0.06,
            0.07,
            0.08,
            0.09,
            0.1,
            0.11,
            0.12,
            0.13,
            0.14,
            0.15,
            0.16,
            0.17,
            0.18,
            0.19,
            0.2,
            0.21,
            0.22,
            0.23,
            0.24,
            0.25,
            0.26,
            0.27,
            0.28,
            0.29,
            0.3,
            0.31,
            0.32,
            0.33,
            0.34,
            0.35000000000000003,
            0.36,
            0.37,
            0.38,
            0.39,
            0.4,
            0.41000000000000003,
            0.42,
            0.43,
            0.44,
            0.45,
            0.46,
            0.47000000000000003,
            0.48,
            0.49,
            0.5,
            0.51,
            0.52,
            0.53,
            0.54,
            0.55,
            0.56,
            0.5700000000000001,
            0.58,
            0.59,
            0.6,
            0.61,
            0.62,
            0.63,
            0.64,
            0.65,
            0.66,
            0.67,
            0.68,
            0.6900000000000001,
            0.7000000000000001,
            0.71,
            0.72,
            0.73,
            0.74,
            0.75,
            0.76,
            0.77,
            0.78,
            0.79,
            0.8,
            0.81,
            0.8200000000000001,
            0.8300000000000001,
            0.84,
            0.85,
            0.86,
            0.87,
            0.88,
            0.89,
            0.9,
            0.91,
            0.92,
            0.93,
            0.9400000000000001,
            0.9500000000000001,
            0.96,
            0.97,
            0.98,
            0.99
        ],
        "net_benefit_model": [
            0.10977479070864285,
            0.10164377034860636,
            0.09160014441012476,
            0.08544098573281451,
            0.0821216465287733,
            0.07426111433065652,
            0.06598050290782811,
            0.06107257655219083,
            0.05569333390345063,
            0.05533938607868568,
            0.0452061382415949,
            0.04094446409621508,
            0.039536651907509275,
            0.04072029680571893,
            0.03398947127489128,
            0.04030016675931072,
            0.03905114621911772,
            0.03426022587074121,
            0.03521160589902484,
            0.030642023346303504,
            0.02965079052356795,
            0.02728723934949616,
            0.026757289403203804,
            0.027134958017612128,
            0.026588845654993518,
            0.026080555263434644,
            0.024385693726347208,
            0.02399481193255512,
            0.022853071737819915,
            0.025013896609227346,
            0.02464332036316472,
            0.02346074616617075,
            0.024507811138858235,
            0.024938096922532717,
            0.02155043400179587,
            0.020184824902723737,
            0.01775677845716756,
            0.01650558554035396,
            0.018530331058238182,
            0.017509727626459144,
            0.018531952779792915,
            0.009928887696229707,
            0.009693494436480307,
            0.009449694274597,
            0.010788822072868767,
            0.006701253782965846,
            0.0064973203142206885,
            0.0062855432505237955,
            0.006065461203936828,
            0.009727626459143969,
            0.00964821726355912,
            0.00956549935149157,
            0.011673151750972763,
            0.011673151750972763,
            0.011673151750972763,
            0.0,
            0.0,
            0.0,
            0.0,
            0.0,
            0.0,
            0.0,
            0.0,
            0.0,
            0.0,
            0.0,
            0.0,
            0.0,
            0.0,
            0.0,
            0.0,
            0.0,
            0.0,
            0.0,
            0.0,
            0.0,
            0.0,
            0.0,
            0.0,
            0.0,
            0.0,
            0.0,
            0.0,
            0.0,
            0.0,
            0.0,
            0.0,
            0.0,
            0.0,
            0.0,
            0.0,
            0.0,
            0.0,
            0.0,
            0.0,
            0.0,
            0.0,
            0.0,
            0.0
        ],