{
    "Final_Model": {
        "AUC": 0.7755220207722651,
        "AUC_95CI_lower": 0.7055104622381503,
        "AUC_95CI_upper": 0.8387727972702018,
        "Brier": 0.08792979815064493,
        "Brier_95CI_lower": 0.06960350751544223,
        "Brier_95CI_upper": 0.10519498659212383,
        "Best_Method": "xgb_meta",
        "Optimal_Threshold": 0.17000000000000004
    },
    "Individual_Assessment_Test": {
        "CatBoost": {
            "AUC": 0.7701661057431332,
            "Brier": 0.08824851744480805
        },
        "XGBoost": {
            "AUC": 0.7784894872073246,
            "Brier": 0.10151052322147178
        },
        "LightGBM": {
            "AUC": 0.7733145152535013,
            "Brier": 0.10126796001826541
        },
        "RandomForest": {
            "AUC": 0.7744001737053523,
            "Brier": 0.09712779650020487
        }
    },
    "Self_Assessment_CV": {
        "CatBoost": {
            "AUC": 0.7982401317546348,
            "Brier": 0.0929654512716425
        },
        "XGBoost": {
            "AUC": 0.7829345471434163,
            "Brier": 0.12012138066238695
        },
        "LightGBM": {
            "AUC": 0.7772169888019179,
            "Brier": 0.11038312544817619
        },
        "RandomForest": {
            "AUC": 0.7797209184220052,
            "Brier": 0.10376387925052848
        }
    },
    "Ensemble_Weights": {
        "CatBoost": 0.09371009469032288,
        "XGBoost": 0.3192516267299652,
        "LightGBM": 0.29033300280570984,
        "RandomForest": 0.2967052757740021
    }
}