{
    "best_method": "weighted_avg",
    "base_models": {
        "CatBoost": {
            "auc": {
                "per_fold": [
                    0.7605705265531627,
                    0.7689196675900276,
                    0.7394991237492227,
                    0.7437955791734976,
                    0.8098818474758324
                ],
                "mean": 0.7645333489083487,
                "std": 0.025092618826318632,
                "min": 0.7394991237492227,
                "max": 0.8098818474758324
            },
            "brier": {
                "per_fold": [
                    0.09238279168862809,
                    0.09629883133243197,
                    0.09625150672108665,
                    0.09769214986616657,
                    0.09278763974035047
                ],
                "mean": 0.09508258386973276,
                "std": 0.00210765839693359,
                "min": 0.09238279168862809,
                "max": 0.09769214986616657
            },
            "f1": {
                "per_fold": [
                    0.17857142857142858,
                    0.2608695652173913,
                    0.22580645161290322,
                    0.13559322033898305,
                    0.10526315789473684
                ],
                "mean": 0.1812207647270886,
                "std": 0.056903892167893586,
                "min": 0.10526315789473684,
                "max": 0.2608695652173913
            }
        },
        "XGBoost": {
            "auc": {
                "per_fold": [
                    0.7323824557447288,
                    0.7649307479224378,
                    0.7374639606535135,
                    0.7549889761998982,
                    0.8086946690033354
                ],
                "mean": 0.7596921619047827,
                "std": 0.027168810877909694,
                "min": 0.7323824557447288,
                "max": 0.8086946690033354
            },
            "brier": {
                "per_fold": [
                    0.10985225426218394,
                    0.10353984103246286,
                    0.11554026311670411,
                    0.10982146734792382,
                    0.09833404845339468
                ],
                "mean": 0.10741757484253389,
                "std": 0.00591999491582951,
                "min": 0.09833404845339468,
                "max": 0.11554026311670411
            },
            "f1": {
                "per_fold": [
                    0.3409090909090909,
                    0.37777777777777777,
                    0.33707865168539325,
                    0.29545454545454547,
                    0.273972602739726
                ],
                "mean": 0.32503853371330665,
                "std": 0.0364998864613886,
                "min": 0.273972602739726,
                "max": 0.37777777777777777
            }
        },
        "LightGBM": {
            "auc": {
                "per_fold": [
                    0.762092682376818,
                    0.7522437673130193,
                    0.7597942223981005,
                    0.7536887331109731,
                    0.8258239583922212
                ],
                "mean": 0.7707286727182264,
                "std": 0.027790949268197352,
                "min": 0.7522437673130193,
                "max": 0.8258239583922212
            },
            "brier": {
                "per_fold": [
                    0.1021778035402988,
                    0.10564069572155092,
                    0.10900948527100333,
                    0.107088933798187,
                    0.0951306363207164
                ],
                "mean": 0.10380951093035129,
                "std": 0.004881248174915127,
                "min": 0.0951306363207164,
                "max": 0.10900948527100333
            },
            "f1": {
                "per_fold": [
                    0.35443037974683544,
                    0.37777777777777777,
                    0.3409090909090909,
                    0.32558139534883723,
                    0.3116883116883117
                ],
                "mean": 0.3420773910941707,
                "std": 0.022908919163068583,
                "min": 0.3116883116883117,
                "max": 0.37777777777777777
            }
        },
        "RandomForest": {
            "auc": {
                "per_fold": [
                    0.7447852069004397,
                    0.795180055401662,
                    0.7508621177002657,
                    0.752162360789191,
                    0.8135564475097518
                ],
                "mean": 0.7713092376602619,
                "std": 0.027723111282943688,
                "min": 0.7447852069004397,
                "max": 0.8135564475097518
            },
            "brier": {
                "per_fold": [
                    0.09863131594467288,
                    0.09204970788001322,
                    0.10009758569666134,
                    0.0960840542960243,
                    0.09076837533494216
                ],
                "mean": 0.09552620783046277,
                "std": 0.003621419794405249,
                "min": 0.09076837533494216,
                "max": 0.10009758569666134
            },
            "f1": {
                "per_fold": [
                    0.25396825396825395,
                    0.28125,
                    0.15151515151515152,
                    0.26865671641791045,
                    0.1935483870967742
                ],
                "mean": 0.22978770179961802,
                "std": 0.04936344314329842,
                "min": 0.15151515151515152,
                "max": 0.28125
            }
        }
    },
    "ensemble": {
        "auc": {
            "per_fold": [
                0.7323824557447288,
                0.7649307479224378,
                0.7374639606535135,
                0.7549889761998982,
                0.8086946690033354
            ],
            "mean": 0.7596921619047827,
            "std": 0.027168810877909694,
            "min": 0.7323824557447288,
            "max": 0.8086946690033354
        },
        "brier": {
            "per_fold": [
                0.10985225426218394,
                0.10353984103246286,
                0.11554026311670389,
                0.10982146734792375,
                0.09833404845339468
            ],
            "mean": 0.10741757484253382,
            "std": 0.005919994915829443,
            "min": 0.09833404845339468,
            "max": 0.11554026311670389
        },
        "f1": {
            "per_fold": [
                0.3409090909090909,
                0.37777777777777777,
                0.33707865168539325,
                0.29545454545454547,
                0.273972602739726
            ],
            "mean": 0.32503853371330665,
            "std": 0.0364998864613886,
            "min": 0.273972602739726,
            "max": 0.37777777777777777
        }
    },
    "method_comparison": {
        "weighted_avg": {
            "auc": 0.7783787555483528,
            "brier": 0.09298965100728754,
            "score": 0.5144969384301743,
            "calibration": null
        },
        "weighted_avg+isotonic": {
            "auc": 0.7640070586752379,
            "brier": 0.09347854514228923,
            "score": 0.5040204882146972,
            "calibration": "isotonic"
        },
        "weighted_avg+platt": {
            "auc": 0.7776247197687924,
            "brier": 0.0937179889027269,
            "score": 0.5112833367144138,
            "calibration": "platt"
        },
        "logistic": {
            "auc": 0.7767586360909128,
            "brier": 0.18932890672604033,
            "score": 0.1482959645309893,