{
    "best_method": "xgb_meta",
    "base_models": {
        "CatBoost": {
            "auc": {
                "per_fold": [
                    0.7467583718570302,
                    0.7702493074792245,
                    0.7483181638306293,
                    0.7372378314206569,
                    0.8174571767765277
                ],
                "mean": 0.7640041702728138,
                "std": 0.02883099339136118,
                "min": 0.7372378314206569,
                "max": 0.8174571767765277
            },
            "brier": {
                "per_fold": [
                    0.09326370224822303,
                    0.09540630145808246,
                    0.09815542729527278,
                    0.09516012624476478,
                    0.09024719739407501
                ],
                "mean": 0.0944465509280836,
                "std": 0.0026160954043208165,
                "min": 0.09024719739407501,
                "max": 0.09815542729527278
            },
            "f1": {
                "per_fold": [
                    0.21428571428571427,
                    0.2222222222222222,
                    0.13793103448275862,
                    0.10714285714285714,
                    0.1724137931034483
                ],
                "mean": 0.17079912424740012,
                "std": 0.0439783067897451,
                "min": 0.10714285714285714,
                "max": 0.2222222222222222
            }
        },
        "XGBoost": {
            "auc": {
                "per_fold": [
                    0.7613034163941819,
                    0.7486426592797782,
                    0.759228899315959,
                    0.7652778562948724,
                    0.8045678105037029
                ],
                "mean": 0.767804128357699,
                "std": 0.019188048790029947,
                "min": 0.7486426592797782,
                "max": 0.8045678105037029
            },
            "brier": {
                "per_fold": [
                    0.11676047573765659,
                    0.12236987215644266,
                    0.12096415103584932,
                    0.11222172034066143,
                    0.10079106393007388
                ],
                "mean": 0.11462145664013679,
                "std": 0.007770220263697394,
                "min": 0.10079106393007388,
                "max": 0.12236987215644266
            },
            "f1": {
                "per_fold": [
                    0.3238095238095238,
                    0.3620689655172414,
                    0.3238095238095238,
                    0.35789473684210527,
                    0.46808510638297873
                ],
                "mean": 0.36713357127227464,
                "std": 0.05302106168570956,
                "min": 0.3238095238095238,
                "max": 0.46808510638297873
            }
        },
        "LightGBM": {
            "auc": {
                "per_fold": [
                    0.7681813056714398,
                    0.7918005540166204,
                    0.7779410933348407,
                    0.7744360902255639,
                    0.8343038046243427
                ],
                "mean": 0.7893325695745617,
                "std": 0.02378045298863606,
                "min": 0.7681813056714398,
                "max": 0.8343038046243427
            },
            "brier": {
                "per_fold": [
                    0.11045305909563902,
                    0.10740358078406481,
                    0.11123142115174589,
                    0.11036364856213873,
                    0.09557244173866919
                ],
                "mean": 0.10700483026645154,
                "std": 0.005863352664457465,
                "min": 0.09557244173866919,
                "max": 0.11123142115174589
            },
            "f1": {
                "per_fold": [
                    0.37623762376237624,
                    0.40404040404040403,
                    0.40816326530612246,
                    0.3225806451612903,
                    0.3488372093023256
                ],
                "mean": 0.3719718295145037,
                "std": 0.03265305572690587,
                "min": 0.3225806451612903,
                "max": 0.40816326530612246
            }
        },
        "RandomForest": {
            "auc": {
                "per_fold": [
                    0.7574698387642349,
                    0.7890304709141274,
                    0.7697439086437899,
                    0.7635818870484482,
                    0.8209056475775907
                ],
                "mean": 0.7801463505896382,
                "std": 0.0229654711438887,
                "min": 0.7574698387642349,
                "max": 0.8209056475775907
            },
            "brier": {
                "per_fold": [
                    0.10592875940551541,
                    0.10086575044968529,
                    0.10623352626501292,
                    0.10285398662874998,
                    0.09529606715351097
                ],
                "mean": 0.1022356179804949,
                "std": 0.004000971050983123,
                "min": 0.09529606715351097,
                "max": 0.10623352626501292
            },
            "f1": {
                "per_fold": [
                    0.2962962962962963,
                    0.37037037037037035,
                    0.2597402597402597,
                    0.29333333333333333,
                    0.273972602739726
                ],
                "mean": 0.29874257249599717,
                "std": 0.03821130033359013,
                "min": 0.2597402597402597,
                "max": 0.37037037037037035
            }
        }
    },
    "ensemble": {
        "auc": {
            "per_fold": [
                0.7694215807870108,
                0.786759002770083,
                0.7748600825371699,
                0.7690372547911131,
                0.8322121092204194
            ],
            "mean": 0.7864580060211593,
            "std": 0.02375610551386641,
            "min": 0.7690372547911131,
            "max": 0.8322121092204194
        },
        "brier": {
            "per_fold": [
                0.09421243938320702,
                0.09205734895801153,
                0.09341923543218396,
                0.09385075455990834,
                0.08849182958680486
            ],
            "mean": 0.09240632158402314,
            "std": 0.002088993637144006,
            "min": 0.08849182958680486,
            "max": 0.09421243938320702
        },
        "f1": {
            "per_fold": [
                0.0,
                0.0,
                0.0,
                0.0,
                0.0
            ],
            "mean": 0.0,
            "std": 0.0,
            "min": 0.0,
            "max": 0.0
        }
    },
    "method_comparison": {
        "weighted_avg": {
            "auc": 0.7813588850174216,
            "brier": 0.09325495207559006,
            "score": 0.5152792410803235,
            "calibration": null
        },
        "weighted_avg+isotonic": {
            "auc": 0.7720729906634614,
            "brier": 0.09345786407185241,
            "score": 0.5089384508019291,
            "calibration": "isotonic"
        },
        "weighted_avg+platt": {
            "auc": 0.7807399004222599,
            "brier": 0.09396709030895152,
            "score": 0.51220808413485,
            "calibration": "platt"
        },
        "logistic": {
            "auc": 0.7851982263222548,
            "brier": 0.1904146460441261,
            "score": 0.14924360446185075,
            "calibration": null
        },
        "logistic+isotonic": {
            "auc": 0.7718771664460831,
            "brier": 0.09312760131358867,
            "score": 0.5100730056437591,
            "calibration": "isotonic"
        },
        "logistic+platt": {
            "auc": 0.7790202486742476,
            "brier": 0.09294079470026441,
            "score": 0.5150670520058863,