{
    "evaluation_type": "end_to_end_pipeline",
    "description": "Holdout test set (n=514) evaluated through the FULL production inference pipeline. fold_models predict \u2192 average \u2192 meta-features \u2192 meta-learner \u2192 calibrate \u2192 score. These are the metrics of the actual deployed model.",
    "pipeline": "fold_ensemble \u2192 13 meta-features \u2192 lgbm_meta \u2192 threshold",
    "best_method": "lgbm_meta",
    "holdout_n": 514,
    "cross_check_vs_trainMeta": true,
    "final_model": {
        "AUC": 0.7736040241739949,
        "AUC_95CI": [
            0.7075475379289595,
            0.8385035982202635
        ],
        "Brier": 0.08852075922966136,
        "Brier_95CI": [
            0.07093124494575685,
            0.10720160742976893
        ],
        "optimal_threshold": 0.0730094546412758,
        "clinical_metrics": {
            "sensitivity": 0.8524590163934426,
            "specificity": 0.5607064017660044,
            "ppv": 0.20717131474103587,
            "npv": 0.9657794676806084,
            "tp": 52,
            "tn": 254,
            "fp": 199,
            "fn": 9
        }
    },
    "decision_curve_analysis": {
        "thresholds": [
            0.01,
            0.02,
            0.03,
            0.04,
            0.05,
            0.06,
            0.07,
            0.08,
            0.09,
            0.1,
            0.11,
            0.12,
            0.13,
            0.14,
            0.15,
            0.16,
            0.17,
            0.18,
            0.19,
            0.2,
            0.21,
            0.22,
            0.23,
            0.24,
            0.25,
            0.26,
            0.27,
            0.28,
            0.29,
            0.3,
            0.31,
            0.32,
            0.33,
            0.34,
            0.35000000000000003,
            0.36,
            0.37,
            0.38,
            0.39,
            0.4,
            0.41000000000000003,
            0.42,
            0.43,
            0.44,
            0.45,
            0.46,
            0.47000000000000003,
            0.48,
            0.49,
            0.5,
            0.51,
            0.52,
            0.53,
            0.54,
            0.55,
            0.56,
            0.5700000000000001,
            0.58,
            0.59,
            0.6,
            0.61,
            0.62,
            0.63,
            0.64,
            0.65,
            0.66,
            0.67,
            0.68,
            0.6900000000000001,
            0.7000000000000001,
            0.71,
            0.72,
            0.73,
            0.74,
            0.75,
            0.76,
            0.77,
            0.78,
            0.79,
            0.8,
            0.81,
            0.8200000000000001,
            0.8300000000000001,
            0.84,
            0.85,
            0.86,
            0.87,
            0.88,
            0.89,
            0.9,
            0.91,
            0.92,
            0.93,
            0.9400000000000001,
            0.9500000000000001,
            0.96,
            0.97,
            0.98,
            0.99
        ],
        "net_benefit_model": [
            0.10977479070864285,
            0.10069086000158818,
            0.09141963175418187,
            0.08844033722438391,
            0.08017612123694451,
            0.07335044291746005,
            0.07187983766369607,
            0.06606327186601252,
            0.058943002522769065,
            0.050151318633808895,
            0.04883487080837669,
            0.04421648390519987,
            0.038686882239813945,
            0.03149036286308931,
            0.029983978027008466,
            0.03696498054474708,
            0.035206975762974074,
            0.03383315934326658,
            0.03247345919200653,
            0.030642023346303504,
            0.028764222036152295,
            0.02778609198842662,
            0.03004194249330436,
            0.028056522629531025,
            0.027237354085603113,
            0.026396045851298768,
            0.02553168807632855,
            0.02464332036316472,
            0.023729928207376554,
            0.022790439132851583,
            0.021823718490949075,
            0.025406271457999542,
            0.025553168012079675,
            0.025763471288763114,
            0.023046991918587247,
            0.027115758754863814,
            0.026681489716509174,
            0.022028367013932473,
            0.02171971678254768,
            0.021400778210116732,
            0.021071028160654225,
            0.006373272507715014,
            0.006314424192777664,
            0.005836575875486381,
            0.005836575875486381,
            0.005836575875486381,
            0.005836575875486381,
            0.005836575875486381,
            0.005836575875486381,
            0.005836575875486381,
            0.0,
            0.0,
            0.0,
            0.0,
            0.0,
            0.0,
            0.0,
            0.0,
            0.0,
            0.0,
            0.0,
            0.0,
            0.0,
            0.0,
            0.0,
            0.0,
            0.0,
            0.0,
            0.0,
            0.0,
            0.0,
            0.0,
            0.0,
            0.0,
            0.0,
            0.0,
            0.0,
            0.0,
            0.0,
            0.0,
            0.0,
            0.0,
            0.0,
            0.0,
            0.0,
            0.0,
            0.0,
            0.0,
            0.0,
            0.0,
            0.0,
            0.0,
            0.0,
            0.0,
            0.0,
            0.0,
            0.0,
            0.0,
            0.0
        ],