{
    "Final_Model": {
        "AUC": 0.7736040241739949,
        "AUC_95CI_lower": 0.7075475379289595,
        "AUC_95CI_upper": 0.8385035982202635,
        "Brier": 0.08852075922966136,
        "Brier_95CI_lower": 0.07093124494575685,
        "Brier_95CI_upper": 0.10720160742976893,
        "Best_Method": "lgbm_meta",
        "Optimal_Threshold": 0.19000000000000003
    },
    "Individual_Assessment_Test": {
        "CatBoost": {
            "AUC": 0.7851120037636159,
            "Brier": 0.13400291489256094
        },
        "XGBoost": {
            "AUC": 0.790069844027069,
            "Brier": 0.10458696269500588
        },
        "LightGBM": {
            "AUC": 0.7825426120942351,
            "Brier": 0.11433821836868516
        },
        "RandomForest": {
            "AUC": 0.7765714906090544,
            "Brier": 0.12181967451098197
        }
    },
    "Self_Assessment_CV": {
        "CatBoost": {
            "AUC": 0.801510772582809,
            "Brier": 0.14510489521559425
        },
        "XGBoost": {
            "AUC": 0.7830402722631877,
            "Brier": 0.24964657616052804
        },
        "LightGBM": {
            "AUC": 0.7806408628870343,
            "Brier": 0.1223635992918293
        },
        "RandomForest": {
            "AUC": 0.7851110570906372,
            "Brier": 0.12618860214502522
        }
    },
    "Ensemble_Weights": {
        "CatBoost": 0.5,
        "XGBoost": 0.25,
        "LightGBM": 0.0,
        "RandomForest": 0.25
    }
}