{
    "tearsense": {
        "AUC": 0.7736040241739949,
        "Brier": 0.08852075922966136
    },
    "logistic_regression": {
        "AUC": 0.8106611659971772,
        "Brier": 0.17485229610278588
    },
    "improvement": {
        "AUC_delta": -0.037057141823182316,
        "AUC_pct": -4.571224498906286,
        "Brier_delta": -0.08633153687312452
    }
}