{
    "evaluation_type": "end_to_end_pipeline",
    "description": "Holdout test set (n=514) evaluated through the FULL production inference pipeline. fold_models predict \u2192 average \u2192 meta-features \u2192 meta-learner \u2192 calibrate \u2192 score. These are the metrics of the actual deployed model.",
    "pipeline": "fold_ensemble \u2192 13 meta-features \u2192 xgb_meta \u2192 threshold",
    "best_method": "xgb_meta",
    "holdout_n": 514,
    "cross_check_vs_trainMeta": true,
    "final_model": {
        "AUC": 0.7710708211196757,
        "AUC_95CI": [
            0.7001087592767776,
            0.8387294961099365
        ],
        "Brier": 0.08758780555967285,
        "Brier_95CI": [
            0.06938771950744393,
            0.10574707772596968
        ],
        "optimal_threshold": 0.170844167470932,
        "clinical_metrics": {
            "sensitivity": 0.5737704918032787,
            "specificity": 0.8498896247240618,
            "ppv": 0.33980582524271846,
            "npv": 0.9367396593673966,
            "tp": 35,
            "tn": 385,
            "fp": 68,
            "fn": 26
        }
    },
    "decision_curve_analysis": {
        "thresholds": [
            0.01,
            0.02,
            0.03,
            0.04,
            0.05,
            0.060000000000000005,
            0.06999999999999999,
            0.08,
            0.09,
            0.09999999999999999,
            0.11,
            0.12,
            0.13,
            0.14,
            0.15000000000000002,
            0.16,
            0.17,
            0.18000000000000002,
            0.19,
            0.2,
            0.21000000000000002,
            0.22,
            0.23,
            0.24000000000000002,
            0.25,
            0.26,
            0.27,
            0.28,
            0.29000000000000004,
            0.3,
            0.31,
            0.32,
            0.33,
            0.34,
            0.35000000000000003,
            0.36000000000000004,
            0.37,
            0.38,
            0.39,
            0.4,
            0.41000000000000003,
            0.42000000000000004,
            0.43,
            0.44,
            0.45,
            0.46,
            0.47000000000000003,
            0.48000000000000004,
            0.49,
            0.5,
            0.51,
            0.52,
            0.53,
            0.54,
            0.55,
            0.56,
            0.5700000000000001,
            0.5800000000000001,
            0.59,
            0.6,
            0.61,
            0.62,
            0.63,
            0.64,
            0.65,
            0.66,
            0.67,
            0.68,
            0.6900000000000001,
            0.7000000000000001,
            0.7100000000000001,
            0.72,
            0.73,
            0.74,
            0.75,
            0.76,
            0.77,
            0.78,
            0.79,
            0.8,
            0.81,
            0.8200000000000001,
            0.8300000000000001,
            0.8400000000000001,
            0.85,
            0.86,
            0.87,
            0.88,
            0.89,
            0.9,
            0.91,
            0.92,
            0.93,
            0.9400000000000001,
            0.9500000000000001,
            0.9600000000000001,
            0.97,
            0.98,
            0.99
        ],
        "net_benefit_model": [
            0.10977479070864285,
            0.10069086000158818,
            0.09067752416863893,
            0.08625162127107652,
            0.08120008191685438,
            0.07401274939978475,
            0.06476716455378437,
            0.058788699035696154,
            0.05550091931414888,
            0.05598789450929528,
            0.04345735146242294,
            0.041475061903077474,
            0.04099020528646182,
            0.040041625192290285,
            0.041542687113756,
            0.0414118954974986,
            0.040996671510946506,
            0.03601594381702571,
            0.031440649469183846,
            0.033073929961089495,
            0.03199034625424814,
            0.025890451960490873,
            0.028298549699327914,
            0.027134958017612124,
            0.02529182879377432,
            0.025607319381638446,
            0.026038057672831936,
            0.025832252485948982,
            0.027264755850276757,
            0.028904947192884934,
            0.026194101392883324,
            0.025406271457999542,
            0.02459492421162669,
            0.026765711590614312,
            0.024094582460341213,
            0.02164396887159533,
            0.022111049348403432,
            0.02265595581774821,
            0.022580850928111247,
            0.021400778210116732,
            0.02090615313592297,
            0.020394472024688044,
            0.016963615263840538,
            0.013340744858254587,
            0.010788822072868767,
            0.008358553105634818,
            0.008222597459804713,
            0.00808141275067345,
            0.007934691386282139,
            0.007782101167315175,
            0.005677757484316683,
            0.007782101167315175,
            0.005836575875486381,
            0.0,
            0.0,
            0.0,
            0.0,
            0.0,
            0.0,
            0.0,
            0.0,
            0.0,
            0.0,
            0.0,
            0.0,
            0.0,
            0.0,
            0.0,
            0.0,
            0.0,
            0.0,
            0.0,
            0.0,
            0.0,
            0.0,
            0.0,
            0.0,
            0.0,
            0.0,
            0.0,
            0.0,
            0.0,
            0.0,
            0.0,
            0.0,
            0.0,
            0.0,
            0.0,
            0.0,
            0.0,
            0.0,
            0.0,
            0.0,
            0.0,
            0.0,
            0.0,
            0.0,
            0.0,
            0.0
        ],