{
    "Final_Model": {
        "AUC": 0.7710708211196757,
        "AUC_95CI_lower": 0.7001087592767776,
        "AUC_95CI_upper": 0.8387294961099365,
        "Brier": 0.08758780555967285,
        "Brier_95CI_lower": 0.06938771950744393,
        "Brier_95CI_upper": 0.10574707772596968,
        "Best_Method": "xgb_meta",
        "Optimal_Threshold": 0.17000000000000004
    },
    "LR_Baseline": {
        "AUC": 0.8106611659971772,
        "Brier": 0.17485229610278893,
        "F1_Score": 0.3861003861003861,
        "Sensitivity": 0.819672131147541,
        "Specificity": 0.673289183222958,
        "PPV": 0.25252525252525254,
        "NPV": 0.9651898734177216,
        "Net_Benefit": -0.12066993337212771,
        "Calibration_Slope": 0.8821582035792785,
        "Threshold": 0.43082252713201297
    },
    "TearSense_vs_LR": {
        "AUC_Improvement": -0.03959034487750146,
        "AUC_Improvement_Pct": -4.883710548636213,
        "Brier_Improvement": 0.08726449054311608
    },
    "Individual_Assessment_Test": {
        "CatBoost": {
            "AUC": 0.7671986393080739,
            "Brier": 0.08820314556149135
        },
        "XGBoost": {
            "AUC": 0.7733507038685631,
            "Brier": 0.10631103232144527
        },
        "LightGBM": {
            "AUC": 0.7746896826258458,
            "Brier": 0.08827056276297024
        },
        "RandomForest": {
            "AUC": 0.7766076792241161,
            "Brier": 0.10362381860501649
        }
    },
    "Self_Assessment_CV": {
        "CatBoost": {
            "AUC": 0.8009975959714014,
            "Brier": 0.09285344705159497
        },
        "XGBoost": {
            "AUC": 0.7777357261387591,
            "Brier": 0.11969005175144672
        },
        "LightGBM": {
            "AUC": 0.7720167092012422,
            "Brier": 0.09859142310134986
        },
        "RandomForest": {
            "AUC": 0.7798659403462338,
            "Brier": 0.108171769286637
        }
    },
    "Ensemble_Weights": {
        "CatBoost": 0.07053732872009277,
        "XGBoost": 0.09430045634508133,
        "LightGBM": 0.1986948698759079,
        "RandomForest": 0.6364673972129822
    }
}