{
    "tearsense": {
        "AUC": 0.7710708211196757,
        "Brier": 0.08758780555967285
    },
    "logistic_regression": {
        "AUC": 0.8106611659971772,
        "Brier": 0.17485229610278893
    },
    "improvement": {
        "AUC_delta": -0.03959034487750146,
        "AUC_pct": -4.883710548636213,
        "Brier_delta": -0.08726449054311608
    }
}