{
    "Final_Model": {
        "AUC": 0.7751963232367098,
        "AUC_95CI_lower": 0.7032796652578577,
        "AUC_95CI_upper": 0.8379722595113218,
        "Brier": 0.08986708815851795,
        "Brier_95CI_lower": 0.07217875698763174,
        "Brier_95CI_upper": 0.10735542429479357,
        "Best_Method": "xgb_meta",
        "Optimal_Threshold": 0.18000000000000002
    },
    "LR_Baseline": {
        "AUC": 0.8106611659971772,
        "Brier": 0.17485229610278588,
        "F1_Score": 0.3861003861003861,
        "Sensitivity": 0.819672131147541,
        "Specificity": 0.673289183222958,
        "PPV": 0.25252525252525254,
        "NPV": 0.9651898734177216,
        "Net_Benefit": -0.12066993337211158,
        "Calibration_Slope": 0.8821582035793077,
        "Threshold": 0.4308225271319948
    },
    "TearSense_vs_LR": {
        "AUC_Improvement": -0.03546484276046735,
        "AUC_Improvement_Pct": -4.374804696218894,
        "Brier_Improvement": 0.08498520794426793
    },
    "Individual_Assessment_Test": {
        "CatBoost": {
            "AUC": 0.763760720877212,
            "Brier": 0.08879472925672927
        },
        "XGBoost": {
            "AUC": 0.7694061448268374,
            "Brier": 0.10454162378122021
        },
        "LightGBM": {
            "AUC": 0.7645930590236312,
            "Brier": 0.09508858399108062
        },
        "RandomForest": {
            "AUC": 0.7755582093873267,
            "Brier": 0.10065399100478818
        }
    },
    "Self_Assessment_CV": {
        "CatBoost": {
            "AUC": 0.8065935386382709,
            "Brier": 0.0925668212343332
        },
        "XGBoost": {
            "AUC": 0.7899302578716554,
            "Brier": 0.13502630938275778
        },
        "LightGBM": {
            "AUC": 0.7658354435084512,
            "Brier": 0.10556807758721898
        },
        "RandomForest": {
            "AUC": 0.7795669812590713,
            "Brier": 0.1057170677569836
        }
    },
    "Ensemble_Weights": {
        "CatBoost": 0.2702571749687195,
        "XGBoost": 0.243092343211174,
        "LightGBM": 0.2083369344472885,
        "RandomForest": 0.2783135771751404
    }
}