{
    "tearsense": {
        "AUC": 0.7751963232367098,
        "Brier": 0.08986708815851795
    },
    "logistic_regression": {
        "AUC": 0.8106611659971772,
        "Brier": 0.17485229610278588
    },
    "improvement": {
        "AUC_delta": -0.03546484276046735,
        "AUC_pct": -4.374804696218894,
        "Brier_delta": -0.08498520794426793
    }
}