{
    "tearsense": {
        "model_serial": "04022026_181644_99999",
        "holdout_n": 514,
        "inference_verified": true,
        "stored_AUC": 0.7865776426736149,
        "stored_Brier": 0.0874472899228841,
        "stored_threshold": 0.17000000000000004,
        "AUC": 0.7865776426736149,
        "Brier_Score": 0.08744728565216064,
        "Calibration_Slope": 1.062739985909944,
        "Calibration_Intercept": 0.11769818493251279,
        "Net_Benefit": 0.058278106227641555,
        "Optimal_Threshold_Used": 0.10461725294589996,
        "Youden_J_Threshold": 0.10461725294589996,
        "F1_Score": 0.358974358974359,
        "Sensitivity_Recall": 0.8032786885245902,
        "Specificity": 0.6401766004415012,
        "PPV_Precision": 0.23113207547169812,
        "NPV": 0.9602649006622517,
        "Confusion_Matrix": {
            "TP": 49,
            "TN": 290,
            "FP": 163,
            "FN": 12
        },
        "AUC_95CI": [
            0.7227727974106818,
            0.8466052748064943
        ],
        "AUC_Text": "0.7866 (0.7228-0.8466)",
        "Brier_Score_95CI": [
            0.06948018912225962,
            0.10478877387940883
        ],
        "Brier_Score_Text": "0.0874 (0.0695-0.1048)",
        "F1_Score_95CI": [
            0.2857142857142857,
            0.4295446344807678
        ],
        "F1_Score_Text": "0.3590 (0.2857-0.4295)",
        "Sensitivity_Recall_95CI": [
            0.6963565668202765,
            0.9038461538461539
        ],
        "Sensitivity_Recall_Text": "0.8033 (0.6964-0.9038)",
        "Specificity_95CI": [
            0.596860573164796,
            0.6883298468868938
        ],
        "Specificity_Text": "0.6402 (0.5969-0.6883)",
        "PPV_Precision_95CI": [
            0.1761776061776062,
            0.28651772055073943
        ],
        "PPV_Precision_Text": "0.2311 (0.1762-0.2865)",
        "NPV_95CI": [
            0.9370860927152318,
            0.9826433634020618
        ],
        "NPV_Text": "0.9603 (0.9371-0.9826)",
        "Net_Benefit_95CI": [
            0.03265295213338625,
            0.08439265801010265
        ],
        "Net_Benefit_Text": "0.0583 (0.0327-0.0844)",
        "Calibration_Slope_95CI": [
            0.7796212641353564,
            1.4062038185134937
        ],
        "Calibration_Slope_Text": "1.0627 (0.7796-1.4062)"
    },
    "logistic_regression": "Not available (no training data)",
    "lr_formula": null
}