{
    "evaluation_type": "end_to_end_pipeline",
    "description": "Holdout test set (n=514) evaluated through the FULL production inference pipeline. fold_models predict \u2192 average \u2192 meta-features \u2192 meta-learner \u2192 calibrate \u2192 score. These are the metrics of the actual deployed model.",
    "pipeline": "fold_ensemble \u2192 13 meta-features \u2192 lgbm_meta \u2192 threshold",
    "best_method": "lgbm_meta",
    "holdout_n": 514,
    "cross_check_vs_trainMeta": true,
    "final_model": {
        "AUC": 0.7819816885607788,
        "AUC_95CI": [
            0.7166762396537328,
            0.8429332107843138
        ],
        "Brier": 0.0887225247551331,
        "Brier_95CI": [
            0.07062060755921985,
            0.10577998020990009
        ],
        "optimal_threshold": 0.2027676808845647,
        "clinical_metrics": {
            "sensitivity": 0.5409836065573771,
            "specificity": 0.869757174392936,
            "ppv": 0.358695652173913,
            "npv": 0.933649289099526,
            "tp": 33,
            "tn": 394,
            "fp": 59,
            "fn": 28
        }
    },
    "decision_curve_analysis": {
        "thresholds": [
            0.01,
            0.02,
            0.03,
            0.04,
            0.05,
            0.060000000000000005,
            0.06999999999999999,
            0.08,
            0.09,
            0.09999999999999999,
            0.11,
            0.12,
            0.13,
            0.14,
            0.15000000000000002,
            0.16,
            0.17,
            0.18000000000000002,
            0.19,
            0.2,
            0.21000000000000002,
            0.22,
            0.23,
            0.24000000000000002,
            0.25,
            0.26,
            0.27,
            0.28,
            0.29000000000000004,
            0.3,
            0.31,
            0.32,
            0.33,
            0.34,
            0.35000000000000003,
            0.36000000000000004,
            0.37,
            0.38,
            0.39,
            0.4,
            0.41000000000000003,
            0.42000000000000004,
            0.43,
            0.44,
            0.45,
            0.46,
            0.47000000000000003,
            0.48000000000000004,
            0.49,
            0.5,
            0.51,
            0.52,
            0.53,
            0.54,
            0.55,
            0.56,
            0.5700000000000001,
            0.5800000000000001,
            0.59,
            0.6,
            0.61,
            0.62,
            0.63,
            0.64,
            0.65,
            0.66,
            0.67,
            0.68,
            0.6900000000000001,
            0.7000000000000001,
            0.7100000000000001,
            0.72,
            0.73,
            0.74,
            0.75,
            0.76,
            0.77,
            0.78,
            0.79,
            0.8,
            0.81,
            0.8200000000000001,
            0.8300000000000001,
            0.8400000000000001,
            0.85,
            0.86,
            0.87,
            0.88,
            0.89,
            0.9,
            0.91,
            0.92,
            0.93,
            0.9400000000000001,
            0.9500000000000001,
            0.9600000000000001,
            0.97,
            0.98,
            0.99
        ],
        "net_benefit_model": [
            0.10977479070864285,
            0.10370840943381243,
            0.09055718239801035,
            0.08641374837872892,
            0.0801761212369445,
            0.07285371305571653,
            0.07064557968285846,
            0.06614785992217899,
            0.05509471073673408,
            0.05188067444876784,
            0.04769815940191492,
            0.042978422355854265,
            0.04387494968469073,
            0.041851416161433355,
            0.042572671091783004,
            0.04085603112840466,
            0.039098026346631655,
            0.039005409509348,
            0.03727722534467022,
            0.035505836575875485,
            0.029921686450278283,
            0.028733912002394495,
            0.026984688463287686,
            0.025189432725783327,
            0.024643320363164724,
            0.0215585235040488,
            0.019721763232237087,
            0.018806744487678335,
            0.02118156409272757,
            0.02195664257921067,
            0.021344386172672414,
            0.020141908903639275,
            0.018903536790754395,
            0.02081122509138073,
            0.020951810835079316,
            0.01872568093385214,
            0.0148848125501822,
            0.014685578009288314,
            0.01447981118836512,
            0.014267185473411154,
            0.009562751434412715,
            0.009392191064001073,
            0.008737797801897741,
            0.008615897720956087,
            0.008489564909798374,
            0.008070327136474997,
            0.008002349313559944,
            0.007931756958994313,
            0.007858396276798657,
            0.007782101167315175,
            0.007702691971730326,
            0.0,
            0.0,
            0.0,
            0.0,
            0.0,
            0.0,
            0.0,
            0.0,
            0.0,
            0.0,
            0.0,
            0.0,
            0.0,
            0.0,
            0.0,
            0.0,
            0.0,
            0.0,
            0.0,
            0.0,
            0.0,
            0.0,
            0.0,
            0.0,
            0.0,
            0.0,
            0.0,
            0.0,
            0.0,
            0.0,
            0.0,
            0.0,
            0.0,
            0.0,
            0.0,
            0.0,
            0.0,
            0.0,
            0.0,
            0.0,
            0.0,
            0.0,
            0.0,
            0.0,
            0.0,
            0.0,
            0.0,
            0.0
        ],