{
    "best_method": "xgb_meta",
    "base_models": {
        "CatBoost": {
            "auc": {
                "per_fold": [
                    0.728492501973165,
                    0.748421052631579,
                    0.7407993668381481,
                    0.7366725083385154,
                    0.8079597489965515
                ],
                "mean": 0.7524690357555919,
                "std": 0.028482243755237308,
                "min": 0.728492501973165,
                "max": 0.8079597489965515
            },
            "brier": {
                "per_fold": [
                    0.0970938404850704,
                    0.09821684439986553,
                    0.10392381581552591,
                    0.09859084668796128,
                    0.09578754830273337
                ],
                "mean": 0.0987225791382313,
                "std": 0.002778243317022569,
                "min": 0.09578754830273337,
                "max": 0.10392381581552591
            },
            "f1": {
                "per_fold": [
                    0.22580645161290322,
                    0.24242424242424243,
                    0.15625,
                    0.10344827586206896,
                    0.16393442622950818
                ],
                "mean": 0.17837267922574457,
                "std": 0.0503271453912483,
                "min": 0.10344827586206896,
                "max": 0.24242424242424243
            }
        },
        "XGBoost": {
            "auc": {
                "per_fold": [
                    0.7611342879693314,
                    0.7813296398891968,
                    0.7381988806602974,
                    0.7361071852563741,
                    0.8403527616032562
                ],
                "mean": 0.7714245510756912,
                "std": 0.038226587628774074,
                "min": 0.7361071852563741,
                "max": 0.8403527616032562
            },
            "brier": {
                "per_fold": [
                    0.10595983745812905,
                    0.11013699356930393,
                    0.1165674472930722,
                    0.11394416154328167,
                    0.09058309077615029
                ],
                "mean": 0.10743830612798741,
                "std": 0.009156794648426241,
                "min": 0.09058309077615029,
                "max": 0.1165674472930722
            },
            "f1": {
                "per_fold": [
                    0.37362637362637363,
                    0.38,
                    0.36,
                    0.3010752688172043,
                    0.43956043956043955
                ],
                "mean": 0.37085241640080346,
                "std": 0.04426915593850526,
                "min": 0.3010752688172043,
                "max": 0.43956043956043955
            }
        },
        "LightGBM": {
            "auc": {
                "per_fold": [
                    0.7686886909459917,
                    0.7449307479224377,
                    0.7515405053988353,
                    0.7588897054666741,
                    0.8298377522754253
                ],
                "mean": 0.770777480401873,
                "std": 0.030567671599943138,
                "min": 0.7449307479224377,
                "max": 0.8298377522754253
            },
            "brier": {
                "per_fold": [
                    0.10106034530586616,
                    0.10355521344935803,
                    0.10746239759565156,
                    0.10501110275204416,
                    0.09484095120578706
                ],
                "mean": 0.1023860020617414,
                "std": 0.004306115622534964,
                "min": 0.09484095120578706,
                "max": 0.10746239759565156
            },
            "f1": {
                "per_fold": [
                    0.35714285714285715,
                    0.32558139534883723,
                    0.367816091954023,
                    0.325,
                    0.2894736842105263
                ],
                "mean": 0.33300280573124874,
                "std": 0.027599324744587473,
                "min": 0.2894736842105263,
                "max": 0.367816091954023
            }
        },
        "RandomForest": {
            "auc": {
                "per_fold": [
                    0.7431502987935505,
                    0.8016620498614958,
                    0.7738142348352083,
                    0.7578721239188196,
                    0.8256543614675786
                ],
                "mean": 0.7804306137753306,
                "std": 0.02979411033623714,
                "min": 0.7431502987935505,
                "max": 0.8256543614675786
            },
            "brier": {
                "per_fold": [
                    0.10558406446788007,
                    0.0967468060961434,
                    0.10504503145435516,
                    0.10255715799671843,
                    0.09309573052249907
                ],
                "mean": 0.10060575810751923,
                "std": 0.004890616904787554,
                "min": 0.09309573052249907,
                "max": 0.10558406446788007
            },
            "f1": {
                "per_fold": [
                    0.3333333333333333,
                    0.3902439024390244,
                    0.2564102564102564,
                    0.3170731707317073,
                    0.2191780821917808
                ],
                "mean": 0.3032477490212205,
                "std": 0.05987666485913062,
                "min": 0.2191780821917808,
                "max": 0.3902439024390244
            }
        }
    },
    "ensemble": {
        "auc": {
            "per_fold": [
                0.7649678655992784,
                0.7936565096952908,
                0.773248911753067,
                0.7580699869975691,
                0.8360845723330883
            ],
            "mean": 0.7852055692756587,
            "std": 0.028103229283733915,
            "min": 0.7580699869975691,
            "max": 0.8360845723330883
        },
        "brier": {
            "per_fold": [
                0.09283101139163348,
                0.09120507396613269,
                0.0953264927139242,
                0.09311451090492788,
                0.08793559237329272
            ],
            "mean": 0.0920825362699822,
            "std": 0.0024542014522879727,
            "min": 0.08793559237329272,
            "max": 0.0953264927139242
        },
        "f1": {
            "per_fold": [
                0.04,
                0.0,
                0.07017543859649122,
                0.10909090909090909,
                0.0392156862745098
            ],
            "mean": 0.051696406792382035,
            "std": 0.03633372070750384,
            "min": 0.0,
            "max": 0.10909090909090909
        }
    },
    "method_comparison": {
        "weighted_avg": {
            "auc": 0.7818518218404775,
            "brier": 0.093957136599612,
            "score": 0.512912972198784,
            "calibration": null
        },
        "weighted_avg+isotonic": {
            "auc": 0.7693730924020205,
            "brier": 0.09236413973962534,
            "score": 0.5114648978038883,
            "calibration": "isotonic"
        },
        "weighted_avg+platt": {
            "auc": 0.7816965129784188,
            "brier": 0.09433442007310971,
            "score": 0.5113894786668437,
            "calibration": "platt"
        },
        "logistic": {
            "auc": 0.7829427521364372,
            "brier": 0.18816395939527192,
            "score": 0.15642283151981423,
            "calibration": null
        },
        "logistic+isotonic": {
            "auc": 0.7591497177430245,