{
    "CatBoost_Params": {
        "iterations": 1086,
        "depth": 5,
        "learning_rate": 0.044783346458519536,
        "l2_leaf_reg": 5.228379106469682,
        "random_strength": 3.063984771237751,
        "bagging_temperature": 0.5982333642299014,
        "border_count": 146,
        "loss_function": "Focal:focal_alpha=0.2934075772759215;focal_gamma=1.0590051912076055",
        "eval_metric": "AUC",
        "random_state": 42,
        "verbose": false,
        "thread_count": -1
    },
    "XGBoost_Params": {
        "n_estimators": 825,
        "max_depth": 9,
        "learning_rate": 0.1198882896426087,
        "subsample": 0.9714541696727389,
        "colsample_bytree": 0.5066720048749398,
        "gamma": 0.19798819386054323,
        "min_child_weight": 2,
        "reg_alpha": 0.010426236789759544,
        "reg_lambda": 0.16239349368592695,
        "max_delta_step": 8.061077027784673,
        "scale_pos_weight": 12.528224223820224,
        "objective": "binary:logistic",
        "eval_metric": "auc",
        "random_state": 42,
        "n_jobs": -1,
        "use_label_encoder": false
    },
    "LightGBM_Params": {
        "boosting_type": "goss",
        "n_estimators": 1646,
        "num_leaves": 91,
        "learning_rate": 0.007755380833470473,
        "max_depth": 7,
        "min_child_samples": 21,
        "colsample_bytree": 0.9031019528044345,
        "reg_alpha": 0.4329528540410278,
        "reg_lambda": 0.0039052997030679043,
        "top_rate": 0.22651408012722996,
        "other_rate": 0.11893598532071564,
        "is_unbalance": true,
        "objective": "binary",
        "metric": "auc",
        "random_state": 42,
        "n_jobs": -1,
        "verbosity": -1
    },
    "RandomForest_Params": {
        "n_estimators": 385,
        "max_depth": 24,
        "min_samples_split": 20,
        "min_samples_leaf": 7,
        "max_features": 0.7,
        "class_weight": "balanced_subsample",
        "max_samples": 0.500107850346776,
        "min_impurity_decrease": 0.0013442301594094863,
        "ccp_alpha": 0.002168562359110148,
        "bootstrap": true,
        "random_state": 42,
        "n_jobs": -1
    },
    "Ensemble_Weights": {
        "Cat": 0.3236827787417758,
        "XGB": 0.28068593808814674,
        "LGBM": 0.12711295681575002,
        "RF": 0.26851832635432743
    }
}