{
    "Final_Model": {
        "AUC": 0.7747439655484383,
        "AUC_95CI_lower": 0.7058709290344707,
        "AUC_95CI_upper": 0.8389601280275599,
        "Brier": 0.08798285332896824,
        "Brier_95CI_lower": 0.07024878694880951,
        "Brier_95CI_upper": 0.1060296852128026,
        "Best_Method": "lgbm_meta",
        "Optimal_Threshold": 0.16000000000000003
    },
    "Individual_Assessment_Test": {
        "CatBoost": {
            "AUC": 0.7569934498606739,
            "Brier": 0.09024299095957408
        },
        "XGBoost": {
            "AUC": 0.7725907429522673,
            "Brier": 0.09451238990954774
        },
        "LightGBM": {
            "AUC": 0.778453298592263,
            "Brier": 0.10053485474340736
        },
        "RandomForest": {
            "AUC": 0.7750877573915246,
            "Brier": 0.09443363660005362
        }
    },
    "Self_Assessment_CV": {
        "CatBoost": {
            "AUC": 0.7997672830354039,
            "Brier": 0.09379781628564356
        },
        "XGBoost": {
            "AUC": 0.7620956776521539,
            "Brier": 0.1151239481720103
        },
        "LightGBM": {
            "AUC": 0.7845687293879612,
            "Brier": 0.1055635417134799
        },
        "RandomForest": {
            "AUC": 0.7807709788740951,
            "Brier": 0.10001819982444018
        }
    },
    "Ensemble_Weights": {
        "CatBoost": 0.09230769230769231,
        "XGBoost": 0.4307692307692308,
        "LightGBM": 0.4461538461538462,
        "RandomForest": 0.03076923076923077
    }
}