{
    "best_method": "xgb_meta",
    "base_models": {
        "CatBoost": {
            "auc": {
                "per_fold": [
                    0.7557785545157288,
                    0.759556786703601,
                    0.7614336593363107,
                    0.7503533269263384,
                    0.8257108937757929
                ],
                "mean": 0.7705666442515544,
                "std": 0.027830854918972494,
                "min": 0.7503533269263384,
                "max": 0.8257108937757929
            },
            "brier": {
                "per_fold": [
                    0.09290015078457421,
                    0.09582221068257223,
                    0.09470883385891501,
                    0.09512873360996749,
                    0.09193514835140462
                ],
                "mean": 0.09409901545748671,
                "std": 0.0014505996757733113,
                "min": 0.09193514835140462,
                "max": 0.09582221068257223
            },
            "f1": {
                "per_fold": [
                    0.17543859649122806,
                    0.24242424242424243,
                    0.1935483870967742,
                    0.10714285714285714,
                    0.10526315789473684
                ],
                "mean": 0.16476344820996772,
                "std": 0.05260066067656555,
                "min": 0.10526315789473684,
                "max": 0.24242424242424243
            }
        },
        "XGBoost": {
            "auc": {
                "per_fold": [
                    0.7592738752959747,
                    0.767146814404432,
                    0.7621120470348803,
                    0.7585505116173894,
                    0.82226242297473
                ],
                "mean": 0.7738691342654812,
                "std": 0.02438446579599606,
                "min": 0.7585505116173894,
                "max": 0.82226242297473
            },
            "brier": {
                "per_fold": [
                    0.10994257549658769,
                    0.11090323763682884,
                    0.11444476341476972,
                    0.11157963393039118,
                    0.09737916342494543
                ],
                "mean": 0.10884987478070458,
                "std": 0.00592860652638431,
                "min": 0.09737916342494543,
                "max": 0.11444476341476972
            },
            "f1": {
                "per_fold": [
                    0.3191489361702128,
                    0.4,
                    0.32323232323232326,
                    0.32558139534883723,
                    0.3373493975903614
                ],
                "mean": 0.34106241046834695,
                "std": 0.030083883127759285,
                "min": 0.3191489361702128,
                "max": 0.4
            }
        },
        "LightGBM": {
            "auc": {
                "per_fold": [
                    0.765136994024129,
                    0.7605540166204986,
                    0.7653343886030867,
                    0.754480185425971,
                    0.8357736446379106
                ],
                "mean": 0.7762558458623192,
                "std": 0.03002000098246198,
                "min": 0.754480185425971,
                "max": 0.8357736446379106
            },
            "brier": {
                "per_fold": [
                    0.10551263224875639,
                    0.10567541398715831,
                    0.10947257880591521,
                    0.10914997138745726,
                    0.09020135657616583
                ],
                "mean": 0.1040023906010906,
                "std": 0.007098857995342326,
                "min": 0.09020135657616583,
                "max": 0.10947257880591521
            },
            "f1": {
                "per_fold": [
                    0.3516483516483517,
                    0.3617021276595745,
                    0.37894736842105264,
                    0.3673469387755102,
                    0.4235294117647059
                ],
                "mean": 0.376634839653839,
                "std": 0.025052042854179207,
                "min": 0.3516483516483517,
                "max": 0.4235294117647059
            }
        },
        "RandomForest": {
            "auc": {
                "per_fold": [
                    0.7609087834028638,
                    0.7966759002770083,
                    0.7711006840409294,
                    0.7695743117191475,
                    0.8221493583583017
                ],
                "mean": 0.7840818075596501,
                "std": 0.022466489031990833,
                "min": 0.7609087834028638,
                "max": 0.8221493583583017
            },
            "brier": {
                "per_fold": [
                    0.10313528386370083,
                    0.09843952589982324,
                    0.10533739838925021,
                    0.10082901780309349,
                    0.09373536718177891
                ],
                "mean": 0.10029531862752934,
                "std": 0.004006238517488084,
                "min": 0.09373536718177891,
                "max": 0.10533739838925021
            },
            "f1": {
                "per_fold": [
                    0.2894736842105263,
                    0.3902439024390244,
                    0.2894736842105263,
                    0.3076923076923077,
                    0.2571428571428571
                ],
                "mean": 0.3068052871390484,
                "std": 0.04478820202220626,
                "min": 0.2571428571428571,
                "max": 0.3902439024390244
            }
        }
    },
    "ensemble": {
        "auc": {
            "per_fold": [
                0.7694497688578193,
                0.8006371191135734,
                0.7757928656227034,
                0.7693481824862909,
                0.818757419865453
            ],
            "mean": 0.786797071189168,
            "std": 0.01969515660942643,
            "min": 0.7693481824862909,
            "max": 0.818757419865453
        },
        "brier": {
            "per_fold": [
                0.09308163193169733,
                0.09083902833468796,
                0.09243967528883609,
                0.09362355013363674,
                0.08822381289822001
            ],
            "mean": 0.09164153971741562,
            "std": 0.0019475180305233064,
            "min": 0.08822381289822001,
            "max": 0.09362355013363674
        },
        "f1": {
            "per_fold": [
                0.07547169811320754,
                0.07547169811320754,
                0.16393442622950818,
                0.10714285714285714,
                0.07547169811320754
            ],
            "mean": 0.09949847554239759,
            "std": 0.03447400879474478,
            "min": 0.07547169811320754,
            "max": 0.16393442622950818
        }
    },
    "method_comparison": {
        "weighted_avg": {
            "auc": 0.7842962482780973,
            "brier": 0.09283676193904766,
            "score": 0.5186270472915072,
            "calibration": null
        },
        "weighted_avg+isotonic": {
            "auc": 0.7752140561272723,
            "brier": 0.09292578911423358,
            "score": 0.5128402237109727,
            "calibration": "isotonic"
        },
        "weighted_avg+platt": {
            "auc": 0.7840058882316399,
            "brier": 0.09365867440852987,
            "score": 0.515336903216294,
            "calibration": "platt"
        },
        "logistic": {
            "auc": 0.7872159237457245,
            "brier": 0.18644113799699086,
            "score": 0.16551807171992344,
            "calibration": null
        },