{
    "evaluation_type": "end_to_end_pipeline",
    "description": "Holdout test set (n=514) evaluated through the FULL production inference pipeline. fold_models predict \u2192 average \u2192 meta-features \u2192 meta-learner \u2192 calibrate \u2192 score. These are the metrics of the actual deployed model.",
    "pipeline": "fold_ensemble \u2192 13 meta-features \u2192 xgb_meta \u2192 threshold",
    "best_method": "xgb_meta",
    "holdout_n": 514,
    "cross_check_vs_trainMeta": true,
    "final_model": {
        "AUC": 0.7937248941483009,
        "AUC_95CI": [
            0.731761268445514,
            0.8542469871500228
        ],
        "Brier": 0.0880376324057579,
        "Brier_95CI": [
            0.06968717109411955,
            0.10543842259794473
        ],
        "optimal_threshold": 0.10648538172245026,
        "clinical_metrics": {
            "sensitivity": 0.7868852459016393,
            "specificity": 0.6666666666666666,
            "ppv": 0.24120603015075376,
            "npv": 0.9587301587301588,
            "tp": 48,
            "tn": 302,
            "fp": 151,
            "fn": 13
        }
    },
    "decision_curve_analysis": {
        "thresholds": [
            0.01,
            0.02,
            0.03,
            0.04,
            0.05,
            0.060000000000000005,
            0.06999999999999999,
            0.08,
            0.09,
            0.09999999999999999,
            0.11,
            0.12,
            0.13,
            0.14,
            0.15000000000000002,
            0.16,
            0.17,
            0.18000000000000002,
            0.19,
            0.2,
            0.21000000000000002,
            0.22,
            0.23,
            0.24000000000000002,
            0.25,
            0.26,
            0.27,
            0.28,
            0.29000000000000004,
            0.3,
            0.31,
            0.32,
            0.33,
            0.34,
            0.35000000000000003,
            0.36000000000000004,
            0.37,
            0.38,
            0.39,
            0.4,
            0.41000000000000003,
            0.42000000000000004,
            0.43,
            0.44,
            0.45,
            0.46,
            0.47000000000000003,
            0.48000000000000004,
            0.49,
            0.5,
            0.51,
            0.52,
            0.53,
            0.54,
            0.55,
            0.56,
            0.5700000000000001,
            0.5800000000000001,
            0.59,
            0.6,
            0.61,
            0.62,
            0.63,
            0.64,
            0.65,
            0.66,
            0.67,
            0.68,
            0.6900000000000001,
            0.7000000000000001,
            0.7100000000000001,
            0.72,
            0.73,
            0.74,
            0.75,
            0.76,
            0.77,
            0.78,
            0.79,
            0.8,
            0.81,
            0.8200000000000001,
            0.8300000000000001,
            0.8400000000000001,
            0.85,
            0.86,
            0.87,
            0.88,
            0.89,
            0.9,
            0.91,
            0.92,
            0.93,
            0.9400000000000001,
            0.9500000000000001,
            0.9600000000000001,
            0.97,
            0.98,
            0.99
        ],
        "net_benefit_model": [
            0.10977479070864285,
            0.10108790597951242,
            0.09310441654298207,
            0.08690012970168612,
            0.08263362686872823,
            0.079973507740707,
            0.06957867871637169,
            0.06716291659617663,
            0.06127335699320135,
            0.060959792477302197,
            0.05390635246797535,
            0.047665369649805445,
            0.0442774721588622,
            0.0446565921636051,
            0.04016937514305332,
            0.04048545488234204,
            0.034855374806619474,
            0.032077441396982063,
            0.031776913099870296,
            0.030642023346303504,
            0.02952765601142688,
            0.030080814127506735,
            0.028904947192884937,
            0.02406307597788245,
            0.021400778210116735,
            0.02208434115048901,
            0.021507382335696393,
            0.02172503242542153,
            0.022853071737819912,
            0.024180100055586434,
            0.019004116618733434,
            0.018768596932936598,
            0.016812823044311514,
            0.018983610423299137,
            0.021400778210116732,
            0.022981517509727625,
            0.023593354332653943,
            0.018451110832182753,
            0.016042610193276775,
            0.01815823605706874,
            0.015828002374200355,
            0.012947806252515764,
            0.014062393337429178,
            0.014869371873262923,
            0.014679872656526354,
            0.010592304366623433,
            0.0062770721679759195,
            -0.001646213708470518,
            7.629510948348227e-05,
            0.0,
            0.0,
            0.0,
            0.0,
            0.0,
            0.0,
            0.0,
            0.0,
            0.0,
            0.0,
            0.0,
            0.0,
            0.0,
            0.0,
            0.0,
            0.0,
            0.0,
            0.0,
            0.0,
            0.0,
            0.0,
            0.0,
            0.0,
            0.0,
            0.0,
            0.0,
            0.0,
            0.0,
            0.0,
            0.0,
            0.0,
            0.0,
            0.0,
            0.0,
            0.0,
            0.0,
            0.0,
            0.0,
            0.0,
            0.0,
            0.0,
            0.0,
            0.0,
            0.0,
            0.0,
            0.0,
            0.0,
            0.0,
            0.0,
            0.0
        ],