{
    "Final_Model": {
        "AUC": 0.7937248941483009,
        "AUC_95CI_lower": 0.731761268445514,
        "AUC_95CI_upper": 0.8542469871500228,
        "Brier": 0.0880376324057579,
        "Brier_95CI_lower": 0.06968717109411955,
        "Brier_95CI_upper": 0.10543842259794473,
        "Best_Method": "xgb_meta",
        "Optimal_Threshold": 0.14
    },
    "LR_Baseline": {
        "AUC": 0.8106611659971772,
        "Brier": 0.17485229610287223,
        "F1_Score": 0.3861003861003861,
        "Sensitivity": 0.819672131147541,
        "Specificity": 0.673289183222958,
        "PPV": 0.25252525252525254,
        "NPV": 0.9651898734177216,
        "Net_Benefit": -0.12066993337262545,
        "Calibration_Slope": 0.8821582035785047,
        "Threshold": 0.43082252713257296
    },
    "TearSense_vs_LR": {
        "AUC_Improvement": -0.01693627184887625,
        "AUC_Improvement_Pct": -2.0891924467657583,
        "Brier_Improvement": 0.08681466369711432
    },
    "Individual_Assessment_Test": {
        "CatBoost": {
            "AUC": 0.7701661057431332,
            "Brier": 0.08777371205014856
        },
        "XGBoost": {
            "AUC": 0.7624579307349908,
            "Brier": 0.09621926708693859
        },
        "LightGBM": {
            "AUC": 0.780624615495965,
            "Brier": 0.09916579589158465
        },
        "RandomForest": {
            "AUC": 0.7741468533999204,
            "Brier": 0.1059588954318753
        }
    },
    "Self_Assessment_CV": {
        "CatBoost": {
            "AUC": 0.8018378066214013,
            "Brier": 0.09328839506965361
        },
        "XGBoost": {
            "AUC": 0.7849328199408504,
            "Brier": 0.11853894069790841
        },
        "LightGBM": {
            "AUC": 0.77635697685205,
            "Brier": 0.10981028769197347
        },
        "RandomForest": {
            "AUC": 0.7817235270288461,
            "Brier": 0.1117812997232189
        }
    },
    "Ensemble_Weights": {
        "CatBoost": 0.13154692947864532,
        "XGBoost": 0.08408799022436142,
        "LightGBM": 0.3880404531955719,
        "RandomForest": 0.39632466435432434
    }
}