{
    "tearsense": {
        "AUC": 0.7937248941483009,
        "Brier": 0.0880376324057579
    },
    "logistic_regression": {
        "AUC": 0.8106611659971772,
        "Brier": 0.17485229610287223
    },
    "improvement": {
        "AUC_delta": -0.01693627184887625,
        "AUC_pct": -2.0891924467657583,
        "Brier_delta": -0.08681466369711432
    }
}