{
    "Final_Model": {
        "AUC": 0.777838092136214,
        "AUC_95CI_lower": 0.7095220449179538,
        "AUC_95CI_upper": 0.840291888420247,
        "Brier": 0.08771493309904299,
        "Brier_95CI_lower": 0.06973218916237736,
        "Brier_95CI_upper": 0.10505531774834004,
        "Best_Method": "xgb_meta",
        "Optimal_Threshold": 0.22000000000000003
    },
    "LR_Baseline": {
        "AUC": 0.8106611659971772,
        "Brier": 0.17485229610278893,
        "F1_Score": 0.3861003861003861,
        "Sensitivity": 0.819672131147541,
        "Specificity": 0.673289183222958,
        "PPV": 0.25252525252525254,
        "NPV": 0.9651898734177216,
        "Net_Benefit": -0.12066993337212771,
        "Calibration_Slope": 0.8821582035792785,
        "Threshold": 0.43082252713201297
    },
    "TearSense_vs_LR": {
        "AUC_Improvement": -0.03282307386096317,
        "AUC_Improvement_Pct": -4.048926387214836,
        "Brier_Improvement": 0.08713736300374594
    },
    "Individual_Assessment_Test": {
        "CatBoost": {
            "AUC": 0.764375927333261,
            "Brier": 0.08893906171189837
        },
        "XGBoost": {
            "AUC": 0.778561864437448,
            "Brier": 0.0941003975328935
        },
        "LightGBM": {
            "AUC": 0.7721926681865885,
            "Brier": 0.09471935726061517
        },
        "RandomForest": {
            "AUC": 0.7780552238265841,
            "Brier": 0.11839206478684959
        }
    },
    "Self_Assessment_CV": {
        "CatBoost": {
            "AUC": 0.7981994347393846,
            "Brier": 0.09381848361111286
        },
        "XGBoost": {
            "AUC": 0.7727662176668771,
            "Brier": 0.11158182270064557
        },
        "LightGBM": {
            "AUC": 0.7654421691665294,
            "Brier": 0.10534831502465661
        },
        "RandomForest": {
            "AUC": 0.7836218563273551,
            "Brier": 0.12263571056489164
        }
    },
    "Ensemble_Weights": {
        "CatBoost": 0.4878849387168884,
        "XGBoost": 0.16470913589000702,
        "LightGBM": 0.11587212979793549,
        "RandomForest": 0.23153379559516907
    }
}