{
    "tearsense": {
        "AUC": 0.777838092136214,
        "Brier": 0.08771493309904299
    },
    "logistic_regression": {
        "AUC": 0.8106611659971772,
        "Brier": 0.17485229610278893
    },
    "improvement": {
        "AUC_delta": -0.03282307386096317,
        "AUC_pct": -4.048926387214836,
        "Brier_delta": -0.08713736300374594
    }
}