{
    "evaluation_type": "end_to_end_pipeline",
    "description": "Holdout test set (n=514) evaluated through the FULL production inference pipeline. fold_models predict \u2192 average \u2192 meta-features \u2192 meta-learner \u2192 calibrate \u2192 score. These are the metrics of the actual deployed model.",
    "pipeline": "fold_ensemble \u2192 weighted_avg \u2192 threshold",
    "best_method": "weighted_avg",
    "holdout_n": 514,
    "cross_check_vs_trainMeta": true,
    "final_model": {
        "AUC": 0.7771866970651033,
        "AUC_95CI": [
            0.7117529987841132,
            0.8389778331253355
        ],
        "Brier": 0.08984772818334445,
        "Brier_95CI": [
            0.07067761334105746,
            0.10868507763099539
        ],
        "optimal_threshold": 0.07717034593226561,
        "clinical_metrics": {
            "sensitivity": 0.7213114754098361,
            "specificity": 0.7019867549668874,
            "ppv": 0.24581005586592178,
            "npv": 0.9492537313432836,
            "tp": 44,
            "tn": 318,
            "fp": 135,
            "fn": 17
        }
    },
    "decision_curve_analysis": {
        "thresholds": [
            0.01,
            0.02,
            0.03,
            0.04,
            0.05,
            0.060000000000000005,
            0.06999999999999999,
            0.08,
            0.09,
            0.09999999999999999,
            0.11,
            0.12,
            0.13,
            0.14,
            0.15000000000000002,
            0.16,
            0.17,
            0.18000000000000002,
            0.19,
            0.2,
            0.21000000000000002,
            0.22,
            0.23,
            0.24000000000000002,
            0.25,
            0.26,
            0.27,
            0.28,
            0.29000000000000004,
            0.3,
            0.31,
            0.32,
            0.33,
            0.34,
            0.35000000000000003,
            0.36000000000000004,
            0.37,
            0.38,
            0.39,
            0.4,
            0.41000000000000003,
            0.42000000000000004,
            0.43,
            0.44,
            0.45,
            0.46,
            0.47000000000000003,
            0.48000000000000004,
            0.49,
            0.5,
            0.51,
            0.52,
            0.53,
            0.54,
            0.55,
            0.56,
            0.5700000000000001,
            0.5800000000000001,
            0.59,
            0.6,
            0.61,
            0.62,
            0.63,
            0.64,
            0.65,
            0.66,
            0.67,
            0.68,
            0.6900000000000001,
            0.7000000000000001,
            0.7100000000000001,
            0.72,
            0.73,
            0.74,
            0.75,
            0.76,
            0.77,
            0.78,
            0.79,
            0.8,
            0.81,
            0.8200000000000001,
            0.8300000000000001,
            0.8400000000000001,
            0.85,
            0.86,
            0.87,
            0.88,
            0.89,
            0.9,
            0.91,
            0.92,
            0.93,
            0.9400000000000001,
            0.9500000000000001,
            0.9600000000000001,
            0.97,
            0.98,
            0.99
        ],
        "net_benefit_model": [
            0.10631607907872499,
            0.09640276344000634,
            0.08738818243812427,
            0.07895590142671854,
            0.0669670284661069,
            0.06511300604354664,
            0.06422325425714406,
            0.06149551683302318,
            0.054346431778338394,
            0.04971897968006918,
            0.04551217592794998,
            0.04235939158118146,
            0.0410572923654904,
            0.03732693873857569,
            0.03433279926756694,
            0.03492681119140262,
            0.034316253340209074,
            0.03193508588782386,
            0.03076812220781093,
            0.029669260700389104,
            0.027212727183174898,
            0.026289534071635243,
            0.02544342816716358,
            0.024575056317837393,
            0.023994811932555128,
            0.024187611736249864,
            0.02044134107989979,
            0.020860354517942062,
            0.020660930563928315,
            0.021400778210116732,
            0.02233124682794789,
            0.019684138246738384,
            0.01997793135489865,
            0.019396297606414335,
            0.01885662975157138,
            0.01446984435797665,
            0.011271694151071585,
            0.009727626459143969,
            0.011864514894431327,
            0.012970168612191954,
            0.01694915254237288,
            0.015698376492687505,
            0.01587139053860332,
            0.016120066703724293,
            0.014503006720905556,
            0.01462746793486093,
            0.013251596799060274,
            0.011972463334331038,
            0.012741283283741515,
            0.013618677042801557,
            0.016636226475025807,
            0.015726329442282746,
            0.01477771338686977,
            0.013787853155134491,
            0.010808473843493292,
            0.005836575875486378,
            0.009863360781829693,
            0.00889382990550305,
            0.007877004840087316,
            0.009727626459143972,
            0.00872992118128305,
            0.007679705099324186,
            0.0046271952886738875,
            0.006917423259835711,
            0.003891050583657584,
            0.002746623941405353,
            0.0015328381087135884,
            0.0002431906614785949,
            -0.001129659846868341,
            0.0019455252918287869,
            0.0034214410304575227,
            0.002223457476375767,
            -0.004899841475716957,
            -0.006285543250523794,
            -0.0019455252918287938,
            -0.003242542153047992,
            -0.006597868380984608,
            -0.008135833038556778,
            -0.009820270520659632,
            -0.01167315175097277,
            -0.013721073110792556,
            -0.015996541288370095,
            -0.01853971160448617,
            -0.023346303501945553,
            -0.028534370946822304,
            -0.020289049471928847,
            -0.02738700987728225,
            -0.01686121919584955,
            -0.01980898478952954,
            -0.023346303501945533,
            -0.007998270644185047,
            -0.01070038910505838,
            -0.014174541411895517,
            -0.020752269779507164,
            0.009727626459143969,
            0.005836575875486381,
            0.005836575875486381,
            0.0,
            0.0
        ],