{
    "Final_Model": {
        "AUC": 0.7771866970651033,
        "AUC_95CI_lower": 0.7117529987841132,
        "AUC_95CI_upper": 0.8389778331253355,
        "Brier": 0.08984772818334445,
        "Brier_95CI_lower": 0.07067761334105746,
        "Brier_95CI_upper": 0.10868507763099539,
        "Best_Method": "weighted_avg",
        "Optimal_Threshold": 0.31000000000000005
    },
    "Individual_Assessment_Test": {
        "CatBoost": {
            "AUC": 0.763036948575978,
            "Brier": 0.08979482416795724
        },
        "XGBoost": {
            "AUC": 0.7771866970651033,
            "Brier": 0.08984772818334553
        },
        "LightGBM": {
            "AUC": 0.7671986393080736,
            "Brier": 0.0941391720734506
        },
        "RandomForest": {
            "AUC": 0.7766800564542394,
            "Brier": 0.09790755277927192
        }
    },
    "Self_Assessment_CV": {
        "CatBoost": {
            "AUC": 0.8015856519127753,
            "Brier": 0.09274637958406173
        },
        "XGBoost": {
            "AUC": 0.7723070191575812,
            "Brier": 0.10574027450399517
        },
        "LightGBM": {
            "AUC": 0.7680336826363671,
            "Brier": 0.10460633540233788
        },
        "RandomForest": {
            "AUC": 0.7798015697241693,
            "Brier": 0.1036784111544912
        }
    },
    "Ensemble_Weights": {
        "CatBoost": 3.6422968626073026e-14,
        "XGBoost": 0.9999999999996415,
        "LightGBM": 1.9209911439332928e-13,
        "RandomForest": 1.2991244946468787e-13
    }
}