{
    "CatBoost_Params": {
        "iterations": 1301,
        "depth": 7,
        "learning_rate": 0.08888010390912154,
        "l2_leaf_reg": 1.8815152232840802,
        "random_strength": 5.957698142108676,
        "bagging_temperature": 0.35552276378668046,
        "border_count": 99,
        "loss_function": "Focal:focal_alpha=0.24734879163994616;focal_gamma=1.0149258248198423",
        "eval_metric": "AUC",
        "random_state": 42,
        "verbose": false,
        "thread_count": -1
    },
    "XGBoost_Params": {
        "n_estimators": 410,
        "max_depth": 10,
        "learning_rate": 0.06014637332580713,
        "subsample": 0.6406184198590753,
        "colsample_bytree": 0.6783087126670375,
        "gamma": 0.10988770612800769,
        "min_child_weight": 2,
        "reg_alpha": 0.006626010598168404,
        "reg_lambda": 0.10964128958541433,
        "max_delta_step": 7.827967845176011,
        "scale_pos_weight": 12.556519065866816,
        "objective": "binary:logistic",
        "eval_metric": "auc",
        "random_state": 42,
        "n_jobs": -1,
        "use_label_encoder": false
    },
    "LightGBM_Params": {
        "boosting_type": "dart",
        "n_estimators": 908,
        "num_leaves": 34,
        "learning_rate": 0.07009873604705362,
        "max_depth": 8,
        "min_child_samples": 24,
        "colsample_bytree": 0.5691402751222898,
        "reg_alpha": 0.010195092596597524,
        "reg_lambda": 0.12741721173031864,
        "subsample": 0.7231781709157977,
        "subsample_freq": 8,
        "drop_rate": 0.18519722009993816,
        "skip_drop": 0.3115899324914183,
        "is_unbalance": true,
        "objective": "binary",
        "metric": "auc",
        "random_state": 42,
        "n_jobs": -1,
        "verbosity": -1
    },
    "RandomForest_Params": {
        "n_estimators": 396,
        "max_depth": 15,
        "min_samples_split": 20,
        "min_samples_leaf": 2,
        "max_features": 0.7,
        "class_weight": "balanced",
        "max_samples": 0.6399910528301643,
        "min_impurity_decrease": 0.002412736133530611,
        "ccp_alpha": 0.002634018459756003,
        "bootstrap": true,
        "random_state": 42,
        "n_jobs": -1
    },
    "Ensemble_Weights": {
        "Cat": 0.5813953488372093,
        "XGB": 0.0,
        "LGBM": 0.27906976744186046,
        "RF": 0.13953488372093023
    }
}