{
    "tearsense": {
        "model_serial": "05022026_130839_45739",
        "holdout_n": 514,
        "inference_verified": true,
        "stored_AUC": 0.7861252849853435,
        "stored_Brier": 0.0894150361052784,
        "stored_threshold": 0.22000000000000003,
        "AUC": 0.7861252849853435,
        "Brier_Score": 0.0894150361052784,
        "Calibration_Slope": 1.2536774593637536,
        "Calibration_Intercept": 0.4032246527721199,
        "Net_Benefit": 0.06145814952472022,
        "Optimal_Threshold_Used": 0.09096205670172147,
        "Youden_J_Threshold": 0.09096205670172147,
        "F1_Score": 0.3516483516483517,
        "Sensitivity_Recall": 0.7868852459016393,
        "Specificity": 0.6379690949227373,
        "PPV_Precision": 0.22641509433962265,
        "NPV": 0.956953642384106,
        "Confusion_Matrix": {
            "TP": 48,
            "TN": 289,
            "FP": 164,
            "FN": 13
        },
        "AUC_95CI": [
            0.7195234831104396,
            0.8502810398186881
        ],
        "AUC_Text": "0.7861 (0.7195-0.8503)",
        "Brier_Score_95CI": [
            0.07165054993194041,
            0.10681564017662924
        ],
        "Brier_Score_Text": "0.0894 (0.0717-0.1068)",
        "F1_Score_95CI": [
            0.27886723781565464,
            0.4290663730732935
        ],
        "F1_Score_Text": "0.3516 (0.2789-0.4291)",
        "Sensitivity_Recall_95CI": [
            0.6785562953995158,
            0.8889880952380951
        ],
        "Sensitivity_Recall_Text": "0.7869 (0.6786-0.8890)",
        "Specificity_95CI": [
            0.5922491906115996,
            0.6841075580120191
        ],
        "Specificity_Text": "0.6380 (0.5922-0.6841)",
        "PPV_Precision_95CI": [
            0.1720836269673479,
            0.2857310529845741
        ],
        "PPV_Precision_Text": "0.2264 (0.1721-0.2857)",
        "NPV_95CI": [
            0.9328579437347105,
            0.9803294760527161
        ],
        "NPV_Text": "0.9570 (0.9329-0.9803)",
        "Net_Benefit_95CI": [
            0.035971643508488194,
            0.08927710375883752
        ],
        "Net_Benefit_Text": "0.0615 (0.0360-0.0893)",
        "Calibration_Slope_95CI": [
            0.9205882224687757,
            1.6673683453674935
        ],
        "Calibration_Slope_Text": "1.2537 (0.9206-1.6674)"
    },
    "logistic_regression": {
        "AUC": 0.8106611659971772,
        "Brier_Score": 0.17485229610280642,
        "F1_Score": 0.3861003861003861,
        "Sensitivity_Recall": 0.819672131147541,
        "Specificity": 0.673289183222958,
        "PPV_Precision": 0.25252525252525254,
        "NPV": 0.9651898734177216,
        "Net_Benefit": -0.12066993337223451,
        "Calibration_Slope": 0.8821582035791161,
        "Calibration_Intercept": -1.9580869173522404,
        "Threshold_Used": 0.43082252713213315,
        "Confusion_Matrix": {
            "TP": 50,
            "TN": 305,
            "FP": 148,
            "FN": 11
        },
        "AUC_95CI": [
            0.7521794662966538,
            0.8631149614337568
        ],
        "Brier_Score_95CI": [
            0.15675797066713185,
            0.19277571042690916
        ],
        "F1_Score_95CI": [
            0.309478021978022,
            0.4545624151967435
        ],
        "Sensitivity_Recall_95CI": [
            0.7212933944069432,
            0.9111403508771929
        ],
        "Specificity_95CI": [
            0.6296276469188675,
            0.715232159296766
        ],
        "PPV_Precision_95CI": [
            0.19288327256261767,
            0.31156296186816435
        ],
        "NPV_95CI": [
            0.9438819353633476,
            0.984178463043565
        ],
        "Net_Benefit_95CI": [
            -0.16230365857180526,
            -0.07807198326155126
        ],
        "Calibration_Slope_95CI": [
            0.6671257244850478,
            1.1635364636314967
        ]
    },
    "lr_formula": "z = -0.7181 + 1.1932 \u00d7 tear_characteristics_Tear_MedLat + 0.7155 \u00d7 tear_characteristics_Full_3.0\n    - 0.7025 \u00d7 Tear_Area_cm2 + 0.4783 \u00d7 Tear_AP_ML_Ratio + 0.4497 \u00d7 InsuranceType_5.0\n    + 0.3984 \u00d7 Aged + 0.3697 \u00d7 tear_characteristics_Full_nan + 0.3136 \u00d7 Gender_M + 0.3018 \u00d7 Pre-Op_ROM_Pre-Op_IR + 0.2575 \u00d7 tear_characteristics_Tear_AntPost\n    + ... (30 more terms)\n\nP(retear) = 1 / (1 + exp(-z))",
    "comparison": {
        "AUC_difference": -0.024535881011833682,
        "Brier_difference": -0.08543725999752802,
        "TearSense_better_AUC": false,
        "TearSense_better_Brier": true
    }
}