{
    "tearsense": {
        "model_serial": "04022026_173839_85593",
        "holdout_n": 514,
        "inference_verified": true,
        "stored_AUC": 0.7769876596822639,
        "stored_Brier": 0.08744932846032515,
        "stored_threshold": 0.17000000000000004,
        "AUC": 0.7769876596822639,
        "Brier_Score": 0.0874493271112442,
        "Calibration_Slope": 1.080693554602375,
        "Calibration_Intercept": 0.13695190459567572,
        "Net_Benefit": 0.042737030219703195,
        "Optimal_Threshold_Used": 0.16697365045547485,
        "Youden_J_Threshold": 0.16697365045547485,
        "F1_Score": 0.4277456647398844,
        "Sensitivity_Recall": 0.6065573770491803,
        "Specificity": 0.8344370860927153,
        "PPV_Precision": 0.33035714285714285,
        "NPV": 0.9402985074626866,
        "Confusion_Matrix": {
            "TP": 37,
            "TN": 378,
            "FP": 75,
            "FN": 24
        },
        "AUC_95CI": [
            0.7071579688517142,
            0.8428371195731311
        ],
        "AUC_Text": "0.7770 (0.7072-0.8428)",
        "Brier_Score_95CI": [
            0.06937540117651224,
            0.1050126576796174
        ],
        "Brier_Score_Text": "0.0874 (0.0694-0.1050)",
        "F1_Score_95CI": [
            0.32723044397463,
            0.5193370165745856
        ],
        "F1_Score_Text": "0.4277 (0.3272-0.5193)",
        "Sensitivity_Recall_95CI": [
            0.47368421052631576,
            0.72731124807396
        ],
        "Sensitivity_Recall_Text": "0.6066 (0.4737-0.7273)",
        "Specificity_95CI": [
            0.8004229934924078,
            0.8656420926588416
        ],
        "Specificity_Text": "0.8344 (0.8004-0.8656)",
        "PPV_Precision_95CI": [
            0.2396605919333192,
            0.42204481298517993
        ],
        "PPV_Precision_Text": "0.3304 (0.2397-0.4220)",
        "NPV_95CI": [
            0.9172932330827067,
            0.9626957576648776
        ],
        "NPV_Text": "0.9403 (0.9173-0.9627)",
        "Net_Benefit_95CI": [
            0.018610795902345358,
            0.06764319535247337
        ],
        "Net_Benefit_Text": "0.0427 (0.0186-0.0676)",
        "Calibration_Slope_95CI": [
            0.7828328571212433,
            1.4586914966114979
        ],
        "Calibration_Slope_Text": "1.0807 (0.7828-1.4587)"
    },
    "logistic_regression": "Not available (no training data)",
    "lr_formula": null
}