{
    "tearsense": {
        "model_serial": "06022026_101306_46807",
        "holdout_n": 514,
        "inference_verified": true,
        "stored_AUC": 0.7850758151485543,
        "stored_Brier": 0.08838276859357223,
        "stored_threshold": 0.18000000000000002,
        "AUC": 0.7850758151485543,
        "Brier_Score": 0.0883827656507492,
        "Calibration_Slope": 1.2108225950388412,
        "Calibration_Intercept": 0.3459361977903201,
        "Net_Benefit": 0.04284232192699519,
        "Optimal_Threshold_Used": 0.17699690163135529,
        "Youden_J_Threshold": 0.17699690163135529,
        "F1_Score": 0.4444444444444444,
        "Sensitivity_Recall": 0.5901639344262295,
        "Specificity": 0.8565121412803532,
        "PPV_Precision": 0.3564356435643564,
        "NPV": 0.9394673123486683,
        "Confusion_Matrix": {
            "TP": 36,
            "TN": 388,
            "FP": 65,
            "FN": 25
        },
        "AUC_95CI": [
            0.7183287336776192,
            0.8472351979216831
        ],
        "AUC_Text": "0.7851 (0.7183-0.8472)",
        "Brier_Score_95CI": [
            0.07044412735849619,
            0.10547933988273143
        ],
        "Brier_Score_Text": "0.0884 (0.0704-0.1055)",
        "F1_Score_95CI": [
            0.3404255319148936,
            0.5395088546838794
        ],
        "F1_Score_Text": "0.4444 (0.3404-0.5395)",
        "Sensitivity_Recall_95CI": [
            0.4642857142857143,
            0.7119249394673123
        ],
        "Sensitivity_Recall_Text": "0.5902 (0.4643-0.7119)",
        "Specificity_95CI": [
            0.824995842572062,
            0.8876718441440073
        ],
        "Specificity_Text": "0.8565 (0.8250-0.8877)",
        "PPV_Precision_95CI": [
            0.2584019356991879,
            0.45454545454545453
        ],
        "PPV_Precision_Text": "0.3564 (0.2584-0.4545)",
        "NPV_95CI": [
            0.9162676479600254,
            0.9619350841823572
        ],
        "NPV_Text": "0.9395 (0.9163-0.9619)",
        "Net_Benefit_95CI": [
            0.019223600581073735,
            0.06731459006381757
        ],
        "Net_Benefit_Text": "0.0428 (0.0192-0.0673)",
        "Calibration_Slope_95CI": [
            0.8915575629706466,
            1.5996721885215988
        ],
        "Calibration_Slope_Text": "1.2108 (0.8916-1.5997)"
    },
    "logistic_regression": {
        "AUC": 0.8106611659971772,
        "Brier_Score": 0.17485229610280642,
        "F1_Score": 0.3861003861003861,
        "Sensitivity_Recall": 0.819672131147541,
        "Specificity": 0.673289183222958,
        "PPV_Precision": 0.25252525252525254,
        "NPV": 0.9651898734177216,
        "Net_Benefit": -0.12066993337223451,
        "Calibration_Slope": 0.8821582035791161,
        "Calibration_Intercept": -1.9580869173522404,
        "Threshold_Used": 0.43082252713213315,
        "Confusion_Matrix": {
            "TP": 50,
            "TN": 305,
            "FP": 148,
            "FN": 11
        },
        "AUC_95CI": [
            0.7521794662966538,
            0.8631149614337568
        ],
        "Brier_Score_95CI": [
            0.15675797066713185,
            0.19277571042690916
        ],
        "F1_Score_95CI": [
            0.309478021978022,
            0.4545624151967435
        ],
        "Sensitivity_Recall_95CI": [
            0.7212933944069432,
            0.9111403508771929
        ],
        "Specificity_95CI": [
            0.6296276469188675,
            0.715232159296766
        ],
        "PPV_Precision_95CI": [
            0.19288327256261767,
            0.31156296186816435
        ],
        "NPV_95CI": [
            0.9438819353633476,
            0.984178463043565
        ],
        "Net_Benefit_95CI": [
            -0.16230365857180526,
            -0.07807198326155126
        ],
        "Calibration_Slope_95CI": [
            0.6671257244850478,
            1.1635364636314967
        ]
    },
    "lr_formula": "z = -0.7181 + 1.1932 \u00d7 tear_characteristics_Tear_MedLat + 0.7155 \u00d7 tear_characteristics_Full_3.0\n    - 0.7025 \u00d7 Tear_Area_cm2 + 0.4783 \u00d7 Tear_AP_ML_Ratio + 0.4497 \u00d7 InsuranceType_5.0\n    + 0.3984 \u00d7 Aged + 0.3697 \u00d7 tear_characteristics_Full_nan + 0.3136 \u00d7 Gender_M + 0.3018 \u00d7 Pre-Op_ROM_Pre-Op_IR + 0.2575 \u00d7 tear_characteristics_Tear_AntPost\n    + ... (30 more terms)\n\nP(retear) = 1 / (1 + exp(-z))",
    "comparison": {
        "AUC_difference": -0.0255853508486229,
        "Brier_difference": -0.08646953045205721,
        "TearSense_better_AUC": false,
        "TearSense_better_Brier": true
    }
}