{
    "CatBoost_Params": {
        "iterations": 2490,
        "depth": 5,
        "learning_rate": 0.11276998691724945,
        "l2_leaf_reg": 2.9898822517158945,
        "random_strength": 4.0660044729099605,
        "bagging_temperature": 0.11942952512435429,
        "border_count": 77,
        "loss_function": "Focal:focal_alpha=0.29173647335262337;focal_gamma=1.0230972911523617",
        "eval_metric": "AUC",
        "random_state": 42,
        "verbose": false,
        "thread_count": -1
    },
    "XGBoost_Params": {
        "n_estimators": 462,
        "max_depth": 9,
        "learning_rate": 0.09295687698064896,
        "subsample": 0.9971389606664258,
        "colsample_bytree": 0.7697335295005213,
        "gamma": 4.341610743825251,
        "min_child_weight": 3,
        "reg_alpha": 0.2583314084297375,
        "reg_lambda": 0.06533167500172776,
        "max_delta_step": 2.772393243681543,
        "scale_pos_weight": 7.605822710612548,
        "objective": "binary:logistic",
        "eval_metric": "auc",
        "random_state": 42,
        "n_jobs": -1,
        "use_label_encoder": false
    },
    "LightGBM_Params": {
        "boosting_type": "dart",
        "n_estimators": 930,
        "num_leaves": 83,
        "learning_rate": 0.06422522958607042,
        "max_depth": 12,
        "min_child_samples": 13,
        "colsample_bytree": 0.7044900174084315,
        "reg_alpha": 0.030658969765187036,
        "reg_lambda": 0.24337800604102602,
        "subsample": 0.6709305433303145,
        "subsample_freq": 2,
        "drop_rate": 0.17794116136096744,
        "skip_drop": 0.3534922904073434,
        "is_unbalance": true,
        "objective": "binary",
        "metric": "auc",
        "random_state": 42,
        "n_jobs": -1,
        "verbosity": -1
    },
    "RandomForest_Params": {
        "n_estimators": 254,
        "max_depth": 15,
        "min_samples_split": 15,
        "min_samples_leaf": 3,
        "max_features": "log2",
        "class_weight": "balanced",
        "max_samples": 0.5558191045827611,
        "min_impurity_decrease": 0.0002312439055657128,
        "ccp_alpha": 0.0011197126396182294,
        "bootstrap": true,
        "random_state": 42,
        "n_jobs": -1
    },
    "Ensemble_Weights": {
        "Cat": 0.07053732872009277,
        "XGB": 0.09430045634508133,
        "LGBM": 0.1986948698759079,
        "RF": 0.6364673972129822
    }
}