{
    "tearsense": {
        "model_serial": "04022026_201256_31313",
        "holdout_n": 514,
        "inference_verified": true,
        "stored_AUC": 0.7789961278181885,
        "stored_Brier": 0.09089499245409047,
        "stored_threshold": 0.42000000000000004,
        "AUC": 0.7789961278181885,
        "Brier_Score": 0.09089499270750108,
        "Calibration_Slope": 0.6037312227649995,
        "Calibration_Intercept": -0.7304966989577527,
        "Net_Benefit": 0.05766307032150303,
        "Optimal_Threshold_Used": 0.09615069776773445,
        "Youden_J_Threshold": 0.09615069776773445,
        "F1_Score": 0.36666666666666664,
        "Sensitivity_Recall": 0.7213114754098361,
        "Specificity": 0.7019867549668874,
        "PPV_Precision": 0.24581005586592178,
        "NPV": 0.9492537313432836,
        "Confusion_Matrix": {
            "TP": 44,
            "TN": 318,
            "FP": 135,
            "FN": 17
        },
        "AUC_95CI": [
            0.7136554129198781,
            0.840651440493757
        ],
        "AUC_Text": "0.7790 (0.7137-0.8407)",
        "Brier_Score_95CI": [
            0.07157576466162537,
            0.10959572470066249
        ],
        "Brier_Score_Text": "0.0909 (0.0716-0.1096)",
        "F1_Score_95CI": [
            0.280988218744505,
            0.4462185592394371
        ],
        "F1_Score_Text": "0.3667 (0.2810-0.4462)",
        "Sensitivity_Recall_95CI": [
            0.6,
            0.8305249834910852
        ],
        "Sensitivity_Recall_Text": "0.7213 (0.6000-0.8305)",
        "Specificity_95CI": [
            0.6598980623790819,
            0.7450132602930307
        ],
        "Specificity_Text": "0.7020 (0.6599-0.7450)",
        "PPV_Precision_95CI": [
            0.18181818181818182,
            0.31283132530120483
        ],
        "PPV_Precision_Text": "0.2458 (0.1818-0.3128)",
        "NPV_95CI": [
            0.9251497005988024,
            0.9727293326009339
        ],
        "NPV_Text": "0.9493 (0.9251-0.9727)",
        "Net_Benefit_95CI": [
            0.03305946490620412,
            0.08491387525818589
        ],
        "Net_Benefit_Text": "0.0577 (0.0331-0.0849)",
        "Calibration_Slope_95CI": [
            0.4534592297850381,
            0.7846914572306841
        ],
        "Calibration_Slope_Text": "0.6037 (0.4535-0.7847)"
    },
    "logistic_regression": "Not available (no training data)",
    "lr_formula": null
}