{
    "evaluation_type": "end_to_end_pipeline",
    "description": "Holdout test set (n=514) evaluated through the FULL production inference pipeline. fold_models predict \u2192 average \u2192 meta-features \u2192 meta-learner \u2192 calibrate \u2192 score. These are the metrics of the actual deployed model.",
    "pipeline": "fold_ensemble \u2192 13 meta-features \u2192 lgbm_meta \u2192 threshold",
    "best_method": "lgbm_meta",
    "holdout_n": 514,
    "cross_check_vs_trainMeta": true,
    "final_model": {
        "AUC": 0.7731516664857236,
        "AUC_95CI": [
            0.7033767704922201,
            0.8379653427863437
        ],
        "Brier": 0.0889513187472293,
        "Brier_95CI": [
            0.07022936171163573,
            0.10683394486536953
        ],
        "optimal_threshold": 0.11192601866452707,
        "clinical_metrics": {
            "sensitivity": 0.7540983606557377,
            "specificity": 0.6534216335540839,
            "ppv": 0.22660098522167488,
            "npv": 0.9517684887459807,
            "tp": 46,
            "tn": 296,
            "fp": 157,
            "fn": 15
        }
    },
    "decision_curve_analysis": {
        "thresholds": [
            0.01,
            0.02,
            0.03,
            0.04,
            0.05,
            0.060000000000000005,
            0.06999999999999999,
            0.08,
            0.09,
            0.09999999999999999,
            0.11,
            0.12,
            0.13,
            0.14,
            0.15000000000000002,
            0.16,
            0.17,
            0.18000000000000002,
            0.19,
            0.2,
            0.21000000000000002,
            0.22,
            0.23,
            0.24000000000000002,
            0.25,
            0.26,
            0.27,
            0.28,
            0.29000000000000004,
            0.3,
            0.31,
            0.32,
            0.33,
            0.34,
            0.35000000000000003,
            0.36000000000000004,
            0.37,
            0.38,
            0.39,
            0.4,
            0.41000000000000003,
            0.42000000000000004,
            0.43,
            0.44,
            0.45,
            0.46,
            0.47000000000000003,
            0.48000000000000004,
            0.49,
            0.5,
            0.51,
            0.52,
            0.53,
            0.54,
            0.55,
            0.56,
            0.5700000000000001,
            0.5800000000000001,
            0.59,
            0.6,
            0.61,
            0.62,
            0.63,
            0.64,
            0.65,
            0.66,
            0.67,
            0.68,
            0.6900000000000001,
            0.7000000000000001,
            0.7100000000000001,
            0.72,
            0.73,
            0.74,
            0.75,
            0.76,
            0.77,
            0.78,
            0.79,
            0.8,
            0.81,
            0.8200000000000001,
            0.8300000000000001,
            0.8400000000000001,
            0.85,
            0.86,
            0.87,
            0.88,
            0.89,
            0.9,
            0.91,
            0.92,
            0.93,
            0.9400000000000001,
            0.9500000000000001,
            0.9600000000000001,
            0.97,
            0.98,
            0.99
        ],
        "net_benefit_model": [
            0.10977479070864285,
            0.10025410942587151,
            0.0922820811103534,
            0.08422503242542152,
            0.08140487405283636,
            0.07525457405414354,
            0.06767499267813062,
            0.06293351378785317,
            0.056227818873733265,
            0.05425853869433636,
            0.051742228828750056,
            0.04510081358330386,
            0.04351715192987164,
            0.04031309383766174,
            0.04097047379262988,
            0.03270335371502686,
            0.03131592517931649,
            0.03293157445193129,
            0.0326896286688764,
            0.029182879377431907,
            0.02782839974388021,
            0.026439189863314377,
            0.027338420334529285,
            0.0264181855416752,
            0.025291828793774323,
            0.025502155852350404,
            0.02510527157400991,
            0.026264591439688713,
            0.026826327615498434,
            0.02584769316286826,
            0.024840692494219815,
            0.023689631494621194,
            0.01977466751843893,
            0.01692017450772314,
            0.016013169709667763,
            0.015077821011673147,
            0.014112778704218391,
            0.01964352955943266,
            0.020316387063851502,
            0.009727626459143969,
            0.009562751434412715,
            0.009392191064001073,
            0.009215646119189024,
            0.009032795997776542,
            0.008843296781039973,
            0.008358553105634818,
            0.008222597459804713,
            0.00808141275067345,
            0.007934691386282139,
            0.007782101167315175,
            0.007623282776145477,
            0.007457846952010376,
            -0.0004967298617435225,
            -0.0006767044493317552,
            -0.0008646779074794652,
            -0.0010611956137247976,
            -0.001266853678400146,
            -0.0014823049842505112,
            0.0,
            0.0,
            0.0,
            0.0,
            0.0,
            0.0,
            0.0,
            0.0,
            0.0,
            0.0,
            0.0,
            0.0,
            0.0,
            0.0,
            0.0,
            0.0,
            0.0,
            0.0,
            0.0,
            0.0,
            0.0,
            0.0,
            0.0,
            0.0,
            0.0,
            0.0,
            0.0,
            0.0,
            0.0,
            0.0,
            0.0,
            0.0,
            0.0,
            0.0,
            0.0,
            0.0,
            0.0,
            0.0,
            0.0,
            0.0,
            0.0
        ],