{
    "tearsense": {
        "AUC": 0.7865233597510224,
        "Brier": 0.08904814171485936
    },
    "logistic_regression": {
        "AUC": 0.8106611659971772,
        "Brier": 0.17485229610278588
    },
    "improvement": {
        "AUC_delta": -0.024137806246154803,
        "AUC_pct": -2.9775456452836737,
        "Brier_delta": -0.08580415438792652
    }
}