{
    "Final_Model": {
        "AUC": 0.7884594506568233,
        "AUC_95CI_lower": 0.7224022304167025,
        "AUC_95CI_upper": 0.8511733922949574,
        "Brier": 0.0882384034739569,
        "Brier_95CI_lower": 0.07001066361293994,
        "Brier_95CI_upper": 0.10545539819598874,
        "Best_Method": "xgb_meta",
        "Optimal_Threshold": 0.17000000000000004
    },
    "Individual_Assessment_Test": {
        "CatBoost": {
            "AUC": 0.7826511779394202,
            "Brier": 0.0869109423707297
        },
        "XGBoost": {
            "AUC": 0.7744725509354756,
            "Brier": 0.0973230820704443
        },
        "LightGBM": {
            "AUC": 0.775268700466833,
            "Brier": 0.09340230369394016
        },
        "RandomForest": {
            "AUC": 0.7728078746426374,
            "Brier": 0.09217044561730924
        }
    },
    "Self_Assessment_CV": {
        "CatBoost": {
            "AUC": 0.8022164906304727,
            "Brier": 0.09435842111059564
        },
        "XGBoost": {
            "AUC": 0.7703168938838602,
            "Brier": 0.11679087947825688
        },
        "LightGBM": {
            "AUC": 0.7656949704048681,
            "Brier": 0.10554588215638931
        },
        "RandomForest": {
            "AUC": 0.7776950772228207,
            "Brier": 0.09934475640147125
        }
    },
    "Ensemble_Weights": {
        "CatBoost": 0.1769379824399948,
        "XGBoost": 0.23884178698062897,
        "LightGBM": 0.29561927914619446,
        "RandomForest": 0.2886010706424713
    }
}