{
    "CatBoost_Params": {
        "iterations": 513,
        "depth": 6,
        "learning_rate": 0.11793363074919552,
        "l2_leaf_reg": 2.3796976071438,
        "random_strength": 6.041606391215762,
        "bagging_temperature": 0.4162901059218904,
        "border_count": 128,
        "loss_function": "Focal:focal_alpha=0.20482068062659906;focal_gamma=1.4654833744314901",
        "eval_metric": "AUC",
        "random_state": 42,
        "verbose": false,
        "thread_count": -1
    },
    "XGBoost_Params": {
        "n_estimators": 671,
        "max_depth": 10,
        "learning_rate": 0.13467420523522924,
        "subsample": 0.6101444840307585,
        "colsample_bytree": 0.7148283547418788,
        "gamma": 1.5941015523879853,
        "min_child_weight": 12,
        "reg_alpha": 0.00890322269667214,
        "reg_lambda": 0.5742457789041924,
        "max_delta_step": 9.275788556051573,
        "scale_pos_weight": 7.374136302546317,
        "objective": "binary:logistic",
        "eval_metric": "auc",
        "random_state": 42,
        "n_jobs": -1,
        "use_label_encoder": false
    },
    "LightGBM_Params": {
        "boosting_type": "gbdt",
        "n_estimators": 667,
        "num_leaves": 147,
        "learning_rate": 0.01949365500765278,
        "max_depth": 9,
        "min_child_samples": 15,
        "colsample_bytree": 0.9309372666605378,
        "reg_alpha": 0.00548010624633635,
        "reg_lambda": 1.2305203308046269,
        "subsample": 0.8802943956852547,
        "subsample_freq": 5,
        "is_unbalance": true,
        "objective": "binary",
        "metric": "auc",
        "random_state": 42,
        "n_jobs": -1,
        "verbosity": -1
    },
    "RandomForest_Params": {
        "n_estimators": 912,
        "max_depth": 23,
        "min_samples_split": 7,
        "min_samples_leaf": 4,
        "max_features": "log2",
        "class_weight": "balanced_subsample",
        "max_samples": 0.5248950427172017,
        "min_impurity_decrease": 0.000539212136245116,
        "ccp_alpha": 0.0018578346190131702,
        "bootstrap": true,
        "random_state": 42,
        "n_jobs": -1
    },
    "Ensemble_Weights": {
        "Cat": 0.7,
        "XGB": 0.1,
        "LGBM": 0.0,
        "RF": 0.2
    }
}