{
    "tearsense": {
        "model_serial": "06022026_071756_85125",
        "holdout_n": 514,
        "inference_verified": true,
        "stored_AUC": 0.7666196214670863,
        "stored_Brier": 0.0897239212302186,
        "stored_threshold": 0.33,
        "AUC": 0.7666196214670863,
        "Brier_Score": 0.08972392119644794,
        "Calibration_Slope": 0.5047817762752417,
        "Calibration_Intercept": -0.625295843234679,
        "Net_Benefit": 0.05571255821171765,
        "Optimal_Threshold_Used": 0.07718213386835297,
        "Youden_J_Threshold": 0.07718213386835297,
        "F1_Score": 0.37373737373737376,
        "Sensitivity_Recall": 0.6065573770491803,
        "Specificity": 0.7792494481236203,
        "PPV_Precision": 0.27007299270072993,
        "NPV": 0.9363395225464191,
        "Confusion_Matrix": {
            "TP": 37,
            "TN": 353,
            "FP": 100,
            "FN": 24
        },
        "AUC_95CI": [
            0.7000902615363993,
            0.8297094414066041
        ],
        "AUC_Text": "0.7666 (0.7001-0.8297)",
        "Brier_Score_95CI": [
            0.06884785361772496,
            0.1095292073975612
        ],
        "Brier_Score_Text": "0.0897 (0.0688-0.1095)",
        "F1_Score_95CI": [
            0.2856766917293233,
            0.46017699115044247
        ],
        "F1_Score_Text": "0.3737 (0.2857-0.4602)",
        "Sensitivity_Recall_95CI": [
            0.47692307692307695,
            0.7292410714285713
        ],
        "Sensitivity_Recall_Text": "0.6066 (0.4769-0.7292)",
        "Specificity_95CI": [
            0.7422855163753065,
            0.8179874401913876
        ],
        "Specificity_Text": "0.7792 (0.7423-0.8180)",
        "PPV_Precision_95CI": [
            0.19996323529411766,
            0.34965909090909086
        ],
        "PPV_Precision_Text": "0.2701 (0.2000-0.3497)",
        "NPV_95CI": [
            0.9119092262330748,
            0.9611449041183697
        ],
        "NPV_Text": "0.9363 (0.9119-0.9611)",
        "Net_Benefit_95CI": [
            0.03366090489816302,
            0.08053517960366367
        ],
        "Net_Benefit_Text": "0.0557 (0.0337-0.0805)",
        "Calibration_Slope_95CI": [
            0.3845046438354436,
            0.6546135730803873
        ],
        "Calibration_Slope_Text": "0.5048 (0.3845-0.6546)"
    },
    "logistic_regression": {
        "AUC": 0.8106611659971772,
        "Brier_Score": 0.17485229610276382,
        "F1_Score": 0.3861003861003861,
        "Sensitivity_Recall": 0.819672131147541,
        "Specificity": 0.673289183222958,
        "PPV_Precision": 0.25252525252525254,
        "NPV": 0.9651898734177216,
        "Net_Benefit": -0.12066993337198444,
        "Calibration_Slope": 0.8821582035795066,
        "Calibration_Intercept": -1.9580869173520672,
        "Threshold_Used": 0.43082252713185176,
        "Confusion_Matrix": {
            "TP": 50,
            "TN": 305,
            "FP": 148,
            "FN": 11
        },
        "AUC_95CI": [
            0.7521794662966538,
            0.8631149614337568
        ],
        "Brier_Score_95CI": [
            0.15675797066710226,
            0.1927757104268557
        ],
        "F1_Score_95CI": [
            0.309478021978022,
            0.4545624151967435
        ],
        "Sensitivity_Recall_95CI": [
            0.7212933944069432,
            0.9111403508771929
        ],
        "Specificity_95CI": [
            0.6296276469188675,
            0.715232159296766
        ],
        "PPV_Precision_95CI": [
            0.19288327256261767,
            0.31156296186816435
        ],
        "NPV_95CI": [
            0.9438819353633476,
            0.984178463043565
        ],
        "Net_Benefit_95CI": [
            -0.1623036585715232,
            -0.07807198326133666
        ],
        "Calibration_Slope_95CI": [
            0.6671257244854701,
            1.1635364636319632
        ]
    },
    "lr_formula": "z = -0.7181 + 1.1932 \u00d7 tear_characteristics_Tear_MedLat + 0.7155 \u00d7 tear_characteristics_Full_3.0\n    - 0.7025 \u00d7 Tear_Area_cm2 + 0.4783 \u00d7 Tear_AP_ML_Ratio + 0.4497 \u00d7 InsuranceType_5.0\n    + 0.3984 \u00d7 Aged + 0.3697 \u00d7 tear_characteristics_Full_nan + 0.3136 \u00d7 Gender_M + 0.3018 \u00d7 Pre-Op_ROM_Pre-Op_IR + 0.2575 \u00d7 tear_characteristics_Tear_AntPost\n    + ... (30 more terms)\n\nP(retear) = 1 / (1 + exp(-z))",
    "comparison": {
        "AUC_difference": -0.044041544530090904,
        "Brier_difference": -0.08512837490631588,
        "TearSense_better_AUC": false,
        "TearSense_better_Brier": true
    }
}