{
    "best_method": "xgb_meta",
    "base_models": {
        "CatBoost": {
            "auc": {
                "per_fold": [
                    0.7406697485624084,
                    0.7715235457063713,
                    0.770139634801289,
                    0.7339024252360224,
                    0.8031545027983492
                ],
                "mean": 0.7638779714208881,
                "std": 0.024809127871889634,
                "min": 0.7339024252360224,
                "max": 0.8031545027983492
            },
            "brier": {
                "per_fold": [
                    0.09418554244927203,
                    0.09386686321866111,
                    0.09416333052319663,
                    0.09615238253682376,
                    0.09217348124999496
                ],
                "mean": 0.09410831999558969,
                "std": 0.0012640477431296604,
                "min": 0.09217348124999496,
                "max": 0.09615238253682376
            },
            "f1": {
                "per_fold": [
                    0.14814814814814814,
                    0.22580645161290322,
                    0.1724137931034483,
                    0.14035087719298245,
                    0.10526315789473684
                ],
                "mean": 0.15839648559044378,
                "std": 0.03998602591868398,
                "min": 0.10526315789473684,
                "max": 0.22580645161290322
            }
        },
        "XGBoost": {
            "auc": {
                "per_fold": [
                    0.7525651144435676,
                    0.7750692520775623,
                    0.7493357453784838,
                    0.7614901916445249,
                    0.8319294476793487
                ],
                "mean": 0.7740779502446975,
                "std": 0.030269485979050208,
                "min": 0.7493357453784838,
                "max": 0.8319294476793487
            },
            "brier": {
                "per_fold": [
                    0.12430762133406467,
                    0.12103817595178752,
                    0.13072550429699184,
                    0.118203090621159,
                    0.10232102483400661
                ],
                "mean": 0.11931908340760193,
                "std": 0.009467065675233399,
                "min": 0.10232102483400661,
                "max": 0.13072550429699184
            },
            "f1": {
                "per_fold": [
                    0.36363636363636365,
                    0.40707964601769914,
                    0.3620689655172414,
                    0.3564356435643564,
                    0.4158415841584158
                ],
                "mean": 0.3810124405788152,
                "std": 0.025129149172583583,
                "min": 0.3564356435643564,
                "max": 0.4158415841584158
            }
        },
        "LightGBM": {
            "auc": {
                "per_fold": [
                    0.7601195174202278,
                    0.7525207756232687,
                    0.7519362315563345,
                    0.746678726892419,
                    0.8283679122618576
                ],
                "mean": 0.7679246327508216,
                "std": 0.030524109049337174,
                "min": 0.746678726892419,
                "max": 0.8283679122618576
            },
            "brier": {
                "per_fold": [
                    0.1033539730555978,
                    0.11295199938578736,
                    0.11226283518481871,
                    0.11239660454489084,
                    0.09991406935654654
                ],
                "mean": 0.10817589630552826,
                "std": 0.005455957046042059,
                "min": 0.09991406935654654,
                "max": 0.11295199938578736
            },
            "f1": {
                "per_fold": [
                    0.3333333333333333,
                    0.32608695652173914,
                    0.3218390804597701,
                    0.3058823529411765,
                    0.27848101265822783
                ],
                "mean": 0.3131245471828494,
                "std": 0.01951914980511319,
                "min": 0.27848101265822783,
                "max": 0.3333333333333333
            }
        },
        "RandomForest": {
            "auc": {
                "per_fold": [
                    0.7635020859172399,
                    0.7993351800554017,
                    0.7821810164509017,
                    0.7648821301373735,
                    0.8201141952625925
                ],
                "mean": 0.7860029215647019,
                "std": 0.021486323574799588,
                "min": 0.7635020859172399,
                "max": 0.8201141952625925
            },
            "brier": {
                "per_fold": [
                    0.11408771065803713,
                    0.10955685822827488,
                    0.11447805465858402,
                    0.11220407469447456,
                    0.1037032148133323
                ],
                "mean": 0.11080598261054057,
                "std": 0.003955202540511317,
                "min": 0.1037032148133323,
                "max": 0.11447805465858402
            },
            "f1": {
                "per_fold": [
                    0.4329896907216495,
                    0.41237113402061853,
                    0.37894736842105264,
                    0.3111111111111111,
                    0.36363636363636365
                ],
                "mean": 0.37981113358215907,
                "std": 0.04211929469629322,
                "min": 0.3111111111111111,
                "max": 0.4329896907216495
            }
        }
    },
    "ensemble": {
        "auc": {
            "per_fold": [
                0.7618953658811589,
                0.7919667590027699,
                0.7729945163661032,
                0.7662954378427271,
                0.8293289615014982
            ],
            "mean": 0.7844962081188515,
            "std": 0.02465822348852808,
            "min": 0.7618953658811589,
            "max": 0.8293289615014982
        },
        "brier": {
            "per_fold": [
                0.09579647065868202,
                0.0913255325228238,
                0.09311858447685019,
                0.0948400188703413,
                0.08854445140037984
            ],
            "mean": 0.09272501158581543,
            "std": 0.002588344698151722,
            "min": 0.08854445140037984,
            "max": 0.09579647065868202
        },
        "f1": {
            "per_fold": [
                0.0,
                0.0,
                0.0,
                0.0,
                0.0
            ],
            "mean": 0.0,
            "std": 0.0,
            "min": 0.0,
            "max": 0.0
        }
    },
    "method_comparison": {
        "weighted_avg": {
            "auc": 0.7816222348269993,
            "brier": 0.09274271306219398,
            "score": 0.5173791851355171,
            "calibration": null
        },
        "weighted_avg+isotonic": {
            "auc": 0.7731218881956262,
            "brier": 0.09318409866663535,
            "score": 0.5106056532497851,
            "calibration": "isotonic"
        },
        "weighted_avg+platt": {
            "auc": 0.7810055010849112,
            "brier": 0.093949917646787,
            "score": 0.5124325473039312,
            "calibration": "platt"
        },
        "logistic": {
            "auc": 0.7870128821826093,
            "brier": 0.18877104135112716,
            "score": 0.156563419104777,
            "calibration": null
        },
        "logistic+isotonic": {
            "auc": 0.7752331883783954,
            "brier": 0.09248070808408791,