{
    "CatBoost_Params": {
        "iterations": 1319,
        "depth": 6,
        "learning_rate": 0.05990121374000362,
        "l2_leaf_reg": 0.9522846805125965,
        "random_strength": 1.4549143560721818,
        "bagging_temperature": 0.8122099131288928,
        "border_count": 143,
        "loss_function": "Focal:focal_alpha=0.18181222748527134;focal_gamma=1.072267075331581",
        "eval_metric": "AUC",
        "random_state": 42,
        "verbose": false,
        "thread_count": -1
    },
    "XGBoost_Params": {
        "n_estimators": 888,
        "max_depth": 10,
        "learning_rate": 0.06827524471748721,
        "subsample": 0.7620432965408028,
        "colsample_bytree": 0.5009267960298848,
        "gamma": 3.3352593044571943,
        "min_child_weight": 4,
        "reg_alpha": 0.015074857414674582,
        "reg_lambda": 0.0019242665420471294,
        "max_delta_step": 6.2002308955159915,
        "scale_pos_weight": 7.625207786948498,
        "objective": "binary:logistic",
        "eval_metric": "auc",
        "random_state": 42,
        "n_jobs": -1,
        "use_label_encoder": false
    },
    "LightGBM_Params": {
        "boosting_type": "dart",
        "n_estimators": 1538,
        "num_leaves": 106,
        "learning_rate": 0.057524734843268414,
        "max_depth": 8,
        "min_child_samples": 19,
        "colsample_bytree": 0.8173079102125317,
        "reg_alpha": 0.008272544496074046,
        "reg_lambda": 0.008211827681385248,
        "subsample": 0.9456578170381367,
        "subsample_freq": 5,
        "drop_rate": 0.07299697371417765,
        "skip_drop": 0.40078551850288846,
        "is_unbalance": true,
        "objective": "binary",
        "metric": "auc",
        "random_state": 42,
        "n_jobs": -1,
        "verbosity": -1
    },
    "RandomForest_Params": {
        "n_estimators": 749,
        "max_depth": 16,
        "min_samples_split": 8,
        "min_samples_leaf": 4,
        "max_features": 0.7,
        "class_weight": "balanced_subsample",
        "max_samples": 0.5345186135517286,
        "min_impurity_decrease": 0.0007053290085745645,
        "ccp_alpha": 0.0007817225741906586,
        "bootstrap": true,
        "random_state": 42,
        "n_jobs": -1
    },
    "Ensemble_Weights": {
        "Cat": 0.10672304034233093,
        "XGB": 0.24537217617034912,
        "LGBM": 0.36409056186676025,
        "RF": 0.2838141918182373
    }
}