{
    "evaluation_type": "end_to_end_pipeline",
    "description": "Holdout test set (n=514) evaluated through the FULL production inference pipeline. fold_models predict \u2192 average \u2192 meta-features \u2192 meta-learner \u2192 calibrate \u2192 score. These are the metrics of the actual deployed model.",
    "pipeline": "fold_ensemble \u2192 weighted_avg \u2192 threshold",
    "best_method": "weighted_avg",
    "holdout_n": 514,
    "cross_check_vs_trainMeta": true,
    "final_model": {
        "AUC": 0.7742916078601673,
        "AUC_95CI": [
            0.7086146940005305,
            0.8370906711147058
        ],
        "Brier": 0.09820334104262851,
        "Brier_95CI": [
            0.07915976859055486,
            0.11672101846645119
        ],
        "optimal_threshold": 0.09439461678266632,
        "clinical_metrics": {
            "sensitivity": 0.7704918032786885,
            "specificity": 0.6401766004415012,
            "ppv": 0.22380952380952382,
            "npv": 0.9539473684210527,
            "tp": 47,
            "tn": 290,
            "fp": 163,
            "fn": 14
        }
    },
    "decision_curve_analysis": {
        "thresholds": [
            0.01,
            0.02,
            0.03,
            0.04,
            0.05,
            0.060000000000000005,
            0.06999999999999999,
            0.08,
            0.09,
            0.09999999999999999,
            0.11,
            0.12,
            0.13,
            0.14,
            0.15000000000000002,
            0.16,
            0.17,
            0.18000000000000002,
            0.19,
            0.2,
            0.21000000000000002,
            0.22,
            0.23,
            0.24000000000000002,
            0.25,
            0.26,
            0.27,
            0.28,
            0.29000000000000004,
            0.3,
            0.31,
            0.32,
            0.33,
            0.34,
            0.35000000000000003,
            0.36000000000000004,
            0.37,
            0.38,
            0.39,
            0.4,
            0.41000000000000003,
            0.42000000000000004,
            0.43,
            0.44,
            0.45,
            0.46,
            0.47000000000000003,
            0.48000000000000004,
            0.49,
            0.5,
            0.51,
            0.52,
            0.53,
            0.54,
            0.55,
            0.56,
            0.5700000000000001,
            0.5800000000000001,
            0.59,
            0.6,
            0.61,
            0.62,
            0.63,
            0.64,
            0.65,
            0.66,
            0.67,
            0.68,
            0.6900000000000001,
            0.7000000000000001,
            0.7100000000000001,
            0.72,
            0.73,
            0.74,
            0.75,
            0.76,
            0.77,
            0.78,
            0.79,
            0.8,
            0.81,
            0.8200000000000001,
            0.8300000000000001,
            0.8400000000000001,
            0.85,
            0.86,
            0.87,
            0.88,
            0.89,
            0.9,
            0.91,
            0.92,
            0.93,
            0.9400000000000001,
            0.9500000000000001,
            0.9600000000000001,
            0.97,
            0.98,
            0.99
        ],
        "net_benefit_model": [
            0.1054907047124946,
            0.10049233701262607,
            0.09641381523526817,
            0.08706225680933852,
            0.07782101167315175,
            0.07020448712641775,
            0.06439061127149492,
            0.06098798849602435,
            0.05930645230256125,
            0.0527453523562473,
            0.04540287675425174,
            0.04350902016271666,
            0.04081130640905227,
            0.03628630893131842,
            0.03536278324559394,
            0.030850472484713717,
            0.025057428156204577,
            0.023251399829173375,
            0.02051208147187395,
            0.01702334630350194,
            0.016105994188051018,
            0.015913399181881664,
            0.013441811107180762,
            0.015564202334630343,
            0.012970168612191961,
            0.012461878220633084,
            0.010660412557965994,
            0.009619541720709023,
            0.007069655285800391,
            0.006114508060033351,
            0.003298934190492299,
            0.0025177386129549076,
            0.0037458621290434937,
            0.00224030185119678,
            0.0017958695001496494,
            -0.000729571984435809,
            -0.0033351862145636485,
            -0.004832433789381196,
            -0.00452892772851949,
            -0.005836575875486388,
            -0.005770625865593883,
            -0.010331410170401192,
            -0.0071677247593692345,
            -0.009032795997776538,
            -0.011850017686593557,
            -0.009367343997694184,
            -0.006570736362968947,
            0.0017958695001496564,
            0.001831082627603571,
            0.0019455252918287938,
            0.00019852298896212012,
            -0.001459143968871604,
            -0.0052156635483069855,
            -0.009050922009812216,
            -0.011024643320363181,
            -0.010611956137247976,
            -0.014614062075830256,
            -0.014081897350379853,
            -0.013428869697257276,
            -0.01264591439688715,
            -0.014766038112341617,
            -0.01576899447061233,
            -0.014670312335681987,
            -0.013402507565931691,
            -0.01195108393551974,
            -0.00274662394140536,
            0.0014738827968399856,
            -6.938893903907228e-18,
            -0.0015689720095393572,
            0.0012970168612191912,
            -0.00026834831611433074,
            0.003057254030016679,
            -0.0004323389537397304,
            -0.0020951810835079313,
            -0.0038910505836575876,
            -0.011673151750972763,
            -0.015733378446963292,
            -0.011142553944110366,
            -0.013248100796738937,
            -3.469446951953614e-18,
            -0.0015359410198648449,
            -0.005188067444876793,
            -0.009040970473792643,
            -0.013132295719844377,
            -0.01556420233463035,
            -0.018343524180100053,
            -0.02155043400179587,
            -0.027237354085603113,
            -0.031659002476123105,
            -0.03696498054474709,
            -0.00410722006052746,
            0.013618677042801557,
            0.011673151750972763,
            0.011673151750972763,
            0.011673151750972763,
            0.005836575875486381,
            0.0019455252918287938,
            0.0019455252918287938,
            0.0
        ],