{
    "tearsense": {
        "AUC": 0.7742916078601673,
        "Brier": 0.09820334104262851
    },
    "logistic_regression": {
        "AUC": 0.8106611659971772,
        "Brier": 0.17485229610278893
    },
    "improvement": {
        "AUC_delta": -0.03636955813700993,
        "AUC_pct": -4.4864068568367275,
        "Brier_delta": -0.07664895506016042
    }
}