{
    "Final_Model": {
        "AUC": 0.783899685159049,
        "AUC_95CI_lower": 0.7150518154901044,
        "AUC_95CI_upper": 0.8462454810814186,
        "Brier": 0.08910020524001243,
        "Brier_95CI_lower": 0.07123924318889371,
        "Brier_95CI_upper": 0.10682781622013376,
        "Best_Method": "xgb_meta",
        "Optimal_Threshold": 0.14
    },
    "Individual_Assessment_Test": {
        "CatBoost": {
            "AUC": 0.7596714073752397,
            "Brier": 0.08763153460507633
        },
        "XGBoost": {
            "AUC": 0.791408822784352,
            "Brier": 0.10322090799689644
        },
        "LightGBM": {
            "AUC": 0.7712155755799225,
            "Brier": 0.09945460009486874
        },
        "RandomForest": {
            "AUC": 0.7731335721781928,
            "Brier": 0.09245273595357217
        }
    },
    "Self_Assessment_CV": {
        "CatBoost": {
            "AUC": 0.799336293210907,
            "Brier": 0.09518794161731506
        },
        "XGBoost": {
            "AUC": 0.7756298920357847,
            "Brier": 0.1268494915453734
        },
        "LightGBM": {
            "AUC": 0.7656487457167407,
            "Brier": 0.1096035139497477
        },
        "RandomForest": {
            "AUC": 0.7779433402598426,
            "Brier": 0.09840528074807219
        }
    },
    "Ensemble_Weights": {
        "CatBoost": 0.11690332740545273,
        "XGBoost": 0.22106526792049408,
        "LightGBM": 0.3350549638271332,
        "RandomForest": 0.3269764184951782
    }
}