{
    "best_method": "xgb_meta",
    "base_models": {
        "CatBoost": {
            "auc": {
                "per_fold": [
                    0.735765024241741,
                    0.7476454293628809,
                    0.7281361297981797,
                    0.7302843575103171,
                    0.7973316750522925
                ],
                "mean": 0.7478325231930822,
                "std": 0.02565818232618836,
                "min": 0.7281361297981797,
                "max": 0.7973316750522925
            },
            "brier": {
                "per_fold": [
                    0.09543568122757534,
                    0.10310348079707503,
                    0.10693430320156302,
                    0.10235157935749492,
                    0.09854810690332834
                ],
                "mean": 0.10127463029740735,
                "std": 0.003951295151434384,
                "min": 0.09543568122757534,
                "max": 0.10693430320156302
            },
            "f1": {
                "per_fold": [
                    0.25,
                    0.18461538461538463,
                    0.15625,
                    0.13333333333333333,
                    0.25806451612903225
                ],
                "mean": 0.19645264681555002,
                "std": 0.04980715369341938,
                "min": 0.13333333333333333,
                "max": 0.25806451612903225
            }
        },
        "XGBoost": {
            "auc": {
                "per_fold": [
                    0.7412335099785771,
                    0.7815512465373962,
                    0.7492792130702697,
                    0.7758493979309176,
                    0.8220362937418735
                ],
                "mean": 0.7739899322518067,
                "std": 0.028469937763832005,
                "min": 0.7412335099785771,
                "max": 0.8220362937418735
            },
            "brier": {
                "per_fold": [
                    0.11625283591017821,
                    0.11383174569129528,
                    0.12247354593924242,
                    0.11307542605204651,
                    0.10086014500926806
                ],
                "mean": 0.11329873972040609,
                "std": 0.007042107017066054,
                "min": 0.10086014500926806,
                "max": 0.12247354593924242
            },
            "f1": {
                "per_fold": [
                    0.3883495145631068,
                    0.3883495145631068,
                    0.35514018691588783,
                    0.3673469387755102,
                    0.4090909090909091
                ],
                "mean": 0.3816554127817041,
                "std": 0.01870891812026092,
                "min": 0.35514018691588783,
                "max": 0.4090909090909091
            }
        },
        "LightGBM": {
            "auc": {
                "per_fold": [
                    0.7448979591836733,
                    0.7659279778393352,
                    0.7514274407824072,
                    0.7458307422692068,
                    0.8196054044886653
                ],
                "mean": 0.7655379049126576,
                "std": 0.02806040443190953,
                "min": 0.7448979591836733,
                "max": 0.8196054044886653
            },
            "brier": {
                "per_fold": [
                    0.10808521211448946,
                    0.10667634882168028,
                    0.1139997913587962,
                    0.10717174599564441,
                    0.09577455432722021
                ],
                "mean": 0.10634153052356612,
                "std": 0.0059017240102857286,
                "min": 0.09577455432722021,
                "max": 0.1139997913587962
            },
            "f1": {
                "per_fold": [
                    0.375,
                    0.3829787234042553,
                    0.3541666666666667,
                    0.3488372093023256,
                    0.3855421686746988
                ],
                "mean": 0.36930495360958926,
                "std": 0.015040937307567354,
                "min": 0.3488372093023256,
                "max": 0.3855421686746988
            }
        },
        "RandomForest": {
            "auc": {
                "per_fold": [
                    0.7457436013079264,
                    0.8124653739612189,
                    0.7712702809655718,
                    0.7735881056023518,
                    0.8250890383854372
                ],
                "mean": 0.7856312800445012,
                "std": 0.02904922219201122,
                "min": 0.7457436013079264,
                "max": 0.8250890383854372
            },
            "brier": {
                "per_fold": [
                    0.10689201423968545,
                    0.09888626313597286,
                    0.1074411781115648,
                    0.10339935619736003,
                    0.09627644629512967
                ],
                "mean": 0.10257905159594256,
                "std": 0.004388036938022861,
                "min": 0.09627644629512967,
                "max": 0.1074411781115648
            },
            "f1": {
                "per_fold": [
                    0.37209302325581395,
                    0.35294117647058826,
                    0.30952380952380953,
                    0.32098765432098764,
                    0.29333333333333333
                ],
                "mean": 0.3297757993809066,
                "std": 0.028784753084161924,
                "min": 0.29333333333333333,
                "max": 0.37209302325581395
            }
        }
    },
    "ensemble": {
        "auc": {
            "per_fold": [
                0.743037546510317,
                0.8026592797783931,
                0.7679631409350445,
                0.7731923794448528,
                0.8274916614845383
            ],
            "mean": 0.7828688016306292,
            "std": 0.029275257124088336,
            "min": 0.743037546510317,
            "max": 0.8274916614845383
        },
        "brier": {
            "per_fold": [
                0.0957956737476326,
                0.09037534441734267,
                0.09486275063775479,
                0.09325456448809419,
                0.08905603714337205
            ],
            "mean": 0.09266887408683926,
            "std": 0.0025785993411330563,
            "min": 0.08905603714337205,
            "max": 0.0957956737476326
        },
        "f1": {
            "per_fold": [
                0.0,
                0.0,
                0.0,
                0.0,
                0.0
            ],
            "mean": 0.0,
            "std": 0.0,
            "min": 0.0,
            "max": 0.0
        }
    },
    "method_comparison": {
        "weighted_avg": {
            "auc": 0.784264736335071,
            "brier": 0.09406175029963558,
            "score": 0.513964122992305,
            "calibration": null
        },
        "weighted_avg+isotonic": {
            "auc": 0.7738151509422071,
            "brier": 0.09244077922932613,
            "score": 0.5138395872259223,
            "calibration": "isotonic"
        },
        "weighted_avg+platt": {
            "auc": 0.7839923831132,
            "brier": 0.09439896683843699,
            "score": 0.5125222994152517,
            "calibration": "platt"
        },
        "logistic": {
            "auc": 0.7851699551708164,
            "brier": 0.18852519321274702,
            "score": 0.15638969050186613,
            "calibration": null
        },
        "logistic+isotonic": {
            "auc": 0.76861230406324,
            "brier": 0.0941379676885201,
            "score": 0.5042837181410453,
            "calibration": "isotonic"
        },
        "logistic+platt": {
            "auc": 0.7773951327553142,
            "brier": 0.09261410999985026,
            "score": 0.5153304671575241,