{
    "evaluation_type": "end_to_end_pipeline",
    "description": "Holdout test set (n=514) evaluated through the FULL production inference pipeline. fold_models predict \u2192 average \u2192 meta-features \u2192 meta-learner \u2192 calibrate \u2192 score. These are the metrics of the actual deployed model.",
    "pipeline": "fold_ensemble \u2192 weighted_avg \u2192 threshold",
    "best_method": "weighted_avg",
    "holdout_n": 514,
    "cross_check_vs_trainMeta": true,
    "final_model": {
        "AUC": 0.7813121991821372,
        "AUC_95CI": [
            0.716366168520123,
            0.8413941143602162
        ],
        "Brier": 0.09583781393546806,
        "Brier_95CI": [
            0.07785125140579939,
            0.11311324372472462
        ],
        "optimal_threshold": 0.12111024931073126,
        "clinical_metrics": {
            "sensitivity": 0.7704918032786885,
            "specificity": 0.6622516556291391,
            "ppv": 0.235,
            "npv": 0.9554140127388535,
            "tp": 47,
            "tn": 300,
            "fp": 153,
            "fn": 14
        }
    },
    "decision_curve_analysis": {
        "thresholds": [
            0.01,
            0.02,
            0.03,
            0.04,
            0.05,
            0.06,
            0.07,
            0.08,
            0.09,
            0.1,
            0.11,
            0.12,
            0.13,
            0.14,
            0.15,
            0.16,
            0.17,
            0.18,
            0.19,
            0.2,
            0.21,
            0.22,
            0.23,
            0.24,
            0.25,
            0.26,
            0.27,
            0.28,
            0.29,
            0.3,
            0.31,
            0.32,
            0.33,
            0.34,
            0.35000000000000003,
            0.36,
            0.37,
            0.38,
            0.39,
            0.4,
            0.41000000000000003,
            0.42,
            0.43,
            0.44,
            0.45,
            0.46,
            0.47000000000000003,
            0.48,
            0.49,
            0.5,
            0.51,
            0.52,
            0.53,
            0.54,
            0.55,
            0.56,
            0.5700000000000001,
            0.58,
            0.59,
            0.6,
            0.61,
            0.62,
            0.63,
            0.64,
            0.65,
            0.66,
            0.67,
            0.68,
            0.6900000000000001,
            0.7000000000000001,
            0.71,
            0.72,
            0.73,
            0.74,
            0.75,
            0.76,
            0.77,
            0.78,
            0.79,
            0.8,
            0.81,
            0.8200000000000001,
            0.8300000000000001,
            0.84,
            0.85,
            0.86,
            0.87,
            0.88,
            0.89,
            0.9,
            0.91,
            0.92,
            0.93,
            0.9400000000000001,
            0.9500000000000001,
            0.96,
            0.97,
            0.98,
            0.99
        ],
        "net_benefit_model": [
            0.11036434382737884,
            0.10025410942587151,
            0.09382646716675358,
            0.08811608300907911,
            0.07823059594511571,
            0.0756271214504512,
            0.06865821513744194,
            0.06242598545085434,
            0.05547953991533758,
            0.05577172503242542,
            0.053469155773182356,
            0.05031835868411744,
            0.044232747439509806,
            0.04126323409646186,
            0.03765163653009841,
            0.0339077265147304,
            0.026862313065491528,
            0.024390243902439032,
            0.022241437286832873,
            0.019941634241245128,
            0.01728808550460524,
            0.016262596029133,
            0.01599373389256658,
            0.013925865246774527,
            0.011673151750972763,
            0.008255337049111362,
            0.007568892916155853,
            0.006593169044530903,
            0.006275004110264701,
            0.00694830461367426,
            0.007866689223481639,
            0.0053788052185854834,
            0.0056913874208722876,
            0.004185827143025574,
            0.0007482789583956873,
            -0.0018239299610894877,
            -0.004477796306590079,
            -0.007970377808459904,
            -0.011449894750271097,
            -0.011024643320363174,
            -0.011607201741080264,
            -0.014222460754058752,
            -0.015461806266639344,
            -0.012090050027793217,
            -0.010258224266006359,
            -0.009943795936013827,
            -0.008736509801042507,
            -0.003741394791978443,
            0.0017547875181200892,
            -0.0019455252918287938,
            -0.0036925275946954675,
            -0.003404669260700398,
            -0.0008278831029058797,
            0.004990695313821687,
            0.006917423259835704,
            0.008312698974177569,
            0.007284408650800826,
            0.004261626829720221,
            0.005931479548258522,
            0.004863813229571988,
            0.00374139479197845,
            0.0025599016997747276,
            -0.0006309811757282575,
            0.00151318633808906,
            -0.0016675931072818277,
            -0.0029755092698558055,
            -0.0004126871831152054,
            -0.001702334630350199,
            0.0012551776076314726,
            0.00453955901426718,
            0.0034214410304575366,
            0.002223457476375767,
            -0.0010087908920593698,
            -0.002394492666866206,
            0.0019455252918287938,
            -0.0012970168612191982,
            -0.0027068177973270206,
            -0.00424478245489919,
            -0.007874745228830839,
            -0.0019455252918287973,
            -0.007372516895351226,
            -0.00907911802853438,
            -0.010986495765621437,
            -0.015077821011673147,
            -0.006485084306095977,
            -0.008337965536409114,
            -0.010475905417539656,
            -0.01686121919584955,
            -0.004067916519278389,
            -0.005836575875486385,
            -0.007998270644185047,
            0.007782101167315175,
            0.0038910505836575876,
            0.0,
            0.0,
            0.0,
            0.0,
            0.0,
            0.0
        ],