{
    "Final_Model": {
        "AUC": 0.7813121991821372,
        "AUC_95CI_lower": 0.716366168520123,
        "AUC_95CI_upper": 0.8413941143602162,
        "Brier": 0.09583781393546806,
        "Brier_95CI_lower": 0.07785125140579939,
        "Brier_95CI_upper": 0.11311324372472462,
        "Best_Method": "weighted_avg",
        "Optimal_Threshold": 0.3400000000000001
    },
    "LR_Baseline": {
        "AUC": 0.8106611659971772,
        "Brier": 0.17485229610278588,
        "F1_Score": 0.3861003861003861,
        "Sensitivity": 0.819672131147541,
        "Specificity": 0.673289183222958,
        "PPV": 0.25252525252525254,
        "NPV": 0.9651898734177216,
        "Net_Benefit": -0.12066993337211158,
        "Calibration_Slope": 0.8821582035793077,
        "Threshold": 0.4308225271319948
    },
    "TearSense_vs_LR": {
        "AUC_Improvement": -0.029348966815039956,
        "AUC_Improvement_Pct": -3.6203740904423873,
        "Brier_Improvement": 0.07901448216731782
    },
    "Individual_Assessment_Test": {
        "CatBoost": {
            "AUC": 0.7686099952954801,
            "Brier": 0.08860331996114298
        },
        "XGBoost": {
            "AUC": 0.7813121991821372,
            "Brier": 0.09583781393546834
        },
        "LightGBM": {
            "AUC": 0.7601056707559802,
            "Brier": 0.0966438066222068
        },
        "RandomForest": {
            "AUC": 0.7761010386132523,
            "Brier": 0.0926997677838397
        }
    },
    "Self_Assessment_CV": {
        "CatBoost": {
            "AUC": 0.7997559865684233,
            "Brier": 0.09297891107548158
        },
        "XGBoost": {
            "AUC": 0.7768611594620248,
            "Brier": 0.12084075379656845
        },
        "LightGBM": {
            "AUC": 0.7606960595107176,
            "Brier": 0.10834991778950671
        },
        "RandomForest": {
            "AUC": 0.7737049950510805,
            "Brier": 0.10111722869585622
        }
    },
    "Ensemble_Weights": {
        "CatBoost": 3.676412865677184e-15,
        "XGBoost": 0.9999999999999737,
        "LightGBM": 1.243033453945941e-14,
        "RandomForest": 1.0195731820548181e-14
    }
}