{
    "tearsense": {
        "model_serial": "04022026_143236_99038",
        "holdout_n": 514,
        "inference_verified": true,
        "stored_AUC": 0.7849129663807766,
        "stored_Brier": 0.08770775506955539,
        "stored_threshold": 0.2,
        "AUC": 0.7849129663807766,
        "Brier_Score": 0.0877077504992485,
        "Calibration_Slope": 1.1272012116955057,
        "Calibration_Intercept": 0.19588155756121842,
        "Net_Benefit": 0.04474752057658031,
        "Optimal_Threshold_Used": 0.1470569372177124,
        "Youden_J_Threshold": 0.1470569372177124,
        "F1_Score": 0.40860215053763443,
        "Sensitivity_Recall": 0.6229508196721312,
        "Specificity": 0.8079470198675497,
        "PPV_Precision": 0.304,
        "NPV": 0.9408740359897172,
        "Confusion_Matrix": {
            "TP": 38,
            "TN": 366,
            "FP": 87,
            "FN": 23
        },
        "AUC_95CI": [
            0.7165653828073982,
            0.8474009726966613
        ],
        "AUC_Text": "0.7849 (0.7166-0.8474)",
        "Brier_Score_95CI": [
            0.06975774765014649,
            0.10531083773821592
        ],
        "Brier_Score_Text": "0.0877 (0.0698-0.1053)",
        "F1_Score_95CI": [
            0.309478021978022,
            0.5
        ],
        "F1_Score_Text": "0.4086 (0.3095-0.5000)",
        "Sensitivity_Recall_95CI": [
            0.49230158730158735,
            0.745462249614792
        ],
        "Sensitivity_Recall_Text": "0.6230 (0.4923-0.7455)",
        "Specificity_95CI": [
            0.7711111111111111,
            0.8443067632154785
        ],
        "Specificity_Text": "0.8079 (0.7711-0.8443)",
        "PPV_Precision_95CI": [
            0.2213515056801106,
            0.39050449550449545
        ],
        "PPV_Precision_Text": "0.3040 (0.2214-0.3905)",
        "NPV_95CI": [
            0.9168724313661022,
            0.9638358250276855
        ],
        "NPV_Text": "0.9409 (0.9169-0.9638)",
        "Net_Benefit_95CI": [
            0.02085776431695767,
            0.07105570260160489
        ],
        "Net_Benefit_Text": "0.0447 (0.0209-0.0711)",
        "Calibration_Slope_95CI": [
            0.8290833208880943,
            1.4892364683103585
        ],
        "Calibration_Slope_Text": "1.1272 (0.8291-1.4892)"
    },
    "logistic_regression": "Not available (no training data)",
    "lr_formula": null
}