{
    "best_method": "lgbm_meta",
    "base_models": {
        "CatBoost": {
            "auc": {
                "per_fold": [
                    0.7469838764234975,
                    0.7650969529085873,
                    0.7436259822488552,
                    0.7398383175985075,
                    0.8158177398383175
                ],
                "mean": 0.7622725738035531,
                "std": 0.028141774708357388,
                "min": 0.7398383175985075,
                "max": 0.8158177398383175
            },
            "brier": {
                "per_fold": [
                    0.09633854266518428,
                    0.09646021359244611,
                    0.09803719466388772,
                    0.0975330613606089,
                    0.09131146346829112
                ],
                "mean": 0.09593609515008363,
                "std": 0.00239953339550594,
                "min": 0.09131146346829112,
                "max": 0.09803719466388772
            },
            "f1": {
                "per_fold": [
                    0.14035087719298245,
                    0.24242424242424243,
                    0.1724137931034483,
                    0.13793103448275862,
                    0.23333333333333334
                ],
                "mean": 0.185290656107353,
                "std": 0.044722872471673294,
                "min": 0.13793103448275862,
                "max": 0.24242424242424243
            }
        },
        "XGBoost": {
            "auc": {
                "per_fold": [
                    0.7483369038223023,
                    0.7498060941828254,
                    0.7434563853242128,
                    0.7519927638645485,
                    0.8151393521397479
                ],
                "mean": 0.7617462998667274,
                "std": 0.026843438243257557,
                "min": 0.7434563853242128,
                "max": 0.8151393521397479
            },
            "brier": {
                "per_fold": [
                    0.11146557231679244,
                    0.11473710055490821,
                    0.12681900149150846,
                    0.11399775140391039,
                    0.0999967315696366
                ],
                "mean": 0.1134032314673512,
                "std": 0.008551073716556872,
                "min": 0.0999967315696366,
                "max": 0.12681900149150846
            },
            "f1": {
                "per_fold": [
                    0.3058823529411765,
                    0.3404255319148936,
                    0.3047619047619048,
                    0.2988505747126437,
                    0.3076923076923077
                ],
                "mean": 0.31152253440458527,
                "std": 0.014752289478506016,
                "min": 0.2988505747126437,
                "max": 0.3404255319148936
            }
        },
        "LightGBM": {
            "auc": {
                "per_fold": [
                    0.7628819483594543,
                    0.795235457063712,
                    0.7823506133755441,
                    0.7792413364237663,
                    0.8386002600486178
                ],
                "mean": 0.7916619230542189,
                "std": 0.025632932055169998,
                "min": 0.7628819483594543,
                "max": 0.8386002600486178
            },
            "brier": {
                "per_fold": [
                    0.10749268638679703,
                    0.10476211122661042,
                    0.11091355350982035,
                    0.10640185749952744,
                    0.09533767689842379
                ],
                "mean": 0.1049815771042358,
                "std": 0.005226168515417955,
                "min": 0.09533767689842379,
                "max": 0.11091355350982035
            },
            "f1": {
                "per_fold": [
                    0.39080459770114945,
                    0.3695652173913043,
                    0.3617021276595745,
                    0.3333333333333333,
                    0.345679012345679
                ],
                "mean": 0.3602168576862081,
                "std": 0.01979535563746229,
                "min": 0.3333333333333333,
                "max": 0.39080459770114945
            }
        },
        "RandomForest": {
            "auc": {
                "per_fold": [
                    0.7563423159318976,
                    0.8053185595567867,
                    0.7738707671434225,
                    0.7620555147266662,
                    0.8222058906665158
                ],
                "mean": 0.7839586096050578,
                "std": 0.02554710072614641,
                "min": 0.7563423159318976,
                "max": 0.8222058906665158
            },
            "brier": {
                "per_fold": [
                    0.10313486871666357,
                    0.09679054742044148,
                    0.10465251653204198,
                    0.101652661769195,
                    0.09329794032904387
                ],
                "mean": 0.09990570695347718,
                "std": 0.004227962551285837,
                "min": 0.09329794032904387,
                "max": 0.10465251653204198
            },
            "f1": {
                "per_fold": [
                    0.3157894736842105,
                    0.375,
                    0.28205128205128205,
                    0.2857142857142857,
                    0.28169014084507044
                ],
                "mean": 0.30804903645896975,
                "std": 0.03581022644598692,
                "min": 0.28169014084507044,
                "max": 0.375
            }
        }
    },
    "ensemble": {
        "auc": {
            "per_fold": [
                0.7689141955124592,
                0.7989750692520775,
                0.7783933518005541,
                0.7674826163152241,
                0.8286788399570354
            ],
            "mean": 0.7884888145674701,
            "std": 0.023028435130351348,
            "min": 0.7674826163152241,
            "max": 0.8286788399570354
        },
        "brier": {
            "per_fold": [
                0.092290161198051,
                0.08956543773284213,
                0.09393757186409296,
                0.09215308526654262,
                0.08759605989744376
            ],
            "mean": 0.09110846319179451,
            "std": 0.0022454133608695347,
            "min": 0.08759605989744376,
            "max": 0.09393757186409296
        },
        "f1": {
            "per_fold": [
                0.0784313725490196,
                0.1935483870967742,
                0.10344827586206896,
                0.17857142857142858,
                0.2033898305084746
            ],
            "mean": 0.1514778589175532,
            "std": 0.05067834581277624,
            "min": 0.0784313725490196,
            "max": 0.2033898305084746
        }
    },
    "method_comparison": {
        "weighted_avg": {
            "auc": 0.7876140057081635,
            "brier": 0.09236974298672768,
            "score": 0.5223882034832527,
            "calibration": null
        },
        "weighted_avg+isotonic": {
            "auc": 0.7824190368149527,
            "brier": 0.09197781674661519,
            "score": 0.5207570421213483,
            "calibration": "isotonic"
        },
        "weighted_avg+platt": {
            "auc": 0.7870895569420812,
            "brier": 0.09345240178920944,
            "score": 0.5179690984672309,
            "calibration": "platt"
        },
        "logistic": {
            "auc": 0.7914493215966847,
            "brier": 0.1855394505814744,
            "score": 0.17147647091566176,
            "calibration": null
        },