{
    "evaluation_type": "end_to_end_pipeline",
    "description": "Holdout test set (n=514) evaluated through the FULL production inference pipeline. fold_models predict \u2192 average \u2192 meta-features \u2192 meta-learner \u2192 calibrate \u2192 score. These are the metrics of the actual deployed model.",
    "pipeline": "fold_ensemble \u2192 13 meta-features \u2192 lgbm_meta \u2192 threshold",
    "best_method": "lgbm_meta",
    "holdout_n": 514,
    "cross_check_vs_trainMeta": true,
    "final_model": {
        "AUC": 0.7668729417725184,
        "AUC_95CI": [
            0.6979872506435006,
            0.832848127769705
        ],
        "Brier": 0.08918948144355171,
        "Brier_95CI": [
            0.07090557971282878,
            0.10740538011767212
        ],
        "optimal_threshold": 0.16365035975335804,
        "clinical_metrics": {
            "sensitivity": 0.5901639344262295,
            "specificity": 0.847682119205298,
            "ppv": 0.34285714285714286,
            "npv": 0.9388753056234719,
            "tp": 36,
            "tn": 384,
            "fp": 69,
            "fn": 25
        }
    },
    "decision_curve_analysis": {
        "thresholds": [
            0.01,
            0.02,
            0.03,
            0.04,
            0.05,
            0.060000000000000005,
            0.06999999999999999,
            0.08,
            0.09,
            0.09999999999999999,
            0.11,
            0.12,
            0.13,
            0.14,
            0.15000000000000002,
            0.16,
            0.17,
            0.18000000000000002,
            0.19,
            0.2,
            0.21000000000000002,
            0.22,
            0.23,
            0.24000000000000002,
            0.25,
            0.26,
            0.27,
            0.28,
            0.29000000000000004,
            0.3,
            0.31,
            0.32,
            0.33,
            0.34,
            0.35000000000000003,
            0.36000000000000004,
            0.37,
            0.38,
            0.39,
            0.4,
            0.41000000000000003,
            0.42000000000000004,
            0.43,
            0.44,
            0.45,
            0.46,
            0.47000000000000003,
            0.48000000000000004,
            0.49,
            0.5,
            0.51,
            0.52,
            0.53,
            0.54,
            0.55,
            0.56,
            0.5700000000000001,
            0.5800000000000001,
            0.59,
            0.6,
            0.61,
            0.62,
            0.63,
            0.64,
            0.65,
            0.66,
            0.67,
            0.68,
            0.6900000000000001,
            0.7000000000000001,
            0.7100000000000001,
            0.72,
            0.73,
            0.74,
            0.75,
            0.76,
            0.77,
            0.78,
            0.79,
            0.8,
            0.81,
            0.8200000000000001,
            0.8300000000000001,
            0.8400000000000001,
            0.85,
            0.86,
            0.87,
            0.88,
            0.89,
            0.9,
            0.91,
            0.92,
            0.93,
            0.9400000000000001,
            0.9500000000000001,
            0.9600000000000001,
            0.97,
            0.98,
            0.99
        ],
        "net_benefit_model": [
            0.10977479070864285,
            0.10069086000158818,
            0.09336515704601067,
            0.08617055771725032,
            0.07894736842105263,
            0.07161188840135772,
            0.05826116062089452,
            0.05295212316020978,
            0.05019882840894514,
            0.04755728491137052,
            0.04302015476762995,
            0.04147506190307746,
            0.0391341294333378,
            0.04348022803366211,
            0.0445181963836118,
            0.04372799703539003,
            0.03944962730298626,
            0.03729714339944955,
            0.03487534226833838,
            0.030155642023346304,
            0.02809929567059055,
            0.027835977252319666,
            0.026959421901056144,
            0.026725373745648165,
            0.02853437094682231,
            0.02860447996634767,
            0.027343958211182774,
            0.024859489840034582,
            0.02515481997040609,
            0.022790439132851583,
            0.02241583488411436,
            0.02288853284504463,
            0.024623961902549507,
            0.016979129819596744,
            0.018557318168213106,
            0.01933365758754864,
            0.018096473349391635,
            0.018890422994853773,
            0.017669196912674618,
            0.009727626459143969,
            0.010914726637208995,
            0.010801019723601235,
            0.012151000068264046,
            0.012090050027793219,
            0.012026883622214362,
            0.011961377720132584,
            0.004111298729902357,
            0.0020951810835079317,
            7.629510948348227e-05,
            0.0,
            0.0,
            0.0,
            0.0,
            0.0,
            0.0,
            0.0,
            0.0,
            0.0,
            0.0,
            0.0,
            0.0,
            0.0,
            0.0,
            0.0,
            0.0,
            0.0,
            0.0,
            0.0,
            0.0,
            0.0,
            0.0,
            0.0,
            0.0,
            0.0,
            0.0,
            0.0,
            0.0,
            0.0,
            0.0,
            0.0,
            0.0,
            0.0,
            0.0,
            0.0,
            0.0,
            0.0,
            0.0,
            0.0,
            0.0,
            0.0,
            0.0,
            0.0,
            0.0,
            0.0,
            0.0,
            0.0,
            0.0,
            0.0,
            0.0
        ],