{
    "Final_Model": {
        "AUC": 0.7668729417725184,
        "AUC_95CI_lower": 0.6979872506435006,
        "AUC_95CI_upper": 0.832848127769705,
        "Brier": 0.08918948144355171,
        "Brier_95CI_lower": 0.07090557971282878,
        "Brier_95CI_upper": 0.10740538011767212,
        "Best_Method": "lgbm_meta",
        "Optimal_Threshold": 0.16000000000000003
    },
    "Individual_Assessment_Test": {
        "CatBoost": {
            "AUC": 0.770926066659429,
            "Brier": 0.08792465276015649
        },
        "XGBoost": {
            "AUC": 0.76180653566388,
            "Brier": 0.09539921839189965
        },
        "LightGBM": {
            "AUC": 0.7603951796764737,
            "Brier": 0.09191131021098599
        },
        "RandomForest": {
            "AUC": 0.7726631201823907,
            "Brier": 0.0890800122169981
        }
    },
    "Self_Assessment_CV": {
        "CatBoost": {
            "AUC": 0.8038084891537614,
            "Brier": 0.09392913005553505
        },
        "XGBoost": {
            "AUC": 0.7749699869663358,
            "Brier": 0.11397660190305618
        },
        "LightGBM": {
            "AUC": 0.7646221002595801,
            "Brier": 0.105892901324522
        },
        "RandomForest": {
            "AUC": 0.7760221456728267,
            "Brier": 0.09481824997128442
        }
    },
    "Ensemble_Weights": {
        "CatBoost": 0.1885245901639344,
        "XGBoost": 0.07377049180327869,
        "LightGBM": 0.20491803278688525,
        "RandomForest": 0.5327868852459017
    }
}