{
    "best_method": "weighted_avg",
    "base_models": {
        "CatBoost": {
            "auc": {
                "per_fold": [
                    0.7435449317848686,
                    0.7699168975069253,
                    0.7581547854598903,
                    0.7427779976256429,
                    0.8128215275029679
                ],
                "mean": 0.765443227976059,
                "std": 0.025733582814520477,
                "min": 0.7427779976256429,
                "max": 0.8128215275029679
            },
            "brier": {
                "per_fold": [
                    0.09258246002994884,
                    0.09565468829812114,
                    0.09753988162540027,
                    0.09509668533888521,
                    0.09028298167739149
                ],
                "mean": 0.09423133939394938,
                "std": 0.0025309891038740933,
                "min": 0.09028298167739149,
                "max": 0.09753988162540027
            },
            "f1": {
                "per_fold": [
                    0.14545454545454545,
                    0.21875,
                    0.06896551724137931,
                    0.17857142857142858,
                    0.10714285714285714
                ],
                "mean": 0.1437768696820421,
                "std": 0.0524847321088721,
                "min": 0.06896551724137931,
                "max": 0.21875
            }
        },
        "XGBoost": {
            "auc": {
                "per_fold": [
                    0.7406697485624084,
                    0.7585041551246537,
                    0.7476963084402737,
                    0.742721465317429,
                    0.8097122505511901
                ],
                "mean": 0.759860785599191,
                "std": 0.025678924085415417,
                "min": 0.7406697485624084,
                "max": 0.8097122505511901
            },
            "brier": {
                "per_fold": [
                    0.11478446830541718,
                    0.11103431729022005,
                    0.11725133261983603,
                    0.12168818443965757,
                    0.09835276271792567
                ],
                "mean": 0.11262221307461132,
                "std": 0.007930126843159205,
                "min": 0.09835276271792567,
                "max": 0.12168818443965757
            },
            "f1": {
                "per_fold": [
                    0.35789473684210527,
                    0.38,
                    0.3469387755102041,
                    0.3368421052631579,
                    0.3037974683544304
                ],
                "mean": 0.34509461719397955,
                "std": 0.02513638075451871,
                "min": 0.3037974683544304,
                "max": 0.38
            }
        },
        "LightGBM": {
            "auc": {
                "per_fold": [
                    0.7628255722178374,
                    0.747590027700831,
                    0.7276838713324665,
                    0.7561196223641811,
                    0.8149132229068913
                ],
                "mean": 0.7618264633044415,
                "std": 0.029052239096107803,
                "min": 0.7276838713324665,
                "max": 0.8149132229068913
            },
            "brier": {
                "per_fold": [
                    0.11203757822756097,
                    0.10678686457591857,
                    0.11735782039525232,
                    0.11180200300244703,
                    0.10688937944296015
                ],
                "mean": 0.1109747291288278,
                "std": 0.003918830844869127,
                "min": 0.10678686457591857,
                "max": 0.11735782039525232
            },
            "f1": {
                "per_fold": [
                    0.37362637362637363,
                    0.38636363636363635,
                    0.3218390804597701,
                    0.3373493975903614,
                    0.25316455696202533
                ],
                "mean": 0.33446860900043335,
                "std": 0.04691391522235503,
                "min": 0.25316455696202533,
                "max": 0.38636363636363635
            }
        },
        "RandomForest": {
            "auc": {
                "per_fold": [
                    0.762149058518435,
                    0.7999999999999999,
                    0.7723443948216405,
                    0.7641472101305897,
                    0.8201707275708067
                ],
                "mean": 0.7837622782082944,
                "std": 0.02267813491473138,
                "min": 0.762149058518435,
                "max": 0.8201707275708067
            },
            "brier": {
                "per_fold": [
                    0.11377780212883251,
                    0.10800507812924924,
                    0.11476081359001002,
                    0.11184002721798288,
                    0.10168703348131995
                ],
                "mean": 0.1100141509094789,
                "std": 0.004762498493359407,
                "min": 0.10168703348131995,
                "max": 0.11476081359001002
            },
            "f1": {
                "per_fold": [
                    0.4,
                    0.3838383838383838,
                    0.38,
                    0.3333333333333333,
                    0.41304347826086957
                ],
                "mean": 0.3820430390865174,
                "std": 0.027068477534947982,
                "min": 0.3333333333333333,
                "max": 0.41304347826086957
            }
        }
    },
    "ensemble": {
        "auc": {
            "per_fold": [
                0.7406697485624084,
                0.7585041551246537,
                0.7476963084402737,
                0.742721465317429,
                0.8097122505511901
            ],
            "mean": 0.759860785599191,
            "std": 0.025678924085415417,
            "min": 0.7406697485624084,
            "max": 0.8097122505511901
        },
        "brier": {
            "per_fold": [
                0.11478446830541707,
                0.11103431729021992,
                0.11725133261983603,
                0.12168818443965614,
                0.09835276271792566
            ],
            "mean": 0.11262221307461098,
            "std": 0.007930126843158882,
            "min": 0.09835276271792566,
            "max": 0.12168818443965614
        },
        "f1": {
            "per_fold": [
                0.35789473684210527,
                0.38,
                0.3469387755102041,
                0.3368421052631579,
                0.3037974683544304
            ],
            "mean": 0.34509461719397955,
            "std": 0.02513638075451871,
            "min": 0.3037974683544304,
            "max": 0.38
        }
    },
    "method_comparison": {
        "weighted_avg": {
            "auc": 0.7829119736380089,
            "brier": 0.09351381413326122,
            "score": 0.5152297299640948,
            "calibration": null
        },
        "weighted_avg+isotonic": {
            "auc": 0.7751983001557592,
            "brier": 0.0924971037085969,
            "score": 0.514455946687011,
            "calibration": "isotonic"
        },
        "weighted_avg+platt": {
            "auc": 0.7826486238284309,
            "brier": 0.0936492373271045,
            "score": 0.5145583212145708,
            "calibration": "platt"
        },
        "logistic": {
            "auc": 0.7831877575382398,
            "brier": 0.18964889046428204,
            "score": 0.15094035651583626,
            "calibration": null
        },
        "logistic+isotonic": {
            "auc": 0.7680450890887647,
            "brier": 0.09361340971501686,
            "score": 0.5059320253710213,
            "calibration": "isotonic"
        },
        "logistic+platt": {
            "auc": 0.7772938443670151,
            "brier": 0.09295549515553213,