{
    "best_method": "lgbm_meta",
    "base_models": {
        "CatBoost": {
            "auc": {
                "per_fold": [
                    0.8017251099334762,
                    0.7667590027700831,
                    0.7531799423370457,
                    0.7406297699135056,
                    0.8287071061111425
                ],
                "mean": 0.7782001862130506,
                "std": 0.032474052585889646,
                "min": 0.7406297699135056,
                "max": 0.8287071061111425
            },
            "brier": {
                "per_fold": [
                    0.09244906625149674,
                    0.099247669056813,
                    0.09808518293980507,
                    0.09869041031191,
                    0.09120293313016317
                ],
                "mean": 0.09593505233803759,
                "std": 0.0033980447285884884,
                "min": 0.09120293313016317,
                "max": 0.099247669056813
            },
            "f1": {
                "per_fold": [
                    0.11538461538461539,
                    0.10344827586206896,
                    0.11538461538461539,
                    0.07272727272727272,
                    0.1111111111111111
                ],
                "mean": 0.10361117809393675,
                "std": 0.016045677264431027,
                "min": 0.07272727272727272,
                "max": 0.11538461538461539
            }
        },
        "XGBoost": {
            "auc": {
                "per_fold": [
                    0.7548765362498591,
                    0.7202216066481995,
                    0.7171688620046357,
                    0.7174515235457063,
                    0.810107976708689
                ],
                "mean": 0.743965301031418,
                "std": 0.03599639194081089,
                "min": 0.7171688620046357,
                "max": 0.810107976708689
            },
            "brier": {
                "per_fold": [
                    0.11753734081134017,
                    0.12876181750473584,
                    0.12894845559113577,
                    0.11426419997827188,
                    0.10812756530393858
                ],
                "mean": 0.11952787583788445,
                "std": 0.008193272790668548,
                "min": 0.10812756530393858,
                "max": 0.12894845559113577
            },
            "f1": {
                "per_fold": [
                    0.3368421052631579,
                    0.3333333333333333,
                    0.2826086956521739,
                    0.3191489361702128,
                    0.2926829268292683
                ],
                "mean": 0.31292319944962926,
                "std": 0.021707534150214623,
                "min": 0.2826086956521739,
                "max": 0.3368421052631579
            }
        },
        "LightGBM": {
            "auc": {
                "per_fold": [
                    0.765982636148382,
                    0.7949030470914128,
                    0.7681610040137938,
                    0.7696873763355758,
                    0.8201707275708067
                ],
                "mean": 0.7837809582319942,
                "std": 0.021010989803293436,
                "min": 0.765982636148382,
                "max": 0.8201707275708067
            },
            "brier": {
                "per_fold": [
                    0.2363077969832056,
                    0.24179957589900405,
                    0.24100213621139158,
                    0.22559120265013127,
                    0.21754064163772968
                ],
                "mean": 0.23244827067629242,
                "std": 0.009431524306721862,
                "min": 0.21754064163772968,
                "max": 0.24179957589900405
            },
            "f1": {
                "per_fold": [
                    0.3305084745762712,
                    0.36585365853658536,
                    0.34854771784232363,
                    0.35454545454545455,
                    0.3669724770642202
                ],
                "mean": 0.353285556512971,
                "std": 0.013327557184455531,
                "min": 0.3305084745762712,
                "max": 0.3669724770642202
            }
        },
        "RandomForest": {
            "auc": {
                "per_fold": [
                    0.7567933250648327,
                    0.8230470914127423,
                    0.7782237548759117,
                    0.7497880038441971,
                    0.815591610605461
                ],
                "mean": 0.784688757160629,
                "std": 0.029880970954895822,
                "min": 0.7497880038441971,
                "max": 0.8230470914127423
            },
            "brier": {
                "per_fold": [
                    0.1396120180367482,
                    0.13205601987314586,
                    0.13708290620048313,
                    0.13424942881667443,
                    0.12287167159046374
                ],
                "mean": 0.13317440890350307,
                "std": 0.005749295964748601,
                "min": 0.12287167159046374,
                "max": 0.1396120180367482
            },
            "f1": {
                "per_fold": [
                    0.38848920863309355,
                    0.4246575342465753,
                    0.3787878787878788,
                    0.3008849557522124,
                    0.48214285714285715
                ],
                "mean": 0.3949924869125234,
                "std": 0.05939075927879301,
                "min": 0.3008849557522124,
                "max": 0.48214285714285715
            }
        }
    },
    "ensemble": {
        "auc": {
            "per_fold": [
                0.7771733002593302,
                0.786759002770083,
                0.777206173328057,
                0.7560065577477528,
                0.8223189552829442
            ],
            "mean": 0.7838927978776334,
            "std": 0.02169004236101887,
            "min": 0.7560065577477528,
            "max": 0.8223189552829442
        },
        "brier": {
            "per_fold": [
                0.08964835232455316,
                0.09167292733845807,
                0.09317925300936979,
                0.09345557372053243,
                0.08586872747099482
            ],
            "mean": 0.09076496677278165,
            "std": 0.002796874087070839,
            "min": 0.08586872747099482,
            "max": 0.09345557372053243
        },
        "f1": {
            "per_fold": [
                0.0,
                0.0,
                0.0,
                0.0,
                0.0
            ],
            "mean": 0.0,
            "std": 0.0,
            "min": 0.0,
            "max": 0.0
        }
    },
    "method_comparison": {
        "weighted_avg": {
            "auc": 0.7750452421467736,
            "brier": 0.09566389869069515,
            "score": 0.5023585691124393,
            "calibration": null
        },
        "weighted_avg+isotonic": {
            "auc": 0.7633137959286569,
            "brier": 0.09327895618403703,
            "score": 0.5043611863616765,
            "calibration": "isotonic"
        },
        "weighted_avg+platt": {
            "auc": 0.7737892661318638,
            "brier": 0.09413264726496655,
            "score": 0.5074100654825524,
            "calibration": "platt"
        },
        "logistic": {
            "auc": 0.7891730235321199,
            "brier": 0.22138807063212598,
            "score": 0.0342060491596744,
            "calibration": null
        },
        "logistic+isotonic": {
            "auc": 0.7767131242741,
            "brier": 0.09126194633428084,
            "score": 0.5200474097385035,
            "calibration": "isotonic"
        },
        "logistic+platt": {
            "auc": 0.7863197651910073,
            "brier": 0.09215713904613998,
            "score": 0.5224176556823795,