{
    "evaluation_type": "end_to_end_pipeline",
    "description": "Holdout test set (n=514) evaluated through the FULL production inference pipeline. fold_models predict \u2192 average \u2192 meta-features \u2192 meta-learner \u2192 calibrate \u2192 score. These are the metrics of the actual deployed model.",
    "pipeline": "fold_ensemble \u2192 weighted_avg \u2192 threshold",
    "best_method": "weighted_avg",
    "holdout_n": 514,
    "cross_check_vs_trainMeta": true,
    "final_model": {
        "AUC": 0.7793218253537437,
        "AUC_95CI": [
            0.711322686488886,
            0.8425409194464073
        ],
        "Brier": 0.11409503689222646,
        "Brier_95CI": [
            0.09995324714353247,
            0.12792835282523532
        ],
        "optimal_threshold": 0.25996300173887266,
        "clinical_metrics": {
            "sensitivity": 0.7868852459016393,
            "specificity": 0.6467991169977925,
            "ppv": 0.23076923076923078,
            "npv": 0.9575163398692811,
            "tp": 48,
            "tn": 293,
            "fp": 160,
            "fn": 13
        }
    },
    "decision_curve_analysis": {
        "thresholds": [
            0.01,
            0.02,
            0.03,
            0.04,
            0.05,
            0.060000000000000005,
            0.06999999999999999,
            0.08,
            0.09,
            0.09999999999999999,
            0.11,
            0.12,
            0.13,
            0.14,
            0.15000000000000002,
            0.16,
            0.17,
            0.18000000000000002,
            0.19,
            0.2,
            0.21000000000000002,
            0.22,
            0.23,
            0.24000000000000002,
            0.25,
            0.26,
            0.27,
            0.28,
            0.29000000000000004,
            0.3,
            0.31,
            0.32,
            0.33,
            0.34,
            0.35000000000000003,
            0.36000000000000004,
            0.37,
            0.38,
            0.39,
            0.4,
            0.41000000000000003,
            0.42000000000000004,
            0.43,
            0.44,
            0.45,
            0.46,
            0.47000000000000003,
            0.48000000000000004,
            0.49,
            0.5,
            0.51,
            0.52,
            0.53,
            0.54,
            0.55,
            0.56,
            0.5700000000000001,
            0.5800000000000001,
            0.59,
            0.6,
            0.61,
            0.62,
            0.63,
            0.64,
            0.65,
            0.66,
            0.67,
            0.68,
            0.6900000000000001,
            0.7000000000000001,
            0.7100000000000001,
            0.72,
            0.73,
            0.74,
            0.75,
            0.76,
            0.77,
            0.78,
            0.79,
            0.8,
            0.81,
            0.8200000000000001,
            0.8300000000000001,
            0.8400000000000001,
            0.85,
            0.86,
            0.87,
            0.88,
            0.89,
            0.9,
            0.91,
            0.92,
            0.93,
            0.9400000000000001,
            0.9500000000000001,
            0.9600000000000001,
            0.97,
            0.98,
            0.99
        ],
        "net_benefit_model": [
            0.10977479070864285,
            0.10069086000158818,
            0.09147980263949616,
            0.08325226977950712,
            0.07526110997337701,
            0.06531997681927311,
            0.058742312037153264,
            0.052190830654711556,
            0.04472570231325096,
            0.038045827929096415,
            0.03156560136405369,
            0.02794481782808632,
            0.024173710809964666,
            0.02063161704823091,
            0.01819638361181046,
            0.011858439874004076,
            0.007383620083446618,
            -0.0009015848913353081,
            -0.00710957390594226,
            -0.009727626459143962,
            -0.010811210165985338,
            -0.009727626459143962,
            -0.01334074485825458,
            -0.0152570141306574,
            -0.016212710765239946,
            -0.017930381743611334,
            -0.022759980811257394,
            -0.02907479463899701,
            -0.03351235819586783,
            -0.032795997776542546,
            -0.03143856087520443,
            -0.030441748683909364,
            -0.03051861315988154,
            -0.030244074991156722,
            -0.03262496258605209,
            -0.031493190661478626,
            -0.03474152306837132,
            -0.03326220660223422,
            -0.03514703068189069,
            -0.02529182879377434,
            -0.023082503462375517,
            -0.023145042264859805,
            -0.02385828384190046,
            -0.026820455808782652,
            -0.030774672798019098,
            -0.033073929961089495,
            -0.03523970339916306,
            -0.03172702783597725,
            -0.03734645609216449,
            -0.038910505836575876,
            -0.03430477249265465,
            -0.03534370946822309,
            -0.03203907608245716,
            -0.023430891558111996,
            -0.021400778210116753,
            -0.01910152104704635,
            -0.013301963623201532,
            -0.0075041689827682195,
            -0.006738160766821669,
            -0.007782101167315168,
            -0.006734510625561206,
            -0.010649191071062873,
            -0.009990535282364071,
            -0.004971897968006921,
            -0.003057254030016679,
            -0.000915541313801789,
            -0.00047164249498880817,
            0.0021887159533073887,
            0.00514622819128906,
            0.0038910505836575807,
            0.002549309003085993,
            0.0011117287381878851,
            0.000936734399769424,
            -0.002394492666866206,
            0.0,
            -0.003242542153047992,
            -0.008543393672813402,
            -0.0031835868411743927,
            -0.0063924402445803274,
            -3.469446951953614e-18,
            -0.006860536555396278,
            -0.007998270644185047,
            0.00022888532845044204,
            -0.002431906614785999,
            -0.005188067444876782,
            -0.008060033351862145,
            0.0038910505836575876,
            0.0,
            0.0,
            0.0,
            0.0,
            0.0,
            0.0,
            0.0,
            0.0,
            0.0,
            0.0,
            0.0,
            0.0
        ],