{
    "tearsense": {
        "AUC": 0.7793218253537437,
        "Brier": 0.11409503689222646
    },
    "logistic_regression": {
        "AUC": 0.8106611659971772,
        "Brier": 0.17485229610287223
    },
    "improvement": {
        "AUC_delta": -0.031339340643433466,
        "AUC_pct": -3.8658988438016033,
        "Brier_delta": -0.06075725921064577
    }
}