{
    "Final_Model": {
        "AUC": 0.7861252849853435,
        "AUC_95CI_lower": 0.7195234831104396,
        "AUC_95CI_upper": 0.8502810398186881,
        "Brier": 0.0894150361052784,
        "Brier_95CI_lower": 0.07165054993194041,
        "Brier_95CI_upper": 0.10681564017662927,
        "Best_Method": "logistic+platt",
        "Optimal_Threshold": 0.22000000000000003
    },
    "LR_Baseline": {
        "AUC": 0.8106611659971772,
        "Brier": 0.17485229610278588,
        "F1_Score": 0.3861003861003861,
        "Sensitivity": 0.819672131147541,
        "Specificity": 0.673289183222958,
        "PPV": 0.25252525252525254,
        "NPV": 0.9651898734177216,
        "Net_Benefit": -0.12066993337211158,
        "Calibration_Slope": 0.8821582035793077,
        "Threshold": 0.4308225271319948
    },
    "TearSense_vs_LR": {
        "AUC_Improvement": -0.024535881011833682,
        "AUC_Improvement_Pct": -3.0266505959555388,
        "Brier_Improvement": 0.08543725999750748
    },
    "Individual_Assessment_Test": {
        "CatBoost": {
            "AUC": 0.7771505084500415,
            "Brier": 0.09120920416430506
        },
        "XGBoost": {
            "AUC": 0.7754858321572033,
            "Brier": 0.09845067090567103
        },
        "LightGBM": {
            "AUC": 0.7897441464915137,
            "Brier": 0.09457349189209745
        },
        "RandomForest": {
            "AUC": 0.7789961278181884,
            "Brier": 0.10907943510013056
        }
    },
    "Self_Assessment_CV": {
        "CatBoost": {
            "AUC": 0.7935112407602481,
            "Brier": 0.09741810508925544
        },
        "XGBoost": {
            "AUC": 0.7852506099811829,
            "Brier": 0.14498118667056104
        },
        "LightGBM": {
            "AUC": 0.7839631220232468,
            "Brier": 0.10314333789770108
        },
        "RandomForest": {
            "AUC": 0.7821219242092754,
            "Brier": 0.11477818131073445
        }
    },
    "Ensemble_Weights": {
        "CatBoost": 0.36691684412467657,
        "XGBoost": 0.004968617628878821,
        "LightGBM": 0.19975723409888926,
        "RandomForest": 0.4283573041475554
    }
}