{
    "tearsense": {
        "AUC": 0.7861252849853435,
        "Brier": 0.0894150361052784
    },
    "logistic_regression": {
        "AUC": 0.8106611659971772,
        "Brier": 0.17485229610278588
    },
    "improvement": {
        "AUC_delta": -0.024535881011833682,
        "AUC_pct": -3.0266505959555388,
        "Brier_delta": -0.08543725999750748
    }
}