{
    "best_method": "xgb_meta",
    "base_models": {
        "CatBoost": {
            "auc": {
                "per_fold": [
                    0.7200924568722517,
                    0.7483102493074792,
                    0.7390468652835095,
                    0.7271185482503251,
                    0.7916784442308779
                ],
                "mean": 0.7452493127888886,
                "std": 0.025159872639775444,
                "min": 0.7200924568722517,
                "max": 0.7916784442308779
            },
            "brier": {
                "per_fold": [
                    0.09730458000310349,
                    0.09989645689932602,
                    0.10435472230217863,
                    0.09938659636654251,
                    0.09527303857135015
                ],
                "mean": 0.09924307882850017,
                "std": 0.0030362936790968523,
                "min": 0.09527303857135015,
                "max": 0.10435472230217863
            },
            "f1": {
                "per_fold": [
                    0.1875,
                    0.2535211267605634,
                    0.1935483870967742,
                    0.16666666666666666,
                    0.2
                ],
                "mean": 0.20024723610480083,
                "std": 0.028890101423937192,
                "min": 0.16666666666666666,
                "max": 0.2535211267605634
            }
        },
        "XGBoost": {
            "auc": {
                "per_fold": [
                    0.7554966738076445,
                    0.7311357340720221,
                    0.7308496805924586,
                    0.7327717790717394,
                    0.7900955396008819
                ],
                "mean": 0.7480698814289493,
                "std": 0.022972356383737548,
                "min": 0.7308496805924586,
                "max": 0.7900955396008819
            },
            "brier": {
                "per_fold": [
                    0.11486542006159428,
                    0.11591378010471448,
                    0.12505177336221038,
                    0.11856699329751069,
                    0.10540459641611336
                ],
                "mean": 0.11596051264842863,
                "std": 0.006357256357077781,
                "min": 0.10540459641611336,
                "max": 0.12505177336221038
            },
            "f1": {
                "per_fold": [
                    0.33663366336633666,
                    0.39603960396039606,
                    0.33962264150943394,
                    0.3333333333333333,
                    0.2988505747126437
                ],
                "mean": 0.3408959633764287,
                "std": 0.031258975440229125,
                "min": 0.2988505747126437,
                "max": 0.39603960396039606
            }
        },
        "LightGBM": {
            "auc": {
                "per_fold": [
                    0.7773142406133724,
                    0.7469252077562327,
                    0.7602464808638137,
                    0.7435129176324269,
                    0.8347560630900559
                ],
                "mean": 0.7725509819911803,
                "std": 0.0332969998109636,
                "min": 0.7435129176324269,
                "max": 0.8347560630900559
            },
            "brier": {
                "per_fold": [
                    0.09927306479740346,
                    0.10594026173257982,
                    0.1075188528868908,
                    0.10544341113470777,
                    0.09636534251966049
                ],
                "mean": 0.10290818661424847,
                "std": 0.004310498946512135,
                "min": 0.09636534251966049,
                "max": 0.1075188528868908
            },
            "f1": {
                "per_fold": [
                    0.38095238095238093,
                    0.37777777777777777,
                    0.36363636363636365,
                    0.3,
                    0.2972972972972973
                ],
                "mean": 0.34393276393276395,
                "std": 0.037440949087349996,
                "min": 0.2972972972972973,
                "max": 0.38095238095238093
            }
        },
        "RandomForest": {
            "auc": {
                "per_fold": [
                    0.7484496561055362,
                    0.800775623268698,
                    0.7757363333144893,
                    0.7561761546723953,
                    0.8163265306122449
                ],
                "mean": 0.7794928595946728,
                "std": 0.02581137753483666,
                "min": 0.7484496561055362,
                "max": 0.8163265306122449
            },
            "brier": {
                "per_fold": [
                    0.10265559367860376,
                    0.0953684164763276,
                    0.10263961389609942,
                    0.10165239732112763,
                    0.09323257872138206
                ],
                "mean": 0.0991097200187081,
                "std": 0.004000917911849482,
                "min": 0.09323257872138206,
                "max": 0.10265559367860376
            },
            "f1": {
                "per_fold": [
                    0.2894736842105263,
                    0.3684210526315789,
                    0.32098765432098764,
                    0.29333333333333333,
                    0.2535211267605634
                ],
                "mean": 0.30514737025139793,
                "std": 0.03822297319868633,
                "min": 0.2535211267605634,
                "max": 0.3684210526315789
            }
        }
    },
    "ensemble": {
        "auc": {
            "per_fold": [
                0.7553839215244109,
                0.7807202216066482,
                0.7710158855786082,
                0.7635818870484482,
                0.8344168692407711
            ],
            "mean": 0.7810237569997773,
            "std": 0.027973895150657256,
            "min": 0.7553839215244109,
            "max": 0.8344168692407711
        },
        "brier": {
            "per_fold": [
                0.09503180564328163,
                0.09170160507526263,
                0.09432230163794841,
                0.09395370268798019,
                0.08912305830397237
            ],
            "mean": 0.09282649466968905,
            "std": 0.002161122412433067,
            "min": 0.08912305830397237,
            "max": 0.09503180564328163
        },
        "f1": {
            "per_fold": [
                0.0,
                0.0,
                0.0,
                0.0,
                0.0
            ],
            "mean": 0.0,
            "std": 0.0,
            "min": 0.0,
            "max": 0.0
        }
    },
    "method_comparison": {
        "weighted_avg": {
            "auc": 0.7820206358209761,
            "brier": 0.09309469441356782,
            "score": 0.5162838396438361,
            "calibration": null
        },
        "weighted_avg+isotonic": {
            "auc": 0.7720504821327282,
            "brier": 0.0920000647407724,
            "score": 0.5144515655995557,
            "calibration": "isotonic"
        },
        "weighted_avg+platt": {
            "auc": 0.7813116171028821,
            "brier": 0.09368423327922495,
            "score": 0.5136234450604888,
            "calibration": "platt"
        },
        "logistic": {
            "auc": 0.7817773995075754,
            "brier": 0.18857800667873587,
            "score": 0.1541539375354612,
            "calibration": null
        },
        "logistic+isotonic": {
            "auc": 0.761211499158181,
            "brier": 0.09368135059379554,
            "score": 0.5015743027571175,
            "calibration": "isotonic"
        },
        "logistic+platt": {
            "auc": 0.7730352303523035,
            "brier": 0.09304906291758001,
            "score": 0.5110655885770954,