{
    "tearsense": {
        "model_serial": "05022026_135921_51042",
        "holdout_n": 514,
        "inference_verified": true,
        "stored_AUC": 0.7747801541635002,
        "stored_Brier": 0.08992331983697824,
        "stored_threshold": 0.15000000000000002,
        "AUC": 0.7747801541635002,
        "Brier_Score": 0.0899233199930915,
        "Calibration_Slope": 1.2013907318101178,
        "Calibration_Intercept": 0.27163087847387457,
        "Net_Benefit": 0.037898832684824905,
        "Optimal_Threshold_Used": 0.14383561643835616,
        "Youden_J_Threshold": 0.14383561643835616,
        "F1_Score": 0.3524590163934426,
        "Sensitivity_Recall": 0.7049180327868853,
        "Specificity": 0.6909492273730684,
        "PPV_Precision": 0.23497267759562843,
        "NPV": 0.945619335347432,
        "Confusion_Matrix": {
            "TP": 43,
            "TN": 313,
            "FP": 140,
            "FN": 18
        },
        "AUC_95CI": [
            0.7105976457886624,
            0.8341880599758645
        ],
        "AUC_Text": "0.7748 (0.7106-0.8342)",
        "Brier_Score_95CI": [
            0.07170556421701214,
            0.10671659111488428
        ],
        "Brier_Score_Text": "0.0899 (0.0717-0.1067)",
        "F1_Score_95CI": [
            0.2741387096774193,
            0.43245495495495495
        ],
        "F1_Score_Text": "0.3525 (0.2741-0.4325)",
        "Sensitivity_Recall_95CI": [
            0.5892857142857143,
            0.8194583333333333
        ],
        "Sensitivity_Recall_Text": "0.7049 (0.5893-0.8195)",
        "Specificity_95CI": [
            0.6483354173179119,
            0.7333406113537118
        ],
        "Specificity_Text": "0.6909 (0.6483-0.7333)",
        "PPV_Precision_95CI": [
            0.1748592731582066,
            0.3010804383788255
        ],
        "PPV_Precision_Text": "0.2350 (0.1749-0.3011)",
        "NPV_95CI": [
            0.9214501510574018,
            0.970345705905559
        ],
        "NPV_Text": "0.9456 (0.9215-0.9703)",
        "Net_Benefit_95CI": [
            0.01294863813229572,
            0.0661171206225681
        ],
        "Net_Benefit_Text": "0.0379 (0.0129-0.0661)",
        "Calibration_Slope_95CI": [
            0.8662143240035294,
            1.5812368991999595
        ],
        "Calibration_Slope_Text": "1.2014 (0.8662-1.5812)"
    },
    "logistic_regression": {
        "AUC": 0.8106611659971772,
        "Brier_Score": 0.17485229610276382,
        "F1_Score": 0.3861003861003861,
        "Sensitivity_Recall": 0.819672131147541,
        "Specificity": 0.673289183222958,
        "PPV_Precision": 0.25252525252525254,
        "NPV": 0.9651898734177216,
        "Net_Benefit": -0.12066993337198444,
        "Calibration_Slope": 0.8821582035795066,
        "Calibration_Intercept": -1.9580869173520672,
        "Threshold_Used": 0.43082252713185176,
        "Confusion_Matrix": {
            "TP": 50,
            "TN": 305,
            "FP": 148,
            "FN": 11
        },
        "AUC_95CI": [
            0.7521794662966538,
            0.8631149614337568
        ],
        "Brier_Score_95CI": [
            0.15675797066710226,
            0.1927757104268557
        ],
        "F1_Score_95CI": [
            0.309478021978022,
            0.4545624151967435
        ],
        "Sensitivity_Recall_95CI": [
            0.7212933944069432,
            0.9111403508771929
        ],
        "Specificity_95CI": [
            0.6296276469188675,
            0.715232159296766
        ],
        "PPV_Precision_95CI": [
            0.19288327256261767,
            0.31156296186816435
        ],
        "NPV_95CI": [
            0.9438819353633476,
            0.984178463043565
        ],
        "Net_Benefit_95CI": [
            -0.1623036585715232,
            -0.07807198326133666
        ],
        "Calibration_Slope_95CI": [
            0.6671257244854701,
            1.1635364636319632
        ]
    },
    "lr_formula": "z = -0.7181 + 1.1932 \u00d7 tear_characteristics_Tear_MedLat + 0.7155 \u00d7 tear_characteristics_Full_3.0\n    - 0.7025 \u00d7 Tear_Area_cm2 + 0.4783 \u00d7 Tear_AP_ML_Ratio + 0.4497 \u00d7 InsuranceType_5.0\n    + 0.3984 \u00d7 Aged + 0.3697 \u00d7 tear_characteristics_Full_Missing + 0.3136 \u00d7 Gender_M + 0.3018 \u00d7 Pre-Op_ROM_Pre-Op_IR + 0.2575 \u00d7 tear_characteristics_Tear_AntPost\n    + ... (30 more terms)\n\nP(retear) = 1 / (1 + exp(-z))",
    "comparison": {
        "AUC_difference": -0.03588101183367698,
        "Brier_difference": -0.08492897610967232,
        "TearSense_better_AUC": false,
        "TearSense_better_Brier": true
    }
}