{
    "Final_Model": {
        "AUC": 0.7747258712409076,
        "AUC_95CI_lower": 0.7088447198611978,
        "AUC_95CI_upper": 0.8384963262385317,
        "Brier": 0.09098309500434497,
        "Brier_95CI_lower": 0.07271112254177646,
        "Brier_95CI_upper": 0.1091670937573918,
        "Best_Method": "logistic+platt",
        "Optimal_Threshold": 0.18000000000000002
    },
    "LR_Baseline": {
        "AUC": 0.8106611659971772,
        "Brier": 0.17485229610278588,
        "F1_Score": 0.3861003861003861,
        "Sensitivity": 0.819672131147541,
        "Specificity": 0.673289183222958,
        "PPV": 0.25252525252525254,
        "NPV": 0.9651898734177216,
        "Net_Benefit": -0.12066993337211158,
        "Calibration_Slope": 0.8821582035793077,
        "Threshold": 0.4308225271319948
    },
    "TearSense_vs_LR": {
        "AUC_Improvement": -0.035935294756269553,
        "AUC_Improvement_Pct": -4.432837819740175,
        "Brier_Improvement": 0.08386920109844091
    },
    "Individual_Assessment_Test": {
        "CatBoost": {
            "AUC": 0.7757029638475734,
            "Brier": 0.08829264825652182
        },
        "XGBoost": {
            "AUC": 0.7736764014041182,
            "Brier": 0.10239186037299994
        },
        "LightGBM": {
            "AUC": 0.7764267361488075,
            "Brier": 0.09233006807533913
        },
        "RandomForest": {
            "AUC": 0.7727716860275756,
            "Brier": 0.09858725743829919
        }
    },
    "Self_Assessment_CV": {
        "CatBoost": {
            "AUC": 0.801887812415182,
            "Brier": 0.0939476546315069
        },
        "XGBoost": {
            "AUC": 0.7881458995805053,
            "Brier": 0.14157422302288813
        },
        "LightGBM": {
            "AUC": 0.7799102335658862,
            "Brier": 0.0979528895120458
        },
        "RandomForest": {
            "AUC": 0.7782787292661512,
            "Brier": 0.10279485869200886
        }
    },
    "Ensemble_Weights": {
        "CatBoost": 0.32723706181327994,
        "XGBoost": 0.14623299059054737,
        "LightGBM": 0.19941043914908377,
        "RandomForest": 0.32711950844708887
    }
}