{
    "tearsense": {
        "AUC": 0.7747258712409076,
        "Brier": 0.09098309500434497
    },
    "logistic_regression": {
        "AUC": 0.8106611659971772,
        "Brier": 0.17485229610278588
    },
    "improvement": {
        "AUC_delta": -0.035935294756269553,
        "AUC_pct": -4.432837819740175,
        "Brier_delta": -0.08386920109844091
    }
}