{
    "best_method": "xgb_meta",
    "base_models": {
        "CatBoost": {
            "auc": {
                "per_fold": [
                    0.7840793776073964,
                    0.8015512465373962,
                    0.7719486686641415,
                    0.7823506133755441,
                    0.8176833060093843
                ],
                "mean": 0.7915226424387725,
                "std": 0.016171715904246632,
                "min": 0.7719486686641415,
                "max": 0.8176833060093843
            },
            "brier": {
                "per_fold": [
                    0.09148818030864526,
                    0.09191912691761998,
                    0.09419512065386085,
                    0.09375246766134138,
                    0.09156543017761928
                ],
                "mean": 0.09258406514381737,
                "std": 0.0011525092546594133,
                "min": 0.09148818030864526,
                "max": 0.09419512065386085
            },
            "f1": {
                "per_fold": [
                    0.0,
                    0.07407407407407407,
                    0.0,
                    0.0392156862745098,
                    0.0392156862745098
                ],
                "mean": 0.030501089324618737,
                "std": 0.027968290258616493,
                "min": 0.0,
                "max": 0.07407407407407407
            }
        },
        "XGBoost": {
            "auc": {
                "per_fold": [
                    0.7733679107001916,
                    0.7599445983379501,
                    0.7518796992481204,
                    0.7718356040477132,
                    0.8354344507886257
                ],
                "mean": 0.7784924526245203,
                "std": 0.029547342549673204,
                "min": 0.7518796992481204,
                "max": 0.8354344507886257
            },
            "brier": {
                "per_fold": [
                    0.10736014387368208,
                    0.11098773589144889,
                    0.11914966831577838,
                    0.1112615141076631,
                    0.09513685031630735
                ],
                "mean": 0.10877918250097596,
                "std": 0.007832158736666957,
                "min": 0.09513685031630735,
                "max": 0.11914966831577838
            },
            "f1": {
                "per_fold": [
                    0.4166666666666667,
                    0.40816326530612246,
                    0.36,
                    0.38,
                    0.35714285714285715
                ],
                "mean": 0.38439455782312926,
                "std": 0.02434544000191901,
                "min": 0.35714285714285715,
                "max": 0.4166666666666667
            }
        },
        "LightGBM": {
            "auc": {
                "per_fold": [
                    0.7634457097756229,
                    0.7617174515235458,
                    0.7708180224998586,
                    0.7591723670077448,
                    0.8402962292950421
                ],
                "mean": 0.7790899560203629,
                "std": 0.03084765623990228,
                "min": 0.7591723670077448,
                "max": 0.8402962292950421
            },
            "brier": {
                "per_fold": [
                    0.10750658666395332,
                    0.11033801654824776,
                    0.1125459736748526,
                    0.11029715603698441,
                    0.09098221485964078
                ],
                "mean": 0.10633398955673579,
                "std": 0.00784065861658164,
                "min": 0.09098221485964078,
                "max": 0.1125459736748526
            },
            "f1": {
                "per_fold": [
                    0.39215686274509803,
                    0.40384615384615385,
                    0.4117647058823529,
                    0.3673469387755102,
                    0.45977011494252873
                ],
                "mean": 0.4069769552383288,
                "std": 0.03036450405157622,
                "min": 0.3673469387755102,
                "max": 0.45977011494252873
            }
        },
        "RandomForest": {
            "auc": {
                "per_fold": [
                    0.7624309392265194,
                    0.8057617728531855,
                    0.7785629487251965,
                    0.768613262479507,
                    0.8212448414268755
                ],
                "mean": 0.7873227529422567,
                "std": 0.02252592788672578,
                "min": 0.7624309392265194,
                "max": 0.8212448414268755
            },
            "brier": {
                "per_fold": [
                    0.119035010859209,
                    0.11082704820971176,
                    0.11897162748715878,
                    0.11568836559166654,
                    0.10421086514400849
                ],
                "mean": 0.11374658345835091,
                "std": 0.005630145240913831,
                "min": 0.10421086514400849,
                "max": 0.119035010859209
            },
            "f1": {
                "per_fold": [
                    0.4230769230769231,
                    0.39215686274509803,
                    0.38461538461538464,
                    0.3125,
                    0.3711340206185567
                ],
                "mean": 0.3766966382111925,
                "std": 0.03634558290516095,
                "min": 0.3125,
                "max": 0.4230769230769231
            }
        }
    },
    "ensemble": {
        "auc": {
            "per_fold": [
                0.7771733002593303,
                0.7949030470914127,
                0.7857708180224997,
                0.782689807224829,
                0.8362541692577309
            ],
            "mean": 0.7953582283711604,
            "std": 0.02124045250441785,
            "min": 0.7771733002593303,
            "max": 0.8362541692577309
        },
        "brier": {
            "per_fold": [
                0.0915212355459031,
                0.09036399978012835,
                0.09245096740805071,
                0.09350580681701737,
                0.0870483824120092
            ],
            "mean": 0.09097807839262174,
            "std": 0.0022214155745737367,
            "min": 0.0870483824120092,
            "max": 0.09350580681701737
        },
        "f1": {
            "per_fold": [
                0.0392156862745098,
                0.0,
                0.13333333333333333,
                0.07272727272727272,
                0.10714285714285714
            ],
            "mean": 0.0704838298955946,
            "std": 0.04742287312908145,
            "min": 0.0,
            "max": 0.13333333333333333
        }
    },
    "method_comparison": {
        "weighted_avg": {
            "auc": 0.7909430174035961,
            "brier": 0.0910400877460561,
            "score": 0.5294264271464861,
            "calibration": null
        },
        "weighted_avg+isotonic": {
            "auc": 0.7805350727925884,
            "brier": 0.09186519294843686,
            "score": 0.5200536284573058,
            "calibration": "isotonic"
        },
        "weighted_avg+platt": {
            "auc": 0.7906706641817248,
            "brier": 0.09245347082459558,
            "score": 0.5239047804382789,
            "calibration": "platt"
        },
        "logistic": {
            "auc": 0.7898561774352385,
            "brier": 0.18665058196398807,
            "score": 0.1663082071066045,
            "calibration": null
        },
        "logistic+isotonic": {
            "auc": 0.7746175800628439,
            "brier": 0.09233128482212133,
            "score": 0.5147361457061416,
            "calibration": "isotonic"
        },
        "logistic+platt": {
            "auc": 0.782855702311176,
            "brier": 0.09198256211085136,