{
    "best_method": "lgbm_meta",
    "base_models": {
        "CatBoost": {
            "auc": {
                "per_fold": [
                    0.7995264404104183,
                    0.7948476454293628,
                    0.7792978687319803,
                    0.7620555147266663,
                    0.8144044321329641
                ],
                "mean": 0.7900263802862784,
                "std": 0.017917898493442202,
                "min": 0.7620555147266663,
                "max": 0.8144044321329641
            },
            "brier": {
                "per_fold": [
                    0.13440142605804026,
                    0.13783297112898157,
                    0.13763303344883915,
                    0.13487220940278846,
                    0.13242764627966425
                ],
                "mean": 0.1354334572636627,
                "std": 0.002049916555691625,
                "min": 0.13242764627966425,
                "max": 0.13783297112898157
            },
            "f1": {
                "per_fold": [
                    0.11538461538461539,
                    0.037037037037037035,
                    0.0,
                    0.04,
                    0.0
                ],
                "mean": 0.03848433048433049,
                "std": 0.04214293088004828,
                "min": 0.0,
                "max": 0.11538461538461539
            }
        },
        "XGBoost": {
            "auc": {
                "per_fold": [
                    0.7726913970007893,
                    0.7617728531855956,
                    0.7401209791395783,
                    0.7456611453445644,
                    0.822658149132229
                ],
                "mean": 0.7685809047605513,
                "std": 0.02940366238949324,
                "min": 0.7401209791395783,
                "max": 0.822658149132229
            },
            "brier": {
                "per_fold": [
                    0.11658147408858315,
                    0.1330488578596902,
                    0.1356892166315103,
                    0.12432165164932006,
                    0.10342158428172482
                ],
                "mean": 0.1226125569021657,
                "std": 0.01172607182504561,
                "min": 0.10342158428172482,
                "max": 0.1356892166315103
            },
            "f1": {
                "per_fold": [
                    0.4,
                    0.3870967741935484,
                    0.3114754098360656,
                    0.33962264150943394,
                    0.3958333333333333
                ],
                "mean": 0.3668056317744762,
                "std": 0.03509003396936506,
                "min": 0.3114754098360656,
                "max": 0.4
            }
        },
        "LightGBM": {
            "auc": {
                "per_fold": [
                    0.7807531852520014,
                    0.7862049861495843,
                    0.7547063146588275,
                    0.7512578438577646,
                    0.8317598507547063
                ],
                "mean": 0.7809364361345769,
                "std": 0.028912449864935377,
                "min": 0.7512578438577646,
                "max": 0.8317598507547063
            },
            "brier": {
                "per_fold": [
                    0.1223162219666483,
                    0.1273730197351891,
                    0.13104429051396657,
                    0.12335411280072914,
                    0.10771824889842269
                ],
                "mean": 0.12236117878299116,
                "std": 0.007948815178956379,
                "min": 0.10771824889842269,
                "max": 0.13104429051396657
            },
            "f1": {
                "per_fold": [
                    0.3870967741935484,
                    0.37209302325581395,
                    0.38095238095238093,
                    0.36036036036036034,
                    0.42857142857142855
                ],
                "mean": 0.3858147934667064,
                "std": 0.023193238316405077,
                "min": 0.36036036036036034,
                "max": 0.42857142857142855
            }
        },
        "RandomForest": {
            "auc": {
                "per_fold": [
                    0.7592738752959747,
                    0.8187257617728533,
                    0.7713268132737859,
                    0.7504663915427667,
                    0.8207925829611624
                ],
                "mean": 0.7841170849693087,
                "std": 0.029852966177746267,
                "min": 0.7504663915427667,
                "max": 0.8207925829611624
            },
            "brier": {
                "per_fold": [
                    0.13322821412244726,
                    0.12659461451944595,
                    0.13105208718025874,
                    0.12592595902984965,
                    0.11412397581372977
                ],
                "mean": 0.12618497013314628,
                "std": 0.006618135590798548,
                "min": 0.11412397581372977,
                "max": 0.13322821412244726
            },
            "f1": {
                "per_fold": [
                    0.36231884057971014,
                    0.42857142857142855,
                    0.368,
                    0.29357798165137616,
                    0.4642857142857143
                ],
                "mean": 0.38335079301764585,
                "std": 0.058877015703553644,
                "min": 0.29357798165137616,
                "max": 0.4642857142857143
            }
        }
    },
    "ensemble": {
        "auc": {
            "per_fold": [
                0.7710846769647085,
                0.8013850415512466,
                0.7796935948894793,
                0.7614901916445249,
                0.8251738368477584
            ],
            "mean": 0.7877654683795436,
            "std": 0.02288524815770958,
            "min": 0.7614901916445249,
            "max": 0.8251738368477584
        },
        "brier": {
            "per_fold": [
                0.09052082890339982,
                0.09166652639503234,
                0.09263067657660227,
                0.09324980989569837,
                0.0868539292285468
            ],
            "mean": 0.09098435419985593,
            "std": 0.002262003179747597,
            "min": 0.0868539292285468,
            "max": 0.09324980989569837
        },
        "f1": {
            "per_fold": [
                0.0,
                0.0,
                0.0,
                0.0,
                0.0
            ],
            "mean": 0.0,
            "std": 0.0,
            "min": 0.0,
            "max": 0.0
        }
    },
    "method_comparison": {
        "weighted_avg": {
            "auc": 0.7784890473489453,
            "brier": 0.11682250324041923,
            "score": 0.42421109248805133,
            "calibration": null
        },
        "weighted_avg+isotonic": {
            "auc": 0.7629041406693138,
            "brier": 0.09522003838650149,
            "score": 0.49675661389389003,
            "calibration": "isotonic"
        },
        "weighted_avg+platt": {
            "auc": 0.7768594297238653,
            "brier": 0.0936643208976902,
            "score": 0.5110276218736212,
            "calibration": "platt"
        },
        "logistic": {
            "auc": 0.7875615566561482,
            "brier": 0.18674902424515705,
            "score": 0.1645582330193578,
            "calibration": null
        },
        "logistic+isotonic": {
            "auc": 0.7734381330524269,
            "brier": 0.09135357012671107,
            "score": 0.5177350627566442,
            "calibration": "isotonic"
        },
        "logistic+platt": {
            "auc": 0.7832833643951058,
            "brier": 0.09199206508750243,
            "score": 0.5212216222058298,
            "calibration": "platt"
        },