{
    "AUC": 0.7889118083450947,
    "Brier": 0.1617580552839894,
    "F1_Score": 0.41346153846153844,
    "Sensitivity": 0.7049180327868853,
    "Specificity": 0.7704194260485652,
    "PPV": 0.2925170068027211,
    "NPV": 0.9509536784741145,
    "Net_Benefit": -0.11278646586986989,
    "Calibration_Slope": 0.7691184325624725,
    "Calibration_Intercept": -1.7798118551680173,
    "Threshold_Used": 0.4926142279271086,
    "Confusion_Matrix": {
        "TP": 43,
        "TN": 349,
        "FP": 104,
        "FN": 18
    },
    "model": "Logistic Regression",
    "n_features": 43,
    "n_train": 2052,
    "n_test": 514,
    "formula": "z = -0.7181\n    + 1.1932 \u00d7 tear_characteristics_Tear_MedLat\n    + 0.7155 \u00d7 tear_characteristics_Full_3.0\n    - 0.7025 \u00d7 Tear_Area_cm2\n    + 0.4783 \u00d7 Tear_AP_ML_Ratio\n    + 0.4497 \u00d7 InsuranceType_5.0\n    + 0.3984 \u00d7 Aged\n    + 0.3697 \u00d7 tear_characteristics_Full_Missing\n    + 0.3136 \u00d7 Gender_M\n    + 0.3018 \u00d7 Pre-Op_ROM_Pre-Op_IR\n    + 0.2575 \u00d7 tear_characteristics_Tear_AntPost\n    + 0.2543 \u00d7 ROM_Deficit_Score\n    - 0.2379 \u00d7 Gender_m\n    + 0.2344 \u00d7 InsuranceType_4.0\n    + 0.2294 \u00d7 InsuranceType_1.0\n    - 0.2035 \u00d7 PREOP_Strength_Add\n    + ... (28 more terms)\n\nP(retear) = 1 / (1 + exp(-z))"
}